# Blender 4.0.2
# www.blender.org
mtllib bishop.mtl
o Piece_04.004
v -0.054878 -0.002315 0.101226
v -0.049906 -0.022900 0.101395
v -0.037528 -0.040146 0.101467
v 0.001809 -0.054924 0.101453
v 0.051352 -0.019350 0.101050
v 0.054844 0.002012 0.100860
v 0.049970 0.022609 0.100706
v 0.037321 0.040145 0.100609
v 0.008458 0.054165 0.100612
v -0.022685 0.049939 0.100731
v -0.040222 0.037291 0.100888
v -0.051396 0.019246 0.101086
v -0.060688 -0.002035 0.093948
v -0.055269 -0.025263 0.094165
v -0.040770 -0.045032 0.094267
v -0.020478 -0.057197 0.094296
v 0.014682 -0.058928 0.094193
v 0.035246 -0.049461 0.094004
v 0.051960 -0.031287 0.093852
v 0.059932 -0.009013 0.093649
v 0.058951 0.014089 0.093476
v 0.049119 0.035460 0.093213
v 0.031544 0.051627 0.093213
v 0.009895 0.059740 0.093226
v -0.014247 0.058887 0.093365
v -0.044631 0.041055 0.093607
v -0.051923 0.031166 0.093763
v -0.059936 0.009277 0.093850
v -0.059102 -0.013588 0.094140
v -0.048959 -0.036063 0.094145
v -0.031223 -0.052114 0.094292
v -0.008948 -0.060086 0.094281
v 0.002924 -0.060671 0.094246
v 0.025423 -0.055120 0.094076
v 0.044539 -0.041275 0.093961
v 0.057043 -0.020543 0.093750
v 0.060524 0.002367 0.093506
v 0.054780 0.025647 0.093452
v 0.041119 0.044473 0.093295
v 0.021381 0.056651 0.093213
v -0.001973 0.060530 0.093260
v -0.025967 0.054705 0.093431
v -0.035758 0.048875 0.093458
v -0.057116 0.020585 0.093725
v -0.060721 0.009601 0.091105
v -0.061454 -0.002421 0.091202
v -0.059827 -0.014355 0.091291
v -0.055903 -0.025742 0.091368
v -0.049833 -0.036146 0.091430
v -0.041851 -0.045165 0.091475
v -0.032262 -0.052453 0.091500
v -0.021435 -0.057731 0.091506
v -0.009787 -0.060795 0.091492
v 0.002236 -0.061529 0.091458
v 0.014170 -0.059902 0.091405
v 0.025557 -0.055979 0.091337
v 0.035961 -0.049910 0.091254
v 0.044980 -0.041927 0.091161
v 0.052268 -0.032339 0.091061
v 0.057546 -0.021512 0.090958
v 0.060610 -0.009864 0.090856
v 0.061343 0.002157 0.090759
v 0.059716 0.014091 0.090670
v 0.055792 0.025479 0.090593
v 0.049723 0.035882 0.090531
v 0.041740 0.044901 0.090487
v 0.032151 0.052189 0.090461
v 0.021324 0.057467 0.090455
v 0.009676 0.060532 0.090470
v -0.002346 0.061265 0.090504
v -0.014281 0.059639 0.090556
v -0.025668 0.055715 0.090625
v -0.036071 0.049646 0.090707
v -0.045090 0.041663 0.090800
v -0.052379 0.032075 0.090900
v -0.057657 0.021249 0.091003
v -0.058431 0.009210 0.088360
v -0.058776 -0.008155 0.088477
v -0.053796 -0.024794 0.088613
v -0.044745 -0.039457 0.088744
v -0.025973 -0.053300 0.088575
v -0.003505 -0.059561 0.088766
v 0.019239 -0.056175 0.088598
v 0.039338 -0.044672 0.088440
v 0.053271 -0.025814 0.088166
v 0.059345 -0.003595 0.088116
v 0.055958 0.019147 0.087882
v 0.047827 0.034495 0.087808
v 0.035792 0.047018 0.087729
v 0.015723 0.056983 0.087635
v -0.007516 0.058703 0.087751
v -0.024707 0.053577 0.087898
v -0.040078 0.043753 0.088072
v -0.053132 0.026057 0.088109
v -0.047868 -0.021718 0.085392
v -0.035728 -0.038560 0.085458
v 0.050992 0.011660 0.084803
v 0.042369 0.030529 0.084648
v 0.027436 0.044487 0.084652
v -0.044742 0.027333 0.085026
v -0.051873 0.008132 0.085198
v -0.051044 -0.012284 0.085301
v -0.042585 -0.030915 0.085479
v -0.027586 -0.044844 0.085539
v -0.018305 -0.049292 0.085479
v 0.002222 -0.052550 0.085469
v 0.022054 -0.047700 0.085367
v 0.038325 -0.035816 0.085185
v 0.048964 -0.018706 0.085049
v 0.052275 0.001795 0.084847
v 0.047609 0.021688 0.084768
v 0.035817 0.038026 0.084648
v 0.018155 0.048934 0.084583
v 0.008219 0.051620 0.084659
v -0.012221 0.050856 0.084729
v -0.030557 0.042470 0.084830
v -0.049180 0.018072 0.085055
v -0.002028 0.052169 0.084635
v -0.008369 -0.051977 0.085532
v -0.021934 0.047429 0.084733
v -0.052447 -0.002449 0.085260
v 0.012371 -0.051100 0.085429
v -0.038282 0.035713 0.084912
v 0.030900 -0.042470 0.085297
v 0.044407 -0.027916 0.085137
v 0.051725 -0.008473 0.084989
v -0.053911 0.008425 0.081181
v -0.054561 -0.002241 0.081267
v -0.053118 -0.012829 0.081346
v -0.049637 -0.022932 0.081414
v -0.044251 -0.032161 0.081469
v -0.037169 -0.040163 0.081509
v -0.028662 -0.046630 0.081531
v -0.008722 -0.054031 0.081524
v 0.001944 -0.054681 0.081494
v 0.012532 -0.053238 0.081447
v 0.022635 -0.049758 0.081386
v 0.031865 -0.044373 0.081313
v 0.039867 -0.037291 0.081231
v 0.046333 -0.028784 0.081142
v 0.051016 -0.019179 0.081051
v 0.053734 -0.008845 0.080960
v 0.054384 0.001821 0.080874
v 0.052941 0.012409 0.080795
v 0.049460 0.022512 0.080727
v 0.044075 0.031741 0.080672
v 0.036992 0.039743 0.080632
v 0.028485 0.046209 0.080609
v 0.018880 0.050892 0.080604
v 0.008545 0.053611 0.080617
v -0.002121 0.054261 0.080647
v -0.012709 0.052818 0.080694
v -0.022812 0.049338 0.080755
v -0.032042 0.043953 0.080828
v -0.040043 0.036871 0.080910
v -0.046510 0.028364 0.080999
v -0.051192 0.018759 0.081090
v -0.054720 0.008516 0.076624
v -0.055380 -0.002307 0.076711
v -0.053915 -0.013051 0.076791
v -0.050383 -0.023303 0.076861
v -0.044918 -0.032669 0.076916
v -0.037731 -0.040789 0.076957
v -0.029098 -0.047351 0.076980
v -0.019308 -0.051988 0.079463
v -0.008864 -0.054861 0.076972
v 0.001959 -0.055521 0.076941
v 0.012704 -0.054057 0.076894
v 0.022956 -0.050525 0.076832
v 0.032322 -0.045061 0.076758
v 0.040442 -0.037874 0.076675
v 0.047003 -0.029242 0.076585
v 0.051755 -0.019495 0.076492
v 0.054514 -0.009008 0.076400
v 0.055173 0.001815 0.076312
v 0.053709 0.012559 0.076233
v 0.050176 0.022811 0.076163
v 0.044712 0.032177 0.076108
v 0.037525 0.040297 0.076067
v 0.028892 0.046859 0.076044
v 0.019145 0.051610 0.076039
v 0.008658 0.054369 0.076052
v -0.002166 0.055029 0.076083
v -0.012910 0.053565 0.076130
v -0.023162 0.050033 0.076192
v -0.032528 0.044569 0.076266
v -0.040648 0.037382 0.076349
v -0.047210 0.028750 0.076439
v -0.051962 0.019003 0.076532
v -0.054057 -0.002199 0.069938
v -0.049152 -0.022624 0.069793
v -0.036917 -0.039777 0.070178
v -0.019234 -0.050754 0.070094
v 0.012477 -0.052771 0.070117
v 0.031906 -0.043649 0.069806
v 0.045857 -0.028603 0.069853
v 0.053039 -0.008978 0.069346
v 0.052431 0.011649 0.069302
v 0.043459 0.031232 0.068979
v 0.028586 0.045312 0.069115
v 0.018723 0.050482 0.069879
v 0.008139 0.052990 0.069156
v -0.012458 0.052135 0.069081
v -0.039646 0.036377 0.069528
v -0.045925 0.028059 0.069382
v -0.053418 0.007966 0.069715
v -0.052684 -0.012251 0.069839
v -0.043654 -0.032137 0.070000
v -0.028839 -0.045914 0.070025
v -0.008648 -0.053420 0.069820
v 0.002242 -0.054199 0.070050
v 0.022461 -0.049205 0.069765
v 0.039647 -0.036611 0.069671
v 0.050207 -0.019455 0.069501
v 0.053805 0.001600 0.069550
v 0.049062 0.021864 0.069294
v 0.036665 0.039178 0.069311
v -0.002027 0.053630 0.069325
v -0.022861 0.048601 0.069293
v -0.032040 0.043200 0.069394
v -0.050781 0.018204 0.069626
v -0.044326 0.002306 0.058720
v -0.043323 -0.010655 0.059243
v -0.038412 -0.023327 0.059421
v -0.030342 -0.032903 0.059376
v -0.019263 -0.040405 0.059151
v -0.002885 -0.045084 0.059665
v 0.010111 -0.043545 0.059325
v 0.022785 -0.038634 0.059339
v 0.035062 -0.027161 0.058689
v 0.042835 -0.012255 0.059064
v 0.044019 0.005636 0.058754
v 0.038090 0.022561 0.058805
v 0.026611 0.034835 0.058228
v 0.015323 0.041334 0.058577
v 0.002529 0.043774 0.058237
v -0.014178 0.041961 0.058826
v -0.026169 0.035561 0.058821
v -0.035243 0.026740 0.058674
v -0.041756 0.015055 0.059035
v -0.040642 0.009464 0.053782
v -0.041632 -0.001971 0.053900
v -0.039500 -0.013973 0.053963
v -0.033786 -0.024740 0.054054
v -0.025096 -0.033789 0.053910
v -0.010759 -0.040646 0.054078
v 0.001368 -0.041877 0.054072
v 0.013006 -0.039853 0.053834
v 0.024137 -0.034033 0.053935
v 0.033184 -0.025344 0.053650
v 0.040284 -0.010315 0.053670
v 0.041030 0.005190 0.053544
v 0.037527 0.016865 0.053489
v 0.033429 0.023889 0.053447
v 0.024738 0.032935 0.053218
v 0.010031 0.039871 0.053215
v -0.005819 0.040960 0.053739
v -0.017471 0.037279 0.053510
v -0.027744 0.030717 0.053571
v -0.035505 0.021319 0.053696
v -0.040826 0.005840 0.048861
v -0.040164 -0.009976 0.049017
v -0.033500 -0.024638 0.049026
v -0.028010 -0.030744 0.049107
v -0.014492 -0.038982 0.049188
v 0.001339 -0.041588 0.049058
v 0.016979 -0.037788 0.049061
v 0.030085 -0.028280 0.048895
v 0.038425 -0.014575 0.048760
v 0.040864 0.001015 0.048676
v 0.037217 0.016585 0.048524
v 0.027655 0.029780 0.048433
v 0.021233 0.034624 0.048445
v 0.006363 0.040093 0.048482
v -0.009784 0.039554 0.048440
v -0.024279 0.032821 0.048626
v -0.038792 0.013707 0.048809
v -0.043098 0.010787 0.044843
v -0.044403 -0.002144 0.044945
v -0.043232 -0.010734 0.045008
v -0.038295 -0.023335 0.045019
v -0.030293 -0.032911 0.045141
v -0.019528 -0.040505 0.045182
v -0.003279 -0.044749 0.045232
v 0.010031 -0.043519 0.045091
v 0.021825 -0.038998 0.045103
v 0.032208 -0.030581 0.044915
v 0.039369 -0.020656 0.044817
v 0.043458 -0.007502 0.044696
v 0.043718 0.006028 0.044515
v 0.038294 0.021536 0.044571
v 0.029876 0.031918 0.044429
v 0.018894 0.039540 0.044493
v 0.002497 0.043891 0.044264
v -0.014839 0.041456 0.044519
v -0.029330 0.032968 0.044705
v -0.037871 0.022686 0.044727
v -0.043488 0.006423 0.042052
v -0.043758 -0.006452 0.042147
v -0.038469 -0.022271 0.042182
v -0.027331 -0.035198 0.042381
v -0.011884 -0.042947 0.042257
v 0.001416 -0.044311 0.042303
v 0.014361 -0.041962 0.042163
v 0.025471 -0.036023 0.042158
v 0.035018 -0.026897 0.042027
v 0.042196 -0.011971 0.041834
v 0.043575 0.001114 0.041805
v 0.041594 0.013253 0.041770
v 0.033244 0.028066 0.041619
v 0.022754 0.036800 0.041593
v 0.010230 0.042231 0.041584
v -0.006432 0.042971 0.041561
v -0.022120 0.037660 0.041707
v -0.032340 0.029292 0.041834
v -0.039699 0.018727 0.041797
v -0.040105 0.002213 0.038706
v -0.038199 -0.013232 0.038818
v -0.030409 -0.027032 0.039043
v -0.018332 -0.036551 0.039266
v -0.003375 -0.040593 0.039094
v 0.009054 -0.039546 0.039140
v 0.020622 -0.034882 0.038970
v 0.031789 -0.024472 0.038678
v 0.037359 -0.014495 0.038849
v 0.039647 -0.003304 0.038485
v 0.038775 0.008738 0.038661
v 0.034458 0.019314 0.038324
v 0.027045 0.028843 0.038541
v 0.017529 0.035882 0.038757
v 0.002529 0.039329 0.038272
v -0.013338 0.037502 0.038507
v -0.026964 0.029168 0.038450
v -0.036652 0.017215 0.039084
v -0.035744 0.001575 0.033127
v -0.034222 -0.012514 0.033843
v -0.026754 -0.024464 0.033512
v -0.018988 -0.031033 0.033850
v -0.008982 -0.035454 0.033939
v 0.004702 -0.036078 0.033676
v 0.017462 -0.031558 0.033421
v 0.025962 -0.024908 0.033652
v 0.032014 -0.016191 0.033428
v 0.035438 -0.002450 0.033128
v 0.033380 0.011328 0.033030
v 0.026579 0.023439 0.033357
v 0.015435 0.031580 0.033136
v 0.001938 0.035250 0.033149
v -0.011904 0.033247 0.033213
v -0.024042 0.026299 0.033306
v -0.032742 0.014787 0.033621
v -0.028695 0.006791 0.021204
v -0.029866 -0.001780 0.022068
v -0.028273 -0.010321 0.021947
v -0.024267 -0.018028 0.022177
v -0.018349 -0.023992 0.021722
v -0.010585 -0.028428 0.022214
v -0.002429 -0.030356 0.022305
v 0.008881 -0.028875 0.021973
v 0.019331 -0.023123 0.022177
v 0.026389 -0.013617 0.021760
v 0.029134 -0.002749 0.021397
v 0.028514 0.006176 0.021811
v 0.025324 0.013944 0.021278
v 0.019853 0.021020 0.021723
v 0.012585 0.025720 0.020918
v 0.001538 0.029199 0.022141
v -0.009856 0.027089 0.020981
v -0.019755 0.021829 0.021951
v -0.025493 0.014840 0.021922
v -0.024355 0.000899 0.006785
v -0.023773 -0.006372 0.007190
v -0.021197 -0.013005 0.007115
v -0.014777 -0.020113 0.006914
v -0.006473 -0.024133 0.007172
v 0.000565 -0.024871 0.007255
v 0.007728 -0.023486 0.006871
v 0.013790 -0.020314 0.007175
v 0.018975 -0.015184 0.006768
v 0.023190 -0.006979 0.007446
v 0.023555 0.002225 0.006615
v 0.021567 0.009249 0.006916
v 0.017630 0.015459 0.007021
v 0.012296 0.019724 0.006864
v 0.006086 0.022565 0.007003
v -0.003450 0.023271 0.007032
v -0.012269 0.020117 0.006593
v -0.017994 0.015596 0.006997
v -0.022223 0.009583 0.007200
v -0.020620 0.004240 -0.008678
v -0.021096 -0.003962 -0.008037
v -0.018495 -0.011245 -0.008558
v -0.014553 -0.016182 -0.008162
v -0.009357 -0.019829 -0.007951
v -0.003683 -0.021480 -0.008157
v 0.002634 -0.021546 -0.008547
v 0.008298 -0.019848 -0.008209
v 0.013536 -0.016637 -0.007744
v 0.016776 -0.011150 -0.013539
v 0.019918 -0.006025 -0.008157
v 0.019336 0.006116 -0.008250
v 0.015361 0.012742 -0.008860
v 0.010533 0.016821 -0.008506
v 0.004718 0.019294 -0.008876
v -0.003219 0.019896 -0.007976
v -0.009067 0.018016 -0.008451
v -0.014092 0.014910 -0.008209
v -0.018122 0.010002 -0.008357
v -0.019438 0.004129 -0.021302
v -0.019906 -0.003476 -0.021905
v -0.015014 -0.014201 -0.021176
v -0.009210 -0.018580 -0.021822
v -0.001969 -0.020619 -0.021497
v 0.005987 -0.019641 -0.021533
v 0.012581 -0.015720 -0.021585
v 0.018493 -0.006355 -0.021678
v 0.019473 -0.000220 -0.014129
v 0.018164 0.005390 -0.021775
v 0.011307 0.014757 -0.021492
v 0.004563 0.017957 -0.022510
v -0.007013 0.017470 -0.022113
v -0.011904 0.014839 -0.021709
v -0.016056 0.010857 -0.021700
v -0.020182 0.005756 -0.037208
v -0.020982 -0.004073 -0.037071
v -0.018326 -0.011555 -0.036956
v -0.013233 -0.017467 -0.037034
v -0.007655 -0.020474 -0.037000
v -0.001466 -0.021834 -0.037038
v 0.008011 -0.020125 -0.036974
v 0.014634 -0.015170 -0.037116
v 0.018258 -0.009973 -0.037197
v 0.020144 -0.002400 -0.037156
v 0.019192 0.005343 -0.037321
v 0.016226 0.010943 -0.037327
v 0.011835 0.015512 -0.037377
v 0.004916 0.018809 -0.037309
v -0.003058 0.019398 -0.037286
v -0.010681 0.016885 -0.037314
v -0.015594 0.012883 -0.037237
v -0.024927 0.000481 -0.040532
v -0.023140 -0.011048 -0.040487
v -0.013912 -0.021805 -0.040351
v -0.001985 -0.025669 -0.040415
v 0.007618 -0.024189 -0.040406
v 0.015619 -0.019616 -0.040508
v 0.021665 -0.011855 -0.040650
v 0.023879 -0.002488 -0.040632
v 0.022157 0.008707 -0.040793
v 0.012929 0.019464 -0.040766
v -0.001021 0.023328 -0.040650
v -0.014599 0.019115 -0.040753
v -0.022349 0.009775 -0.040574
v -0.028149 -0.021209 -0.045642
v -0.021209 -0.028444 -0.045593
v 0.004249 -0.035083 -0.045608
v 0.031453 -0.013148 -0.045915
v 0.033623 -0.003433 -0.045955
v -0.034727 0.000645 -0.045794
v -0.032893 -0.012221 -0.045665
v -0.009241 -0.034406 -0.045620
v 0.016873 -0.030813 -0.045752
v 0.026725 -0.021912 -0.045804
v 0.032697 0.006620 -0.046075
v 0.028916 0.016339 -0.046112
v 0.020078 0.026102 -0.046143
v 0.008430 0.031869 -0.046183
v -0.004780 0.032788 -0.046164
v -0.014671 0.029827 -0.046101
v -0.023465 0.024224 -0.046000
v -0.031469 0.013479 -0.045923
v -0.034917 0.001474 -0.048021
v -0.033942 -0.009184 -0.047938
v -0.030276 -0.018592 -0.047878
v -0.021531 -0.028672 -0.047792
v -0.009284 -0.034558 -0.047901
v 0.004151 -0.035472 -0.047780
v 0.016673 -0.031096 -0.047977
v 0.024668 -0.024602 -0.048011
v 0.030547 -0.016146 -0.048141
v 0.033981 -0.003333 -0.048132
v 0.032066 0.009995 -0.048390
v 0.025364 0.021676 -0.048301
v 0.014246 0.029967 -0.048451
v 0.001101 0.033237 -0.048356
v -0.011743 0.031352 -0.048413
v -0.023178 0.024803 -0.048257
v -0.031318 0.014323 -0.048099
v -0.031422 0.006833 -0.050023
v -0.032006 -0.005627 -0.049957
v -0.028084 -0.017382 -0.049843
v -0.019355 -0.026943 -0.049811
v -0.005592 -0.032844 -0.049821
v 0.012892 -0.030495 -0.049905
v 0.025164 -0.020128 -0.049998
v 0.030194 -0.009420 -0.050133
v 0.013324 0.027365 -0.050367
v 0.001422 0.030659 -0.050300
v -0.013829 0.027768 -0.050333
v -0.025471 0.018146 -0.050308
v 0.030700 0.005355 -0.050348
v 0.023266 0.019677 -0.050464
v -0.025232 0.003443 -0.051514
v -0.025520 -0.004756 -0.051429
v -0.022278 -0.014053 -0.051366
v 0.024272 -0.005251 -0.051593
v 0.018300 0.015551 -0.051747
v -0.026194 0.005797 -0.053771
v -0.027005 -0.002261 -0.053633
v -0.025643 -0.009924 -0.053560
v -0.021995 -0.016800 -0.053534
v -0.016584 -0.022387 -0.053301
v -0.009752 -0.026106 -0.053501
v -0.002619 -0.027788 -0.053496
v 0.005598 -0.027042 -0.053545
v 0.013145 -0.024105 -0.053666
v 0.018880 -0.019293 -0.053650
v 0.023219 -0.013113 -0.053602
v 0.026060 -0.002896 -0.053786
v 0.024525 0.007688 -0.053954
v 0.020925 0.014252 -0.053922
v 0.015535 0.019868 -0.053932
v 0.008682 0.023558 -0.053955
v 0.000774 0.025308 -0.054015
v -0.009175 0.023804 -0.053690
v -0.016062 0.020186 -0.053846
v -0.021805 0.014601 -0.053672
v -0.026773 0.005307 -0.056283
v -0.027363 -0.004682 -0.056367
v -0.025032 -0.012525 -0.056227
v -0.020798 -0.019252 -0.056194
v -0.014666 -0.024237 -0.056169
v -0.007144 -0.027523 -0.056089
v 0.000461 -0.028217 -0.056188
v 0.008718 -0.026718 -0.056230
v 0.017570 -0.021360 -0.056384
v 0.023891 -0.012999 -0.056306
v 0.026422 -0.002939 -0.056476
v 0.025123 0.007327 -0.056637
v 0.019733 0.016652 -0.056438
v 0.011306 0.023013 -0.056801
v 0.003723 0.025305 -0.056621
v -0.004197 0.025500 -0.056770
v -0.011775 0.023193 -0.056553
v -0.018260 0.019121 -0.056585
v -0.023487 0.012827 -0.056432
v -0.026564 0.000634 -0.059014
v -0.025515 -0.006327 -0.059731
v -0.023036 -0.014433 -0.058944
v -0.018213 -0.020345 -0.058906
v -0.011655 -0.024919 -0.058862
v -0.004665 -0.026950 -0.058899
v 0.002963 -0.027107 -0.058930
v 0.010270 -0.024914 -0.058964
v 0.016461 -0.021088 -0.058986
v 0.021556 -0.014925 -0.059081
v 0.024645 -0.007784 -0.059197
v 0.025391 -0.000349 -0.059208
v 0.024057 0.007162 -0.059270
v 0.019077 0.015930 -0.059286
v 0.010986 0.021997 -0.059387
v -0.004221 0.024437 -0.059355
v -0.018111 0.017973 -0.059179
v -0.023924 0.010076 -0.059216
v -0.023094 0.006897 -0.060652
v -0.020429 -0.014965 -0.060457
v -0.011126 -0.022882 -0.060395
v 0.000733 -0.025377 -0.060458
v 0.011770 -0.021819 -0.060515
v 0.019940 -0.013793 -0.060632
v 0.023687 -0.000424 -0.060657
v 0.019932 0.010999 -0.060801
v 0.011560 0.019502 -0.060835
v 0.002576 0.023940 -0.060063
v -0.010293 0.022127 -0.060121
v -0.016510 0.016612 -0.060689
v -0.019054 -0.012169 -0.061248
v 0.010052 -0.019978 -0.061275
v 0.010637 0.016812 -0.061580
v -0.014949 0.014577 -0.061465
v -0.023875 -0.002131 -0.064554
v -0.022782 -0.008837 -0.064625
v 0.022073 0.004124 -0.064728
v 0.000851 0.021975 -0.064729
v -0.008218 0.020828 -0.064979
v -0.019249 0.012837 -0.064746
v -0.023196 0.004592 -0.064650
v -0.019610 -0.014825 -0.064525
v -0.016437 -0.018455 -0.064466
v -0.010698 -0.022418 -0.064331
v -0.002163 -0.024741 -0.064568
v 0.007071 -0.023542 -0.064546
v 0.018088 -0.015533 -0.064640
v 0.021960 -0.007594 -0.064622
v 0.022750 -0.000491 -0.064761
v 0.019663 0.010454 -0.064851
v 0.015217 0.015796 -0.064825
v 0.009548 0.019776 -0.064958
v -0.014205 0.017484 -0.064643
v -0.023141 0.004432 -0.066856
v -0.023583 -0.004802 -0.066782
v -0.020545 -0.013283 -0.066833
v -0.014627 -0.019859 -0.066744
v -0.001586 -0.024606 -0.066750
v 0.007158 -0.023259 -0.066845
v 0.014954 -0.018743 -0.066799
v 0.020495 -0.011198 -0.066929
v 0.022593 -0.002791 -0.067002
v 0.021837 0.002518 -0.067973
v 0.019653 0.010094 -0.067043
v 0.013813 0.016881 -0.067128
v 0.000839 0.021884 -0.067014
v -0.007963 0.020623 -0.067142
v -0.013053 0.017759 -0.067898
v -0.019168 0.012516 -0.067041
v -0.022188 0.000072 -0.068782
v -0.019255 -0.012286 -0.068739
v -0.014165 -0.017499 -0.069022
v -0.009882 -0.022254 -0.067600
v -0.002136 -0.023024 -0.068667
v 0.010454 -0.020020 -0.068732
v 0.016562 -0.014791 -0.068704
v 0.020328 -0.007135 -0.068867
v 0.017230 0.011234 -0.069014
v 0.009126 0.019343 -0.067859
v 0.004802 0.019088 -0.069288
v -0.003374 0.020145 -0.068968
v -0.016701 0.012197 -0.069228
v -0.020270 0.007881 -0.068761
v -0.017342 -0.011132 -0.070380
v 0.002033 -0.020658 -0.070469
v 0.015844 -0.011464 -0.070463
v 0.018132 -0.006374 -0.070535
v 0.017736 0.004864 -0.070622
v 0.004350 0.017374 -0.070786
v -0.016021 0.010393 -0.070659
v -0.009208 -0.024612 -0.080639
v 0.015595 -0.020032 -0.080315
v 0.023346 -0.007508 -0.080654
v 0.019359 0.012971 -0.081033
v -0.018706 0.015292 -0.080930
v -0.022699 0.009611 -0.080569
v -0.027586 0.002819 -0.093047
v -0.023986 -0.009757 -0.080763
v -0.020583 -0.015963 -0.080638
v -0.015642 -0.021080 -0.080362
v 0.000327 -0.026126 -0.080637
v 0.007251 -0.024869 -0.080374
v 0.010105 0.020748 -0.080777
v 0.001016 0.023257 -0.081164
v -0.006336 0.022508 -0.081021
v -0.013151 0.019788 -0.080692
v -0.025306 0.008935 -0.092303
v -0.027568 -0.017362 -0.106607
v -0.019214 -0.026027 -0.104093
v -0.008903 -0.031520 -0.105912
v 0.008969 -0.030518 -0.103458
v 0.022573 0.018914 -0.107060
v 0.012552 0.026060 -0.105233
v 0.000865 0.028976 -0.105230
v -0.007832 0.028248 -0.106123
v -0.016119 0.024748 -0.104505
v -0.023263 0.019246 -0.106001
v -0.032617 -0.009367 -0.118196
v -0.029152 -0.018560 -0.119161
v -0.020475 -0.028136 -0.117837
v -0.008786 -0.033648 -0.117835
v 0.000085 -0.034517 -0.116002
v 0.009514 -0.033129 -0.119077
v 0.030142 -0.012322 -0.115851
v 0.029451 0.011037 -0.118555
v 0.025790 0.017417 -0.118601
v 0.019128 0.024366 -0.118623
v 0.007859 0.030012 -0.118870
v -0.004856 0.030824 -0.118357
v -0.014405 0.027991 -0.118552
v -0.022280 0.023048 -0.118238
v -0.028646 0.015387 -0.118405
v -0.032951 -0.002983 -0.127902
v -0.028797 -0.018077 -0.128785
v -0.014598 -0.030913 -0.129648
v -0.002659 -0.033907 -0.129920
v 0.009625 -0.032529 -0.128707
v 0.023412 -0.023235 -0.128738
v 0.028659 0.010809 -0.130093
v 0.025155 0.016894 -0.130069
v 0.018719 0.023788 -0.129814
v 0.007673 0.029085 -0.130281
v -0.001981 0.030123 -0.130084
v -0.011532 0.028369 -0.130212
v -0.022150 0.022265 -0.129667
v -0.029438 0.012471 -0.130215
v -0.027873 0.005515 -0.139517
v -0.026840 -0.009097 -0.140346
v -0.020974 -0.022107 -0.138658
v 0.017693 -0.024135 -0.138442
v 0.024960 0.009348 -0.139499
v 0.020265 0.016710 -0.139666
v 0.013929 0.022009 -0.139558
v 0.006011 0.025485 -0.139519
v -0.004815 0.026014 -0.139555
v -0.015009 0.022369 -0.139594
v -0.023099 0.015456 -0.139343
v -0.019143 0.004786 -0.146588
v -0.020610 -0.004034 -0.146247
v -0.018468 -0.011245 -0.146173
v 0.002362 -0.022637 -0.145489
v 0.014437 -0.015080 -0.146208
v 0.016592 0.004959 -0.147096
v 0.011193 0.013548 -0.146779
v 0.000351 0.017575 -0.146628
v -0.007311 0.016408 -0.146624
v -0.013891 0.012738 -0.146485
v -0.012387 -0.001127 -0.149887
v -0.012034 -0.009158 -0.149399
v 0.004916 -0.012925 -0.149674
v 0.010874 0.000844 -0.149863
v 0.005921 0.007421 -0.150070
v -0.001575 0.009555 -0.150024
v -0.009351 0.005851 -0.150058
v -0.008327 -0.003077 -0.151006
v -0.006436 -0.006979 -0.150962
v 0.003044 -0.008536 -0.150991
v 0.006095 0.000915 -0.151024
v 0.001815 0.005108 -0.151111
v -0.003982 0.004793 -0.151066
v -0.007323 0.001738 -0.151043
v -0.007764 -0.000135 -0.152484
v 0.001462 -0.008762 -0.152516
v 0.004922 -0.006130 -0.152477
v 0.003340 0.003734 -0.152494
v -0.001055 0.005034 -0.152544
v -0.007558 -0.004293 -0.152416
v -0.004834 -0.008047 -0.152408
v 0.007699 -0.006743 -0.156961
v -0.004982 0.003733 -0.152482
v -0.010071 0.001511 -0.157111
v -0.010575 -0.004272 -0.157107
v -0.008350 -0.008495 -0.157077
v 0.004452 -0.010332 -0.156875
v 0.008221 0.001337 -0.156890
v 0.006600 0.004325 -0.157292
v 0.003508 0.006724 -0.157270
v -0.000108 0.007697 -0.157219
v -0.003846 0.007315 -0.157274
v -0.007471 0.005226 -0.157248
v -0.010817 0.000397 -0.159966
v -0.010946 -0.004382 -0.160042
v -0.008628 -0.008841 -0.159972
v 0.005972 -0.009757 -0.160023
v 0.008979 0.000825 -0.160290
v 0.006228 0.005403 -0.160181
v 0.000760 0.008101 -0.159951
v -0.005216 0.007273 -0.160320
v -0.009105 0.004016 -0.159966
v -0.009858 0.000182 -0.163555
v -0.010016 -0.003577 -0.163576
v -0.008911 -0.007160 -0.163379
v 0.004971 0.005458 -0.162972
v -0.000175 0.007603 -0.162956
v -0.005212 0.006174 -0.163678
v -0.008457 0.003667 -0.162851
v 0.006978 -0.005779 -0.164874
v 0.007052 0.002605 -0.164013
v -0.001406 0.005931 -0.165291
v -0.006680 0.002087 -0.166239
v -0.003266 0.003072 -0.167380
v -0.006786 -0.004150 -0.167075
v -0.003058 -0.007293 -0.167330
v -0.005025 -0.001821 -0.167824
v -0.000140 -0.003764 -0.168199
v 0.001480 0.000940 -0.167911
v 0.001780 0.004225 -0.166536
v 0.001915 -0.010568 -0.164443
v 0.002805 -0.006951 -0.167105
v 0.004827 -0.003207 -0.167245
v 0.005180 0.000457 -0.166835
v 0.015286 0.015861 -0.077041
v -0.020755 0.008164 -0.074714
v 0.009269 0.018666 -0.074994
v -0.010365 -0.021461 -0.074400
v 0.002931 0.020602 -0.075044
v -0.003814 0.020650 -0.074868
v -0.004080 -0.024760 -0.076830
v -0.009912 0.018852 -0.074988
v -0.022649 0.002096 -0.074813
v -0.022695 -0.004649 -0.074606
v 0.002166 -0.023714 -0.074757
v -0.015743 0.015070 -0.074898
v -0.020898 -0.010747 -0.074718
v 0.008702 -0.021733 -0.074729
v 0.014337 -0.018023 -0.074623
v 0.018774 0.009638 -0.074856
v -0.017237 -0.016511 -0.074750
v 0.018908 -0.014884 -0.077132
v 0.021032 -0.006928 -0.074733
v 0.021718 0.001600 -0.075142
v -0.019823 0.008056 -0.061407
v 0.018885 0.007441 -0.061529
v 0.015488 0.012866 -0.061562
v 0.004891 0.019390 -0.061579
v -0.013358 -0.018551 -0.061209
v -0.003417 0.019907 -0.061553
v -0.005770 -0.022122 -0.061215
v -0.009471 0.018038 -0.061523
v -0.021952 0.000011 -0.061336
v 0.002294 -0.022576 -0.061236
v 0.013161 -0.020181 -0.064506
v 0.016530 -0.014270 -0.061350
v 0.020243 -0.006571 -0.061415
v -0.021302 -0.006270 -0.061285
v 0.020721 0.001354 -0.061479
v -0.021303 -0.005299 -0.069075
v 0.018662 -0.000639 -0.070558
v -0.001309 0.017843 -0.070642
v -0.005518 -0.020135 -0.070352
v 0.003311 -0.022096 -0.069044
v 0.015016 0.009885 -0.070633
v 0.011098 0.014039 -0.070673
v -0.012348 -0.016875 -0.070451
v -0.006873 0.016910 -0.070634
v -0.019313 0.003561 -0.070489
v -0.011934 0.014193 -0.070615
v -0.019846 -0.003973 -0.070533
v 0.007549 -0.018886 -0.070391
v 0.012235 -0.015919 -0.070435
v 0.000409 -0.026357 -0.051348
v -0.017258 0.017650 -0.051631
v 0.022203 -0.012213 -0.051524
v 0.022300 0.009211 -0.051693
v 0.010544 0.021408 -0.051758
v -0.015809 -0.021326 -0.051333
v 0.024469 0.002160 -0.051665
v -0.023179 0.009853 -0.051577
v 0.001008 0.023945 -0.051744
v -0.007074 -0.025628 -0.051325
v -0.008765 0.022585 -0.051703
v 0.007689 -0.025104 -0.051377
v 0.016206 -0.020163 -0.051446
v 0.001997 -0.020586 -0.030956
v -0.016238 0.010718 -0.031510
v -0.018968 -0.007681 -0.030989
v 0.007706 -0.018905 -0.031192
v 0.012602 -0.015860 -0.031590
v 0.016607 0.008633 -0.031235
v -0.017197 -0.010893 -0.027849
v -0.012090 -0.016966 -0.031122
v 0.017111 -0.009881 -0.031091
v 0.013504 0.012372 -0.029020
v 0.008325 0.016475 -0.031270
v -0.005267 -0.020179 -0.031300
v 0.018883 -0.004200 -0.031345
v 0.001240 0.018307 -0.029515
v 0.019040 0.001569 -0.031367
v -0.003309 0.018341 -0.031246
v -0.019459 0.003901 -0.031262
v -0.010372 0.015907 -0.031382
v -0.020038 -0.001827 -0.031235
v 0.013960 0.038135 0.048413
v -0.021610 -0.035562 0.049112
v -0.001583 0.040627 0.048473
v -0.006867 -0.041034 0.049107
v -0.017527 0.036820 0.048539
v -0.041275 -0.002208 0.048926
v 0.009529 -0.040414 0.049059
v -0.030233 0.027611 0.048671
v -0.037628 -0.017471 0.049051
v 0.023978 -0.033769 0.048907
v 0.033109 0.023707 0.048423
v 0.034930 -0.021838 0.048829
v 0.040426 -0.006819 0.048680
v 0.039837 0.008912 0.048586
v -0.035241 0.021106 0.048655
v -0.054476 0.008777 0.102796
v -0.054237 0.008626 0.101169
v -0.055090 -0.002468 0.102797
v -0.053539 -0.013239 0.102920
v -0.053370 -0.012948 0.101336
v -0.050054 -0.023058 0.102923
v -0.044710 -0.032374 0.103166
v -0.044608 -0.032045 0.101469
v -0.028654 -0.047143 0.103095
v -0.028998 -0.046668 0.101514
v -0.019319 -0.051424 0.101538
v -0.018914 -0.051825 0.103099
v -0.008448 -0.054517 0.103086
v -0.008908 -0.054211 0.101514
v 0.002342 -0.055115 0.103055
v 0.013042 -0.053597 0.103007
v 0.012453 -0.053504 0.101431
v 0.022864 -0.049953 0.101387
v 0.023240 -0.050021 0.102945
v 0.032544 -0.044524 0.102871
v 0.032348 -0.044381 0.101293
v 0.040213 -0.037357 0.101211
v 0.040643 -0.037266 0.102754
v 0.047164 -0.028552 0.102707
v 0.046620 -0.029016 0.101100
v 0.051820 -0.018800 0.102615
v 0.054376 -0.008700 0.102464
v 0.054139 -0.008939 0.100948
v 0.055083 0.001710 0.102432
v 0.053375 0.012654 0.100738
v 0.050277 0.022529 0.102293
v 0.044725 0.032234 0.102282
v 0.044472 0.032115 0.100656
v 0.037208 0.040618 0.102151
v 0.028565 0.047097 0.102235
v 0.028774 0.046693 0.100593
v 0.018893 0.051468 0.100588
v 0.018880 0.051745 0.102157
v 0.008414 0.054437 0.102170
v -0.002309 0.054788 0.100625
v -0.002446 0.055032 0.102168
v -0.013217 0.053482 0.102260
v -0.012730 0.053343 0.100636
v -0.023037 0.049996 0.102257
v -0.032085 0.044800 0.102380
v -0.032191 0.044441 0.100813
v -0.040507 0.037431 0.102523
v -0.046640 0.028924 0.100976
v -0.046923 0.028832 0.102561
v -0.053011 0.008448 0.101743
v -0.053650 -0.002047 0.101822
v -0.052231 -0.012466 0.101905
v -0.048804 -0.022413 0.101972
v -0.043502 -0.031506 0.102033
v -0.036549 -0.039359 0.102062
v -0.028210 -0.045714 0.102088
v -0.018725 -0.050353 0.102097
v -0.008515 -0.053037 0.102081
v 0.001949 -0.053674 0.102047
v 0.012338 -0.052272 0.102005
v 0.022326 -0.048846 0.101949
v 0.031443 -0.043525 0.101873
v 0.039345 -0.036530 0.101789
v 0.045698 -0.028151 0.101701
v 0.050309 -0.018695 0.101619
v 0.052981 -0.008481 0.101525
v 0.053608 0.002021 0.101440
v 0.052183 0.012374 0.101362
v 0.048791 0.022260 0.101296
v 0.043501 0.031354 0.101242
v 0.036517 0.039264 0.101200
v 0.028141 0.045633 0.101182
v 0.018719 0.050241 0.101175
v 0.008512 0.052940 0.101192
v -0.002059 0.053583 0.101215
v -0.012476 0.052150 0.101260
v -0.022388 0.048736 0.101323
v -0.031475 0.043435 0.101395
v -0.039354 0.036463 0.101476
v -0.045703 0.028113 0.101565
v -0.050327 0.018658 0.101657
v -0.026029 0.044611 0.107421
v 0.003102 0.050890 0.107275
v 0.031250 0.041112 0.107260
v -0.022631 -0.046423 0.108129
v -0.049746 0.014597 0.107737
v 0.052435 0.003526 0.107486
v 0.035440 -0.037838 0.107868
v -0.051540 0.019564 0.102654
v -0.052875 0.013870 0.107162
v -0.046427 0.028571 0.107005
v -0.036256 0.040906 0.106893
v -0.022727 0.049547 0.106761
v -0.012624 0.053028 0.106700
v 0.004270 0.054579 0.106622
v 0.018967 0.051101 0.106611
v 0.033860 0.043011 0.106644
v 0.047215 0.027543 0.106705
v 0.053696 0.012364 0.102426
v 0.054110 0.008305 0.106851
v 0.053825 -0.008640 0.106967
v 0.051106 -0.018975 0.107057
v 0.042998 -0.033895 0.107204
v 0.031954 -0.044171 0.107319
v 0.006886 -0.050517 0.108062
v 0.016940 -0.052070 0.107421
v -0.004257 -0.054584 0.107541
v -0.024852 -0.048788 0.107546
v -0.024263 0.007230 -0.095230
v -0.037294 -0.040651 0.103072
v -0.028591 0.005354 -0.103027
v -0.040937 -0.036235 0.107500
v -0.049554 -0.022728 0.107420
v -0.046760 -0.021443 0.108011
v -0.054364 -0.006492 0.107320
v 0.022841 -0.014420 -0.092987
v -0.014021 -0.022634 -0.142347
v 0.008632 -0.029533 -0.137501
v 0.022510 -0.018831 -0.103595
v -0.026533 0.007106 -0.097415
v 0.008626 -0.028904 -0.137323
v -0.028182 0.002554 -0.095454
v -0.007670 -0.025146 -0.142919
v -0.025683 0.004469 -0.091884
v 0.005061 -0.029009 -0.139510
v -0.028102 0.001862 -0.099497
v 0.010973 -0.025476 -0.139298
v -0.024872 0.004119 -0.091907
v 0.022934 -0.018347 -0.100080
v -0.029884 0.003829 -0.107509
v 0.022066 -0.009268 -0.093581
v -0.016455 0.005045 -0.093569
v 0.019184 -0.026331 -0.123543
v -0.016232 -0.017165 -0.143318
v 0.022041 -0.022749 -0.113101
v -0.031364 -0.002476 -0.112074
v -0.029718 0.007077 -0.103583
v 0.023234 -0.020033 -0.104270
v 0.026974 -0.012830 -0.101569
v -0.025431 -0.000513 -0.081035
v 0.019702 -0.027632 -0.121303
v 0.031402 -0.007849 -0.116747
v -0.032585 0.006917 -0.121128
v -0.032960 -0.004001 -0.114114
v 0.031802 0.002696 -0.118450
v -0.029164 0.012772 -0.110743
v -0.032528 0.002094 -0.130212
v -0.032310 -0.009688 -0.127091
v 0.027193 -0.017516 -0.129760
v 0.030432 -0.009683 -0.129663
v 0.031005 0.002417 -0.130218
v -0.032877 -0.008073 -0.123417
v 0.028830 -0.016200 -0.122541
v -0.025484 -0.011605 -0.140244
v -0.022531 -0.019115 -0.139473
v -0.015707 -0.026107 -0.138895
v -0.006839 -0.029876 -0.138754
v 0.024097 -0.015455 -0.139062
v 0.026697 -0.009120 -0.139130
v -0.028756 -0.004325 -0.139462
v 0.013908 -0.025808 -0.137839
v -0.031430 -0.000877 -0.134927
v -0.029333 -0.013769 -0.133155
v 0.017204 -0.025534 -0.136573
v 0.028073 -0.013252 -0.134218
v -0.002269 -0.021320 -0.146485
v -0.013514 -0.017197 -0.146215
v -0.007363 -0.020345 -0.146236
v 0.016573 -0.019837 -0.142691
v 0.018820 -0.007874 -0.145949
v 0.022821 -0.010362 -0.142632
v -0.006144 -0.027442 -0.141462
v -0.001406 -0.028198 -0.141264
v -0.000900 -0.023079 -0.144348
v -0.024292 -0.007175 -0.143379
v -0.000916 -0.014629 -0.149566
v 0.010971 -0.006987 -0.149606
v 0.013466 -0.006879 -0.148715
v 0.006385 -0.001571 -0.151166
v -0.004925 -0.012812 -0.149853
v 0.005890 -0.005116 -0.150992
v -0.000740 -0.026861 -0.141348
v 0.005736 -0.004273 -0.152512
v 0.006132 -0.002069 -0.152529
v 0.025635 -0.016391 -0.106980
v 0.020199 -0.025233 -0.120240
v -0.003018 -0.009031 -0.153002
v 0.008320 -0.004878 -0.156608
v -0.000142 -0.012278 -0.160759
v 0.009361 -0.002515 -0.160125
v -0.005122 -0.011494 -0.159100
v -0.002068 -0.012259 -0.158500
v 0.008638 -0.006120 -0.159436
v 0.006447 -0.008434 -0.163060
v 0.008824 -0.004240 -0.162215
v 0.008858 -0.000981 -0.162475
v -0.005809 -0.008597 -0.165077
v -0.001726 -0.010650 -0.164673
v -0.004782 -0.010719 -0.163261
v 0.022608 -0.014890 -0.094970
v 0.017800 -0.028160 -0.126541
v 0.017177 -0.027388 -0.127266
v -0.021023 0.006445 -0.093959
v 0.024168 -0.010325 -0.094630
v 0.022852 -0.015680 -0.096400
v -0.027488 0.002730 -0.097138
v -0.031873 -0.004375 -0.116734
v -0.028780 0.006915 -0.100674
v -0.007040 -0.021238 -0.145062
v -0.024399 0.007914 -0.093492
v -0.029320 0.000415 -0.103843
v 0.022559 -0.016439 -0.098476
v 0.025860 -0.013735 -0.101659
v 0.023976 -0.015652 -0.106370
v 0.021106 -0.024231 -0.128211
v -0.023404 0.005629 -0.092428
v -0.021114 0.002682 -0.091958
v -0.024832 0.005979 -0.091782
v -0.019922 0.003569 -0.092438
v 0.024712 -0.011156 -0.092750
v -0.031193 0.002459 -0.111705
v -0.030302 -0.010076 -0.128257
v -0.019631 -0.020381 -0.140670
v -0.020349 -0.014530 -0.140795
v 0.022205 -0.023983 -0.127219
v 0.024238 -0.021840 -0.120233
v 0.011157 -0.028307 -0.134652
v -0.031029 -0.005824 -0.130155
v -0.031310 -0.002886 -0.123769
v -0.008874 -0.024355 -0.142475
v 0.015577 -0.027662 -0.129454
v 0.020443 -0.012745 -0.091982
v 0.022577 -0.020501 -0.107174
v -0.025784 0.003081 -0.094194
v -0.020548 0.001114 -0.095008
v -0.030540 -0.001199 -0.108490
v -0.031348 -0.007515 -0.123307
v 0.013754 -0.028097 -0.131945
v 0.006201 -0.027963 -0.138022
v 0.001512 -0.027467 -0.140692
v -0.017457 -0.020584 -0.141000
v -0.024318 -0.017105 -0.138078
v -0.026856 -0.013896 -0.133975
v -0.031779 0.001468 -0.114435
v -0.030278 -0.007461 -0.133391
v -0.029127 -0.008707 -0.135931
v -0.028043 -0.009572 -0.136243
v -0.001175 -0.022814 -0.143432
v 0.003844 -0.024346 -0.142727
v 0.022821 -0.022826 -0.123463
v -0.032399 0.000435 -0.117765
v 0.017739 -0.025288 -0.133220
v 0.025388 -0.019628 -0.114360
v -0.021233 -0.018046 -0.138616
v -0.026463 0.004754 -0.090553
v -0.026429 0.005412 -0.088822
v 0.024727 -0.011016 -0.090728
v 0.023171 -0.014411 -0.090631
v 0.024502 -0.001282 -0.082294
v -0.025125 0.009892 -0.090175
v 0.028964 -0.010112 -0.106096
v 0.026073 -0.009614 -0.094302
v 0.030043 0.001492 -0.106433
v 0.028104 0.004910 -0.100770
v 0.017107 -0.025654 -0.101697
v 0.022516 0.007062 -0.080731
v -0.026050 0.010569 -0.095975
v -0.030676 0.000042 -0.102674
v 0.022831 -0.020083 -0.101867
v -0.032775 0.004253 -0.115325
v 0.020878 -0.023933 -0.106421
v 0.017278 -0.028520 -0.112991
v 0.021177 -0.026076 -0.117006
v 0.027700 -0.016920 -0.113141
v 0.026234 -0.018322 -0.111084
v -0.032227 -0.005610 -0.109655
v 0.030745 0.005370 -0.113324
v 0.028592 0.009567 -0.108535
v -0.031826 -0.001638 -0.108454
v 0.022279 -0.024081 -0.113392
v 0.030984 -0.003525 -0.109923
v -0.033604 -0.000375 -0.122499
v 0.016968 -0.029189 -0.126787
v 0.025852 -0.021235 -0.120483
v 0.030507 -0.011639 -0.124776
v 0.032030 -0.001838 -0.123937
v 0.030979 0.006413 -0.124931
v 0.019521 -0.027290 -0.123473
v -0.031862 -0.006175 -0.120144
v -0.021666 -0.025491 -0.132707
v 0.000152 -0.032702 -0.134513
v 0.001728 -0.030614 -0.138316
v -0.029760 -0.012320 -0.131996
v 0.013800 -0.029305 -0.132885
v -0.024745 -0.020725 -0.135348
v 0.022762 -0.021288 -0.135218
v -0.011506 -0.030746 -0.134556
v 0.027893 -0.011039 -0.136353
v 0.030003 -0.001648 -0.134598
v 0.028773 0.006228 -0.135306
v 0.027669 0.002392 -0.138722
v 0.008113 -0.030829 -0.135871
v 0.019324 -0.025072 -0.134616
v -0.030504 -0.006768 -0.135597
v -0.027409 -0.015703 -0.135859
v -0.026018 -0.017025 -0.137209
v -0.012643 -0.024698 -0.141842
v -0.010739 -0.024052 -0.142633
v -0.003242 -0.022070 -0.145614
v -0.004412 -0.026604 -0.142173
v 0.024238 0.001564 -0.142618
v 0.021834 0.003872 -0.144102
v 0.006163 -0.024758 -0.142467
v 0.008277 -0.022912 -0.144227
v 0.009139 -0.025144 -0.141906
v -0.022381 -0.013011 -0.143052
v -0.018148 -0.014986 -0.145017
v -0.020492 -0.014631 -0.142737
v -0.014719 -0.017620 -0.144496
v -0.017353 -0.022263 -0.141272
v 0.002002 -0.028559 -0.140500
v 0.016504 0.000363 -0.147732
v -0.006960 -0.017454 -0.147945
v 0.004074 -0.018717 -0.147615
v -0.003903 -0.008401 -0.151188
v -0.001520 -0.009554 -0.150901
v 0.005728 -0.003992 -0.151509
v -0.001403 -0.009003 -0.152461
v 0.005753 -0.000500 -0.151680
v 0.000501 -0.008809 -0.151319
v -0.001857 -0.008832 -0.151511
v 0.005819 0.000216 -0.152630
v 0.000058 -0.011567 -0.156363
v -0.002511 -0.011497 -0.156390
v -0.005131 -0.010856 -0.156808
v 0.008472 -0.000874 -0.156309
v 0.001783 -0.012055 -0.158870
v 0.009190 -0.000818 -0.158220
v 0.001830 -0.011576 -0.162458
v -0.003010 -0.012036 -0.161055
v -0.001675 -0.011668 -0.162904
v 0.007895 -0.000401 -0.164366
v -0.003002 -0.009461 -0.165705
v -0.000072 -0.008893 -0.166566
v 0.023116 -0.013720 -0.091843
v 0.025123 -0.010016 -0.093788
v -0.027631 0.008007 -0.097750
v -0.025042 0.008904 -0.094941
v 0.021401 -0.024113 -0.116449
v -0.032385 0.003092 -0.113416
v 0.022258 -0.021306 -0.109634
v 0.012380 -0.025366 -0.140660
v -0.002430 -0.026652 -0.141897
v -0.023171 -0.013449 -0.140763
vn -0.5118 -0.3611 0.7796
vn -0.9073 -0.4130 0.0785
vn -0.5746 -0.2573 0.7769
vn -0.0491 -0.9980 0.0389
vn -0.1917 -0.9710 0.1431
vn 0.2053 -0.8492 -0.4866
vn 0.4344 0.4707 0.7679
vn 0.7260 0.5276 0.4411
vn 0.6068 0.6605 0.4421
vn -0.3682 -0.8932 0.2582
vn -0.5197 -0.8276 -0.2120
vn -0.4570 -0.8895 -0.0026
vn 0.2182 0.6000 0.7696
vn 0.4635 0.7648 0.4476
vn 0.3201 0.8387 0.4406
vn -0.3345 -0.5313 0.7784
vn -0.2937 -0.8373 0.4612
vn -0.2217 -0.5851 0.7801
vn -0.7181 -0.5288 0.4525
vn -0.1239 -0.8787 0.4610
vn -0.1019 -0.6178 0.7797
vn 0.1443 -0.6123 0.7774
vn 0.3780 -0.8033 0.4603
vn 0.2655 -0.5684 0.7787
vn 0.0507 -0.8861 0.4607
vn 0.0215 -0.6307 0.7757
vn -0.1455 0.6280 0.7645
vn -0.0239 0.8970 0.4414
vn -0.2081 0.8721 0.4429
vn 0.0618 0.5996 -0.7979
vn -0.0547 0.2519 -0.9662
vn -0.3981 -0.2824 -0.8728
vn 0.3787 -0.8527 0.3598
vn -0.2689 -0.8745 0.4036
vn 0.0420 -0.9375 0.3455
vn 0.3782 -0.5041 0.7764
vn 0.5189 -0.7253 0.4524
vn -0.3843 0.8068 0.4488
vn -0.2567 0.5849 0.7694
vn 0.4680 -0.4246 0.7751
vn 0.6583 -0.6024 0.4514
vn -0.5601 0.7954 -0.2317
vn -0.5252 0.7215 0.4513
vn -0.7273 0.6441 -0.2369
vn -0.6554 0.6094 0.4462
vn -0.5926 -0.6604 0.4612
vn -0.4343 -0.4577 0.7758
vn 0.7685 -0.4500 0.4548
vn 0.5420 -0.3326 0.7717
vn 0.6246 0.1544 0.7655
vn 0.8910 0.0427 0.4520
vn 0.8701 0.2130 0.4445
vn 0.8033 0.3853 0.4541
vn 0.5814 0.2657 0.7690
vn 0.0981 0.6303 0.7701
vn 0.3590 0.9304 0.0743
vn -0.0262 0.6389 0.7689
vn -0.2270 0.9716 0.0669
vn -0.0273 0.9974 0.0669
vn 0.5243 0.8466 0.0915
vn 0.3345 0.5443 0.7693
vn 0.1509 0.8849 0.4407
vn 0.0070 0.0979 0.9952
vn -0.0613 0.1132 0.9917
vn 0.0662 0.0922 0.9935
vn -0.4620 0.4380 0.7712
vn -0.8657 -0.1893 0.4635
vn -0.8119 -0.3663 0.4546
vn 0.8424 -0.2917 0.4532
vn 0.5935 -0.2186 0.7746
vn -0.1825 0.8899 -0.4180
vn 0.1648 0.3445 -0.9242
vn 0.3466 0.4413 -0.8277
vn -0.5348 0.3434 0.7720
vn -0.8409 0.3060 0.4464
vn -0.5885 0.2296 0.7752
vn 0.6264 -0.0989 0.7732
vn 0.6343 0.0287 0.7726
vn -0.9454 -0.2431 -0.2170
vn -0.8855 -0.4153 -0.2086
vn 0.5512 -0.8024 -0.2289
vn -0.6330 -0.0223 0.7738
vn -0.8785 0.1385 0.4573
vn -0.8920 -0.0216 0.4516
vn -0.9735 -0.0274 -0.2269
vn 0.8810 0.4143 -0.2285
vn 0.7919 0.5718 -0.2142
vn -0.6465 -0.7282 -0.2273
vn 0.8106 -0.5325 -0.2436
vn 0.4905 0.8359 -0.2465
vn -0.4520 -0.7635 0.4613
vn -0.3223 -0.9173 -0.2340
vn 0.9537 -0.1857 -0.2365
vn 0.8838 -0.1218 0.4518
vn 0.1282 0.9586 -0.2544
vn 0.1980 -0.9514 -0.2358
vn 0.2233 -0.8594 0.4600
vn 0.0555 -0.9736 -0.2214
vn 0.9465 0.1988 -0.2543
vn -0.9679 0.1532 -0.1995
vn 0.5345 0.7855 -0.3118
vn 0.6530 0.6750 -0.3434
vn 0.7374 0.5557 -0.3839
vn -0.6048 0.3855 0.6968
vn -0.6961 0.6170 -0.3670
vn -0.7840 0.4790 -0.3949
vn 0.9883 0.1333 -0.0743
vn 0.9952 0.0715 -0.0663
vn 0.6638 0.6890 -0.2909
vn -0.4921 -0.4394 -0.7515
vn -0.8056 -0.5466 -0.2285
vn -0.2374 0.9412 -0.2405
vn 0.4952 0.6539 -0.5721
vn 0.4758 0.7748 -0.4163
vn 0.5263 0.6738 -0.5186
vn -0.5438 0.7708 -0.3319
vn -0.6940 0.6462 0.3175
vn -0.6978 0.6357 -0.3300
vn 0.4287 -0.4934 -0.7568
vn 0.5469 -0.7712 -0.3258
vn 0.7030 -0.6363 -0.3178
vn -0.5323 -0.8136 -0.2340
vn -0.2784 -0.5715 -0.7719
vn 0.3683 0.4311 -0.8237
vn 0.4098 -0.1995 -0.8901
vn 0.2041 -0.4157 -0.8863
vn 0.3568 0.9033 -0.2380
vn 0.1657 0.6099 -0.7749
vn -0.1846 -0.9563 -0.2266
vn -0.0408 -0.6581 -0.7518
vn 0.6500 -0.0445 -0.7586
vn 0.5994 0.1973 -0.7758
vn 0.2041 -0.6068 -0.7682
vn 0.4235 -0.8751 -0.2342
vn -0.9143 0.3292 -0.2359
vn -0.6111 0.0911 -0.7863
vn 0.7260 -0.6462 -0.2352
vn -0.2577 0.5537 -0.7918
vn -0.4383 0.4697 -0.7663
vn 0.5668 -0.2803 -0.7747
vn 0.9153 -0.3233 -0.2403
vn 0.2438 -0.8704 0.4277
vn -0.1624 -0.8829 0.4407
vn 0.9716 0.0594 -0.2291
vn -0.8162 0.5284 -0.2336
vn -0.7616 0.4582 0.4584
vn 0.6718 0.6998 -0.2428
vn 0.4973 0.3552 -0.7915
vn 0.3791 0.5020 -0.7774
vn -0.0163 0.9706 -0.2402
vn 0.0969 0.4786 -0.8727
vn 0.3140 0.8677 -0.3853
vn 0.1748 0.8990 -0.4016
vn -0.4041 0.8902 -0.2102
vn -0.5680 0.2769 -0.7750
vn 0.2116 -0.9244 -0.3175
vn -0.0215 0.9444 -0.3282
vn 0.1513 0.9389 0.3092
vn -0.0342 0.9480 0.3165
vn 0.4833 0.8067 -0.3401
vn 0.3410 0.8798 -0.3310
vn -0.6335 -0.0918 -0.7683
vn -0.9442 -0.0373 -0.3272
vn -0.9202 -0.2282 -0.3181
vn -0.7961 0.5041 -0.3347
vn -0.8605 -0.3921 -0.3252
vn -0.7732 -0.5434 -0.3269
vn 0.6512 0.6798 -0.3373
vn -0.6361 -0.7063 -0.3108
vn -0.5074 -0.7969 -0.3278
vn -0.0814 0.6302 -0.7722
vn -0.1643 -0.9314 -0.3248
vn -0.3915 0.8593 -0.3292
vn -0.5614 -0.2693 -0.7825
vn 0.4110 -0.8546 -0.3174
vn -0.7672 -0.5537 0.3238
vn -0.6802 -0.7330 -0.0026
vn -0.6424 -0.6909 0.3316
vn -0.8907 0.3196 -0.3234
vn -0.5002 -0.8449 0.1894
vn -0.5132 -0.8582 0.0126
vn 0.8514 0.3965 -0.3433
vn 0.7655 0.5512 -0.3319
vn 0.7936 -0.5160 -0.3226
vn 0.2633 0.7774 -0.5713
vn -0.3142 -0.8902 -0.3299
vn 0.9278 -0.1654 -0.3344
vn 0.9241 0.1973 -0.3273
vn -0.2345 0.9118 -0.3370
vn -0.9297 0.1460 -0.3382
vn -0.1445 -0.9330 0.3295
vn -0.2186 0.9251 0.3106
vn -0.3932 0.8625 0.3185
vn -0.9354 0.1531 0.3188
vn -0.9456 -0.0321 0.3239
vn 0.0353 -0.9441 0.3277
vn 0.2195 -0.9193 0.3268
vn -0.8596 -0.3930 0.3266
vn 0.3951 -0.8589 0.3258
vn 0.5558 -0.7652 0.3247
vn 0.8631 0.3982 0.3108
vn 0.7675 0.5571 0.3172
vn 0.8080 -0.4935 0.3218
vn 0.4979 0.8104 0.3088
vn -0.4992 -0.8012 0.3299
vn -0.3429 -0.9253 0.1622
vn 0.5487 0.4478 -0.7059
vn 0.3897 0.7306 -0.5607
vn 0.7555 0.5967 -0.2705
vn 0.8033 -0.1481 -0.5768
vn 0.9452 0.0465 -0.3233
vn 0.9224 0.2224 0.3157
vn -0.5849 0.8109 -0.0150
vn -0.5547 0.7696 0.3163
vn 0.1323 0.9313 -0.3394
vn 0.7325 -0.6807 -0.0103
vn 0.8515 -0.5242 -0.0080
vn 0.6802 0.7328 -0.0186
vn 0.5242 0.8514 -0.0197
vn 0.8895 -0.3263 0.3199
vn 0.9872 -0.1588 -0.0148
vn 0.9376 -0.1475 0.3149
vn 0.3303 0.8894 0.3160
vn 0.1594 0.9870 -0.0200
vn 0.0357 -0.9994 -0.0027
vn 0.9992 0.0372 -0.0142
vn 0.9726 0.2318 -0.0167
vn -0.5283 0.7194 -0.4509
vn -0.6428 0.4887 -0.5899
vn -0.6560 0.6096 -0.4449
vn -0.9993 -0.0374 -0.0070
vn -0.8715 -0.2045 -0.4457
vn -0.9725 -0.2329 -0.0075
vn -0.0380 0.9991 -0.0189
vn -0.2319 0.9725 -0.0203
vn 0.4170 -0.9089 -0.0070
vn 0.0565 -0.9469 -0.3166
vn -0.8859 0.3316 0.3243
vn -0.9872 0.1594 -0.0097
vn 0.6945 -0.6410 0.3269
vn 0.8874 -0.3245 -0.3274
vn -0.9192 -0.2166 0.3288
vn 0.9465 0.0377 0.3206
vn -0.8068 0.4994 0.3156
vn 0.6450 0.6972 0.3129
vn -0.7154 -0.6022 -0.3543
vn 0.5850 -0.8110 -0.0081
vn 0.3724 -0.8153 -0.4433
vn 0.5345 -0.7201 -0.4424
vn -0.8518 0.5237 -0.0147
vn 0.2318 -0.9728 -0.0034
vn 0.0403 -0.9003 -0.4334
vn 0.2142 -0.8741 -0.4361
vn -0.8108 -0.5853 -0.0044
vn 0.3141 0.8501 -0.4227
vn 0.3463 0.9380 -0.0150
vn 0.7412 -0.2723 -0.6136
vn 0.5293 -0.3405 -0.7771
vn 0.8956 0.0186 -0.4444
vn 0.9378 -0.3469 -0.0142
vn -0.7336 0.6794 -0.0152
vn -0.7630 0.4657 -0.4482
vn 0.8169 0.3605 -0.4502
vn 0.9082 0.4181 -0.0168
vn -0.9088 -0.4173 -0.0071
vn -0.7243 -0.5353 -0.4345
vn 0.8104 0.5855 -0.0224
vn 0.6165 0.6480 -0.4472
vn -0.4819 -0.7594 -0.4371
vn -0.5250 -0.8511 -0.0085
vn -0.9373 0.3483 -0.0119
vn -0.0411 0.8938 -0.4466
vn -0.1570 -0.9875 -0.0126
vn -0.3141 -0.8526 -0.4177
vn -0.1478 -0.8821 -0.4472
vn -0.3811 0.8091 -0.4472
vn -0.4164 0.9090 -0.0180
vn -0.8995 -0.0401 -0.4352
vn -0.4881 -0.8045 0.3384
vn -0.5681 -0.7742 0.2789
vn 0.7678 -0.4685 -0.4370
vn -0.8412 0.3050 -0.4464
vn 0.8798 -0.1431 -0.4534
vn -0.0470 0.0714 -0.9963
vn -0.8160 -0.3725 -0.4420
vn 0.7174 0.5221 -0.4613
vn -0.6145 -0.6607 -0.4311
vn 0.0913 0.8813 -0.4636
vn 0.0857 0.8294 -0.5520
vn 0.4708 0.7581 -0.4513
vn 0.2870 0.7474 -0.5992
vn 0.1429 0.8825 -0.4481
vn 0.8685 0.2024 -0.4524
vn -0.2013 0.8670 -0.4559
vn -0.8863 0.1398 -0.4415
vn 0.6536 -0.6106 -0.4472
vn 0.8315 -0.3256 -0.4501
vn 0.4169 -0.6911 -0.5905
vn -0.8131 0.0437 -0.5804
vn -0.5594 -0.5807 -0.5915
vn 0.6442 -0.4992 -0.5795
vn -0.3405 -0.7321 -0.5900
vn -0.5742 -0.7747 -0.2649
vn -0.2552 -0.9313 -0.2601
vn 0.0350 0.7954 -0.6050
vn 0.1686 -0.7904 -0.5889
vn -0.0550 -0.8029 -0.5936
vn 0.3938 -0.8689 0.2998
vn 0.4811 -0.8482 0.2214
vn 0.5714 -0.7640 0.2998
vn 0.5818 -0.7704 -0.2608
vn 0.6974 -0.6493 0.3035
vn 0.7740 -0.5723 -0.2709
vn 0.2316 0.9281 -0.2914
vn 0.3027 -0.9149 -0.2672
vn -0.7601 0.2818 -0.5855
vn -0.9332 0.2259 -0.2793
vn -0.4734 0.6560 -0.5879
vn -0.4041 0.8672 -0.2909
vn -0.6371 0.7160 -0.2853
vn -0.0703 -0.9718 0.2252
vn -0.2264 -0.9725 -0.0554
vn -0.5958 -0.7076 0.3798
vn -0.5141 -0.7525 0.4115
vn -0.5016 -0.6951 0.5150
vn 0.7729 -0.2211 -0.5947
vn 0.9320 -0.2240 -0.2849
vn 0.7673 0.5729 0.2881
vn 0.6526 0.7283 0.2091
vn 0.6553 0.6945 0.2971
vn -0.7924 -0.1859 -0.5810
vn 0.6901 0.4112 -0.5955
vn 0.5745 0.7664 -0.2873
vn 0.5058 0.6337 -0.5854
vn -0.6910 -0.4163 -0.5909
vn -0.2517 0.7603 -0.5988
vn 0.0576 -0.9645 -0.2577
vn 0.2207 -0.9263 0.3054
vn 0.3297 0.8941 0.3030
vn 0.8895 -0.3351 0.3105
vn -0.9587 -0.0442 -0.2808
vn -0.9288 -0.2070 0.3075
vn -0.9081 -0.3155 -0.2753
vn 0.9544 0.0083 0.2984
vn 0.9478 0.1159 -0.2972
vn -0.8237 0.4948 -0.2769
vn -0.7122 0.6373 0.2943
vn -0.8102 0.5017 0.3029
vn 0.8839 0.3777 -0.2757
vn 0.9257 0.2492 0.2844
vn 0.8818 0.3818 0.2767
vn 0.7952 0.1007 -0.5979
vn -0.7689 -0.5853 -0.2573
vn -0.8690 -0.3954 0.2975
vn -0.7654 -0.5667 0.3050
vn 0.7613 0.5883 -0.2726
vn -0.1227 0.9517 -0.2815
vn 0.1513 0.9472 0.2828
vn -0.0279 0.9595 0.2802
vn -0.5354 0.7944 0.2868
vn -0.3326 -0.8908 0.3096
vn -0.1617 -0.9401 0.3003
vn -0.4158 0.8648 0.2814
vn -0.8871 0.3526 0.2979
vn -0.8207 0.5261 0.2227
vn -0.9436 0.2577 0.2079
vn -0.6496 -0.6956 0.3070
vn -0.4313 -0.8857 0.1716
vn -0.4938 -0.8130 0.3085
vn -0.6897 -0.6912 0.2157
vn 0.4879 0.8204 0.2982
vn 0.4107 0.8891 0.2019
vn -0.0771 -0.9720 0.2222
vn -0.9261 -0.3760 0.0313
vn -0.9517 -0.0345 0.3050
vn -0.9438 -0.2581 0.2067
vn 0.0481 -0.9522 0.3018
vn -0.5266 -0.8453 0.0904
vn -0.2228 0.9311 0.2888
vn -0.8228 -0.5153 0.2397
vn -0.1586 -0.9831 0.0909
vn -0.3487 -0.9327 0.0918
vn 0.2259 -0.9701 0.0889
vn -0.3198 0.9332 0.1642
vn -0.9460 0.1192 0.3014
vn 0.8580 0.4840 0.1719
vn 0.2128 -0.9502 0.2276
vn -0.8578 -0.3244 0.3986
vn 0.8163 -0.4867 0.3111
vn 0.8823 -0.4388 0.1701
vn 0.0549 0.9895 0.1336
vn 0.7277 -0.6819 0.0739
vn 0.5768 -0.8124 0.0858
vn -0.9743 -0.0110 0.2248
vn -0.8768 -0.1259 -0.4641
vn -0.5489 -0.7163 -0.4309
vn 0.7020 -0.6739 0.2301
vn 0.4856 0.7453 -0.4568
vn 0.7298 0.6040 -0.3203
vn 0.9656 -0.2542 -0.0550
vn 0.8592 0.3578 -0.3657
vn 0.0410 -0.9010 -0.4319
vn -0.2360 0.6742 -0.6999
vn -0.5519 0.6212 -0.5564
vn -0.4814 0.5240 -0.7026
vn -0.1275 0.8993 -0.4183
vn 0.3001 -0.8454 -0.4418
vn -0.7659 -0.4298 -0.4783
vn -0.8440 0.5352 0.0356
vn -0.0873 0.9672 -0.2387
vn -0.0153 0.9434 -0.3312
vn 0.9665 -0.1378 0.2165
vn 0.9437 -0.1237 0.3069
vn 0.9692 0.1508 0.1949
vn -0.6898 0.1864 -0.6996
vn -0.7522 0.1218 -0.6475
vn -0.6333 0.7447 0.2105
vn 0.4091 -0.9078 0.0930
vn -0.4590 0.7896 -0.4073
vn -0.5458 -0.4813 -0.6859
vn -0.3308 -0.6490 -0.6851
vn 0.8911 0.0159 -0.4535
vn 0.6872 0.1433 -0.7122
vn 0.8699 0.2963 -0.3943
vn 0.1601 -0.6944 -0.7016
vn 0.3738 -0.6117 -0.6973
vn -0.8077 0.3803 -0.4505
vn -0.7148 0.0451 -0.6979
vn -0.8790 0.1331 -0.4579
vn -0.0669 -0.9407 -0.3325
vn 0.7202 -0.5391 -0.4366
vn 0.5632 -0.4362 -0.7018
vn -0.2432 -0.8820 -0.4037
vn -0.0597 -0.7125 -0.6991
vn 0.0549 -0.8950 -0.4427
vn 0.8624 -0.2514 -0.4393
vn 0.6666 -0.2702 -0.6947
vn 0.5464 -0.7060 -0.4505
vn -0.6744 0.5798 -0.4572
vn 0.3016 0.6323 -0.7136
vn 0.2240 0.8840 -0.4104
vn -0.6881 -0.2318 -0.6876
vn -0.8399 0.0422 -0.5411
vn -0.7843 -0.2823 -0.5525
vn -0.6242 0.2985 -0.7220
vn -0.7510 0.3515 -0.5590
vn 0.7845 0.2699 -0.5583
vn 0.6263 0.3548 -0.6941
vn -0.6296 -0.5576 -0.5410
vn -0.7428 -0.5335 -0.4046
vn -0.4510 -0.7111 -0.5395
vn 0.0553 -0.2353 -0.9703
vn 0.1970 0.2056 -0.9586
vn 0.0454 0.7164 -0.6962
vn 0.4633 0.5241 -0.7147
vn -0.2034 -0.8159 -0.5412
vn -0.3257 -0.8534 -0.4069
vn -0.0526 -0.9116 -0.4078
vn -0.8858 0.2291 -0.4036
vn -0.9126 -0.0457 -0.4064
vn 0.6126 0.5548 -0.5629
vn 0.3605 0.7398 -0.5681
vn 0.8275 -0.0488 -0.5593
vn 0.7151 -0.0568 -0.6967
vn 0.0473 0.8258 -0.5620
vn -0.2714 0.7777 -0.5670
vn 0.4039 -0.7311 -0.5498
vn 0.6046 -0.5781 -0.5480
vn -0.5871 0.8081 -0.0477
vn -0.7963 0.5982 0.0895
vn -0.8039 0.5926 -0.0506
vn 0.7500 -0.3558 -0.5576
vn 0.9103 -0.0790 -0.4063
vn 0.8879 0.2005 -0.4141
vn 0.2831 -0.8669 -0.4103
vn 0.0380 -0.9615 -0.2722
vn 0.3221 -0.9089 -0.2649
vn 0.5957 -0.6881 -0.4143
vn 0.5592 -0.7827 -0.2734
vn 0.7903 0.4510 -0.4147
vn 0.8705 0.3984 -0.2889
vn 0.7117 0.6386 -0.2927
vn -0.5782 -0.7699 -0.2701
vn -0.5569 -0.7257 -0.4040
vn 0.7756 -0.5684 -0.2746
vn 0.8208 -0.3999 -0.4079
vn 0.6132 0.6713 -0.4163
vn 0.5029 0.8137 -0.2916
vn 0.3922 0.8257 -0.4055
vn -0.2573 -0.9268 -0.2735
vn 0.9257 -0.2454 -0.2879
vn 0.0543 0.9052 -0.4215
vn 0.1136 -0.8288 -0.5478
vn -0.2995 0.8641 -0.4046
vn -0.5896 0.6930 -0.4150
vn -0.8647 -0.2987 -0.4039
vn -0.7728 0.4826 -0.4122
vn -0.1220 0.9472 -0.2966
vn -0.6736 -0.7250 -0.1440
vn -0.4249 -0.8924 -0.1516
vn -0.1557 -0.9766 -0.1485
vn 0.1374 -0.9805 -0.1408
vn 0.9537 0.1097 -0.2800
vn 0.9935 0.0373 -0.1074
vn 0.9221 0.3458 -0.1736
vn 0.4186 -0.8956 -0.1507
vn -0.8700 0.4031 -0.2840
vn -0.9615 0.2279 -0.1534
vn -0.9587 0.0722 -0.2753
vn 0.6467 -0.7436 -0.1699
vn -0.0027 0.9438 -0.3305
vn -0.0848 0.9329 -0.3501
vn 0.5163 0.8414 -0.1597
vn -0.4662 0.8378 -0.2843
vn -0.4141 0.8964 -0.1578
vn -0.6478 0.7445 -0.1616
vn -0.9345 -0.2214 -0.2787
vn -0.7061 0.6483 -0.2848
vn 0.2379 0.9252 -0.2956
vn 0.3304 -0.9430 -0.0397
vn 0.6357 -0.7715 -0.0257
vn -0.8405 0.5188 -0.1563
vn 0.2879 0.9564 -0.0488
vn 0.2289 0.9608 -0.1565
vn 0.8491 -0.5176 -0.1051
vn 0.9525 -0.2421 -0.1849
vn -0.6483 0.5913 0.4796
vn -0.5045 0.2711 0.8197
vn -0.8160 0.2812 0.5051
vn -0.8648 -0.4832 -0.1368
vn -0.8566 -0.5144 0.0413
vn -0.7072 -0.7051 -0.0524
vn 0.7539 0.6390 -0.1526
vn 0.7243 0.6880 0.0449
vn 0.5449 0.8360 -0.0645
vn -0.4435 -0.8958 -0.0285
vn -0.9643 0.2603 -0.0484
vn -0.9628 0.2535 0.0935
vn -0.1182 0.9800 -0.1602
vn 0.0931 0.9944 0.0492
vn -0.0787 -0.9963 -0.0346
vn -0.3324 0.9414 -0.0569
vn -0.9920 -0.1188 -0.0433
vn -0.9778 -0.1418 -0.1540
vn -0.8209 -0.4994 -0.2769
vn -0.5872 -0.8028 0.1036
vn -0.9960 -0.0224 0.0862
vn 0.8766 -0.0485 0.4788
vn 0.5127 -0.2342 0.8260
vn 0.5705 -0.0199 0.8211
vn -0.7488 -0.4631 0.4742
vn -0.3078 -0.4611 0.8322
vn -0.5545 -0.6648 0.5005
vn 0.6629 -0.7427 0.0946
vn 0.9351 0.3512 -0.0464
vn 0.8691 0.4826 0.1083
vn 0.8878 -0.4536 0.0774
vn -0.3012 -0.8210 0.4850
vn -0.0334 -0.5541 0.8318
vn -0.0177 -0.8632 0.5045
vn 0.4393 0.8941 0.0873
vn 0.9659 -0.2578 -0.0230
vn 0.6405 -0.5857 0.4967
vn 0.7891 -0.3563 0.5003
vn 0.9865 0.1453 0.0749
vn 0.3505 -0.7942 0.4964
vn 0.1800 -0.5340 0.8261
vn -0.2477 -0.9635 0.1016
vn 0.1205 -0.9892 0.0829
vn -0.1692 0.9797 0.1070
vn -0.1374 0.8701 0.4733
vn -0.3105 0.4687 0.8270
vn -0.3986 0.7750 0.4903
vn -0.9456 -0.3063 0.1100
vn 0.9829 -0.1667 0.0782
vn 0.3774 -0.4184 0.8261
vn 0.6941 -0.5179 0.5000
vn -0.5024 0.8610 0.0797
vn -0.8648 -0.1086 0.4902
vn 0.4210 -0.9005 0.1088
vn 0.8270 -0.0540 0.5596
vn 0.8525 0.1708 0.4940
vn 0.5126 0.2341 0.8261
vn -0.1562 0.5839 -0.7966
vn 0.1720 0.7861 -0.5937
vn -0.4299 0.0489 -0.9016
vn -0.8428 0.0399 0.5367
vn -0.5627 0.0420 0.8256
vn 0.8366 0.2508 0.4870
vn 0.7143 0.5361 0.4499
vn 0.3105 0.4759 0.8229
vn 0.5219 0.6996 0.4881
vn -0.0115 0.5690 0.8223
vn -0.3798 0.7788 0.4992
vn 0.2358 0.8622 0.4484
vn -0.7742 0.3503 0.5272
vn -0.9164 0.0899 -0.3900
vn -0.8167 -0.2741 0.5078
vn -0.5084 -0.2221 0.8320
vn -0.2178 -0.8262 0.5196
vn 0.1216 -0.8200 0.5592
vn 0.4343 -0.7370 0.5179
vn -0.6756 -0.7230 0.1444
vn -0.5852 0.6145 0.5291
vn 0.7646 0.4619 0.4495
vn 0.5373 0.7105 0.4544
vn 0.2271 0.8661 0.4453
vn -0.6782 -0.5293 0.5098
vn -0.4914 -0.6656 0.5617
vn -0.1180 0.8864 0.4477
vn 0.6953 0.6372 -0.3325
vn -0.5933 0.6910 -0.4128
vn -0.9146 -0.2004 -0.3512
vn -0.3594 0.2693 -0.8935
vn -0.8156 0.4299 -0.3873
vn 0.8677 0.3243 -0.3768
vn 0.7134 0.6385 -0.2886
vn 0.6486 -0.6703 -0.3604
vn -0.4605 0.1174 -0.8799
vn -0.4424 -0.0653 -0.8945
vn -0.3816 -0.2351 -0.8939
vn -0.8148 -0.4761 -0.3309
vn -0.5668 -0.7435 -0.3549
vn 0.8353 -0.4086 -0.3679
vn 0.4108 0.8522 -0.3239
vn -0.2503 -0.8777 -0.4086
vn 0.8213 -0.2649 0.5053
vn 0.9205 -0.0557 -0.3869
vn 0.0482 0.9519 -0.3026
vn 0.1176 -0.9144 -0.3873
vn -0.2796 0.8842 -0.3741
vn 0.4595 -0.7936 -0.3988
vn 0.3569 -0.2769 -0.8922
vn 0.4457 -0.1219 -0.8869
vn -0.8904 -0.1352 -0.4346
vn 0.1841 -0.4524 -0.8726
vn 0.0588 -0.9128 -0.4042
vn 0.2946 -0.8507 -0.4352
vn -0.7761 -0.4582 -0.4332
vn -0.5539 -0.7248 -0.4097
vn -0.2547 -0.3619 -0.8967
vn 0.5976 -0.6759 -0.4313
vn 0.8145 -0.3919 -0.4278
vn 0.3237 0.2798 -0.9038
vn 0.1864 0.3750 -0.9081
vn -0.0597 -0.4688 -0.8813
vn 0.0259 0.4367 -0.8992
vn -0.2026 0.4041 -0.8920
vn 0.3936 0.8040 -0.4458
vn 0.0482 0.8993 -0.4346
vn 0.8177 0.3946 -0.4191
vn 0.6590 0.6013 -0.4518
vn -0.2517 -0.8693 -0.4254
vn -0.2867 0.8593 -0.4236
vn -0.5910 0.6704 -0.4486
vn -0.9013 0.1385 -0.4104
vn 0.8793 -0.1901 -0.4367
vn 0.8737 0.1149 -0.4727
vn 0.4589 0.0787 -0.8850
vn -0.5185 0.7746 0.3622
vn -0.6474 0.7570 -0.0880
vn -0.7422 0.5596 0.3688
vn -0.8984 0.2618 0.3527
vn -0.8500 0.5193 -0.0880
vn -0.9657 0.2361 -0.1080
vn -0.9392 -0.0015 0.3435
vn -0.9863 -0.1327 -0.0977
vn -0.8821 -0.2968 0.3658
vn 0.0349 0.9481 0.3160
vn 0.1771 0.9767 -0.1214
vn -0.1364 0.9872 -0.0831
vn 0.7907 0.5225 0.3191
vn 0.7475 0.6619 -0.0558
vn 0.5684 0.7539 0.3295
vn -0.7477 -0.5485 0.3742
vn -0.9088 -0.4069 -0.0924
vn -0.7457 -0.6620 -0.0755
vn 0.8833 0.3193 0.3432
vn 0.9356 -0.0552 0.3488
vn -0.8141 0.3806 -0.4386
vn -0.5212 -0.8499 -0.0781
vn -0.5209 -0.5937 -0.6134
vn -0.3490 -0.7512 -0.5602
vn 0.0840 0.6928 -0.7162
vn -0.1119 0.7619 -0.6379
vn -0.2471 -0.9668 -0.0656
vn -0.1230 -0.7822 -0.6108
vn 0.4399 0.8914 -0.1089
vn -0.2716 0.6360 -0.7223
vn -0.4305 0.8943 -0.1219
vn 0.0423 -0.9963 -0.0745
vn 0.1293 -0.8093 -0.5730
vn 0.3453 -0.9356 -0.0740
vn -0.6851 -0.1558 -0.7116
vn -0.7168 -0.4081 -0.5653
vn 0.5117 -0.6099 -0.6051
vn 0.6696 -0.7385 -0.0798
vn 0.1979 -0.9160 0.3489
vn 0.9443 0.3138 -0.0993
vn 0.5959 0.5263 -0.6065
vn -0.7161 0.3578 -0.5993
vn 0.6896 -0.4564 -0.5622
vn 0.9030 -0.4216 -0.0825
vn -0.5645 -0.7394 0.3669
vn 0.8321 -0.4125 0.3707
vn -0.3576 -0.8580 0.3687
vn 0.4848 -0.8097 0.3306
vn 0.3012 0.8872 0.3496
vn -0.0678 -0.9319 0.3563
vn -0.2964 0.8883 0.3509
vn 0.8350 0.0462 -0.5483
vn 0.4789 0.0103 -0.8778
vn 0.7317 0.2601 -0.6301
vn 0.7705 -0.2044 -0.6038
vn 0.9925 -0.0614 -0.1061
vn -0.3840 -0.2833 -0.8788
vn 0.3428 -0.7296 -0.5917
vn 0.2347 -0.4021 -0.8850
vn 0.3518 0.7217 -0.5962
vn 0.0160 -0.4785 -0.8779
vn -0.5557 0.5903 -0.5854
vn 0.1199 0.3505 -0.9289
vn -0.2999 -0.8849 -0.3563
vn -0.2230 -0.9070 -0.3572
vn -0.5701 -0.7425 -0.3516
vn -0.4012 -0.8879 0.2252
vn 0.3916 -0.2439 -0.8872
vn 0.9084 -0.2395 -0.3427
vn 0.2512 0.3960 -0.8832
vn 0.2246 0.8997 -0.3743
vn 0.1376 -0.9100 -0.3910
vn 0.4542 -0.8048 -0.3822
vn -0.4495 0.1406 -0.8821
vn -0.8218 0.4162 -0.3890
vn -0.9430 0.0561 -0.3281
vn 0.7286 -0.5708 -0.3786
vn -0.6197 0.6835 -0.3858
vn -0.3092 0.3260 -0.8934
vn 0.4105 0.2363 -0.8807
vn 0.6924 0.6234 -0.3634
vn -0.2057 -0.4134 -0.8870
vn 0.9440 -0.2651 0.1967
vn 0.9161 0.1283 -0.3799
vn 0.8627 0.3555 -0.3596
vn 0.4928 0.7754 -0.3949
vn -0.4041 0.8421 -0.3571
vn -0.5777 0.7935 0.1916
vn -0.9159 -0.2127 -0.3404
vn -0.8001 -0.4618 -0.3828
vn -0.8032 0.5942 -0.0422
vn -0.0453 0.9509 -0.3061
vn -0.7347 -0.6704 -0.1036
vn -0.8947 -0.3384 -0.2917
vn -0.1193 -0.3662 -0.9228
vn -0.3717 -0.8809 -0.2928
vn -0.6835 -0.6969 0.2171
vn -0.7781 0.5934 0.2060
vn 0.9513 0.2525 0.1769
vn 0.8376 0.5029 0.2132
vn -0.9330 0.2639 0.2446
vn -0.0805 -0.9727 0.2177
vn -0.3326 -0.7980 -0.5025
vn -0.0261 -0.9369 -0.3487
vn 0.4063 0.8966 0.1761
vn -0.9784 -0.0164 0.2061
vn -0.9014 0.2337 -0.3645
vn -0.9229 -0.1469 -0.3558
vn 0.3112 -0.9251 0.2177
vn 0.3029 -0.8661 -0.3977
vn -0.9322 -0.3168 0.1754
vn -0.8008 -0.4792 -0.3593
vn 0.6193 -0.7047 -0.3462
vn 0.5593 -0.7994 0.2193
vn -0.5777 -0.7358 -0.3533
vn 0.7924 -0.5835 0.1777
vn 0.8476 -0.4075 -0.3398
vn 0.9237 -0.0701 -0.3767
vn 0.9788 0.0373 0.2015
vn 0.8397 0.1496 -0.5220
vn 0.6790 0.7053 0.2035
vn -0.1209 0.9277 -0.3532
vn 0.0596 0.9670 0.2476
vn -0.3146 0.9300 0.1900
vn 0.0623 0.9269 -0.3701
vn -0.4570 -0.5122 -0.7272
vn 0.5740 -0.4445 -0.6877
vn -0.7371 0.5510 -0.3911
vn -0.5134 0.4336 -0.7406
vn -0.6311 0.3034 -0.7139
vn 0.6900 -0.1878 -0.6990
vn 0.3459 0.7799 -0.5216
vn 0.1614 0.6628 -0.7312
vn 0.3589 -0.6216 -0.6963
vn 0.1256 -0.6879 -0.7149
vn -0.6930 0.0258 -0.7205
vn -0.2823 0.8609 -0.4234
vn -0.4827 0.7227 -0.4946
vn 0.8185 0.4449 -0.3634
vn 0.5707 0.7118 -0.4095
vn -0.0924 0.7060 -0.7022
vn -0.0111 0.9851 -0.1718
vn -0.3322 0.9320 -0.1452
vn 0.4015 -0.9009 -0.1647
vn 0.6531 -0.7408 -0.1571
vn -0.5763 0.8017 -0.1586
vn 0.8488 -0.4957 -0.1839
vn 0.9483 -0.2587 -0.1840
vn 0.9875 0.0169 -0.1565
vn 0.9344 0.3191 -0.1586
vn 0.5728 0.4230 -0.7022
vn 0.7833 0.5836 -0.2140
vn 0.5985 0.7891 -0.1385
vn 0.0712 -0.8263 -0.5587
vn -0.0386 -0.6677 -0.7434
vn -0.9563 0.2473 -0.1561
vn -0.5997 -0.3475 -0.7208
vn -0.6664 -0.1566 -0.7290
vn -0.8549 -0.4901 -0.1699
vn -0.2453 -0.9562 -0.1595
vn 0.6074 -0.7358 0.2996
vn 0.3122 -0.8997 0.3050
vn 0.5492 -0.8022 0.2343
vn 0.2592 0.9577 -0.1252
vn -0.9904 -0.1013 -0.0944
vn -0.8162 0.5683 -0.1040
vn -0.5773 -0.8112 -0.0931
vn -0.0658 -0.9018 0.4271
vn 0.0880 -0.9913 -0.0983
vn -0.8743 0.1434 0.4637
vn -0.8691 -0.1241 0.4788
vn 0.8664 -0.4592 0.1961
vn 0.7689 -0.4996 0.3991
vn 0.6993 -0.6873 0.1965
vn -0.6497 -0.5901 0.4792
vn -0.5772 -0.7560 0.3086
vn -0.3891 -0.7792 0.4914
vn 0.6227 0.6767 0.3929
vn 0.7665 0.4344 0.4731
vn 0.1439 0.8778 0.4569
vn 0.0743 0.9551 0.2867
vn -0.1221 0.8766 0.4655
vn -0.9030 -0.3048 0.3028
vn -0.9715 -0.1422 0.1895
vn -0.8438 -0.4982 0.1998
vn -0.3678 0.8054 0.4648
vn -0.2218 0.9321 0.2865
vn -0.4804 0.8255 0.2962
vn -0.9526 0.0427 0.3012
vn -0.6027 0.6479 0.4659
vn -0.7042 0.6457 0.2953
vn 0.3761 -0.7953 0.4753
vn 0.5733 -0.6547 0.4926
vn -0.9668 -0.2465 0.0678
vn -0.8489 -0.5266 0.0460
vn 0.8952 0.3318 0.2976
vn 0.7805 0.5608 0.2763
vn 0.3779 0.7958 0.4733
vn 0.4088 0.8686 0.2801
vn 0.3004 -0.9275 0.2226
vn 0.9484 0.2180 0.2302
vn 0.9568 0.0234 0.2899
vn 0.1091 -0.8663 0.4876
vn -0.1310 -0.9020 0.4114
vn 0.0432 -0.9593 0.2789
vn 0.8830 0.1156 0.4549
vn -0.8721 0.4601 0.1666
vn -0.9487 0.0452 0.3129
vn -0.8518 0.4206 0.3124
vn 0.9215 -0.2325 0.3110
vn 0.8522 -0.2095 0.4795
vn -0.7889 0.3909 0.4742
vn -0.7981 -0.3599 0.4832
vn -0.7761 -0.5542 0.3008
vn -0.8593 0.4879 0.1532
vn -0.8854 0.4487 0.1217
vn -0.7053 0.7054 0.0701
vn -0.7301 -0.5987 0.3293
vn -0.4524 -0.8908 0.0432
vn -0.4298 -0.8224 0.3728
vn 0.8062 0.5903 0.0399
vn 0.8821 0.4158 -0.2214
vn 0.7840 0.5776 -0.2274
vn -0.8663 0.4094 -0.2861
vn -0.8194 0.3832 -0.4264
vn 0.4244 0.8830 0.2008
vn 0.2629 0.9643 0.0306
vn 0.0681 0.9775 0.1997
vn 0.9093 -0.4024 0.1065
vn 0.7861 -0.5648 0.2509
vn 0.9008 -0.4091 0.1452
vn 0.6393 -0.5782 -0.5069
vn 0.2046 -0.9769 -0.0620
vn 0.9443 -0.2568 0.2058
vn 0.9840 -0.0546 0.1696
vn -0.2668 -0.9401 0.2124
vn -0.6032 -0.7952 0.0623
vn -0.2653 -0.9625 0.0561
vn 0.7337 0.6511 0.1944
vn 0.9091 0.4142 0.0453
vn -0.7167 0.6672 0.2029
vn -0.8407 0.5406 0.0316
vn 0.3015 -0.9526 0.0413
vn 0.5279 -0.8364 0.1474
vn -0.9613 0.2642 0.0774
vn -0.9776 -0.1816 -0.1063
vn -0.4155 0.9089 0.0366
vn -0.6479 0.7300 -0.2177
vn -0.6567 0.7528 0.0445
vn 0.5937 0.8039 0.0358
vn -0.8575 -0.1249 0.4991
vn -0.9545 -0.0012 0.2983
vn -0.6827 -0.0705 -0.7273
vn -0.6502 0.6902 -0.3175
vn -0.8887 0.4444 -0.1128
vn -0.3402 -0.8938 0.2922
vn 0.7839 -0.5351 0.3148
vn 0.6086 0.5242 -0.5957
vn 0.5797 0.7850 -0.2183
vn -0.6330 -0.7296 -0.2588
vn -0.4207 -0.8924 -0.1630
vn 0.9012 0.3905 0.1879
vn 0.8679 -0.3707 -0.3307
vn 0.7196 -0.5690 -0.3980
vn 0.6919 -0.4114 -0.5933
vn 0.2663 0.9354 -0.2327
vn -0.0282 0.9734 -0.2274
vn -0.1145 0.9926 0.0403
vn -0.0651 -0.9833 -0.1697
vn -0.8421 -0.4548 0.2898
vn -0.7507 -0.6138 -0.2443
vn -0.8635 0.4443 -0.2389
vn -0.2302 0.9532 0.1959
vn -0.4911 0.8468 0.2042
vn 0.0329 -0.9950 0.0938
vn -0.9808 0.1346 0.1414
vn 0.2631 -0.9534 0.1477
vn 0.4604 -0.8686 -0.1833
vn -0.5936 -0.7764 0.2115
vn 0.8121 0.5276 -0.2492
vn -0.5958 -0.6895 0.4117
vn 0.8817 -0.4648 -0.0812
vn -0.6918 -0.6471 0.3206
vn -0.5977 -0.7129 0.3668
vn -0.9248 -0.2406 0.2947
vn 0.8597 -0.4865 0.1557
vn 0.6609 -0.7435 0.1024
vn -0.7290 -0.5621 -0.3907
vn -0.8463 -0.5097 -0.1551
vn 0.9910 0.1234 0.0527
vn 0.9846 -0.1592 0.0721
vn 0.9975 -0.0205 -0.0670
vn 0.4142 0.6954 -0.5873
vn 0.1901 0.7830 -0.5923
vn 0.9667 0.2154 0.1384
vn -0.1138 0.7993 -0.5901
vn 0.9564 -0.2824 -0.0749
vn 0.9574 -0.2127 -0.1951
vn -0.9579 0.2867 -0.0149
vn -0.3181 -0.8781 -0.3574
vn -0.3368 0.9126 -0.2317
vn -0.4107 0.6952 -0.5900
vn 0.0242 -0.9387 -0.3439
vn 0.2914 -0.9436 -0.1570
vn -0.5746 -0.5735 -0.5839
vn -0.4301 -0.7130 -0.5538
vn 0.7115 0.3641 -0.6010
vn -0.9399 -0.3193 0.1211
vn 0.7133 -0.6984 -0.0584
vn -0.4394 0.8078 -0.3930
vn 0.9388 -0.3285 0.1039
vn -0.4239 0.6273 -0.6533
vn 0.1681 -0.2884 -0.9427
vn 0.1420 -0.4272 -0.8930
vn -0.0012 -0.3318 -0.9433
vn -0.3675 0.5186 0.7720
vn 0.8519 -0.4859 -0.1954
vn 0.6719 -0.7312 -0.1177
vn 0.9728 0.1120 -0.2030
vn 0.9624 0.2597 -0.0793
vn 0.3134 0.4099 -0.8566
vn 0.3039 0.0820 -0.9492
vn 0.1919 0.2595 -0.9465
vn -0.3602 0.3876 -0.8485
vn -0.6441 0.4942 -0.5839
vn -0.1783 -0.8169 -0.5486
vn 0.2850 -0.8641 -0.4148
vn 0.4383 0.2243 -0.8704
vn -0.9617 0.1547 -0.2261
vn -0.9253 0.0413 -0.3771
vn 0.8735 -0.2186 -0.4349
vn 0.9043 -0.2393 -0.3536
vn 0.8959 -0.4431 -0.0314
vn 0.0871 -0.5332 -0.8415
vn 0.6290 -0.7495 -0.2062
vn -0.2651 -0.8888 -0.3740
vn 0.0157 0.9051 -0.4250
vn 0.9329 -0.0248 -0.3592
vn -0.2899 -0.5542 -0.7803
vn 0.8631 -0.2499 -0.4388
vn -0.7671 0.2262 -0.6004
vn -0.5168 -0.0296 -0.8556
vn -0.7803 -0.0584 -0.6227
vn 0.8804 0.2784 -0.3838
vn 0.0461 0.5191 -0.8535
vn -0.0251 0.3233 -0.9460
vn 0.0664 -0.9472 0.3137
vn -0.6798 -0.0706 -0.7300
vn -0.1770 0.4871 -0.8552
vn -0.4884 -0.5415 -0.6843
vn -0.4448 -0.2316 -0.8652
vn -0.3021 -0.1913 -0.9339
vn 0.5204 -0.6463 -0.5581
vn -0.6284 -0.1281 -0.7673
vn -0.1385 -0.6533 -0.7443
vn -0.2401 0.2193 -0.9457
vn -0.6193 -0.4995 -0.6058
vn -0.4944 0.1794 -0.8505
vn -0.3337 0.0207 -0.9425
vn 0.5130 -0.1465 -0.8458
vn 0.6170 -0.2236 -0.7545
vn 0.3832 -0.3413 -0.8583
vn 0.7801 -0.1671 -0.6029
vn 0.8162 0.0973 -0.5696
vn 0.6666 0.0593 -0.7430
vn 0.2092 -0.5865 -0.7825
vn -0.3362 0.1206 -0.9340
vn 0.4694 -0.4685 -0.7485
vn 0.5674 0.1994 -0.7989
vn 0.3029 -0.9278 -0.2179
vn 0.8083 0.5827 0.0844
vn 0.5140 0.3768 0.7706
vn 0.2879 -0.1409 -0.9472
vn -0.3506 -0.9277 -0.1281
vn -0.4559 -0.8095 -0.3699
vn -0.2752 -0.6605 -0.6986
vn 0.8484 -0.5232 0.0803
vn 0.2608 0.2110 -0.9420
vn 0.0273 -0.6984 -0.7152
vn -0.1821 -0.8233 -0.5376
vn -0.0578 -0.5726 -0.8178
vn 0.4485 0.0314 -0.8932
vn 0.3772 -0.1270 -0.9174
vn 0.3213 -0.5401 -0.7778
vn 0.5660 -0.1987 -0.8001
vn -0.5439 0.3175 -0.7767
vn -0.6325 -0.0868 -0.7696
vn -0.7400 -0.3291 -0.5866
vn 0.5585 0.2435 -0.7929
vn 0.4662 -0.0244 -0.8843
vn 0.9402 -0.1770 -0.2909
vn 0.8999 -0.2827 0.3320
vn 0.9021 -0.0026 0.4315
vn 0.7924 -0.5750 0.2039
vn -0.4970 -0.4051 -0.7674
vn -0.1701 -0.3964 -0.9022
vn -0.1276 -0.2887 -0.9489
vn -0.5226 -0.8062 0.2774
vn -0.2602 -0.7310 -0.6308
vn 0.1010 -0.9356 -0.3383
vn -0.0093 -0.4384 -0.8987
vn -0.1250 -0.9473 -0.2950
vn -0.3784 -0.5601 -0.7369
vn -0.9244 -0.3431 0.1668
vn -0.2492 0.5858 -0.7712
vn -0.5977 0.7839 0.1684
vn 0.1999 0.5612 -0.8032
vn 0.8954 -0.2225 0.3857
vn 0.9274 0.2870 0.2399
vn 0.6020 0.7674 0.2205
vn 0.8546 0.3859 0.3475
vn 0.7381 0.5995 0.3095
vn 0.5240 -0.7757 0.3519
vn 0.2887 -0.9515 0.1062
vn 0.6599 -0.7508 -0.0296
vn -0.0244 0.9727 0.2307
vn 0.0650 0.9400 0.3348
vn -0.3367 -0.3585 -0.8707
vn -0.9406 0.2632 0.2143
vn 0.9660 0.0366 -0.2559
vn -0.8788 0.3374 0.3376
vn -0.2449 -0.8489 0.4685
vn 0.7925 -0.4971 0.3532
vn 0.2748 -0.9238 0.2666
vn 0.9759 0.0927 0.1976
vn 0.9379 0.3399 -0.0689
vn -0.6216 0.1065 0.7761
vn 0.8904 0.0788 0.4483
vn 0.1180 -0.8984 0.4230
vn -0.9248 -0.1974 0.3252
vn -0.9741 0.2194 -0.0554
vn -0.9752 -0.2129 -0.0602
vn 0.9169 -0.3981 0.0296
vn -0.6369 0.7013 0.3202
vn -0.7974 0.6010 -0.0543
vn 0.0036 -0.9292 0.3696
vn -0.1639 -0.8875 0.4306
vn 0.9981 -0.0611 -0.0074
vn 0.6784 0.7324 -0.0585
vn -0.7518 -0.6574 -0.0516
vn -0.4213 -0.8095 -0.4089
vn -0.8536 0.2078 -0.4777
vn -0.8729 -0.1039 -0.4767
vn -0.4146 0.9069 -0.0754
vn -0.7349 0.5565 -0.3876
vn 0.2997 -0.9053 -0.3009
vn 0.6716 -0.6196 -0.4063
vn 0.0892 0.9204 -0.3806
vn 0.1775 0.9831 -0.0457
vn 0.4183 0.8560 0.3037
vn -0.2737 0.9118 0.3061
vn -0.1084 -0.9825 0.1514
vn -0.2267 -0.9582 -0.1745
vn -0.1900 -0.3851 -0.9031
vn -0.4856 -0.5874 -0.6474
vn -0.5158 -0.1659 -0.8405
vn 0.2538 0.5765 -0.7767
vn -0.0556 0.7381 -0.6724
vn 0.0656 -0.9892 -0.1313
vn -0.4214 0.7720 -0.4759
vn -0.5541 0.3570 -0.7520
vn 0.9396 0.1100 -0.3240
vn 0.7300 0.4740 -0.4923
vn 0.9022 0.4243 0.0777
vn -0.0731 -0.9169 -0.3924
vn 0.2978 -0.7679 -0.5670
vn 0.3197 -0.4093 -0.8546
vn 0.7121 -0.3359 -0.6165
vn -0.2295 -0.6724 -0.7037
vn 0.0725 -0.5766 -0.8138
vn 0.9252 -0.2152 -0.3127
vn 0.8154 0.1240 -0.5655
vn 0.5028 0.7662 -0.4002
vn -0.7534 -0.4898 -0.4387
vn -0.0830 -0.8040 -0.5888
vn 0.0317 -0.0923 -0.9952
vn -0.2738 0.0344 -0.9612
vn 0.4620 -0.0885 -0.8824
vn 0.5080 0.2333 -0.8292
vn -0.1900 0.4133 -0.8906
vn 0.1376 0.1958 -0.9710
vn -0.2874 0.6839 -0.6705
vn 0.7167 -0.6003 0.3549
vn -0.9829 0.1587 0.0938
vn -0.9214 -0.0190 -0.3881
vn -0.9294 0.1214 -0.3484
vn 0.6866 0.7243 0.0636
vn -0.9378 0.3364 0.0862
vn -0.8624 0.3435 -0.3718
vn -0.8991 -0.2443 -0.3632
vn -0.9712 -0.2211 0.0885
vn -0.6116 -0.1450 0.7778
vn -0.9969 -0.0258 0.0747
vn -0.8018 -0.5873 0.1104
vn -0.6109 -0.7089 -0.3527
vn -0.7704 -0.5396 -0.3394
vn -0.2942 -0.8907 -0.3465
vn -0.5013 -0.7789 -0.3768
vn 0.0679 -0.9352 -0.3474
vn -0.1672 -0.9113 -0.3762
vn 0.4074 -0.8364 -0.3668
vn 0.1937 -0.9053 -0.3779
vn 0.6602 -0.6427 -0.3887
vn 0.5495 -0.7402 -0.3876
vn 0.9342 -0.3466 0.0843
vn 0.8045 -0.4676 -0.3663
vn 0.9955 0.0471 0.0827
vn 0.9011 -0.1465 -0.4081
vn 0.9857 -0.1511 0.0743
vn 0.9685 0.2350 0.0818
vn 0.8621 0.3546 -0.3619
vn 0.8993 0.2298 -0.3721
vn 0.6377 0.6588 -0.3992
vn 0.7428 0.5664 -0.3570
vn 0.3040 0.8645 -0.4003
vn 0.4666 0.8072 -0.3617
vn 0.1706 0.9825 0.0744
vn -0.0595 0.9211 -0.3848
vn 0.1649 0.9051 -0.3918
vn -0.4174 0.9060 0.0696
vn -0.2265 0.8887 -0.3985
vn -0.7289 0.6799 0.0807
vn -0.5267 0.7611 -0.3787
vn -0.5900 0.8033 0.0815
vn -0.6806 -0.7276 0.0862
vn 0.0337 -0.9957 0.0858
vn -0.3841 0.8265 -0.4116
vn -0.8482 0.5226 0.0864
vn -0.8310 -0.3857 -0.4009
vn 0.8649 -0.3115 -0.3936
vn 0.9271 0.0084 -0.3746
vn -0.7283 -0.0785 0.6807
vn 0.6652 -0.2495 0.7038
vn 0.5868 -0.4420 0.6785
vn -0.3045 0.6791 0.6679
vn -0.1568 0.7065 0.6901
vn 0.4271 -0.5930 0.6825
vn 0.3037 0.8936 -0.3306
vn 0.0614 0.7561 0.6515
vn 0.2336 -0.6988 0.6761
vn 0.2491 0.6829 0.6867
vn -0.0563 -0.7313 0.6797
vn 0.4761 0.5976 0.6452
vn -0.3443 -0.6717 0.6560
vn 0.6299 0.3690 0.6835
vn 0.7533 0.1358 0.6435
vn -0.5391 -0.4845 0.6889
vn -0.6752 -0.3042 0.6720
vn 0.7228 -0.1127 0.6818
vn -0.1072 0.0438 0.9933
vn -0.7318 0.1892 0.6547
vn -0.4868 0.5481 0.6801
vn 0.1812 0.0094 0.9834
vn -0.0931 -0.0363 0.9950
vn -0.0422 -0.0915 0.9949
vn 0.0177 -0.1006 0.9948
vn 0.0913 -0.0869 0.9920
vn 0.6604 0.5968 -0.4558
vn -0.1676 -0.9233 0.3457
vn -0.3155 -0.9052 0.2847
vn -0.5967 -0.6927 0.4052
vn -0.0787 -0.9621 0.2610
vn -0.2050 -0.9591 -0.1952
vn 0.6876 0.4644 -0.5582
vn -0.8040 0.0572 -0.5919
vn 0.6921 0.5785 -0.4317
vn -0.7810 -0.5822 0.2259
vn 0.9729 0.1091 0.2038
vt 0.681676 0.677764
vt 0.356631 0.831371
vt 0.690667 0.676603
vt 0.667598 0.752432
vt 0.668475 0.750917
vt 0.669367 0.751319
vt 0.629510 0.658048
vt 0.578300 0.266004
vt 0.577551 0.264434
vt 0.669621 0.733338
vt 0.670679 0.733421
vt 0.670766 0.735974
vt 0.628583 0.669479
vt 0.578311 0.257884
vt 0.577820 0.250684
vt 0.686773 0.664309
vt 0.569525 0.454231
vt 0.684840 0.660403
vt 0.836211 0.483901
vt 0.568738 0.435634
vt 0.569524 0.460376
vt 0.684776 0.653485
vt 0.679976 0.642636
vt 0.569261 0.476797
vt 0.840453 0.422389
vt 0.569510 0.466283
vt 0.685731 0.645299
vt 0.637784 0.675189
vt 0.577814 0.238244
vt 0.577552 0.234374
vt 0.473615 0.774322
vt 0.521919 0.715317
vt 0.603687 0.625946
vt 0.711295 0.796041
vt 0.650893 0.755312
vt 0.701940 0.788861
vt 0.670977 0.636372
vt 0.576525 0.162483
vt 0.577297 0.231642
vt 0.102304 0.841730
vt 0.664674 0.635280
vt 0.576608 0.170007
vt 0.545859 0.476683
vt 0.569631 0.270767
vt 0.568034 0.271406
vt 0.550369 0.481100
vt 0.569631 0.265137
vt 0.568069 0.265606
vt 0.569487 0.442175
vt 0.688171 0.667153
vt 0.576614 0.178187
vt 0.662896 0.629887
vt 0.642120 0.636429
vt 0.576524 0.194873
vt 0.576528 0.200149
vt 0.575727 0.211954
vt 0.742882 0.269028
vt 0.742078 0.242456
vt 0.527703 0.859207
vt 0.632602 0.678487
vt 0.528108 0.835145
vt 0.529025 0.843338
vt 0.742084 0.248137
vt 0.528652 0.861503
vt 0.629130 0.661389
vt 0.628929 0.678502
vt 0.576876 0.251631
vt 0.577820 0.244343
vt 0.647703 0.458326
vt 0.641012 0.472192
vt 0.661401 0.451298
vt 0.659345 0.686039
vt 0.568672 0.243003
vt 0.568163 0.230587
vt 0.576546 0.184388
vt 0.651868 0.635454
vt 0.331103 0.906333
vt 0.671050 0.804224
vt 0.464780 0.785454
vt 0.662005 0.687937
vt 0.568105 0.248762
vt 0.674817 0.686265
vt 0.647615 0.635129
vt 0.643360 0.636344
vt 0.569162 0.431403
vt 0.569631 0.234583
vt 0.569631 0.229648
vt 0.595140 0.435219
vt 0.578115 0.163525
vt 0.669316 0.686602
vt 0.566251 0.248656
vt 0.568047 0.239218
vt 0.569631 0.240213
vt 0.578115 0.204645
vt 0.579176 0.269707
vt 0.595664 0.476099
vt 0.570691 0.441719
vt 0.578115 0.175264
vt 0.579603 0.178310
vt 0.579176 0.257968
vt 0.569513 0.448086
vt 0.570691 0.454181
vt 0.572215 0.454756
vt 0.579604 0.184592
vt 0.578115 0.187971
vt 0.579603 0.190873
vt 0.579176 0.245261
vt 0.576876 0.245345
vt 0.570691 0.472274
vt 0.569483 0.471726
vt 0.570691 0.466643
vt 0.578115 0.199710
vt 0.575865 0.243171
vt 0.569631 0.246322
vt 0.320117 0.948867
vt 0.360410 0.944117
vt 0.497951 0.931543
vt 0.444978 0.315872
vt 0.447291 0.321376
vt 0.447323 0.315914
vt 0.771533 0.891519
vt 0.751216 0.896306
vt 0.324706 0.949635
vt 0.570691 0.431154
vt 0.491959 0.535723
vt 0.570691 0.436089
vt 0.579176 0.233522
vt 0.549395 0.670120
vt 0.417677 0.940212
vt 0.339814 0.947179
vt 0.510240 0.479724
vt 0.846095 0.323341
vt 0.507915 0.484174
vt 0.532577 0.518386
vt 0.555603 0.491142
vt 0.565698 0.478496
vt 0.570691 0.447828
vt 0.504008 0.537986
vt 0.600707 0.609450
vt 0.631354 0.717648
vt 0.653238 0.793056
vt 0.579176 0.251614
vt 0.497548 0.476223
vt 0.570691 0.460534
vt 0.515998 0.535429
vt 0.532247 0.494435
vt 0.525402 0.484491
vt 0.525942 0.528584
vt 0.578115 0.158590
vt 0.569631 0.252675
vt 0.473757 0.516269
vt 0.578115 0.169155
vt 0.598702 0.440431
vt 0.570691 0.477208
vt 0.576586 0.158839
vt 0.479165 0.487229
vt 0.474505 0.495654
vt 0.534802 0.506263
vt 0.578115 0.181618
vt 0.711287 0.796188
vt 0.644690 0.754410
vt 0.590629 0.430800
vt 0.578115 0.194080
vt 0.569631 0.259028
vt 0.567897 0.266469
vt 0.579176 0.264077
vt 0.518056 0.478997
vt 0.509334 0.476154
vt 0.554965 0.427737
vt 0.577646 0.274393
vt 0.545322 0.435806
vt 0.579176 0.239152
vt 0.936011 0.717698
vt 0.320394 0.924253
vt 0.320208 0.921612
vt 0.542277 0.471485
vt 0.579176 0.228587
vt 0.568101 0.275453
vt 0.472446 0.507027
vt 0.549040 0.493654
vt 0.483744 0.516588
vt 0.428235 0.824200
vt 0.428235 0.818780
vt 0.500581 0.503474
vt 0.426093 0.829970
vt 0.477915 0.524447
vt 0.510074 0.501776
vt 0.520846 0.500495
vt 0.501150 0.491610
vt 0.532889 0.488331
vt 0.515223 0.501162
vt 0.504242 0.510482
vt 0.579176 0.274642
vt 0.533128 0.486860
vt 0.524933 0.504698
vt 0.486234 0.480927
vt 0.535056 0.504261
vt 0.536511 0.448721
vt 0.569631 0.275702
vt 0.484048 0.531269
vt 0.565659 0.486226
vt 0.848216 0.088363
vt 0.850632 0.093195
vt 0.848216 0.093358
vt 0.844206 0.312162
vt 0.667191 0.728528
vt 0.669545 0.731761
vt 0.542362 0.467812
vt 0.506453 0.522606
vt 0.558525 0.482302
vt 0.418322 0.844052
vt 0.846231 0.104251
vt 0.551982 0.478368
vt 0.552420 0.465702
vt 0.481424 0.509225
vt 0.503596 0.500176
vt 0.544641 0.486519
vt 0.848216 0.110051
vt 0.428235 0.813785
vt 0.428235 0.809407
vt 0.846095 0.306647
vt 0.846095 0.301228
vt 0.848216 0.115471
vt 0.848216 0.120466
vt 0.846095 0.291854
vt 0.848216 0.124844
vt 0.848216 0.185934
vt 0.848216 0.222416
vt 0.428235 0.845888
vt 0.848216 0.196349
vt 0.428235 0.835473
vt 0.848216 0.098778
vt 0.849349 0.104415
vt 0.600046 0.606174
vt 0.600752 0.607310
vt 0.600180 0.606906
vt 0.611073 0.909496
vt 0.960741 0.684091
vt 0.385039 0.931281
vt 0.561973 0.463486
vt 0.848216 0.218038
vt 0.846095 0.332714
vt 0.848511 0.328573
vt 0.846095 0.328336
vt 0.492319 0.518240
vt 0.490497 0.503917
vt 0.515081 0.488892
vt 0.850632 0.190766
vt 0.850632 0.196266
vt 0.430651 0.841056
vt 0.430651 0.835556
vt 0.848216 0.201986
vt 0.850632 0.207706
vt 0.848216 0.207622
vt 0.428235 0.829837
vt 0.430651 0.824117
vt 0.850632 0.115634
vt 0.850632 0.213206
vt 0.850632 0.218274
vt 0.843894 0.353241
vt 0.699221 0.261815
vt 0.844378 0.347517
vt 0.848511 0.301064
vt 0.842997 0.324586
vt 0.848511 0.295996
vt 0.430651 0.818617
vt 0.430651 0.813548
vt 0.850632 0.125146
vt 0.848216 0.181556
vt 0.547155 0.493249
vt 0.846095 0.312284
vt 0.848511 0.306564
vt 0.848216 0.190929
vt 0.844610 0.332052
vt 0.558372 0.477865
vt 0.846095 0.296232
vt 0.848216 0.213042
vt 0.846095 0.317921
vt 0.552139 0.459692
vt 0.846731 0.084647
vt 0.428235 0.840893
vt 0.663783 0.735314
vt 0.850632 0.185697
vt 0.853903 0.124714
vt 0.840183 0.226069
vt 0.848511 0.318004
vt 0.850632 0.120703
vt 0.842785 0.157050
vt 0.843968 0.155950
vt 0.848216 0.083985
vt 0.850632 0.088126
vt 0.433922 0.829837
vt 0.430651 0.829837
vt 0.816250 0.854094
vt 0.600085 0.604748
vt 0.843134 0.243551
vt 0.850632 0.201986
vt 0.848511 0.323504
vt 0.842210 0.349914
vt 0.853903 0.222286
vt 0.430651 0.850568
vt 0.850632 0.083683
vt 0.844703 0.135269
vt 0.430651 0.846125
vt 0.458957 0.820806
vt 0.428235 0.850266
vt 0.850632 0.222717
vt 0.843104 0.147042
vt 0.850632 0.098695
vt 0.848511 0.312284
vt 0.460622 0.800666
vt 0.850632 0.110134
vt 0.843755 0.146938
vt 0.838668 0.170181
vt 0.433922 0.809537
vt 0.848511 0.333015
vt 0.845228 0.322975
vt 0.430651 0.809105
vt 0.848511 0.291553
vt 0.660593 0.725526
vt 0.663958 0.726402
vt 0.843925 0.224537
vt 0.843952 0.338723
vt 0.837735 0.253048
vt 0.601294 0.616373
vt 0.444591 0.810916
vt 0.851782 0.291984
vt 0.474998 0.811422
vt 0.846011 0.131060
vt 0.338191 0.921944
vt 0.358264 0.904703
vt 0.467032 0.810133
vt 0.343291 0.634302
vt 0.466093 0.801586
vt 0.840144 0.257690
vt 0.474134 0.787200
vt 0.850632 0.181255
vt 0.843907 0.333168
vt 0.838671 0.234542
vt 0.838422 0.245421
vt 0.838655 0.227416
vt 0.733587 0.656494
vt 0.699221 0.248042
vt 0.359842 0.740057
vt 0.735280 0.740141
vt 0.359842 0.746956
vt 0.362635 0.742883
vt 0.362635 0.751201
vt 0.341352 0.635735
vt 0.340752 0.627722
vt 0.359842 0.762121
vt 0.359842 0.755849
vt 0.852088 0.312284
vt 0.737829 0.727543
vt 0.538965 0.751135
vt 0.738285 0.731771
vt 0.738072 0.734720
vt 0.738366 0.735772
vt 0.738072 0.740762
vt 0.343544 0.632172
vt 0.735012 0.554192
vt 0.362635 0.762782
vt 0.699221 0.254836
vt 0.702013 0.252306
vt 0.699221 0.267900
vt 0.343544 0.618969
vt 0.702013 0.265150
vt 0.665224 0.754168
vt 0.670260 0.747088
vt 0.649715 0.725291
vt 0.816526 0.489178
vt 0.646571 0.725979
vt 0.735280 0.748943
vt 0.738072 0.749465
vt 0.336466 0.643350
vt 0.348296 0.643486
vt 0.340376 0.640811
vt 0.699221 0.241771
vt 0.511547 0.622523
vt 0.343544 0.640689
vt 0.340752 0.641309
vt 0.843223 0.141853
vt 0.537015 0.657866
vt 0.526104 0.608008
vt 0.843149 0.358847
vt 0.362635 0.757470
vt 0.357741 0.758546
vt 0.532919 0.747717
vt 0.346180 0.634516
vt 0.740711 0.746935
vt 0.702013 0.246422
vt 0.702269 0.243398
vt 0.532323 0.488065
vt 0.739471 0.754650
vt 0.738072 0.757249
vt 0.702013 0.259125
vt 0.708563 0.248557
vt 0.707849 0.247018
vt 0.343544 0.650062
vt 0.739060 0.758168
vt 0.740074 0.762316
vt 0.735280 0.757967
vt 0.362635 0.736841
vt 0.704015 0.239454
vt 0.353095 0.749772
vt 0.343544 0.646731
vt 0.728123 0.586727
vt 0.738072 0.762482
vt 0.343544 0.624201
vt 0.346147 0.630251
vt 0.342544 0.619505
vt 0.702013 0.270382
vt 0.706915 0.258588
vt 0.365236 0.749056
vt 0.365270 0.753321
vt 0.345546 0.619134
vt 0.767548 0.561081
vt 0.702013 0.240955
vt 0.704639 0.254836
vt 0.706765 0.259409
vt 0.706765 0.252549
vt 0.364636 0.764437
vt 0.360102 0.746230
vt 0.367387 0.746857
vt 0.365462 0.744784
vt 0.367387 0.740086
vt 0.346364 0.638786
vt 0.348296 0.636606
vt 0.367387 0.755639
vt 0.636598 0.738520
vt 0.702015 0.247261
vt 0.706765 0.241813
vt 0.353181 0.752960
vt 0.835407 0.504792
vt 0.346682 0.854547
vt 0.343767 0.617747
vt 0.350753 0.748844
vt 0.516179 0.517796
vt 0.356888 0.856069
vt 0.353493 0.852527
vt 0.674736 0.639351
vt 0.347093 0.876164
vt 0.348296 0.619649
vt 0.708196 0.258194
vt 0.704650 0.250570
vt 0.334342 0.646108
vt 0.562524 0.710511
vt 0.367387 0.762079
vt 0.647612 0.725093
vt 0.971119 0.275103
vt 0.740898 0.742664
vt 0.742824 0.744238
vt 0.348296 0.627744
vt 0.534370 0.439773
vt 0.873012 0.536354
vt 0.872014 0.533449
vt 0.706765 0.245865
vt 0.749987 0.528829
vt 0.368882 0.742042
vt 0.742824 0.737965
vt 0.349792 0.639047
vt 0.829519 0.891192
vt 0.851467 0.888860
vt 0.738279 0.903249
vt 0.565339 0.829642
vt 0.794351 0.781991
vt 0.846909 0.006294
vt 0.789787 0.789068
vt 0.586831 0.707365
vt 0.613385 0.788244
vt 0.742824 0.731983
vt 0.794972 0.814894
vt 0.367387 0.734476
vt 0.327688 0.885184
vt 0.323067 0.908293
vt 0.324089 0.908542
vt 0.742824 0.751508
vt 0.740708 0.751200
vt 0.742824 0.758181
vt 0.617302 0.641227
vt 0.427197 0.804762
vt 0.341597 0.924612
vt 0.706765 0.266006
vt 0.871993 0.526851
vt 0.745539 0.509333
vt 0.801551 0.816363
vt 0.809484 0.817909
vt 0.744320 0.755824
vt 0.825747 0.783079
vt 0.827260 0.781806
vt 0.823168 0.813020
vt 0.827417 0.807980
vt 0.708261 0.257101
vt 0.789981 0.804933
vt 0.708261 0.250304
vt 0.659473 0.756767
vt 0.744320 0.740388
vt 0.830309 0.800461
vt 0.368882 0.751064
vt 0.817475 0.816345
vt 0.368882 0.757945
vt 0.744320 0.749051
vt 0.830608 0.794418
vt 0.744320 0.734030
vt 0.708261 0.263725
vt 0.778607 0.767923
vt 0.348296 0.649467
vt 0.809227 0.775614
vt 0.349792 0.631843
vt 0.824441 0.814533
vt 0.794576 0.811758
vt 0.861274 0.006294
vt 0.704801 0.441468
vt 0.788340 0.797019
vt 0.854174 0.006294
vt 0.737651 0.835651
vt 0.821165 0.779128
vt 0.867851 0.006294
vt 0.556982 0.827166
vt 0.556955 0.833307
vt 0.551935 0.827166
vt 0.600968 0.613533
vt 0.601357 0.612454
vt 0.458801 0.793461
vt 0.801314 0.777254
vt 0.349792 0.621611
vt 0.791352 0.782246
vt 0.708261 0.267740
vt 0.744320 0.730510
vt 0.830104 0.807458
vt 0.368882 0.736151
vt 0.815406 0.776351
vt 0.546166 0.827166
vt 0.548238 0.833307
vt 0.543875 0.833307
vt 0.857330 0.012435
vt 0.861804 0.012435
vt 0.781253 0.829287
vt 0.788196 0.829287
vt 0.744110 0.835651
vt 0.828992 0.788587
vt 0.795520 0.829287
vt 0.759596 0.832186
vt 0.821487 0.417784
vt 0.637520 0.831031
vt 0.756996 0.835651
vt 0.850035 0.035536
vt 0.852871 0.040669
vt 0.852802 0.035536
vt 0.751535 0.835651
vt 0.745350 0.841792
vt 0.741027 0.841792
vt 0.630349 0.836789
vt 0.543351 0.841201
vt 0.660609 0.845859
vt 0.757193 0.841792
vt 0.540080 0.841201
vt 0.756839 0.849686
vt 0.757976 0.838910
vt 0.740714 0.849686
vt 0.784178 0.843322
vt 0.551830 0.841201
vt 0.552909 0.833307
vt 0.753316 0.849686
vt 0.751243 0.841792
vt 0.784041 0.835428
vt 0.787554 0.843322
vt 0.788515 0.835428
vt 0.546992 0.841201
vt 0.748498 0.849686
vt 0.794578 0.835428
vt 0.539296 0.827166
vt 0.821734 0.423926
vt 0.538545 0.833307
vt 0.761836 0.835651
vt 0.799951 0.835428
vt 0.848282 0.012435
vt 0.711922 0.422877
vt 0.852739 0.012435
vt 0.795960 0.843322
vt 0.552462 0.849363
vt 0.549197 0.849363
vt 0.546084 0.849363
vt 0.542962 0.849363
vt 0.743861 0.849686
vt 0.745629 0.860903
vt 0.765034 0.854318
vt 0.540432 0.849363
vt 0.854694 0.020329
vt 0.856960 0.028491
vt 0.859372 0.020329
vt 0.754923 0.857847
vt 0.327687 0.916013
vt 0.329134 0.897676
vt 0.787891 0.851484
vt 0.821461 0.472108
vt 0.797851 0.851484
vt 0.850516 0.028491
vt 0.862895 0.020329
vt 0.850913 0.020329
vt 0.780027 0.835428
vt 0.791151 0.843322
vt 0.541687 0.856408
vt 0.754611 0.864893
vt 0.853646 0.028491
vt 0.791057 0.858530
vt 0.791231 0.851484
vt 0.751846 0.860639
vt 0.748549 0.857847
vt 0.851617 0.043780
vt 0.256698 0.918509
vt 0.855996 0.043780
vt 0.724623 0.397424
vt 0.863136 0.035536
vt 0.553010 0.856408
vt 0.784770 0.851484
vt 0.785612 0.862346
vt 0.787151 0.858530
vt 0.549355 0.856408
vt 0.856737 0.035536
vt 0.856813 0.040669
vt 0.795224 0.851484
vt 0.792506 0.862513
vt 0.545415 0.856408
vt 0.796677 0.858530
vt 0.847993 0.028491
vt 0.860574 0.035536
vt 0.861083 0.028491
vt 0.847642 0.020329
vt 0.556287 0.841201
vt 0.781015 0.843322
vt 0.707948 0.436422
vt 0.551062 0.861541
vt 0.859773 0.040669
vt 0.746587 0.873137
vt 0.266926 0.894856
vt 0.261970 0.893836
vt 0.708919 0.454215
vt 0.272936 0.913156
vt 0.551534 0.864653
vt 0.649777 0.860651
vt 0.754615 0.870025
vt 0.763391 0.861703
vt 0.761184 0.867171
vt 0.554576 0.859678
vt 0.750861 0.870025
vt 0.555292 0.849363
vt 0.548238 0.864653
vt 0.274785 0.906878
vt 0.544941 0.864653
vt 0.788928 0.863662
vt 0.824871 0.404280
vt 0.748914 0.864893
vt 0.753926 0.873137
vt 0.750665 0.873137
vt 0.744868 0.870025
vt 0.606278 0.867222
vt 0.273831 0.901854
vt 0.547116 0.861541
vt 0.543459 0.861541
vt 0.795009 0.863662
vt 0.795069 0.866774
vt 0.251782 0.914519
vt 0.848787 0.043780
vt 0.692827 0.493349
vt 0.747718 0.870025
vt 0.616687 0.665286
vt 0.271182 0.897784
vt 0.272845 0.516846
vt 0.823592 0.453992
vt 0.860990 0.043780
vt 0.757086 0.870025
vt 0.272115 0.159287
vt 0.256867 0.889364
vt 0.256227 0.895275
vt 0.600433 0.624137
vt 0.600227 0.622872
vt 0.648586 0.758786
vt 0.040604 0.178409
vt 0.261658 0.919603
vt 0.760369 0.870388
vt 0.783973 0.866774
vt 0.250859 0.900283
vt 0.787027 0.866774
vt 0.249157 0.907621
vt 0.245860 0.915044
vt 0.791036 0.866774
vt 0.256443 0.923953
vt 0.040012 0.172956
vt 0.820220 0.511207
vt 0.849240 0.040669
vt 0.268512 0.923446
vt 0.267579 0.918173
vt 0.391492 0.553863
vt 0.388082 0.561104
vt 0.276950 0.896872
vt 0.343144 0.943470
vt 0.353672 0.929169
vt 0.665696 0.727082
vt 0.272182 0.148660
vt 0.135009 0.522158
vt 0.040375 0.184658
vt 0.251933 0.891752
vt 0.383564 0.268606
vt 0.316873 0.576117
vt 0.383621 0.261544
vt 0.273192 0.920827
vt 0.505968 0.180147
vt 0.307733 0.610062
vt 0.322454 0.544560
vt 0.552688 0.921780
vt 0.040012 0.186586
vt 0.263453 0.924730
vt 0.040012 0.167792
vt 0.343293 0.903566
vt 0.040012 0.179941
vt 0.250266 0.920549
vt 0.273335 0.159712
vt 0.385754 0.267056
vt 0.273335 0.141245
vt 0.343199 0.910309
vt 0.345794 0.916325
vt 0.350463 0.920861
vt 0.508779 0.168534
vt 0.274395 0.167473
vt 0.508779 0.174707
vt 0.273335 0.146546
vt 0.385754 0.260077
vt 0.505647 0.188082
vt 0.508779 0.181807
vt 0.267358 0.889492
vt 0.273335 0.153475
vt 0.385754 0.253007
vt 0.279863 0.908712
vt 0.508779 0.188574
vt 0.329545 0.214861
vt 0.212883 0.219591
vt 0.398196 0.167164
vt 0.376073 0.909615
vt 0.375954 0.903398
vt 0.986129 0.308546
vt 0.372523 0.917170
vt 0.984977 0.086716
vt 0.982621 0.093205
vt 0.986235 0.183900
vt 0.983283 0.080042
vt 0.356796 0.923326
vt 0.719100 0.942406
vt 0.719489 0.947443
vt 0.365723 0.891410
vt 0.359316 0.890081
vt 0.364590 0.922643
vt 0.352975 0.891433
vt 0.346613 0.896440
vt 0.975411 0.594761
vt 0.981589 0.586612
vt 0.720883 0.958370
vt 0.983382 0.595815
vt 0.977286 0.093201
vt 0.980703 0.456110
vt 0.977809 0.583962
vt 0.986424 0.320916
vt 0.830029 0.457976
vt 0.718861 0.951201
vt 0.719454 0.954951
vt 0.372452 0.896713
vt 0.985446 0.324353
vt 0.986860 0.323376
vt 0.985446 0.320490
vt 0.985446 0.315347
vt 0.986860 0.319339
vt 0.986860 0.315008
vt 0.985446 0.311180
vt 0.986860 0.309979
vt 0.984385 0.192088
vt 0.983325 0.585964
vt 0.984739 0.587391
vt 0.984739 0.583478
vt 0.983325 0.597977
vt 0.984739 0.596876
vt 0.983325 0.594233
vt 0.983325 0.077551
vt 0.986860 0.306456
vt 0.984739 0.078663
vt 0.867552 0.756955
vt 0.720306 0.952702
vt 0.984415 0.317807
vt 0.984739 0.082566
vt 0.986180 0.080086
vt 0.986180 0.084201
vt 0.878982 0.711330
vt 0.813901 0.787469
vt 0.984739 0.086897
vt 0.986180 0.088036
vt 0.984739 0.591570
vt 0.663137 0.968166
vt 0.986860 0.326650
vt 0.984739 0.580080
vt 0.984739 0.090816
vt 0.835924 0.521964
vt 0.829598 0.591861
vt 0.984739 0.075254
vt 0.886028 0.527597
vt 0.683409 0.969522
vt 0.682206 0.949216
vt 0.721721 0.942071
vt 0.983325 0.093151
vt 0.842844 0.792496
vt 0.662865 0.951360
vt 0.988301 0.317895
vt 0.723161 0.945961
vt 0.721721 0.947351
vt 0.985446 0.307689
vt 0.984130 0.074418
vt 0.982232 0.599606
vt 0.983325 0.081295
vt 0.720306 0.947153
vt 0.983325 0.085351
vt 0.836080 0.568650
vt 0.984739 0.094561
vt 0.983325 0.590177
vt 0.983325 0.089171
vt 0.984385 0.454427
vt 0.850386 0.514482
vt 0.983325 0.581313
vt 0.723161 0.953912
vt 0.669855 0.948075
vt 0.666973 0.947904
vt 0.723161 0.950071
vt 0.721721 0.952771
vt 0.683152 0.967993
vt 0.684137 0.951100
vt 0.682271 0.950837
vt 0.986180 0.596677
vt 0.986180 0.591602
vt 0.685433 0.956003
vt 0.665009 0.970702
vt 0.821451 0.754659
vt 0.644440 0.731323
vt 0.736609 0.782208
vt 0.988301 0.322839
vt 0.223953 0.614427
vt 0.224408 0.610463
vt 0.224993 0.611587
vt 0.677023 0.947955
vt 0.513999 0.417158
vt 0.661548 0.956782
vt 0.255986 0.563676
vt 0.225142 0.619382
vt 0.347828 0.530995
vt 0.672602 0.972394
vt 0.126742 0.529852
vt 0.126532 0.525295
vt 0.514430 0.414124
vt 0.127380 0.534421
vt 0.666772 0.970518
vt 0.723161 0.942021
vt 0.664486 0.951296
vt 0.255853 0.569945
vt 0.693955 0.952860
vt 0.685969 0.962290
vt 0.515583 0.416544
vt 0.514423 0.422594
vt 0.514616 0.426092
vt 0.256810 0.567790
vt 0.125559 0.536113
vt 0.127384 0.534668
vt 0.127455 0.522993
vt 0.179931 0.567839
vt 0.327956 0.900384
vt 0.325300 0.920445
vt 0.667003 0.727904
vt 0.369401 0.883323
vt 0.959990 0.707303
vt 0.889697 0.713405
vt 0.225018 0.608002
vt 0.127458 0.531401
vt 0.515584 0.422261
vt 0.381724 0.499729
vt 0.254815 0.574551
vt 0.127465 0.526681
vt 0.225053 0.616177
vt 0.513775 0.329109
vt 0.226191 0.616455
vt 0.256870 0.565033
vt 0.127434 0.523157
vt 0.128620 0.526598
vt 0.128620 0.521968
vt 0.369031 0.514125
vt 0.383441 0.504390
vt 0.176387 0.562495
vt 0.182153 0.566752
vt 0.516784 0.409740
vt 0.515584 0.408619
vt 0.226191 0.609159
vt 0.515624 0.411970
vt 0.516784 0.414458
vt 0.127149 0.520185
vt 0.223557 0.606722
vt 0.516784 0.418985
vt 0.515620 0.420145
vt 0.662304 0.216000
vt 0.256822 0.568620
vt 0.256151 0.559734
vt 0.256820 0.560386
vt 0.195517 0.547362
vt 0.258008 0.560373
vt 0.819112 0.029302
vt 0.813817 0.013929
vt 0.128620 0.531309
vt 0.804229 0.034301
vt 0.806963 0.035567
vt 0.809440 0.012947
vt 0.474321 0.346488
vt 0.797999 0.024256
vt 0.817295 0.016333
vt 0.819245 0.019691
vt 0.811190 0.035604
vt 0.198634 0.547664
vt 0.411259 0.323477
vt 0.403754 0.488158
vt 0.256955 0.571681
vt 0.258008 0.567670
vt 0.798546 0.028532
vt 0.434587 0.830300
vt 0.375083 0.851368
vt 0.686656 0.836076
vt 0.847563 0.834167
vt 0.435088 0.833232
vt 0.327144 0.848000
vt 0.845459 0.837032
vt 0.842803 0.844404
vt 0.839512 0.836660
vt 0.634062 0.851142
vt 0.800585 0.016997
vt 0.424751 0.827716
vt 0.425033 0.836401
vt 0.258008 0.571783
vt 0.683321 0.897885
vt 0.682755 0.898264
vt 0.820425 0.022394
vt 0.836299 0.843470
vt 0.336801 0.845894
vt 0.817152 0.032536
vt 0.813880 0.034419
vt 0.505908 0.844597
vt 0.692199 0.839889
vt 0.850742 0.871617
vt 0.853142 0.871442
vt 0.853386 0.882522
vt 0.419270 0.857592
vt 0.327430 0.867593
vt 0.319818 0.868198
vt 0.696431 0.850112
vt 0.692734 0.861835
vt 0.688078 0.780401
vt 0.684404 0.860878
vt 0.325140 0.870460
vt 0.328474 0.870460
vt 0.849598 0.882652
vt 0.847120 0.869782
vt 0.852150 0.885055
vt 0.695213 0.864097
vt 0.693614 0.867252
vt 0.690939 0.864097
vt 0.413586 0.860985
vt 0.643081 0.864478
vt 0.420590 0.859854
vt 0.422004 0.863022
vt 0.423925 0.859854
vt 0.521832 0.873441
vt 0.330581 0.888715
vt 0.516605 0.883737
vt 0.314464 0.870460
vt 0.425539 0.863033
vt 0.369571 0.868466
vt 0.326730 0.874010
vt 0.317464 0.870460
vt 0.314113 0.876530
vt 0.317832 0.873642
vt 0.852993 0.868339
vt 0.850085 0.868339
vt 0.700081 0.880555
vt 0.332477 0.893519
vt 0.527048 0.890166
vt 0.836274 0.871690
vt 0.411024 0.863034
vt 0.417093 0.859854
vt 0.417052 0.863011
vt 0.679593 0.880555
vt 0.766742 0.872285
vt 0.836124 0.881982
vt 0.622850 0.870504
vt 0.839568 0.872633
vt 0.684356 0.864097
vt 0.687384 0.865316
vt 0.684786 0.867263
vt 0.839075 0.868339
vt 0.321169 0.889276
vt 0.321661 0.881760
vt 0.321385 0.873613
vt 0.843000 0.871889
vt 0.843368 0.868339
vt 0.315947 0.928351
vt 0.321781 0.870460
vt 0.410730 0.859854
vt 0.698152 0.864097
vt 0.697040 0.867258
vt 0.321836 0.878620
vt 0.325406 0.879975
vt 0.325651 0.881450
vt 0.606342 0.050952
vt 0.607454 0.053126
vt 0.606148 0.053002
vt 0.408636 0.882913
vt 0.832625 0.897479
vt 0.408852 0.888994
vt 0.332930 0.903375
vt 0.526796 0.737092
vt 0.416817 0.876313
vt 0.419851 0.882913
vt 0.423144 0.876313
vt 0.846544 0.876800
vt 0.843836 0.878664
vt 0.844449 0.876737
vt 0.933295 0.726769
vt 0.810004 0.783072
vt 0.843175 0.884900
vt 0.839470 0.886848
vt 0.688370 0.880555
vt 0.694677 0.887155
vt 0.687915 0.887155
vt 0.410630 0.876313
vt 0.832349 0.891398
vt 0.316590 0.886919
vt 0.319444 0.893519
vt 0.679029 0.887155
vt 0.854517 0.888464
vt 0.760975 0.882496
vt 0.324171 0.877908
vt 0.402895 0.841213
vt 0.310554 0.893519
vt 0.314869 0.899600
vt 0.314530 0.893519
vt 0.851490 0.868512
vt 0.413266 0.882913
vt 0.346031 0.869337
vt 0.355590 0.870461
vt 0.773444 0.759763
vt 0.324390 0.878934
vt 0.329898 0.891347
vt 0.328816 0.895721
vt 0.639991 0.687360
vt 0.689785 0.867275
vt 0.845156 0.882535
vt 0.844751 0.880409
vt 0.411286 0.894022
vt 0.413379 0.888994
vt 0.695618 0.894890
vt 0.691276 0.893237
vt 0.652958 0.882448
vt 0.845124 0.899484
vt 0.849924 0.900134
vt 0.846724 0.902506
vt 0.328066 0.897503
vt 0.419776 0.888994
vt 0.424776 0.888994
vt 0.426271 0.882913
vt 0.684840 0.893237
vt 0.609585 0.743038
vt 0.714881 0.629669
vt 0.644540 0.726824
vt 0.320994 0.899600
vt 0.427343 0.876313
vt 0.430559 0.882913
vt 0.312534 0.886919
vt 0.683207 0.886068
vt 0.754697 0.888945
vt 0.325698 0.891825
vt 0.676116 0.765936
vt 0.753175 0.823237
vt 0.694496 0.880555
vt 0.702062 0.887155
vt 0.699404 0.899219
vt 0.901544 0.874195
vt 0.618371 0.909815
vt 0.666616 0.700531
vt 0.557070 0.769562
vt 0.852720 0.890705
vt 0.851730 0.890531
vt 0.656670 0.724210
vt 0.655663 0.724582
vt 0.454664 0.825915
vt 0.846939 0.888527
vt 0.769591 0.835470
vt 0.849358 0.892595
vt 0.698065 0.896216
vt 0.663141 0.893282
vt 0.836574 0.891352
vt 0.841642 0.890586
vt 0.838603 0.894529
vt 0.415372 0.894022
vt 0.419934 0.894022
vt 0.529898 0.885371
vt 0.835324 0.888657
vt 0.322224 0.879681
vt 0.406478 0.931356
vt 0.843754 0.894538
vt 0.842772 0.897297
vt 0.324154 0.894948
vt 0.689785 0.895892
vt 0.363582 0.894813
vt 0.425363 0.894022
vt 0.393066 0.966245
vt 0.683688 0.895892
vt 0.693436 0.892837
vt 0.696013 0.898112
vt 0.692697 0.898264
vt 0.834081 0.902506
vt 0.390691 0.947474
vt 0.574644 0.766621
vt 0.460325 0.827361
vt 0.853887 0.892986
vt 0.331603 0.914161
vt 0.332816 0.913200
vt 0.844236 0.890019
vt 0.591805 0.635170
vt 0.407437 0.950251
vt 0.410580 0.949742
vt 0.409451 0.953010
vt 0.650677 0.684724
vt 0.847232 0.897479
vt 0.850774 0.896951
vt 0.836797 0.897496
vt 0.507248 0.890998
vt 0.834783 0.894804
vt 0.393588 0.952662
vt 0.399696 0.950267
vt 0.397512 0.954005
vt 0.313417 0.904627
vt 0.398716 0.964622
vt 0.318333 0.904627
vt 0.687672 0.898264
vt 0.856661 0.900133
vt 0.396425 0.948371
vt 0.680003 0.896400
vt 0.662118 0.724853
vt 0.326711 0.899600
vt 0.327960 0.902255
vt 0.329933 0.900966
vt 0.666374 0.726404
vt 0.775714 0.840480
vt 0.854194 0.895830
vt 0.853541 0.894190
vt 0.768304 0.835526
vt 0.752790 0.823629
vt 0.846454 0.893478
vt 0.601584 0.610655
vt 0.855286 0.896040
vt 0.357499 0.872500
vt 0.324478 0.887149
vt 0.412101 0.931029
vt 0.958713 0.684082
vt 0.333475 0.917914
vt 0.335562 0.920989
vt 0.787180 0.820119
vt 0.838850 0.900134
vt 0.692503 0.899349
vt 0.601986 0.618591
vt 0.843943 0.900903
vt 0.324108 0.904627
vt 0.408113 0.964526
vt 0.329178 0.904627
vt 0.599721 0.627156
vt 0.964881 0.422240
vt 0.835296 0.900285
vt 0.392664 0.944989
vt 0.393551 0.958672
vt 0.397866 0.958011
vt 0.669544 0.764649
vt 0.657512 0.757014
vt 0.600623 0.624933
vt 0.395582 0.962207
vt 0.424435 0.951128
vt 0.411181 0.962496
vt 0.408996 0.959488
vt 0.602375 0.615887
vt 0.827779 0.904387
vt 0.410509 0.965956
vt 0.689101 0.899354
vt 0.601208 0.614360
vt 0.401208 0.960925
vt 0.603753 0.633635
vt 0.680376 0.897659
vt 0.631228 0.767641
vt 0.403600 0.965614
vt 0.405140 0.961219
vt 0.402298 0.944836
vt 0.621323 0.923380
vt 0.406568 0.945753
vt 0.843180 0.902615
vt 0.837301 0.902110
vt 0.396707 0.943738
vt 0.631917 0.921297
vt 0.481337 0.895483
vt 0.411976 0.946865
vt 0.995343 0.376489
vt 0.601436 0.620929
vt 0.543221 0.929176
vt 0.408789 0.943392
vt 0.395979 0.945482
vt 0.852737 0.901343
vt 0.414534 0.941463
vt 0.527396 0.872474
vt 0.632325 0.650279
vt 0.778071 0.842551
vt 0.667144 0.753848
vt 0.403655 0.948719
vt 0.671655 0.741132
vt 0.496018 0.888120
vt 0.581709 0.815876
vt 0.670739 0.732057
vt 0.839649 0.443280
vt 0.875175 0.543407
vt 0.445105 0.810719
vt 0.601002 0.611466
vt 0.671881 0.745280
vt 0.413415 0.951462
vt 0.412873 0.951950
vt 0.605931 0.611874
vt 0.398910 0.947475
vt 0.402804 0.947451
vt 0.670526 0.748111
vt 0.421749 0.942669
vt 0.405654 0.952325
vt 0.403492 0.951487
vt 0.402751 0.959242
vt 0.405223 0.958740
vt 0.486606 0.821261
vt 0.869327 0.496212
vt 0.449920 0.835875
vt 0.424521 0.953422
vt 0.671661 0.733866
vt 0.400547 0.952632
vt 0.632623 0.577148
vt 0.623003 0.589144
vt 0.618038 0.667999
vt 0.623410 0.685622
vt 0.669346 0.729862
vt 0.411925 0.966373
vt 0.413517 0.953877
vt 0.672318 0.742827
vt 0.671849 0.743139
vt 0.427822 0.811589
vt 0.485207 0.505469
vt 0.510559 0.369610
vt 0.510685 0.370871
vt 0.510531 0.368541
vt 0.406808 0.957157
vt 0.411952 0.955265
vt 0.409438 0.955285
vt 0.603845 0.052617
vt 0.492570 0.562902
vt 0.551532 0.291789
vt 0.407186 0.954216
vt 0.603311 0.054607
vt 0.457610 0.920853
vt 0.329378 0.380970
vt 0.672338 0.739764
vt 0.413562 0.956645
vt 0.400655 0.958221
vt 0.247410 0.391234
vt 0.465731 0.908152
vt 0.671599 0.736777
vt 0.399535 0.955514
vt 0.512722 0.369898
vt 0.510535 0.372109
vt 0.111841 0.408609
vt 0.511721 0.372633
vt 0.110330 0.411109
vt 0.527600 0.317839
vt 0.607489 0.057071
vt 0.514527 0.366977
vt 0.114200 0.408613
vt 0.114235 0.411111
vt 0.959599 0.709412
vt 0.644466 0.728422
vt 0.438883 0.883403
vt 0.312709 0.951477
vt 0.327368 0.380977
vt 0.500561 0.422300
vt 0.326960 0.383458
vt 0.454845 0.230288
vt 0.604180 0.053716
vt 0.512865 0.368777
vt 0.570063 0.206626
vt 0.555502 0.216832
vt 0.325238 0.388766
vt 0.588724 0.106540
vt 0.274340 0.395296
vt 0.513668 0.371954
vt 0.444950 0.379415
vt 0.568124 0.247348
vt 0.673092 0.686855
vt 0.458908 0.644472
vt 0.512557 0.371803
vt 0.488175 0.375262
vt 0.605853 0.055686
vt 0.419743 0.274652
vt 0.327644 0.384967
vt 0.411921 0.285745
vt 0.514255 0.369297
vt 0.324664 0.383507
vt 0.325549 0.384965
vt 0.407012 0.955036
vt 0.603857 0.054519
vt 0.605967 0.054399
vt 0.514628 0.371188
vt 0.110740 0.412607
vt 0.607839 0.050856
vt 0.609509 0.053157
vt 0.327547 0.386836
vt 0.329380 0.386809
vt 0.258077 0.393685
vt 0.325588 0.386462
vt 0.609038 0.056951
vt 0.516061 0.367753
vt 0.114200 0.414125
vt 0.113862 0.412607
vt 0.112279 0.411114
vt 0.198106 0.400133
vt 0.607109 0.054643
vt 0.608391 0.054180
vt 0.238252 0.366520
vt 0.610550 0.052202
vt 0.240563 0.367379
vt 0.198990 0.385802
vt 0.148263 0.403904
vt 0.588324 0.119366
vt 0.608287 0.055666
vt 0.581228 0.148916
vt 0.222041 0.393405
vt 0.280871 0.378218
vt 0.515804 0.371808
vt 0.156656 0.409755
vt 0.527348 0.877988
vt 0.634468 0.643742
vt 0.609416 0.054831
vt 0.322990 0.882483
vt 0.524862 0.195150
vt 0.235395 0.367575
vt 0.517008 0.369136
vt 0.339823 0.280420
vt 0.264301 0.343112
vt 0.515673 0.370221
vt 0.483176 0.371861
vt 0.111328 0.414130
vt 0.433744 0.262350
vt 0.596789 0.065895
vt 0.666190 0.754656
vt 0.370718 0.254223
vt 0.552028 0.104272
vt 0.237422 0.368697
vt 0.240029 0.368829
vt 0.235057 0.369752
vt 0.235412 0.371648
vt 0.240072 0.371494
vt 0.301279 0.382826
vt 0.237355 0.371196
vt 0.322418 0.880077
vt 0.331198 0.870460
vt 0.426649 0.859854
vt 0.681417 0.864097
vt 0.850691 0.864721
vt 0.226191 0.605047
vt 0.320636 0.920736
vt 0.321452 0.902535
vt 0.846976 0.879062
vt 0.720306 0.939909
vt 0.720306 0.943273
vt 0.121931 0.220746
vt 0.447340 0.299096
vt 0.447291 0.304555
vt 0.742088 0.253819
vt 0.528592 0.862726
vt 0.112646 0.221067
vt 0.447318 0.310235
vt 0.121403 0.205714
vt 0.447318 0.294062
vt 0.121956 0.210504
vt 0.686294 0.680753
vt 0.112818 0.206431
vt 0.351292 0.839200
vt 0.867304 0.593930
vt 0.867231 0.588892
vt 0.867304 0.605070
vt 0.867304 0.599391
vt 0.867304 0.616210
vt 0.867304 0.610749
vt 0.513140 0.151497
vt 0.867304 0.621243
vt 0.345527 0.426363
vt 0.345509 0.421329
vt 0.873506 0.548923
vt 0.345504 0.431823
vt 0.876792 0.558897
vt 0.345540 0.443180
vt 0.876642 0.553467
vt 0.875187 0.563182
vt 0.480837 0.169780
vt 0.345471 0.453677
vt 0.356132 0.450762
vt 0.356082 0.455798
vt 0.576478 0.190601
vt 0.356115 0.439623
vt 0.356076 0.445303
vt 0.529216 0.851665
vt 0.356132 0.428484
vt 0.356115 0.433944
vt 0.530220 0.830677
vt 0.356110 0.423450
vt 0.121900 0.237164
vt 0.447323 0.326408
vt 0.121888 0.242067
vt 0.869163 0.567886
vt 0.356281 0.460193
vt 0.101510 0.826521
vt 0.835417 0.499110
vt 0.349153 0.846697
vt 0.351131 0.862604
vt 0.447489 0.330805
vt 0.111581 0.224185
vt 0.867470 0.584500
vt 0.121381 0.246479
vt 0.355632 0.874522
vt 0.345675 0.416932
vt 0.345504 0.437502
vt 0.345509 0.448642
vt 0.564281 0.414404
vt 0.343164 0.437502
vt 0.444978 0.299178
vt 0.551018 0.456606
vt 0.639084 0.468946
vt 0.355237 0.418964
vt 0.343164 0.426445
vt 0.353770 0.423570
vt 0.343164 0.421449
vt 0.866426 0.625730
vt 0.711519 0.903539
vt 0.526993 0.444049
vt 0.693348 0.488137
vt 0.353770 0.433986
vt 0.864959 0.621123
vt 0.353770 0.439623
vt 0.759633 0.547469
vt 0.535582 0.447030
vt 0.864959 0.610707
vt 0.353770 0.450680
vt 0.753244 0.545773
vt 0.514326 0.452460
vt 0.344631 0.458161
vt 0.864959 0.599433
vt 0.680142 0.451347
vt 0.764657 0.549898
vt 0.484394 0.453919
vt 0.658786 0.504745
vt 0.446445 0.289575
vt 0.688944 0.458392
vt 0.343164 0.443139
vt 0.644782 0.491193
vt 0.639289 0.485720
vt 0.444978 0.310235
vt 0.638116 0.480179
vt 0.652903 0.451681
vt 0.682359 0.456358
vt 0.659441 0.502418
vt 0.677177 0.501137
vt 0.689240 0.491572
vt 0.693035 0.475920
vt 0.101501 0.820839
vt 0.540910 0.397425
vt 0.650344 0.751712
vt 0.435302 0.849606
vt 0.854224 0.745312
vt 0.958618 0.705846
vt 0.644400 0.734225
vt 0.809871 0.898766
vt 0.335897 0.949441
vt 0.599087 0.603634
vt 0.341323 0.945961
vt 0.645556 0.726930
vt 0.577500 0.258654
vt 0.659868 0.756727
vt 0.659995 0.756127
vt 0.847879 0.892611
vt 0.670818 0.744419
vt 0.654384 0.724517
vt 0.581062 0.761736
vt 0.391577 0.915846
vt 0.662510 0.755626
vt 0.671212 0.744645
vt 0.377414 0.887434
vt 0.331366 0.950136
vt 0.518090 0.841519
vt 0.535190 0.928475
vt 0.342215 0.945261
vt 0.333600 0.901920
vt 0.338984 0.921834
vt 0.563452 0.766395
vt 0.345247 0.938875
vt 0.854132 0.896352
vt 0.340175 0.922744
vt 0.434719 0.821484
vt 0.435797 0.818817
vt 0.704837 0.259107
vt 0.419854 0.835434
vt 0.506038 0.734418
vt 0.894943 0.192629
vt 0.559407 0.770189
vt 0.988301 0.312762
vt 0.816384 0.865009
vt 0.701786 0.893237
vt 0.679373 0.892504
vt 0.604924 0.633398
vt 0.699138 0.906185
vt 0.602106 0.612486
vt 0.686398 0.899354
vt 0.412703 0.948779
vt 0.572215 0.448475
vt 0.572215 0.461038
vt 0.552715 0.277784
vt 0.586004 0.484134
vt 0.549787 0.431343
vt 0.591232 0.480601
vt 0.846209 0.201866
vt 0.846731 0.182218
vt 0.426750 0.849604
vt 0.767226 0.587208
vt 0.462235 0.825396
vt 0.761140 0.554513
vt 0.856931 0.099269
vt 0.854257 0.201986
vt 0.728445 0.560600
vt 0.856931 0.196841
vt 0.734531 0.593295
vt 0.854810 0.317429
vt 0.854193 0.104415
vt 0.436950 0.834982
vt 0.336514 0.635179
vt 0.738394 0.739985
vt 0.358524 0.752155
vt 0.762234 0.592355
vt 0.835413 0.510474
vt 0.521310 0.937559
vt 0.368882 0.765480
vt 0.744320 0.763359
vt 0.820184 0.776142
vt 0.349792 0.645773
vt 0.802010 0.829287
vt 0.708261 0.241931
vt 0.805540 0.784839
vt 0.865705 0.012435
vt 0.349792 0.650940
vt 0.757550 0.857847
vt 0.742683 0.857847
vt 0.681946 0.870181
vt 0.540895 0.861541
vt 0.743191 0.864893
vt 0.555138 0.864653
vt 0.272151 0.153925
vt 0.783408 0.863662
vt 0.742956 0.873137
vt 0.267829 0.539955
vt 0.136628 0.517522
vt 0.142520 0.524367
vt 0.392376 0.545206
vt 0.385754 0.247015
vt 0.270614 0.890890
vt 0.246068 0.898007
vt 0.243938 0.904729
vt 0.277733 0.915434
vt 0.260350 0.888713
vt 0.273335 0.136633
vt 0.721721 0.957576
vt 0.986180 0.582532
vt 0.720306 0.957637
vt 0.986180 0.077707
vt 0.986180 0.092996
vt 0.679630 0.971876
vt 0.257127 0.557962
vt 0.225031 0.605872
vt 0.226191 0.620527
vt 0.514690 0.408508
vt 0.224691 0.620362
vt 0.256546 0.556288
vt 0.258008 0.556247
vt 0.371793 0.881616
vt 0.833094 0.884798
vt 0.681568 0.867227
vt 0.331104 0.873572
vt 0.837270 0.884752
vt 0.429122 0.888994
vt 0.652864 0.724124
vt 0.483894 0.934581
vt 0.560958 0.833243
vt 0.479050 0.899705
vt 0.324815 0.381413
vt 0.116018 0.411099
vt 0.330373 0.383507
vt 0.326974 0.380629
vt 0.514231 0.373030
vt 0.342692 0.390598
vt 0.330445 0.384965
vt 0.234851 0.366226
vt 0.115513 0.415148
vt 0.236197 0.365868
vt 0.538064 0.111745
vt 0.694380 0.468269
vt 0.596628 0.198411
vt 0.839672 0.437596
vt 0.507775 0.175507
vt 0.101511 0.815156
vt 0.101518 0.809691
vt 0.839655 0.448962
vt 0.835425 0.515940
vt 0.644725 0.495597
vt 0.641187 0.463687
vt 0.695622 0.479474
vt 0.644276 0.458939
vt 0.689393 0.495050
vt 0.658109 0.449449
vt 0.680766 0.502308
vt 0.669314 0.448207
vt 0.670019 0.505713
vt 0.864959 0.589017
vt 0.343164 0.448559
vt 0.653527 0.502642
vt 0.692148 0.463063
vt 0.444978 0.326288
vt 0.542636 0.397180
vt 0.742095 0.236989
vt 0.839667 0.454428
vt 0.600945 0.621627
vt 0.578727 0.764981
vt 0.525199 0.793524
vt 0.513981 0.718961
vt 0.347572 0.935693
vt 0.360137 0.930520
vt 0.335335 0.949518
vt 0.650695 0.914851
vt 0.847215 0.885990
vt 0.909791 0.962594
s 1
usemtl Black_Player.001
f 881/1/1 926/2/2 2/3/3
f 1034/4/4 1000/5/5 1225/6/6
f 8/7/7 22/8/8 39/9/9
f 1097/10/10 1191/11/11 1007/12/12
f 910/13/13 23/14/14 40/15/15
f 883/16/16 16/17/17 884/18/18
f 2/19/3 30/20/19 881/1/1
f 884/18/18 32/21/20 887/22/21
f 890/23/22 34/24/23 891/25/24
f 887/22/21 33/26/25 4/27/26
f 916/28/27 41/29/28 25/30/29
f 1114/31/30 990/32/31 1193/33/32
f 1148/34/33 1087/35/34 1126/36/35
f 894/37/36 34/24/23 18/38/37
f 916/28/27 42/39/38 10/40/39
f 895/41/40 18/38/37 35/42/41
f 42/43/38 73/44/42 43/45/43
f 43/46/43 74/47/44 26/48/45
f 881/1/1 15/49/46 3/50/47
f 895/41/40 19/51/48 898/52/49
f 903/53/50 37/54/51 21/55/52
f 903/53/50 38/56/53 7/57/54
f 9/58/55 946/59/56 910/13/13
f 913/60/57 949/61/58 948/62/59
f 910/63/13 945/64/60 909/65/61
f 9/66/55 40/67/15 24/68/62
f 956/69/63 955/70/64 957/71/65
f 11/72/66 43/45/43 26/48/45
f 2/19/3 29/73/67 14/74/68
f 898/52/49 36/75/69 5/76/70
f 1080/77/71 1105/78/72 1055/79/73
f 921/80/74 44/81/75 12/82/76
f 901/83/77 37/54/51 6/84/78
f 14/85/68 47/86/79 48/87/80
f 34/88/23 57/89/81 18/38/37
f 1/90/82 28/91/83 13/92/84
f 28/91/83 46/93/85 13/92/84
f 22/8/8 64/94/86 65/95/87
f 30/96/19 50/97/88 15/49/46
f 35/42/41 59/98/89 19/99/48
f 39/9/9 67/100/90 23/14/14
f 31/101/91 52/102/92 16/103/17
f 36/104/69 61/105/93 20/106/94
f 40/15/15 69/107/95 24/108/62
f 33/26/25 55/109/96 17/110/97
f 32/21/20 54/111/98 33/26/25
f 37/54/51 63/112/99 21/55/52
f 44/113/75 45/114/100 28/91/83
f 1073/115/101 1085/116/102 1059/117/103
f 964/118/104 920/119/105 922/120/106
f 1002/121/107 1011/122/108 992/123/109
f 48/124/80 80/125/110 49/126/111
f 41/29/28 71/127/112 25/30/29
f 1100/128/113 1104/129/114 1111/130/115
f 116/131/116 155/132/117 123/133/118
f 84/134/119 124/135/120 108/136/121
f 51/137/122 80/125/110 81/138/123
f 1113/139/124 998/140/125 1194/141/126
f 68/142/127 90/143/128 69/107/95
f 53/144/129 82/145/130 54/111/98
f 63/112/99 86/146/131 87/147/132
f 55/109/96 83/148/133 56/149/134
f 76/150/135 77/151/136 45/114/100
f 57/89/81 84/134/119 58/152/137
f 17/153/97 56/154/134 34/155/23
f 73/44/42 92/156/138 93/157/139
f 59/98/89 85/158/140 60/159/141
f 1087/35/34 1086/160/142 1077/161/143
f 18/162/37 58/152/137 35/42/41
f 60/159/141 86/146/131 61/105/93
f 19/99/48 60/159/141 36/104/69
f 13/92/84 47/86/79 29/73/67
f 20/106/94 62/163/144 37/54/51
f 26/48/45 75/164/145 27/165/146
f 66/166/147 88/167/148 89/168/149
f 21/169/52 64/94/86 38/170/53
f 67/100/90 90/143/128 68/142/127
f 30/20/19 48/87/80 49/126/111
f 22/171/8 66/166/147 39/9/9
f 44/113/75 75/164/145 76/150/135
f 23/14/14 68/142/127 40/15/15
f 15/49/46 51/137/122 31/101/91
f 24/108/62 70/172/150 41/29/28
f 1001/173/151 1108/174/152 1107/175/153
f 16/103/17 53/144/129 32/21/20
f 25/176/29 72/177/154 42/178/38
f 75/164/145 93/157/139 94/179/155
f 82/145/130 122/180/156 83/148/133
f 118/181/157 150/182/158 151/183/159
f 90/143/128 99/184/160 113/185/161
f 78/186/162 121/187/163 102/188/164
f 94/179/155 123/133/118 100/189/165
f 80/125/110 95/190/166 103/191/167
f 88/167/148 112/192/168 89/168/149
f 63/112/99 87/147/132 64/193/86
f 81/138/123 96/194/169 104/195/170
f 75/164/145 94/179/155 76/150/135
f 90/143/128 118/181/157 91/196/171
f 92/156/138 116/131/116 93/157/139
f 81/138/123 119/197/172 82/145/130
f 91/196/171 120/198/173 92/156/138
f 69/107/95 91/196/171 70/172/150
f 52/102/92 82/145/130 53/144/129
f 71/127/112 92/156/138 72/199/154
f 46/93/85 77/151/136 78/186/162
f 55/109/96 82/145/130 83/148/133
f 73/44/42 93/157/139 74/47/44
f 47/86/79 79/200/174 48/124/80
f 56/149/134 84/134/119 57/89/81
f 64/193/86 88/167/148 65/95/87
f 59/98/89 84/134/119 85/158/140
f 84/134/119 107/201/175 124/135/120
f 131/202/176 163/203/177 132/204/178
f 94/179/155 100/189/165 117/205/179
f 1097/10/10 1120/206/180 1227/207/181
f 79/200/174 102/188/164 95/190/166
f 88/167/148 111/208/182 98/209/183
f 80/125/110 103/191/167 96/194/169
f 84/134/119 125/210/184 85/158/140
f 89/168/149 112/192/168 99/184/160
f 1103/211/185 990/32/31 1114/31/30
f 81/138/123 104/195/170 105/212/186
f 85/158/140 126/213/187 86/146/131
f 86/146/131 97/214/188 87/147/132
f 91/196/171 118/181/157 115/215/189
f 83/148/133 122/180/156 107/201/175
f 77/151/136 117/205/179 101/216/190
f 105/217/186 134/218/191 119/197/172
f 120/198/173 152/219/192 153/220/193
f 121/187/163 127/221/194 128/222/195
f 122/180/156 135/223/196 136/224/197
f 102/188/164 130/225/198 95/190/166
f 124/135/120 137/226/199 138/227/200
f 98/209/183 145/228/201 146/229/202
f 96/194/169 131/202/176 132/204/178
f 108/136/121 140/230/203 125/210/184
f 112/192/168 148/231/204 99/184/160
f 105/217/186 133/232/205 165/233/206
f 994/234/207 998/235/125 1112/236/208
f 989/237/209 1105/238/72 1218/239/210
f 110/240/211 144/241/212 97/214/188
f 153/242/193 186/243/213 154/244/214
f 113/245/161 150/182/158 114/246/215
f 117/247/179 127/221/194 101/216/190
f 140/230/203 171/248/216 172/249/217
f 148/231/204 179/250/218 180/251/219
f 141/252/220 174/253/221 142/254/222
f 149/255/223 182/256/224 150/182/158
f 134/218/191 167/257/225 135/223/196
f 144/241/212 175/258/226 176/259/227
f 220/260/228 239/261/229 204/262/230
f 159/263/231 207/264/232 160/265/233
f 152/219/192 183/266/234 184/267/235
f 136/224/197 169/268/236 137/269/199
f 106/270/237 134/218/191 135/223/196
f 157/271/238 158/272/239 127/221/194
f 138/227/200 171/248/216 139/273/240
f 118/181/157 152/219/192 115/215/189
f 107/201/175 136/224/197 137/226/199
f 108/136/121 138/227/200 139/273/240
f 120/274/173 154/244/214 116/131/116
f 125/210/184 141/252/220 109/275/241
f 102/188/164 128/222/195 129/276/242
f 110/240/211 142/254/222 143/277/243
f 123/133/118 156/278/244 100/189/165
f 97/214/188 145/228/201 111/279/182
f 95/280/166 131/202/176 103/191/167
f 98/209/183 147/281/245 112/192/168
f 117/247/179 156/278/244 157/271/238
f 1227/207/181 1120/206/180 1027/282/246
f 113/245/161 148/231/204 149/255/223
f 96/194/169 133/232/205 104/195/170
f 109/275/241 142/254/222 126/213/187
f 129/276/242 159/263/231 160/265/233
f 170/283/247 212/284/248 195/285/249
f 155/132/117 188/286/250 156/278/244
f 168/287/251 211/288/252 194/289/253
f 130/290/198 162/291/254 131/202/176
f 180/251/219 201/292/255 181/293/256
f 1167/294/257 991/295/258 1100/128/113
f 174/253/221 215/296/259 175/258/226
f 141/252/220 172/249/217 173/297/260
f 187/298/261 205/299/262 188/286/250
f 176/259/227 216/300/263 177/301/264
f 142/254/222 175/258/226 143/277/243
f 161/302/265 208/303/266 162/291/254
f 178/304/267 217/305/268 179/250/218
f 145/306/201 176/259/227 177/307/264
f 147/281/245 178/304/267 179/250/218
f 163/203/177 209/308/269 164/309/270
f 157/271/238 188/286/250 189/310/271
f 182/256/224 218/311/272 183/266/234
f 148/231/204 181/293/256 149/255/223
f 166/312/273 193/313/274 210/314/275
f 133/232/205 163/203/177 164/309/270
f 184/267/235 219/315/276 185/316/277
f 150/182/158 183/266/234 151/183/159
f 158/272/239 190/317/278 159/263/231
f 165/233/206 166/312/273 134/218/191
f 153/242/193 184/267/235 185/318/277
f 127/221/194 159/263/231 128/222/195
f 135/223/196 168/287/251 136/224/197
f 155/132/117 186/243/213 187/298/261
f 130/290/198 160/265/233 161/319/265
f 137/269/199 170/283/247 138/227/200
f 187/298/261 220/260/228 204/262/230
f 1097/10/10 1102/320/279 1101/321/280
f 171/248/216 196/322/281 172/249/217
f 188/286/250 221/323/282 189/310/271
f 173/297/260 197/324/283 174/253/221
f 1103/211/185 1181/325/284 990/326/31
f 160/265/233 191/327/285 161/302/265
f 178/304/267 216/300/263 199/328/286
f 162/291/254 192/329/287 163/203/177
f 1095/330/288 1055/79/73 1116/331/289
f 179/250/218 200/332/290 180/251/219
f 164/309/270 193/313/274 165/233/206
f 201/292/255 200/332/290 235/333/291
f 181/293/256 202/334/292 182/256/224
f 166/312/273 211/288/252 167/257/225
f 175/258/226 198/335/293 176/259/227
f 183/266/234 203/336/294 184/267/235
f 169/337/236 194/289/253 212/284/248
f 189/310/271 206/338/295 158/272/239
f 171/248/216 195/285/249 213/339/296
f 185/316/277 220/260/228 186/243/213
f 173/297/260 196/322/281 214/340/297
f 212/341/248 229/342/298 195/285/249
f 206/338/295 222/343/299 190/317/278
f 208/303/266 225/344/300 192/329/287
f 213/339/296 230/345/301 196/322/281
f 226/346/302 245/347/303 246/348/304
f 235/349/291 236/350/305 202/334/292
f 211/288/252 228/351/306 194/289/253
f 210/314/275 227/352/307 211/288/252
f 221/353/282 222/343/299 206/338/295
f 267/354/308 286/355/309 868/356/310
f 249/357/311 268/358/312 250/359/313
f 225/344/300 245/347/303 226/346/302
f 235/349/291 256/360/314 236/350/305
f 228/361/306 248/362/315 229/342/298
f 240/363/316 241/364/317 222/343/299
f 229/342/298 250/359/313 230/345/301
f 238/365/318 258/366/319 259/367/320
f 1125/368/321 1122/369/322 1000/5/5
f 984/370/323 982/371/324 993/372/325
f 231/373/326 250/359/313 251/374/327
f 869/375/328 292/376/329 272/377/330
f 207/264/232 222/343/299 223/378/331
f 233/379/332 255/380/333 234/381/334
f 235/349/291 255/380/333 256/360/314
f 191/382/285 224/383/335 208/303/266
f 209/308/269 225/344/300 226/346/302
f 202/334/292 236/350/305 218/311/272
f 203/336/294 237/384/336 219/385/276
f 247/386/337 865/387/338 248/388/315
f 255/380/333 859/389/339 256/360/314
f 250/359/313 269/390/340 251/374/327
f 242/391/341 262/392/342 243/393/343
f 251/374/327 270/394/344 252/395/345
f 260/396/346 866/397/347 873/398/348
f 253/399/349 872/400/350 271/401/351
f 232/402/352 251/374/327 252/395/345
f 244/403/353 867/404/354 263/405/355
f 254/406/356 272/377/330 255/380/333
f 232/407/352 253/408/349 233/379/332
f 240/363/316 260/396/346 241/364/317
f 257/409/357 274/410/358 861/411/359
f 258/412/319 276/413/360 259/367/320
f 246/348/304 265/414/361 862/415/362
f 257/409/357 863/416/363 258/412/319
f 236/350/305 256/360/314 257/409/357
f 222/343/299 241/364/317 242/391/341
f 227/352/307 248/388/315 228/351/306
f 238/365/318 259/367/320 239/261/229
f 223/417/331 243/418/343 224/383/335
f 224/383/335 245/347/303 225/344/300
f 277/419/364 297/420/365 278/421/366
f 249/357/311 267/422/308 868/356/310
f 264/423/367 283/424/368 860/425/369
f 263/405/355 282/426/370 264/423/367
f 273/427/371 293/428/372 859/389/339
f 260/396/346 277/419/364 241/364/317
f 265/414/361 284/429/373 862/415/362
f 1101/321/280 1102/320/279 679/430/374
f 864/431/375 280/432/376 262/392/342
f 259/367/320 276/413/360 866/397/347
f 243/393/343 262/392/342 867/404/354
f 254/406/356 271/401/351 869/375/328
f 244/403/353 264/423/367 245/347/303
f 245/347/303 265/414/361 246/348/304
f 247/386/337 862/415/362 266/433/377
f 252/395/345 270/394/344 872/400/350
f 884/434/18 929/435/378 883/16/16
f 257/409/357 861/411/359 275/436/379
f 273/427/371 292/376/329 293/428/372
f 867/437/354 280/432/376 281/438/380
f 884/18/18 931/439/381 930/440/382
f 891/441/24 933/442/383 890/23/22
f 275/436/379 295/443/384 863/444/363
f 277/419/364 278/421/366 261/445/385
f 271/446/351 291/447/386 869/375/328
f 266/433/377 285/448/387 865/387/338
f 1081/449/388 984/370/323 993/450/325
f 867/437/354 281/438/380 263/405/355
f 238/365/318 220/260/228 219/385/276 237/384/336
f 870/451/389 288/452/390 269/390/340
f 274/410/358 293/428/372 294/453/391
f 861/411/359 295/454/384 275/436/379
f 894/37/36 936/455/392 935/456/393
f 279/457/394 299/458/395 280/432/376
f 281/438/380 301/459/396 282/426/370
f 868/356/310 287/460/397 268/358/312
f 292/376/329 311/461/398 293/428/372
f 1008/462/399 1153/463/400 1222/464/401
f 268/358/312 288/452/390 870/451/389
f 1188/465/402 1225/6/6 1000/5/5
f 332/466/403 350/467/404 333/468/405
f 294/453/391 313/469/406 295/454/384
f 285/448/387 304/470/407 286/471/309
f 280/432/376 300/472/408 281/473/380
f 1141/474/409 1079/475/410 999/476/411
f 269/390/340 289/477/412 871/478/413
f 270/394/344 289/477/412 290/479/414
f 865/387/338 286/355/309 267/354/308
f 1178/480/415 1036/481/416 1116/482/289
f 863/444/363 296/483/417 276/413/360
f 891/441/24 935/456/393 934/484/418
f 295/454/384 314/485/419 296/483/417
f 301/459/396 319/486/420 320/487/421
f 308/488/422 327/489/423 309/490/424
f 304/470/407 322/491/425 323/492/426
f 316/493/427 317/494/428 298/495/429
f 1186/496/430 1188/465/402 1000/5/5
f 306/497/431 323/492/426 324/498/432
f 302/499/433 321/500/434 303/501/435
f 314/485/419 332/466/403 333/468/405
f 307/502/436 324/498/432 325/503/437
f 287/460/397 305/504/438 306/497/431
f 288/452/390 306/497/431 307/502/436
f 289/477/412 308/488/422 290/479/414
f 297/420/365 315/505/439 316/493/427
f 290/479/414 309/506/424 291/507/386
f 311/461/398 330/508/440 312/509/441
f 297/420/365 316/493/427 278/421/366
f 293/428/372 311/461/398 312/509/441
f 282/426/370 301/459/396 283/424/368
f 294/453/391 312/509/441 313/469/406
f 283/424/368 302/499/433 284/429/373
f 279/457/394 298/495/429 299/458/395
f 285/448/387 303/501/435 304/510/407
f 318/511/442 335/512/443 336/513/444
f 334/514/445 350/467/404 351/515/446
f 327/489/423 345/516/447 328/517/448
f 319/486/420 336/518/444 337/519/449
f 336/513/444 355/520/450 337/519/449
f 320/487/421 337/519/449 338/521/451
f 1103/522/185 1183/523/452 996/524/453
f 312/509/441 331/525/454 313/469/406
f 313/526/406 332/466/403 314/527/419
f 298/495/429 317/494/428 299/458/395
f 303/501/435 322/491/425 304/510/407
f 314/528/419 333/468/405 315/505/439
f 304/529/407 323/492/426 305/530/438
f 300/531/408 319/486/420 301/459/396
f 311/461/398 329/532/455 330/508/440
f 339/533/456 357/534/457 358/535/458
f 335/512/443 352/536/459 353/537/460
f 328/517/448 345/516/447 346/538/461
f 330/508/440 346/538/461 347/539/462
f 320/487/421 338/521/451 339/533/456
f 325/503/437 344/540/463 326/541/464
f 330/508/440 348/542/465 331/525/454
f 327/489/423 344/540/463 345/543/447
f 332/466/403 348/542/465 349/544/466
f 322/491/425 341/545/467 323/492/426
f 334/514/445 335/512/443 317/494/428
f 323/492/426 342/546/468 324/498/432
f 422/547/469 841/548/470 423/549/471
f 343/550/472 362/551/473 344/540/463
f 344/540/463 363/552/474 345/543/447
f 359/553/475 376/554/476 377/555/477
f 360/556/478 377/557/477 378/558/479
f 364/559/480 382/560/481 383/561/482
f 355/520/450 374/562/483 356/563/484
f 360/556/478 379/564/485 361/565/486
f 365/566/487 384/567/488 366/568/489
f 357/534/457 374/562/483 375/569/490
f 361/565/486 380/570/491 362/551/473
f 346/538/461 366/568/489 347/539/462
f 338/521/451 357/534/457 339/533/456
f 348/542/465 366/568/489 367/571/492
f 339/533/456 358/535/458 340/572/493
f 348/542/465 368/573/494 349/544/466
f 340/572/493 359/574/475 341/575/467
f 351/515/446 352/536/459 335/512/443
f 350/467/404 368/576/494 369/577/495
f 336/513/444 353/537/460 354/578/496
f 350/467/404 370/579/497 351/515/446
f 367/571/492 386/580/498 368/573/494
f 374/562/483 393/581/499 394/582/500
f 374/562/483 394/582/500 375/569/490
f 376/554/476 395/583/501 396/584/502
f 381/585/503 417/586/504 401/587/505
f 377/555/477 396/584/502 397/588/506
f 389/589/507 390/590/508 371/591/509
f 378/558/479 398/592/510 379/564/485
f 1109/593/511 1105/78/72 1009/594/512
f 383/561/482 403/595/513 384/567/488
f 387/596/514 406/597/515 407/598/516
f 360/556/478 378/558/479 379/564/485
f 361/565/486 379/564/485 380/570/491
f 353/537/460 372/599/517 354/578/496
f 370/579/497 388/600/518 389/589/507
f 363/552/474 382/560/481 364/601/480
f 370/579/497 389/589/507 352/536/459
f 366/568/489 384/567/488 385/602/519
f 398/592/510 414/603/520 415/604/521
f 388/600/518 408/605/522 389/589/507
f 403/595/513 420/606/523 404/607/524
f 380/570/491 399/608/525 400/609/526
f 440/610/527 453/611/528 424/612/529
f 380/570/491 417/586/504 381/585/503
f 392/613/530 846/614/531 411/615/532
f 402/616/533 849/617/534 419/618/535
f 393/581/499 412/619/536 394/582/500
f 409/620/537 841/548/470 856/621/538
f 405/622/539 420/606/523 853/623/540
f 385/602/519 403/595/513 404/607/524
f 394/582/500 413/624/541 395/583/501
f 405/622/539 421/625/542 406/626/515
f 386/580/498 404/607/524 405/622/539
f 390/590/508 410/627/543 391/628/544
f 386/580/498 406/597/515 387/629/514
f 371/591/509 390/590/508 391/628/544
f 376/554/476 396/584/502 377/555/477
f 372/599/517 392/613/530 373/630/545
f 378/558/479 397/588/506 398/592/510
f 382/631/481 402/616/533 383/561/482
f 373/632/545 393/581/499 374/562/483
f 407/598/516 422/547/469 423/549/471
f 411/615/532 847/633/546 412/619/536
f 408/605/522 409/620/537 390/590/508
f 409/620/537 858/634/547 410/627/543
f 433/635/548 447/636/549 448/637/550
f 426/638/551 443/639/552 427/640/553
f 414/641/520 844/642/554 415/604/521
f 418/643/555 845/644/556 849/617/534
f 411/615/532 846/645/531 847/633/546
f 399/608/525 844/642/554 848/646/557
f 391/628/544 846/614/531 392/647/530
f 428/648/558 444/649/559 429/650/560
f 401/587/505 849/617/534 402/616/533
f 419/618/535 850/651/561 420/606/523
f 395/583/501 413/624/541 396/584/502
f 417/586/504 418/643/555 401/587/505
f 405/622/539 853/623/540 421/652/542
f 407/598/516 421/625/542 422/547/469
f 399/608/525 416/653/562 400/609/526
f 431/654/563 447/636/549 432/655/564
f 419/618/535 849/617/534 850/651/561
f 417/586/504 854/656/565 418/643/555
f 430/657/566 444/649/559 445/658/567
f 412/619/536 847/633/546 851/659/568
f 413/624/541 851/659/568 840/660/569
f 853/623/540 855/661/570 421/652/542
f 438/662/571 452/663/572 439/664/573
f 410/627/543 858/634/547 842/665/574
f 417/586/504 852/666/575 854/656/565
f 418/643/555 854/656/565 845/644/556
f 991/667/258 998/235/125 994/234/207
f 840/660/569 429/650/560 430/657/566
f 446/668/576 463/669/577 447/636/549
f 857/670/578 440/610/527 841/548/470
f 842/665/574 425/671/579 426/638/551
f 843/672/580 430/657/566 844/642/554
f 447/636/549 458/673/581 448/637/550
f 846/645/531 427/640/553 847/633/546
f 848/646/557 431/654/563 432/655/564
f 448/637/550 464/674/582 449/675/583
f 1115/676/584 1127/677/585 1028/678/586
f 847/633/546 428/648/558 851/659/568
f 453/611/528 459/679/587 441/680/588
f 852/666/575 432/655/564 433/635/548
f 433/635/548 449/675/583 434/681/589
f 435/682/590 450/683/591 436/684/592
f 858/634/547 425/671/579 842/665/574
f 451/685/593 469/686/594 452/663/572
f 841/548/470 440/610/527 424/612/529
f 842/665/574 426/638/551 846/645/531
f 849/617/534 435/682/590 436/684/592
f 841/548/470 424/612/529 856/621/538
f 850/651/561 436/684/592 437/687/595
f 853/623/540 438/662/571 855/661/570
f 471/688/596 472/689/597 459/679/587
f 851/659/568 428/648/558 429/650/560
f 855/661/570 439/690/573 857/691/578
f 858/634/547 424/612/529 425/671/579
f 441/680/588 460/692/598 442/693/599
f 444/649/559 461/694/600 456/695/601
f 444/649/559 456/695/601 445/658/567
f 445/658/567 456/695/601 462/696/602
f 445/658/567 462/696/602 446/668/576
f 1112/697/208 1113/698/124 1055/79/73
f 1101/321/280 1118/699/603 1120/206/180
f 446/668/576 462/696/602 463/700/577
f 453/611/528 470/701/604 471/702/596
f 450/683/591 465/703/605 466/704/606
f 450/683/591 466/705/606 467/706/607
f 443/639/552 454/707/608 455/708/609
f 451/685/593 467/709/607 468/710/610
f 992/123/109 1011/122/108 1106/711/611
f 469/686/594 487/712/612 470/701/604
f 459/713/587 473/714/613 460/692/598
f 487/712/612 500/715/614 488/716/615
f 470/717/604 488/716/615 471/702/596
f 464/674/582 482/718/616 465/703/605
f 465/703/605 483/719/617 466/704/606
f 462/696/602 479/720/618 463/700/577
f 472/689/597 489/721/619 490/722/620
f 473/714/613 491/723/621 474/724/622
f 460/692/598 473/714/613 474/725/622
f 454/707/608 475/726/623 455/708/609
f 463/669/577 479/720/618 480/727/624
f 466/705/606 483/719/617 484/728/625
f 461/729/600 475/726/623 476/730/626
f 457/731/627 481/732/628 458/673/581
f 467/709/607 484/728/625 485/733/629
f 461/734/600 477/735/630 456/695/601
f 464/674/582 481/732/628 482/736/616
f 468/710/610 485/733/629 486/737/631
f 462/696/602 477/735/630 478/738/632
f 479/720/618 495/739/633 480/727/624
f 480/727/624 496/740/634 481/732/628
f 489/721/619 504/741/635 490/722/620
f 494/742/636 827/743/637 838/744/638
f 490/722/620 505/745/639 491/723/621
f 491/723/621 832/746/640 492/747/641
f 495/739/633 839/748/642 829/749/643
f 482/736/616 502/750/644 483/719/617
f 475/726/623 491/723/621 492/747/641
f 484/728/625 502/750/644 497/751/645
f 476/730/626 492/747/641 493/752/646
f 484/728/625 498/753/647 485/733/629
f 476/730/626 493/752/646 477/735/630
f 486/737/631 498/753/647 499/754/648
f 479/720/618 494/742/636 495/739/633
f 486/737/631 499/754/648 487/712/612
f 480/727/624 495/739/633 496/740/634
f 502/750/644 831/755/649 497/751/645
f 497/751/645 835/756/650 498/753/647
f 502/750/644 830/757/651 507/758/652
f 492/747/641 836/759/653 493/752/646
f 499/754/648 835/756/650 837/760/654
f 494/742/636 839/748/642 495/739/633
f 499/754/648 837/761/654 828/762/655
f 500/715/614 503/763/656 489/721/619
f 506/764/657 833/765/658 501/766/659
f 526/767/660 545/768/661 527/769/662
f 508/770/663 546/771/664 528/772/665
f 509/773/666 528/772/665 529/774/667
f 509/773/666 529/774/667 510/775/668
f 524/776/669 542/777/670 543/778/671
f 521/779/672 540/780/673 522/781/674
f 511/782/675 530/783/676 531/784/677
f 504/741/635 509/773/666 510/775/668
f 520/785/678 540/780/673 521/779/672
f 506/764/657 519/786/679 833/765/658
f 828/762/655 527/769/662 834/787/680
f 532/788/681 550/789/682 551/790/683
f 507/758/652 521/779/672 522/781/674
f 543/778/671 574/791/684 562/792/685
f 834/787/680 527/769/662 508/770/663
f 533/793/686 551/790/683 552/794/687
f 522/781/674 540/780/673 541/795/688
f 543/778/671 575/796/689 544/797/690
f 526/767/660 544/798/690 545/768/661
f 534/799/691 553/800/692 535/801/693
f 530/802/676 548/803/694 549/804/695
f 535/801/693 555/805/696 536/806/697
f 515/807/698 534/799/691 535/801/693
f 503/763/656 509/773/666 504/741/635
f 539/808/699 560/809/700 540/780/673
f 546/771/664 564/810/701 528/772/665
f 827/743/637 515/807/698 838/744/638
f 536/806/697 556/811/702 537/812/703
f 828/762/655 526/767/660 527/769/662
f 504/741/635 510/813/668 505/814/639
f 830/815/651 521/779/672 507/758/652
f 505/745/639 512/816/704 832/746/640
f 839/748/642 518/817/705 829/749/643
f 507/758/652 522/781/674 831/755/649
f 836/759/653 512/816/704 513/818/706
f 516/819/707 535/820/693 536/806/697
f 829/749/643 519/786/679 506/764/657
f 835/756/650 523/821/708 524/776/669
f 513/818/706 532/788/681 533/793/686
f 833/765/658 519/786/679 520/785/678
f 514/822/709 533/793/686 534/799/691
f 835/756/650 525/823/710 837/760/654
f 838/824/638 515/807/698 516/819/707
f 828/762/655 525/825/710 526/767/660
f 558/826/711 571/827/712 559/828/713
f 537/812/703 557/829/714 538/830/715
f 539/808/699 558/826/711 559/828/713
f 548/803/694 566/831/716 549/804/695
f 554/832/717 569/833/718 555/805/696
f 541/795/688 560/834/700 561/835/719
f 552/794/687 568/836/720 553/800/692
f 532/788/681 551/790/683 533/793/686
f 541/795/688 574/791/684 542/777/670
f 534/799/691 552/794/687 553/800/692
f 545/768/661 575/796/689 563/837/721
f 537/812/703 556/811/702 557/829/714
f 1090/838/722 1005/839/723 1105/840/72
f 546/771/664 563/841/721 564/810/701
f 562/792/685 574/791/684 575/796/689
f 804/842/724 802/843/725 590/844/726
f 570/845/727 810/846/728 571/827/712
f 573/847/729 801/848/730 574/791/684
f 569/833/718 807/849/731 578/850/732
f 565/851/733 798/852/734 806/853/735
f 569/833/718 809/854/736 570/845/727
f 554/832/717 568/836/720 569/833/718
f 575/796/689 580/855/737 576/856/738
f 555/857/696 569/833/718 570/845/727
f 575/796/689 576/856/738 563/837/721
f 556/811/702 570/845/727 557/829/714
f 557/829/714 571/827/712 558/826/711
f 564/810/701 576/856/738 565/851/733
f 572/858/739 800/859/740 573/847/729
f 559/860/713 571/827/712 572/858/739
f 560/834/700 572/858/739 573/847/729
f 550/789/682 567/861/741 551/790/683
f 552/794/687 567/861/741 568/836/720
f 576/856/738 798/852/734 565/851/733
f 810/846/728 809/854/736 594/862/742
f 572/858/739 812/863/743 799/864/744
f 573/847/729 579/865/745 801/848/730
f 580/855/737 805/866/746 599/867/747
f 565/851/733 806/853/735 548/803/694
f 566/831/716 811/868/748 577/869/749
f 1152/870/750 1084/871/751 1109/593/511
f 572/858/739 799/864/744 800/859/740
f 566/831/716 577/869/749 802/843/725
f 1027/282/246 1119/872/752 1177/873/753
f 1092/874/754 1076/875/755 1005/839/723
f 802/843/725 577/869/749 589/876/756
f 580/855/737 586/877/757 798/852/734
f 583/878/758 596/879/759 799/880/744
f 798/852/734 586/877/757 587/881/760
f 591/882/761 619/883/762 604/884/763
f 579/865/745 598/885/764 801/848/730
f 589/876/756 590/844/726 802/843/725
f 581/886/765 600/887/766 601/888/767
f 592/889/768 604/884/763 605/890/769
f 804/842/724 590/844/726 591/882/761
f 582/891/770 601/888/767 602/892/771
f 592/889/768 606/893/772 808/894/773
f 589/876/756 602/892/771 603/895/774
f 593/896/775 606/893/772 607/897/776
f 599/867/747 586/877/757 580/855/737
f 811/868/748 582/898/770 577/899/749
f 594/862/742 607/897/776 608/900/777
f 799/880/744 596/879/759 800/859/740
f 595/901/778 609/902/779 583/878/758
f 579/865/745 597/903/780 598/885/764
f 803/904/781 584/905/782 585/906/783
f 1090/838/722 1092/874/754 1005/839/723
f 808/894/773 593/896/775 809/854/736
f 811/868/748 581/886/765 582/891/770
f 810/846/728 595/901/778 812/863/743
f 598/885/764 612/907/784 584/905/782
f 602/892/771 618/908/785 603/895/774
f 606/893/772 622/909/786 607/897/776
f 615/910/787 628/911/788 629/912/789
f 607/897/776 623/913/790 608/900/777
f 625/914/791 626/915/792 612/907/784
f 605/890/769 621/916/793 606/893/772
f 605/890/769 817/917/794 621/916/793
f 600/887/766 629/912/789 616/918/795
f 585/906/783 612/907/784 613/919/796
f 808/894/773 606/893/772 593/896/775
f 585/906/783 614/920/797 599/867/747
f 593/896/775 607/897/776 594/862/742
f 583/878/758 610/921/798 596/922/759
f 596/879/759 611/923/799 597/903/780
f 586/877/757 600/887/766 587/881/760
f 627/924/800 815/925/801 821/926/802
f 817/917/794 825/927/803 621/916/793
f 621/916/793 826/928/804 622/909/786
f 614/920/797 821/929/802 823/930/805
f 623/913/790 632/931/806 633/932/807
f 623/913/790 814/933/808 609/902/779
f 609/902/779 814/933/808 634/934/809
f 624/935/810 818/936/811 819/937/812
f 609/902/779 624/935/810 610/938/798
f 1165/939/813 1194/141/126 998/940/125
f 615/910/787 629/912/789 600/887/766
f 626/915/792 815/925/801 627/924/800
f 146/229/202 177/307/264 178/304/267
f 603/895/774 618/908/785 619/883/762
f 619/883/762 620/941/814 604/884/763
f 600/887/766 616/918/795 601/888/767
f 604/884/763 817/917/794 605/890/769
f 614/920/797 628/911/788 615/910/787
f 609/902/779 634/942/809 624/935/810
f 629/912/789 628/911/788 822/943/815
f 627/924/800 821/929/802 614/920/797
f 617/944/816 813/945/817 630/946/818
f 624/935/810 819/937/812 625/914/791
f 619/883/762 618/908/785 816/947/819
f 638/948/820 648/949/821 1138/950/822
f 819/937/812 635/951/823 626/915/792
f 822/943/815 824/952/824 813/945/817
f 823/930/805 636/953/825 628/911/788
f 630/954/818 820/955/826 618/908/785
f 1148/34/33 1058/956/827 1087/35/34
f 816/947/819 631/957/828 817/917/794
f 824/952/824 786/958/829 787/959/830
f 1142/960/831 795/961/832 1144/962/833
f 794/963/834 646/964/835 781/965/836
f 778/966/837 818/936/811 793/967/838
f 782/968/839 650/969/840 783/970/841
f 644/971/842 1149/972/843 654/973/844
f 785/974/845 651/975/846 652/976/847
f 786/958/829 1013/977/848 787/959/830
f 789/978/849 652/979/847 641/980/850
f 795/961/832 638/948/820 1144/962/833
f 791/981/851 638/948/820 792/982/852
f 654/983/844 664/984/853 665/985/854
f 793/967/838 1139/986/855 640/987/856
f 780/988/857 778/966/837 649/989/858
f 657/990/859 1138/950/822 648/991/821
f 1137/992/860 1139/993/855 1132/994/861
f 782/968/839 649/989/858 650/969/840
f 788/995/862 784/996/863 647/997/864
f 1144/962/833 638/948/820 1138/950/822
f 797/998/865 1132/994/861 1139/993/855
f 1019/999/866 1140/1000/867 642/1001/868
f 786/958/829 642/1001/868 1013/977/848
f 785/974/845 652/979/847 789/978/849
f 795/961/832 639/1002/869 796/1003/870
f 787/959/830 1013/977/848 644/971/842
f 1108/174/152 1090/838/722 1105/1004/72
f 797/998/865 639/1002/869 1132/994/861
f 789/978/849 642/1001/868 779/1005/871
f 797/998/865 1139/986/855 793/1006/838
f 790/1007/872 645/1008/873 794/963/834
f 1133/1009/874 642/1001/868 1140/1000/867
f 643/1010/875 995/1011/876 1013/977/848
f 739/1012/877 1064/1013/878 1208/1014/879
f 672/1015/880 685/1016/881 686/1017/882
f 664/984/853 1025/1018/883 1021/1019/884
f 659/1020/885 674/1021/886 660/1022/887
f 1002/121/107 1131/1023/888 1142/960/831
f 1135/1024/889 639/1002/869 1130/1025/890
f 1130/1025/890 1093/1026/891 1219/1027/892
f 639/1002/869 1135/1024/889 1134/1028/893
f 639/1002/869 1154/1029/894 1132/994/861
f 656/1030/895 666/1031/896 667/1032/897
f 658/1033/898 671/1034/899 672/1015/880
f 663/1035/900 678/1036/901 1019/999/866
f 1130/1025/890 639/1002/869 1131/1023/888
f 669/1037/902 1145/1038/903 657/1039/859
f 1129/1040/904 1133/1009/874 653/1041/905
f 676/1042/906 691/1043/907 677/1044/908
f 1130/1025/890 1131/1023/888 1218/1045/210
f 658/1033/898 672/1015/880 673/1046/909
f 1220/1047/910 1140/1000/867 1010/1048/911
f 1091/1049/912 1129/1040/904 653/1041/905
f 644/971/842 654/973/844 645/1008/873
f 1128/1050/913 1129/1040/904 1091/1049/912
f 640/987/856 658/1033/898 778/966/837
f 1009/594/512 1017/1051/914 1152/1052/750
f 10/1053/39 949/61/58 916/28/27
f 637/1054/915 656/1030/895 784/996/863
f 1135/1024/889 1012/1055/916 1134/1028/893
f 1135/1024/889 1086/1056/142 1012/1055/916
f 686/1017/882 698/1057/917 687/1058/918
f 666/1031/896 1163/1059/919 681/1060/920
f 1139/993/855 1137/992/860 1151/1061/921
f 1038/1062/922 1169/1063/923 1031/1064/924
f 672/1015/880 687/1058/918 673/1046/909
f 1152/1065/750 1141/474/409 1084/871/751
f 674/1021/886 687/1058/918 688/1066/925
f 674/1021/886 689/1067/926 675/1068/927
f 1019/999/866 1010/1048/911 1140/1000/867
f 667/1032/897 681/1060/920 682/1069/928
f 653/1070/905 1221/1071/929 1083/1072/930
f 678/1036/901 691/1043/907 692/1073/931
f 1149/972/843 1017/1051/914 664/984/853
f 661/1074/932 676/1075/906 662/1076/933
f 668/1077/934 669/1078/902 657/1039/859
f 1143/1079/935 1010/1048/911 1019/999/866
f 1220/1047/910 1221/1071/929 1140/1000/867
f 1098/1080/936 1125/368/321 1176/1081/937
f 654/973/844 666/1031/896 655/1082/938
f 1013/977/848 995/1011/876 1141/474/409
f 1142/960/831 1153/463/400 1011/122/108
f 664/984/853 1021/1019/884 665/1083/854
f 1154/1029/894 639/1002/869 1134/1028/893
f 1078/1084/939 1002/121/107 1085/1085/102
f 989/237/209 1131/1023/888 1078/1086/939
f 984/370/323 1010/1048/911 1003/1087/940
f 1081/1088/388 1010/1048/911 984/370/323
f 1153/463/400 1146/1089/941 1222/464/401
f 1222/1090/401 1146/1089/941 1059/117/103
f 1017/1051/914 1025/1018/883 664/984/853
f 1124/1091/942 1117/1092/943 1223/1093/944
f 1147/1094/945 1148/1095/33 1157/1096/946
f 1168/1097/947 680/1098/948 1178/480/415
f 1018/1099/949 1015/1100/950 1159/1101/951
f 688/1066/925 699/1102/952 700/1103/953
f 1018/1099/949 671/1104/899 1150/1105/954
f 1221/1071/929 653/1106/905 1140/1000/867
f 689/1067/926 700/1103/953 701/1107/955
f 1159/1101/951 1158/1108/956 1023/1109/957
f 678/1036/901 692/1073/931 1016/1110/958
f 681/1060/920 1170/1111/959 682/1069/928
f 1144/962/833 1146/1089/941 1153/463/400
f 690/1112/960 701/1113/955 702/1114/961
f 682/1069/928 1164/1115/962 683/1116/963
f 695/1117/964 1193/33/32 1029/1118/965
f 686/1017/882 697/1119/966 698/1120/917
f 680/1098/948 1168/1097/947 1163/1059/919
f 1124/1121/942 1223/1093/944 1155/1122/967
f 1146/1089/941 1145/1038/903 1014/1123/968
f 1223/1093/944 1143/1079/935 1155/1122/967
f 1017/1051/914 1080/1124/71 1162/1125/969
f 1148/34/33 1147/1094/945 1012/1055/916
f 1134/1028/893 670/1126/970 1015/1100/950
f 1021/1019/884 1166/1127/971 1036/481/416
f 1144/962/833 1138/950/822 1145/1038/903
f 669/1037/902 1014/1123/968 1145/1038/903
f 665/985/854 1163/1059/919 666/1031/896
f 1150/1105/954 1154/1029/894 1018/1099/949
f 1157/1096/946 1148/34/33 1126/36/35
f 716/1128/972 1197/1129/973 1049/1130/974
f 666/1031/896 681/1060/920 667/1032/897
f 1134/1028/893 1012/1055/916 670/1126/970
f 675/1068/927 689/1067/926 690/1112/960
f 10/40/39 43/45/43 919/1131/975
f 1022/1132/976 684/1133/977 1169/1063/923
f 1024/1134/978 685/1135/881 1160/1136/979
f 1155/1122/967 1143/1079/935 1016/1110/958
f 1019/999/866 678/1036/901 1016/1110/958
f 1170/1111/959 1163/1059/919 1029/1118/965
f 710/1137/980 717/1138/981 718/1139/982
f 702/1140/961 713/1141/983 703/1142/984
f 1164/1115/962 1170/1111/959 1030/1143/985
f 1175/1144/986 1167/294/257 683/1116/963
f 698/1057/917 709/1145/987 710/1137/980
f 1175/1146/986 683/1116/963 1164/1115/962
f 698/1057/917 710/1137/980 699/1102/952
f 1102/320/279 1155/1122/967 679/1147/374
f 1020/1148/988 1035/1149/989 679/430/374
f 1118/699/603 679/1150/374 1177/1151/753
f 1160/1136/979 685/1016/881 671/1104/899
f 684/1133/977 1176/1152/937 1169/1063/923
f 1015/1100/950 670/1126/970 1158/1108/956
f 1074/1153/990 1161/1154/991 1014/1123/968
f 1160/1136/979 1159/1101/951 1024/1134/978
f 684/1133/977 1157/1155/946 1098/1156/936
f 1157/1155/946 1022/1132/976 1026/1157/992
f 1170/1111/959 1029/1118/965 1030/1143/985
f 1030/1143/985 1046/1158/993 1165/939/813
f 1147/1094/945 1157/1096/946 1026/1157/992
f 689/1067/926 701/1113/955 690/1112/960
f 1156/1159/994 1074/1153/990 1014/1123/968
f 1223/1160/944 1010/1161/911 1143/1079/935
f 690/1112/960 702/1162/961 691/1043/907
f 1077/161/143 1004/1163/995 1087/35/34
f 1014/1123/968 1161/1154/991 1146/1089/941
f 1022/1132/976 1023/1109/957 1158/1108/956
f 1149/972/843 1152/1052/750 1017/1051/914
f 1162/1164/969 1110/1165/996 1025/1018/883
f 1074/1153/990 1167/1166/257 1104/129/114
f 1016/1110/958 692/1073/931 1020/1148/988
f 1024/1134/978 1023/1109/957 1172/1167/997
f 1163/1059/919 695/1117/964 1029/1118/965
f 1180/1168/998 1029/1118/965 1193/1169/32
f 1171/1170/999 1038/1062/922 1031/1064/924
f 693/1171/1000 1035/1149/989 1020/1148/988
f 1158/1108/956 1026/1157/992 1022/1132/976
f 1155/1122/967 1020/1148/988 679/430/374
f 693/1171/1000 705/1172/1001 1033/1173/1002
f 1165/939/813 1175/1146/986 1164/1115/962
f 1036/1174/416 1178/1175/415 680/1098/948
f 1173/1176/1003 697/1177/966 685/1135/881
f 711/1178/1004 718/1139/982 719/1179/1005
f 1177/1151/753 679/1150/374 1035/1149/989
f 1099/1180/1006 1157/1096/946 1126/1181/35
f 1179/1182/1007 1115/676/584 1028/678/586
f 711/1178/1004 719/1179/1005 712/1183/1008
f 1190/1184/1009 706/1185/1010 715/1186/1011
f 1029/1118/965 1180/1187/998 1030/1143/985
f 684/1133/977 1098/1080/936 1176/1152/937
f 1168/1097/947 1179/1182/1007 1028/678/586
f 1023/1109/957 1038/1062/922 1171/1170/999
f 696/1188/1012 1031/1064/924 1169/1063/923
f 705/1172/1001 1048/1189/1013 1033/1173/1002
f 1045/1190/1014 1180/1187/998 996/1191/453
f 701/1107/955 711/1178/1004 712/1183/1008
f 712/1183/1008 720/1192/1015 713/1141/983
f 1178/480/415 1179/1193/1007 1168/1097/947
f 991/1194/258 1175/1146/986 998/235/125
f 1027/282/246 1189/1195/1016 1227/207/181
f 704/1196/1017 714/1197/1018 705/1172/1001
f 1043/1198/1019 1044/1199/1020 708/1200/1021
f 703/1142/984 713/1141/983 704/1196/1017
f 1031/1064/924 1032/1201/1022 1171/1170/999
f 1174/1202/1023 1032/1201/1022 1184/1203/1024
f 1174/1204/1023 697/1205/966 1173/1176/1003
f 1225/6/6 1188/465/402 1187/1206/1025
f 1115/676/584 1179/1207/1007 1178/480/415
f 695/1117/964 1096/1208/1026 1193/33/32
f 1173/1176/1003 1172/1167/997 1174/1209/1023
f 699/1102/952 710/1137/980 700/1103/953
f 1044/1199/1020 1042/1210/1027 708/1200/1021
f 1185/1211/1028 709/1145/987 697/1205/966
f 1176/1081/937 1037/1212/1029 696/1188/1012
f 1042/1210/1027 1225/1213/6 1187/1206/1025
f 1197/1129/973 716/1128/972 708/1200/1021
f 8/7/7 943/1214/1030 906/1215/1031
f 1225/1213/6 696/1216/1012 1037/1217/1029
f 708/1200/1021 716/1128/972 1050/1218/1032
f 1082/1219/1033 1192/1220/1034 1041/1221/1035
f 1027/282/246 1048/1189/1013 1189/1222/1016
f 5/1223/70 937/1224/1036 898/52/49
f 1055/1225/73 1046/1158/993 1226/1226/1037
f 707/1227/1038 1182/1228/1039 1039/1229/1040
f 1055/1225/73 1194/141/126 1046/1158/993
f 991/1230/258 1167/294/257 1175/1144/986
f 1195/1231/1041 1051/1232/1042 1050/1218/1032
f 1188/465/402 1186/496/430 1187/1206/1025
f 1186/1233/430 1122/369/322 707/1234/1038
f 1050/1218/1032 723/1235/1043 1054/1236/1044
f 1051/1232/1042 708/1200/1021 1050/1218/1032
f 714/1197/1018 727/1237/1045 721/1238/1046
f 1195/1231/1041 1185/1211/1028 1184/1203/1024
f 1177/1239/753 1033/1173/1002 694/1240/1047
f 679/1241/374 1118/699/603 1101/321/280
f 1191/11/11 1189/1242/1016 1190/1243/1009
f 1042/1210/1027 1187/1206/1025 708/1200/1021
f 706/1185/1010 1190/1243/1009 1189/1242/1016
f 1195/1231/1041 709/1145/987 1185/1211/1028
f 717/1138/981 724/1244/1048 718/1139/982
f 1181/1245/284 996/1191/453 1180/1187/998
f 990/32/31 1180/1168/998 1193/1169/32
f 1181/1246/284 1180/1247/998 990/326/31
f 1189/1222/1016 1048/1189/1013 706/1185/1010
f 996/524/453 1183/523/452 1045/1248/1014
f 712/1183/1008 719/1179/1005 720/1192/1015
f 1027/1249/246 694/1250/1047 1048/1189/1013
f 1041/1251/1035 1039/1252/1040 1182/1253/1039
f 1035/1149/989 693/1171/1000 1033/1173/1002
f 709/1145/987 1195/1231/1041 717/1138/981
f 1103/522/185 1226/1226/1037 1183/523/452
f 717/1138/981 1054/1236/1044 1052/1254/1049
f 1187/1206/1025 1197/1129/973 708/1200/1021
f 1200/1255/1050 1056/1256/1051 1057/1257/1052
f 697/1205/966 1184/1203/1024 1185/1211/1028
f 723/1235/1043 730/1258/1053 1054/1236/1044
f 1191/11/11 1227/207/181 1189/1242/1016
f 715/1186/1011 721/1238/1046 722/1259/1054
f 1196/1260/1055 715/1186/1011 1053/1261/1056
f 722/1259/1054 734/1262/1057 1198/1263/1058
f 1203/1264/1059 1199/1265/1060 1204/1266/1061
f 1198/1263/1058 1199/1265/1060 1053/1261/1056
f 1196/1260/1055 1040/1267/1062 715/1186/1011
f 722/1259/1054 733/1268/1063 734/1262/1057
f 1041/1269/1035 1040/1270/1062 1196/1260/1055
f 1192/1220/1034 1040/1270/1062 1041/1269/1035
f 1054/1236/1044 1200/1255/1050 1052/1254/1049
f 715/1186/1011 1198/1263/1058 1053/1261/1056
f 726/1271/1064 736/1272/1065 727/1237/1045
f 719/1179/1005 726/1271/1064 720/1192/1015
f 707/1273/1038 1039/1229/1040 1197/1129/973
f 1048/1189/1013 705/1172/1001 706/1185/1010
f 1027/282/246 1177/873/753 694/1240/1047
f 1192/1274/1034 1007/12/12 1190/1184/1009
f 718/1139/982 725/1275/1066 719/1179/1005
f 1187/1206/1025 707/1273/1038 1197/1129/973
f 1056/1256/1051 1061/1276/1067 1057/1257/1052
f 1056/1256/1051 1200/1255/1050 730/1258/1053
f 724/1244/1048 1205/1277/1068 731/1278/1069
f 724/1244/1048 717/1138/981 1052/1254/1049
f 731/1278/1069 741/1279/1070 742/1280/1071
f 740/1281/1072 1210/1282/1073 750/1283/1074
f 1199/1265/1060 723/1235/1043 716/1128/972
f 732/1284/1075 731/1278/1069 744/1285/1076
f 1089/1286/1077 1076/1287/755 1090/1288/722
f 1011/122/108 1153/463/400 1106/1289/611
f 727/1237/1045 728/1290/1078 721/1238/1046
f 1202/1291/1079 1200/1255/1050 1057/1257/1052
f 1203/1264/1059 723/1235/1043 1199/1265/1060
f 728/1290/1078 736/1272/1065 737/1292/1080
f 1200/1255/1050 1202/1291/1079 1052/1254/1049
f 1202/1291/1079 1205/1277/1068 724/1244/1048
f 733/1293/1063 739/1012/877 734/1262/1057
f 1208/1014/879 1060/1294/1081 734/1262/1057
f 735/1295/1082 1056/1256/1051 730/1258/1053
f 1204/1296/1061 1198/1263/1058 734/1262/1057
f 729/1297/1083 1203/1264/1059 1204/1296/1061
f 1057/1257/1052 1205/1298/1068 1202/1291/1079
f 1061/1276/1067 1056/1256/1051 735/1295/1082
f 1203/1264/1059 729/1299/1083 723/1235/1043
f 7/57/54 22/8/8 906/1215/1031
f 741/1300/1070 1211/1301/1084 751/1302/1085
f 12/82/76 28/1303/83 875/1304/1086
f 1052/1254/1049 1202/1305/1079 724/1244/1048
f 1209/1306/1087 741/1307/1070 1205/1298/1068
f 729/1297/1083 1206/1308/1088 740/1281/1072
f 738/1309/1089 747/1310/1090 748/1311/1091
f 735/1295/1082 750/1283/1074 1066/1312/1092
f 746/1313/1093 755/1314/1094 737/1292/1080
f 1198/1263/1058 1204/1315/1061 1199/1265/1060
f 1201/1316/1095 1060/1294/1081 1207/1317/1096
f 1201/1316/1095 1206/1308/1088 729/1297/1083
f 1211/1301/1084 1066/1312/1092 1063/1318/1097
f 1207/1317/1096 1060/1294/1081 1208/1014/879
f 1201/1316/1095 1207/1317/1096 1206/1308/1088
f 1141/474/409 995/1011/876 1079/475/410
f 1057/1257/1052 1209/1306/1087 1205/1298/1068
f 1209/1306/1087 1061/1276/1067 1211/1301/1084
f 741/1300/1070 752/1319/1098 742/1280/1071
f 1211/1301/1084 741/1300/1070 1209/1306/1087
f 749/1320/1099 1072/1321/1100 1064/1013/878
f 737/1292/1080 755/1314/1094 747/1310/1090
f 755/1314/1094 756/1322/1101 747/1310/1090
f 748/1311/1091 756/1322/1101 757/1323/1102
f 754/1324/1103 762/1325/1104 755/1314/1094
f 750/1283/1074 1212/1326/1105 1067/1327/1106
f 752/1319/1098 760/1328/1107 753/1329/1108
f 742/1280/1071 752/1319/1098 743/1330/1109
f 743/1330/1109 753/1329/1108 744/1285/1076
f 745/1331/1110 753/1329/1108 754/1324/1103
f 745/1331/1110 754/1324/1103 746/1313/1093
f 738/1309/1089 749/1320/1099 739/1012/877
f 1065/1332/1111 1064/1013/878 1213/1333/1112
f 769/1334/1113 1070/1335/1114 768/1336/1115
f 760/1328/1107 773/1337/1116 765/1338/1117
f 1210/1339/1073 1062/1340/1118 1212/1341/1105
f 761/1342/1119 766/1343/1120 762/1325/1104
f 751/1302/1085 1069/1344/1121 764/1345/1122
f 906/1215/1031 942/1346/1123 7/1347/54
f 1065/1332/1111 1210/1339/1073 1206/1308/1088
f 1213/1333/1112 1062/1340/1118 1065/1332/1111
f 1063/1318/1097 751/1302/1085 1211/1301/1084
f 1214/1348/1124 1212/1341/1105 1062/1340/1118
f 1081/449/388 993/450/325 1220/1349/910
f 756/1322/1101 766/1343/1120 768/1336/1115
f 774/1350/1125 775/1351/1126 763/1352/1127
f 781/965/836 820/955/826 794/963/834
f 1216/1353/1128 769/1334/1113 1217/1354/1129
f 1068/1355/1130 1066/1312/1092 1067/1327/1106
f 1069/1344/1121 1215/1356/1131 764/1345/1122
f 759/1357/1132 773/1337/1116 760/1328/1107
f 758/1358/1133 1070/1335/1114 1072/1321/1100
f 1214/1348/1124 1072/1321/1100 1071/1359/1134
f 1176/1360/937 1125/368/321 1037/1217/1029
f 1213/1333/1112 1072/1321/1100 1214/1348/1124
f 1070/1335/1114 1216/1361/1128 1072/1321/1100
f 1062/1340/1118 1213/1333/1112 1214/1348/1124
f 1071/1359/1134 774/1362/1125 1214/1348/1124
f 1215/1356/1131 1068/1355/1130 763/1352/1127
f 771/1363/1135 768/1336/1115 770/1364/1136
f 1069/1344/1121 1068/1355/1130 1215/1356/1131
f 1215/1356/1131 776/1365/1137 777/1366/1138
f 1215/1356/1131 777/1366/1138 764/1345/1122
f 770/1364/1136 768/1336/1115 766/1343/1120
f 765/1338/1117 773/1337/1116 767/1367/1139
f 769/1334/1113 1216/1353/1128 1070/1335/1114
f 761/1368/1119 767/1367/1139 766/1343/1120
f 774/1350/1125 1217/1354/1129 775/1351/1126
f 1217/1354/1129 769/1334/1113 775/1351/1126
f 771/1363/1135 767/1367/1139 772/1369/1140
f 776/1365/1137 771/1363/1135 772/1369/1140
f 775/1351/1126 771/1363/1135 776/1365/1137
f 653/1041/905 1083/1370/930 1091/1049/912
f 777/1366/1138 772/1369/1140 773/1337/1116
f 630/954/818 787/959/830 790/1371/872
f 1212/1341/1105 1214/1348/1124 774/1362/1125
f 630/954/818 790/1371/872 794/963/834
f 821/926/802 783/970/841 785/1372/845
f 636/953/825 789/978/849 779/1005/871
f 814/933/808 796/1003/870 797/998/865
f 633/932/807 795/961/832 796/1003/870
f 823/930/805 785/1372/845 789/978/849
f 822/943/815 779/1005/871 786/958/829
f 816/947/819 781/965/836 784/996/863
f 631/957/828 791/1373/851 825/1374/803
f 815/925/801 783/970/841 821/926/802
f 632/931/806 792/982/852 795/961/832
f 631/957/828 784/996/863 788/995/862
f 815/925/801 782/968/839 783/970/841
f 635/951/823 780/988/857 782/968/839
f 820/955/826 781/965/836 816/947/819
f 826/928/804 791/1373/851 792/982/852
f 819/937/812 778/966/837 780/988/857
f 586/877/757 614/920/797 615/910/787
f 589/876/756 603/895/774 590/844/726
f 597/903/780 611/923/799 598/885/764
f 602/1375/771 813/945/817 617/944/816
f 995/1376/876 997/1377/1141 1107/175/153
f 1092/874/754 1090/1288/722 1076/1287/755
f 642/1001/868 1129/1040/904 1013/977/848
f 658/1033/898 673/1046/909 659/1020/885
f 795/961/832 1131/1023/888 639/1002/869
f 1013/977/848 1149/972/843 644/971/842
f 642/1001/868 1133/1009/874 1129/1040/904
f 512/816/704 531/784/677 532/788/681
f 989/237/209 1078/1086/939 1073/1378/101
f 913/60/57 24/108/62 41/29/28
f 515/807/698 535/820/693 516/1379/707
f 524/776/669 543/778/671 525/823/710
f 517/1380/1142 537/812/703 518/817/705
f 523/821/708 542/777/670 524/776/669
f 519/786/679 539/808/699 520/785/678
f 519/786/679 537/812/703 538/830/715
f 1002/121/107 992/123/109 1085/116/102
f 923/1381/1143 876/1382/1144 874/1383/1145
f 909/1384/61 944/1385/1146 8/7/7
f 954/1386/1147 874/1383/1145 962/1387/1148
f 926/1388/2 877/1389/1149 925/1390/1150
f 878/1391/1151 924/1392/1152 1/90/82
f 927/1393/1153 983/1394/1154 880/1395/1155
f 929/435/378 885/1396/1156 882/1397/1157
f 895/41/40 937/1224/1036 936/455/392
f 931/439/381 888/1398/1158 886/1399/1159
f 933/442/383 892/1400/1160 889/1401/1161
f 935/456/393 896/1402/1162 893/1403/1163
f 938/1404/1164 897/1405/1165 937/1224/1036
f 940/1406/1166 900/1407/1167 939/1408/1168
f 941/1409/1169 904/1410/1170 972/1411/1171
f 878/1391/1151 13/92/84 29/73/67
f 943/1214/1030 907/1412/1172 905/1413/1173
f 5/76/70 20/1414/94 901/83/77
f 945/64/60 911/1415/1174 908/1416/1175
f 947/1417/1176 914/1418/1177 912/1419/1178
f 950/1420/1179 915/1421/1180 949/61/58
f 12/82/76 923/1381/1143 954/1386/1147
f 952/1422/1181 918/1423/1182 951/1424/1183
f 942/1425/1123 905/1413/1173 904/1426/1170
f 945/64/60 907/1412/1172 944/1385/1146
f 921/1427/74 952/1422/1181 11/72/66
f 946/59/56 912/1419/1178 911/1415/1174
f 883/1428/16 928/1429/1184 3/50/47
f 949/61/58 914/1418/1177 948/62/59
f 875/1304/1086 924/1392/1152 923/1381/1143
f 890/23/22 932/1430/1185 4/27/26
f 951/1424/1183 917/1431/1186 950/1420/1179
f 925/1390/1150 876/1382/1144 924/1392/1152
f 953/1432/1187 920/119/105 952/1422/1181
f 927/1393/1153 879/1433/1188 926/1388/2
f 919/1131/975 950/1434/1179 10/1053/39
f 953/1432/1187 962/1387/1148 922/120/106
f 5/76/70 939/1408/1168 938/1404/1164
f 928/1429/1184 882/1397/1157 983/1394/1154
f 930/440/382 886/1399/1159 885/1396/1156
f 932/1430/1185 889/1401/1161 888/1398/1158
f 934/1435/418 893/1403/1163 892/1436/1160
f 887/22/21 932/1430/1185 931/439/381
f 937/1224/1036 896/1402/1162 936/455/392
f 939/1408/1168 899/1437/1189 938/1404/1164
f 941/1409/1169 902/1438/1190 940/1406/1166
f 988/1439/1191 876/1382/1144 877/1389/1149
f 975/1440/1192 897/1405/1165 899/1437/1189
f 988/1441/1191 874/1383/1145 876/1382/1144
f 976/1442/1193 896/1402/1162 897/1405/1165
f 966/1443/1194 915/1421/1180 917/1444/1186
f 976/1445/1193 893/1403/1163 896/1402/1162
f 967/1446/1195 914/1418/1177 915/1421/1180
f 977/1447/1196 892/1448/1160 893/1403/1163
f 1106/1289/611 1153/463/400 1224/1449/1197
f 968/1450/1198 912/1419/1178 914/1418/1177
f 979/1451/1199 889/1401/1161 892/1448/1160
f 968/1452/1198 911/1415/1174 912/1419/1178
f 979/1453/1199 888/1398/1158 889/1401/1161
f 969/1454/1200 908/1416/1175 911/1415/1174
f 980/1455/1201 886/1399/1159 888/1398/1158
f 970/1456/1202 907/1412/1172 908/1416/1175
f 980/1457/1201 885/1396/1156 886/1399/1159
f 970/1458/1202 905/1413/1173 907/1412/1172
f 981/1459/1203 882/1397/1157 885/1396/1156
f 905/1413/1173 971/1460/1204 904/1461/1170
f 981/1462/1203 983/1394/1154 882/1397/1157
f 904/1461/1170 973/1463/1205 972/1411/1171
f 985/1464/1206 880/1395/1155 983/1394/1154
f 972/1411/1171 973/1465/1205 902/1438/1190
f 880/1395/1155 986/1466/1207 879/1467/1188
f 902/1438/1190 974/1468/1208 900/1407/1167
f 986/1466/1207 877/1389/1149 879/1467/1188
f 974/1469/1208 899/1437/1189 900/1407/1167
f 918/1423/1182 966/1443/1194 917/1444/1186
f 959/1470/1209 964/1471/104 963/1472/1210
f 965/1473/1211 959/1470/1209 955/70/64
f 964/1471/104 962/1387/1148 963/1472/1210
f 9/66/55 948/62/59 947/1417/1176
f 7/1347/54 941/1409/1169 903/53/50
f 956/69/63 967/1446/1195 955/70/64
f 969/1474/1200 956/69/63 957/71/65
f 960/1475/1212 971/1460/1204 957/71/65
f 901/83/77 940/1406/1166 939/1408/1168
f 2/3/3 925/1390/1150 878/1391/1151
f 959/1470/1209 987/1476/1213 958/1477/1214
f 1129/1040/904 1128/1050/913 643/1010/875
f 957/71/65 955/70/64 960/1475/1212
f 978/1478/1215 979/1451/1199 961/1479/1216
f 980/1455/1201 978/1478/1215 958/1477/1214
f 12/1480/76 953/1432/1187 921/80/74
f 987/1476/1213 985/1464/1206 958/1477/1214
f 920/119/105 965/1481/1211 918/1423/1182
f 11/72/66 27/165/146 921/80/74
f 988/1439/1191 987/1476/1213 959/1470/1209
f 6/84/78 941/1409/1169 940/1406/1166
f 1134/1028/893 1015/1100/950 1154/1029/894
f 1151/1061/921 1150/1105/954 671/1104/899
f 1219/1027/892 1093/1026/891 1004/1482/995
f 1091/1483/912 1089/1286/1077 1001/1484/151
f 1105/840/72 1005/1485/723 1004/1486/995
f 730/1258/1053 1200/1255/1050 1054/1236/1044
f 1087/35/34 1058/956/827 1086/160/142
f 1106/711/611 1224/1449/1197 1059/117/103
f 1003/1087/940 1087/35/34 984/370/323
f 1006/1487/1217 1161/1154/991 1074/1488/990
f 1108/174/152 1109/593/511 1084/871/751
f 1111/1489/115 1167/1166/257 1100/1490/113
f 1083/1072/930 1221/1071/929 982/1491/324
f 1005/1485/723 1076/875/755 1087/35/34
f 1076/875/755 982/371/324 1087/35/34
f 3/50/47 31/101/91 883/16/16
f 8/7/7 23/1492/14 909/65/61
f 4/27/26 17/110/97 890/23/22
f 1099/1493/1006 1123/1494/1218 1098/1495/936
f 1097/10/10 1121/1496/1219 1125/368/321
f 999/476/411 1108/174/152 1084/871/751
f 1094/1497/1220 1117/1092/943 1087/35/34
f 1003/1087/940 1223/1498/944 1094/1497/1220
f 1218/239/210 1105/1499/72 1004/1482/995
f 1006/1487/1217 1100/128/113 1055/79/73
f 643/1010/875 1128/1050/913 997/1377/1141
f 1102/320/279 1117/1092/943 1124/1121/942
f 1125/368/321 1098/1080/936 1088/1500/1221
f 1047/1501/1222 1121/1496/1219 1082/1219/1033
f 1121/1496/1219 1047/1501/1222 1122/369/322
f 1125/368/321 1121/1496/1219 1122/369/322
f 1101/321/280 1120/206/180 1097/10/10
f 1120/206/180 1118/699/603 1119/872/752
f 1157/1155/946 1099/1180/1006 1098/1495/936
f 1098/1156/936 1123/1494/1218 1088/1500/1221
f 1102/320/279 1097/10/10 1125/368/321
f 653/1041/905 1133/1009/874 1140/1000/867
f 881/1/1 928/1429/1184 927/1393/1153
f 1114/31/30 1127/1502/585 1103/211/185
f 1127/1502/585 1116/331/289 1103/211/185
f 1055/79/73 1100/128/113 1112/697/208
f 1080/77/71 1055/79/73 1110/1165/996
f 1222/1503/401 1059/117/103 1008/462/399
f 1079/475/410 995/1376/876 1107/175/153
f 1001/173/151 1107/175/153 997/1377/1141
f 1001/1484/151 997/1504/1141 1091/1049/912
f 1161/1154/991 1059/117/103 1146/1089/941
f 1007/12/12 1192/1220/1034 1082/1219/1033
f 1006/1487/1217 1074/1153/990 1075/1505/1223
f 1108/174/152 1079/475/410 1107/175/153
f 1152/1052/750 1109/593/511 1009/594/512
f 1021/1019/884 1110/1165/996 1095/330/288
f 1100/128/113 991/295/258 994/1506/207
f 1223/1093/944 1117/1092/943 1094/1497/1220
f 1004/1482/995 1077/161/143 1219/1027/892
f 1083/1072/930 982/371/324 1076/875/755
f 1089/1286/1077 1083/1072/930 1076/875/755
f 1166/1507/971 1021/1508/884 1095/330/288
f 1010/1048/911 1081/1509/388 1220/1047/910
f 1114/31/30 1193/33/32 1096/1208/1026
f 1120/206/180 1119/872/752 1027/282/246
f 1046/1158/993 1183/523/452 1226/1226/1037
f 1103/211/185 1055/79/73 1226/1510/1037
f 1075/1511/1223 1074/1153/990 1104/129/114
f 1166/1512/971 1095/330/288 1116/331/289
f 11/72/66 951/1424/1183 919/1131/975
f 1104/129/114 1167/1513/257 1111/130/115
f 1114/31/30 1096/1208/1026 1127/1514/585
f 866/397/347 297/420/365 873/1515/348
f 1208/1014/879 1065/1332/1111 1207/1317/1096
f 516/819/707 536/806/697 517/1380/1142
f 1116/331/289 1127/1502/585 1115/1516/584
f 999/476/411 1079/475/410 1108/174/152
f 1116/1517/289 1036/481/416 1166/1127/971
f 1186/496/430 1000/5/5 1122/369/322
f 1125/368/321 1000/5/5 1034/4/4
f 1121/1496/1219 1097/10/10 1007/12/12
f 1100/128/113 1075/1505/1223 1104/129/114
f 1009/594/512 1080/77/71 1017/1051/914
f 1087/35/34 1125/368/321 1123/1494/1218
f 1068/1355/1130 1063/1318/1097 1066/1312/1092
f 724/1244/1048 731/1278/1069 725/1275/1066
f 1091/1483/912 1083/1072/930 1089/1286/1077
f 1006/1487/1217 1075/1505/1223 1100/128/113
f 77/151/136 121/187/163 78/186/162
f 1093/1026/891 1218/239/210 1004/1482/995
f 1130/1025/890 1218/239/210 1093/1026/891
f 1162/1125/969 1080/77/71 1110/1165/996
f 223/378/331 242/391/341 243/393/343
f 1068/1355/1130 1069/1344/1121 1063/1318/1097
f 241/364/317 864/431/375 242/391/341
f 1087/35/34 1117/1092/943 1102/320/279
f 261/1518/385 279/457/394 864/431/375
f 992/123/109 1106/711/611 1059/117/103
f 316/493/427 333/468/405 334/514/445
f 300/1519/408 318/511/442 319/486/420
f 342/546/468 361/565/486 343/550/472
f 1105/78/72 1059/117/103 1055/79/73
f 1009/594/512 1105/78/72 1080/77/71
f 1108/174/152 1105/78/72 1109/593/511
f 511/782/675 531/784/677 512/816/704
f 573/847/729 800/859/740 579/865/745
f 564/810/701 565/851/733 547/1520/1224
f 668/1077/934 683/1116/963 669/1078/902
f 1141/474/409 1149/972/843 1013/977/848
f 1086/1521/142 1148/34/33 1012/1055/916
f 643/1010/875 997/1377/1141 995/1011/876
f 1017/1051/914 1162/1125/969 1025/1018/883
f 1021/1019/884 1036/481/416 680/1522/948
f 683/1523/963 1167/1166/257 1156/1159/994
f 1172/1167/997 1171/1170/999 1032/1201/1022
f 1168/1097/947 695/1117/964 1163/1059/919
f 1184/1203/1024 1044/1199/1020 1043/1198/1019
f 1156/1159/994 1167/1166/257 1074/1153/990
f 1028/1524/586 1096/1525/1026 695/1117/964
f 1030/1143/985 1045/1526/1014 1046/1527/993
f 1119/872/752 1118/699/603 1177/1151/753
f 1183/523/452 1046/1527/993 1045/1526/1014
f 1187/1206/1025 1186/1233/430 707/1528/1038
f 1042/1210/1027 696/1188/1012 1225/1213/6
f 1192/1274/1034 1190/1184/1009 1040/1267/1062
f 1008/462/399 1059/117/103 1224/1449/1197
f 1204/1296/1061 1060/1294/1081 1201/1316/1095
f 750/1283/1074 1067/1327/1106 1066/1312/1092
f 1206/1308/1088 1207/1317/1096 1065/1332/1111
f 770/1364/1136 766/1343/1120 767/1367/1139
f 872/400/350 291/447/386 271/446/351
f 1059/117/103 1006/1487/1217 1055/79/73
f 997/1504/1141 1128/1050/913 1091/1049/912
f 881/1/1 927/1393/1153 926/2/2
f 8/7/7 906/1215/1031 22/8/8
f 910/13/13 909/65/61 23/14/14
f 883/16/16 31/1529/91 16/17/17
f 2/19/3 14/74/68 30/20/19
f 884/18/18 16/103/17 32/21/20
f 890/23/22 17/110/97 34/24/23
f 887/22/21 32/1530/20 33/26/25
f 916/28/27 913/60/57 41/29/28
f 894/37/36 891/25/24 34/24/23
f 916/28/27 25/30/29 42/39/38
f 895/41/40 894/37/36 18/38/37
f 42/43/38 72/177/154 73/44/42
f 43/46/43 73/44/42 74/47/44
f 881/1/1 30/20/19 15/49/46
f 895/41/40 35/42/41 19/51/48
f 903/53/50 6/84/78 37/54/51
f 903/53/50 21/55/52 38/56/53
f 9/58/55 947/1417/1176 946/59/56
f 913/60/57 916/28/27 949/61/58
f 960/1475/1212 959/1470/1209 958/1477/1214
f 910/63/13 946/59/56 945/64/60
f 9/66/55 910/13/13 40/67/15
f 11/72/66 919/1131/975 43/45/43
f 2/19/3 878/1391/1151 29/73/67
f 898/52/49 19/99/48 36/75/69
f 921/80/74 27/1531/146 44/81/75
f 901/83/77 20/106/94 37/54/51
f 961/1479/1216 958/1477/1214 978/1478/1215
f 14/85/68 29/1532/67 47/86/79
f 34/88/23 56/154/134 57/89/81
f 1/90/82 875/1304/1086 28/91/83
f 28/91/83 45/114/100 46/93/85
f 22/8/8 38/1533/53 64/94/86
f 30/96/19 49/126/111 50/97/88
f 35/42/41 58/152/137 59/98/89
f 39/9/9 66/166/147 67/100/90
f 31/101/91 51/137/122 52/102/92
f 36/104/69 60/159/141 61/105/93
f 52/102/92 51/137/122 81/138/123
f 40/15/15 68/142/127 69/107/95
f 33/26/25 54/111/98 55/109/96
f 32/21/20 53/144/129 54/111/98
f 37/54/51 62/163/144 63/112/99
f 44/113/75 76/150/135 45/114/100
f 964/118/104 965/1473/1211 920/119/105
f 48/124/80 79/200/174 80/125/110
f 41/29/28 70/172/150 71/127/112
f 116/131/116 154/244/214 155/132/117
f 51/137/122 50/97/88 80/125/110
f 63/112/99 62/163/144 86/146/131
f 71/127/112 70/172/150 91/196/171
f 76/150/135 94/179/155 77/151/136
f 17/153/97 55/109/96 56/154/134
f 73/44/42 72/199/154 92/156/138
f 18/162/37 57/89/81 58/152/137
f 60/159/141 85/158/140 86/146/131
f 19/99/48 59/98/89 60/159/141
f 13/92/84 46/93/85 47/86/79
f 20/106/94 61/105/93 62/163/144
f 26/48/45 74/47/44 75/164/145
f 66/166/147 65/95/87 88/167/148
f 21/169/52 63/112/99 64/94/86
f 67/100/90 89/168/149 90/143/128
f 30/20/19 14/1534/68 48/87/80
f 22/171/8 65/95/87 66/166/147
f 44/113/75 27/165/146 75/164/145
f 23/14/14 67/100/90 68/142/127
f 15/49/46 50/97/88 51/137/122
f 24/108/62 69/107/95 70/172/150
f 16/103/17 52/102/92 53/144/129
f 25/176/29 71/127/112 72/177/154
f 75/164/145 74/47/44 93/157/139
f 82/145/130 106/270/237 122/180/156
f 118/181/157 114/246/215 150/182/158
f 90/143/128 89/168/149 99/184/160
f 85/158/140 125/210/184 109/1535/241
f 86/146/131 126/213/187 110/240/211
f 94/179/155 93/157/139 123/133/118
f 87/147/132 97/214/188 111/208/182
f 62/163/144 61/105/93 86/146/131
f 80/125/110 79/200/174 95/190/166
f 88/167/148 98/209/183 112/192/168
f 81/138/123 80/125/110 96/194/169
f 90/143/128 114/246/215 118/181/157
f 92/156/138 120/198/173 116/131/116
f 81/138/123 105/212/186 119/197/172
f 91/196/171 115/215/189 120/198/173
f 69/107/95 90/143/128 91/196/171
f 52/102/92 81/138/123 82/145/130
f 71/127/112 91/196/171 92/156/138
f 46/93/85 45/114/100 77/151/136
f 55/109/96 54/111/98 82/145/130
f 47/86/79 78/186/162 79/200/174
f 56/149/134 83/148/133 84/134/119
f 64/193/86 87/147/132 88/167/148
f 50/97/88 49/126/111 80/125/110
f 59/98/89 58/152/137 84/134/119
f 67/100/90 66/166/147 89/168/149
f 84/134/119 83/148/133 107/201/175
f 131/202/176 162/291/254 163/203/177
f 93/157/139 116/131/116 123/133/118
f 79/200/174 78/186/162 102/188/164
f 88/167/148 87/147/132 111/208/182
f 84/134/119 108/136/121 125/210/184
f 85/158/140 109/1535/241 126/213/187
f 90/143/128 113/185/161 114/246/215
f 82/145/130 119/197/172 106/270/237
f 86/146/131 110/240/211 97/214/188
f 77/151/136 94/179/155 117/205/179
f 105/217/186 165/233/206 134/218/191
f 120/198/173 115/215/189 152/219/192
f 121/187/163 101/216/190 127/221/194
f 122/180/156 106/270/237 135/223/196
f 102/188/164 129/276/242 130/225/198
f 124/135/120 107/1536/175 137/226/199
f 98/209/183 111/1537/182 145/228/201
f 96/194/169 103/191/167 131/202/176
f 108/136/121 139/273/240 140/230/203
f 112/192/168 147/281/245 148/231/204
f 105/217/186 104/195/170 133/232/205
f 110/240/211 143/277/243 144/241/212
f 153/242/193 185/318/277 186/243/213
f 113/245/161 149/255/223 150/182/158
f 117/247/179 157/271/238 127/221/194
f 140/230/203 139/273/240 171/248/216
f 148/231/204 147/281/245 179/250/218
f 165/233/206 133/232/205 164/309/270
f 141/252/220 173/297/260 174/253/221
f 149/255/223 181/293/256 182/256/224
f 134/218/191 166/312/273 167/257/225
f 144/241/212 143/277/243 175/258/226
f 220/260/228 238/1538/318 239/261/229
f 159/263/231 190/317/278 207/264/232
f 152/219/192 151/183/159 183/266/234
f 136/224/197 168/287/251 169/268/236
f 106/270/237 119/197/172 134/218/191
f 157/271/238 189/310/271 158/272/239
f 138/227/200 170/283/247 171/248/216
f 118/181/157 151/183/159 152/219/192
f 107/201/175 122/180/156 136/224/197
f 108/136/121 124/135/120 138/227/200
f 120/274/173 153/220/193 154/244/214
f 125/210/184 140/230/203 141/252/220
f 102/188/164 121/187/163 128/222/195
f 110/240/211 126/213/187 142/254/222
f 123/133/118 155/132/117 156/278/244
f 97/214/188 144/241/212 145/228/201
f 95/280/166 130/225/198 131/202/176
f 98/209/183 146/229/202 147/281/245
f 117/247/179 100/189/165 156/278/244
f 113/245/161 99/184/160 148/231/204
f 96/194/169 132/204/178 133/232/205
f 109/275/241 141/252/220 142/254/222
f 47/86/79 46/93/85 78/186/162
f 129/276/242 128/222/195 159/263/231
f 170/283/247 169/337/236 212/284/248
f 155/132/117 187/298/261 188/286/250
f 168/287/251 167/257/225 211/288/252
f 130/290/198 161/319/265 162/291/254
f 180/251/219 200/332/290 201/292/255
f 174/253/221 197/324/283 215/296/259
f 223/378/331 224/383/335 191/382/285 207/264/232
f 141/252/220 140/230/203 172/249/217
f 187/298/261 204/262/230 205/299/262
f 176/259/227 198/335/293 216/300/263
f 142/254/222 174/253/221 175/258/226
f 161/302/265 191/327/285 208/303/266
f 178/304/267 199/328/286 217/305/268
f 145/306/201 144/241/212 176/259/227
f 147/281/245 146/229/202 178/304/267
f 163/203/177 192/329/287 209/308/269
f 157/271/238 156/278/244 188/286/250
f 182/256/224 202/334/292 218/311/272
f 148/231/204 180/251/219 181/293/256
f 166/312/273 165/233/206 193/313/274
f 133/232/205 132/204/178 163/203/177
f 184/267/235 203/336/294 219/315/276
f 150/182/158 182/256/224 183/266/234
f 158/272/239 206/338/295 190/317/278
f 153/242/193 152/219/192 184/267/235
f 127/221/194 158/272/239 159/263/231
f 135/223/196 167/257/225 168/287/251
f 155/132/117 154/244/214 186/243/213
f 130/290/198 129/276/242 160/265/233
f 137/269/199 169/268/236 170/283/247
f 187/298/261 186/243/213 220/260/228
f 171/248/216 213/339/296 196/322/281
f 188/286/250 205/299/262 221/323/282
f 173/297/260 214/340/297 197/324/283
f 160/265/233 207/264/232 191/327/285
f 178/304/267 177/301/264 216/300/263
f 162/291/254 208/303/266 192/329/287
f 179/250/218 217/305/268 200/332/290
f 164/309/270 209/308/269 193/313/274
f 181/293/256 201/292/255 202/334/292
f 166/312/273 210/314/275 211/288/252
f 175/258/226 215/296/259 198/335/293
f 183/266/234 218/311/272 203/336/294
f 169/337/236 168/287/251 194/289/253
f 189/310/271 221/323/282 206/338/295
f 171/248/216 170/283/247 195/285/249
f 185/316/277 219/315/276 220/260/228
f 173/297/260 172/249/217 196/322/281
f 236/350/305 237/384/336 203/336/294 218/311/272
f 199/328/286 216/1539/263 233/379/332
f 208/303/266 224/1540/335 225/344/300
f 200/332/290 217/305/268 234/381/334
f 193/313/274 209/1541/269 226/346/302
f 197/324/283 214/1542/297 231/373/326
f 211/288/252 227/352/307 228/351/306
f 198/335/293 215/296/259 232/402/352
f 201/292/255 235/349/291 202/334/292
f 221/353/282 240/363/316 222/343/299
f 1141/474/409 999/476/411 1084/871/751
f 224/383/335 243/418/343 244/403/353
f 228/351/306 229/342/298 212/341/248 194/289/253
f 249/357/311 868/356/310 268/358/312
f 227/352/307 246/348/304 247/386/337
f 237/384/336 236/350/305 257/409/357
f 229/342/298 249/357/311 250/359/313
f 230/345/301 213/339/296 195/285/249 229/1543/298
f 238/365/318 237/384/336 258/366/319
f 231/373/326 230/345/301 250/359/313
f 869/375/328 291/447/386 292/376/329
f 230/345/301 231/373/326 214/340/297 196/1544/281
f 232/402/352 215/296/259 197/324/283 231/373/326
f 207/264/232 190/317/278 222/343/299
f 232/402/352 233/379/332 216/1539/263 198/335/293
f 205/299/262 204/262/230 239/261/229
f 233/379/332 254/406/356 255/380/333
f 234/381/334 217/305/268 199/328/286 233/1545/332
f 235/349/291 234/381/334 255/380/333
f 240/363/316 221/323/282 205/1546/262 239/261/229
f 226/346/302 227/352/307 210/314/275 193/1547/274
f 235/333/291 200/1548/290 234/381/334
f 1190/1184/1009 1007/12/12 1191/11/11
f 209/308/269 192/329/287 225/344/300
f 660/1022/887 661/1074/932 651/975/846 650/969/840
f 239/261/229 259/367/320 260/396/346
f 247/386/337 266/433/377 865/387/338
f 255/380/333 273/1549/371 859/389/339
f 250/359/313 870/1550/389 269/390/340
f 242/391/341 864/431/375 262/392/342
f 251/374/327 871/478/413 270/394/344
f 260/396/346 259/367/320 866/397/347
f 253/399/349 252/395/345 872/400/350
f 232/402/352 231/373/326 251/374/327
f 244/403/353 243/393/343 867/404/354
f 254/406/356 869/375/328 272/377/330
f 232/407/352 252/395/345 253/408/349
f 245/347/303 264/423/367 860/1551/369
f 240/363/316 239/261/229 260/396/346
f 257/409/357 256/360/314 274/410/358
f 258/412/319 863/416/363 276/413/360
f 257/409/357 275/436/379 863/416/363
f 227/352/307 226/346/302 246/348/304
f 237/1552/336 257/409/357 258/366/319
f 227/352/307 247/386/337 248/388/315
f 229/342/298 248/362/315 249/357/311
f 233/379/332 253/408/349 254/406/356
f 224/383/335 244/403/353 245/347/303
f 277/419/364 873/1515/348 297/420/365
f 249/357/311 248/388/315 267/422/308
f 264/423/367 282/426/370 283/424/368
f 263/405/355 281/438/380 282/426/370
f 866/397/347 276/413/360 296/483/417
f 260/396/346 873/398/348 277/419/364
f 265/414/361 283/424/368 284/429/373
f 864/431/375 279/457/394 280/432/376
f 254/406/356 253/399/349 271/401/351
f 244/403/353 263/405/355 264/423/367
f 250/359/313 268/358/312 870/1550/389
f 255/380/333 272/377/330 273/1549/371
f 245/347/303 860/1551/369 265/414/361
f 251/374/327 269/390/340 871/478/413
f 256/360/314 859/389/339 274/410/358
f 247/386/337 246/348/304 862/415/362
f 884/434/18 930/440/382 929/435/378
f 248/388/315 865/387/338 267/422/308
f 296/483/417 314/528/419 315/505/439
f 241/364/317 277/419/364 261/445/385
f 273/427/371 272/377/330 292/376/329
f 867/437/354 262/392/342 280/432/376
f 884/18/18 887/1553/21 931/439/381
f 891/441/24 934/484/418 933/442/383
f 266/433/377 284/429/373 285/448/387
f 861/411/359 274/1554/358 294/453/391
f 274/410/358 859/389/339 293/428/372
f 861/411/359 294/453/391 295/454/384
f 894/37/36 895/41/40 936/455/392
f 286/471/309 304/1555/407 305/530/438
f 291/507/386 309/1556/424 310/1557/1225
f 281/438/380 300/531/408 301/459/396
f 288/452/390 287/460/397 306/497/431
f 868/356/310 286/355/309 287/460/397
f 292/376/329 310/1558/1225 311/461/398
f 283/424/368 301/459/396 302/499/433
f 289/477/412 288/452/390 307/502/436
f 268/358/312 287/460/397 288/452/390
f 312/509/441 330/508/440 331/525/454
f 294/453/391 293/428/372 312/509/441
f 284/429/373 302/499/433 303/501/435
f 265/414/361 860/425/369 283/424/368
f 332/466/403 349/1559/466 350/467/404
f 290/479/414 308/488/422 309/490/424
f 872/400/350 270/394/344 290/479/414
f 280/432/376 299/1560/395 300/472/408
f 269/390/340 288/452/390 289/477/412
f 270/394/344 871/1561/413 289/477/412
f 865/387/338 285/448/387 286/355/309
f 863/444/363 295/443/384 296/483/417
f 891/441/24 894/37/36 935/456/393
f 308/488/422 326/541/464 327/489/423
f 313/469/406 331/525/454 332/466/403
f 316/493/427 334/514/445 317/494/428
f 306/497/431 305/504/438 323/492/426
f 307/502/436 306/497/431 324/498/432
f 287/460/397 286/355/309 305/504/438
f 299/458/395 317/494/428 318/511/442
f 308/488/422 307/502/436 326/541/464
f 289/477/412 307/502/436 308/488/422
f 297/420/365 296/483/417 315/505/439
f 310/1558/1225 328/517/448 329/532/455
f 292/376/329 291/447/386 310/1558/1225
f 369/577/495 387/596/514 388/600/518
f 295/454/384 313/526/406 314/527/419
f 279/457/394 278/421/366 298/495/429
f 285/448/387 284/429/373 303/501/435
f 302/499/433 320/487/421 321/500/434
f 322/491/425 321/500/434 340/572/493
f 318/511/442 317/494/428 335/512/443
f 334/514/445 333/468/405 350/467/404
f 325/503/437 324/498/432 343/550/472
f 319/486/420 318/511/442 336/518/444
f 336/513/444 354/1562/496 355/520/450
f 329/532/455 328/517/448 346/538/461
f 309/506/424 327/489/423 328/517/448
f 320/487/421 319/486/420 337/519/449
f 321/500/434 320/487/421 339/533/456
f 303/501/435 321/500/434 322/491/425
f 300/472/408 299/1560/395 318/511/442
f 310/1557/1225 309/1563/424 328/517/448
f 311/461/398 310/1558/1225 329/532/455
f 302/499/433 301/459/396 320/487/421
f 307/502/436 325/503/437 326/541/464
f 351/515/446 370/579/497 352/536/459
f 324/498/432 342/546/468 343/550/472
f 338/521/451 337/519/449 356/563/484
f 340/572/493 358/535/458 359/553/475
f 341/575/467 359/574/475 360/556/478
f 346/538/461 364/559/480 365/566/487
f 330/508/440 329/532/455 346/538/461
f 325/503/437 343/550/472 344/540/463
f 330/508/440 347/539/462 348/542/465
f 321/500/434 339/533/456 340/572/493
f 327/489/423 326/541/464 344/540/463
f 332/466/403 331/525/454 348/542/465
f 322/491/425 340/572/493 341/545/467
f 334/514/445 351/515/446 335/512/443
f 323/492/426 341/545/467 342/546/468
f 346/538/461 345/543/447 364/559/480
f 379/564/485 398/592/510 399/608/525
f 422/547/469 857/670/578 841/548/470
f 343/550/472 361/565/486 362/551/473
f 353/537/460 352/536/459 371/591/509
f 344/540/463 362/551/473 363/552/474
f 359/553/475 358/535/458 376/554/476
f 354/578/496 372/599/517 373/632/545
f 360/556/478 359/553/475 377/557/477
f 358/535/458 357/534/457 375/569/490
f 355/520/450 373/632/545 374/562/483
f 365/566/487 383/561/482 384/567/488
f 368/573/494 386/580/498 387/596/514
f 357/534/457 356/563/484 374/562/483
f 337/519/449 355/520/450 356/563/484
f 346/538/461 365/566/487 366/568/489
f 363/552/474 362/551/473 381/585/503
f 338/521/451 356/563/484 357/534/457
f 348/542/465 347/539/462 366/568/489
f 348/542/465 367/571/492 368/573/494
f 342/546/468 341/545/467 360/556/478
f 350/467/404 349/544/466 368/576/494
f 336/513/444 335/512/443 353/537/460
f 350/467/404 369/577/495 370/579/497
f 345/543/447 363/552/474 364/559/480
f 367/571/492 366/568/489 385/602/519
f 444/649/559 443/639/552 461/729/600
f 376/554/476 375/569/490 395/583/501
f 358/535/458 375/569/490 376/554/476
f 383/561/482 402/616/533 403/595/513
f 369/577/495 368/573/494 387/596/514
f 353/537/460 371/591/509 372/599/517
f 362/551/473 380/570/491 381/585/503
f 370/579/497 369/577/495 388/600/518
f 363/552/474 381/585/503 382/560/481
f 355/520/450 354/578/496 373/632/545
f 365/566/487 364/559/480 383/561/482
f 367/571/492 385/602/519 386/580/498
f 372/599/517 371/591/509 391/628/544
f 398/592/510 397/1564/506 414/603/520
f 388/600/518 407/598/516 408/605/522
f 396/584/502 413/624/541 414/641/520
f 403/595/513 419/618/535 420/606/523
f 380/570/491 379/564/485 399/608/525
f 408/605/522 407/598/516 423/549/471
f 440/610/527 452/663/572 453/611/528
f 380/570/491 400/609/526 417/586/504
f 382/631/481 381/585/503 401/587/505
f 393/581/499 411/615/532 412/619/536
f 409/620/537 423/549/471 841/548/470
f 389/589/507 408/605/522 390/590/508
f 405/622/539 404/607/524 420/606/523
f 385/602/519 384/567/488 403/595/513
f 394/582/500 412/619/536 413/624/541
f 400/609/526 416/653/562 417/586/504
f 386/580/498 385/602/519 404/607/524
f 390/590/508 409/620/537 410/627/543
f 375/569/490 394/582/500 395/583/501
f 386/580/498 405/622/539 406/597/515
f 388/600/518 387/596/514 407/598/516
f 372/599/517 391/628/544 392/613/530
f 378/558/479 377/555/477 397/588/506
f 382/631/481 401/1565/505 402/616/533
f 373/632/545 392/613/530 393/581/499
f 398/592/510 415/604/521 399/608/525
f 438/662/571 437/687/595 451/685/593
f 408/605/522 423/549/471 409/620/537
f 413/624/541 412/619/536 851/659/568
f 430/1566/566 445/658/567 446/668/576
f 421/652/542 855/661/570 857/670/578
f 409/620/537 856/621/538 858/634/547
f 433/635/548 432/655/564 447/636/549
f 414/641/520 413/624/541 840/660/569
f 426/638/551 442/693/599 443/639/552
f 846/645/531 410/627/543 842/665/574
f 440/610/527 439/690/573 452/663/572
f 414/641/520 843/1567/580 844/642/554
f 399/608/525 415/604/521 844/642/554
f 391/628/544 410/627/543 846/614/531
f 428/648/558 443/639/552 444/649/559
f 401/587/505 418/1568/555 849/617/534
f 393/581/499 392/613/530 411/615/532
f 403/595/513 402/616/533 419/618/535
f 397/1564/506 396/584/502 414/641/520
f 407/598/516 406/626/515 421/625/542
f 431/654/563 446/668/576 447/636/549
f 430/657/566 429/650/560 444/649/559
f 437/687/595 450/683/591 451/685/593
f 435/682/590 434/681/589 449/675/583
f 426/1569/551 425/671/579 442/693/599
f 437/687/595 436/684/592 450/683/591
f 420/606/523 850/651/561 853/623/540
f 428/648/558 427/640/553 443/639/552
f 414/641/520 840/660/569 843/1567/580
f 425/671/579 424/612/529 441/680/588
f 422/547/469 421/652/542 857/670/578
f 416/653/562 399/608/525 848/646/557
f 438/662/571 451/685/593 452/663/572
f 417/586/504 416/653/562 852/666/575
f 857/670/578 439/690/573 440/610/527
f 447/636/549 457/1570/627 458/673/581
f 442/693/599 460/692/598 454/707/608
f 845/1571/556 434/1572/589 435/682/590
f 451/685/593 450/683/591 467/706/607
f 846/645/531 426/638/551 427/640/553
f 848/646/557 844/642/554 431/654/563
f 448/637/550 458/1573/581 464/674/582
f 850/651/561 849/617/534 436/684/592
f 847/633/546 427/640/553 428/648/558
f 453/611/528 471/1574/596 459/679/587
f 852/666/575 848/646/557 432/655/564
f 853/623/540 850/651/561 437/687/595
f 433/635/548 448/637/550 449/675/583
f 840/660/569 851/659/568 429/650/560
f 854/656/565 433/635/548 434/681/589
f 431/654/563 430/657/566 446/668/576
f 843/672/580 840/660/569 430/657/566
f 435/682/590 449/675/583 450/683/591
f 844/642/554 430/657/566 431/654/563
f 424/612/529 453/611/528 441/680/588
f 854/656/565 852/666/575 433/635/548
f 451/685/593 468/710/610 469/686/594
f 845/1571/556 854/656/565 434/681/589
f 425/671/579 441/680/588 442/693/599
f 849/617/534 845/644/556 435/682/590
f 853/623/540 437/687/595 438/662/571
f 471/688/596 488/716/615 472/689/597
f 855/661/570 438/662/571 439/690/573
f 858/634/547 856/621/538 424/612/529
f 441/680/588 459/1575/587 460/692/598
f 499/754/648 828/762/655 500/715/614
f 452/663/572 469/686/594 470/701/604
f 447/636/549 463/669/577 457/1570/627
f 453/611/528 452/663/572 470/701/604
f 449/675/583 464/674/582 465/703/605
f 450/683/591 449/675/583 465/703/605
f 443/639/552 442/693/599 454/707/608
f 443/639/552 455/1576/609 461/729/600
f 469/686/594 486/1577/631 487/712/612
f 457/1570/627 463/1578/577 480/727/624
f 459/713/587 472/689/597 473/714/613
f 470/717/604 487/712/612 488/716/615
f 454/707/608 460/692/598 474/725/622
f 467/706/607 466/1579/606 484/728/625
f 468/710/610 467/1580/607 485/733/629
f 462/696/602 478/738/632 479/720/618
f 469/686/594 468/710/610 486/737/631
f 527/769/662 545/768/661 546/771/664
f 477/735/630 493/752/646 494/742/636
f 473/714/613 490/722/620 491/723/621
f 465/703/605 482/718/616 483/719/617
f 454/707/608 474/725/622 475/726/623
f 461/729/600 455/1581/609 475/726/623
f 457/731/627 480/727/624 481/732/628
f 461/734/600 476/730/626 477/735/630
f 464/674/582 458/1582/581 481/732/628
f 462/696/602 456/695/601 477/735/630
f 488/716/615 500/715/614 489/721/619
f 489/721/619 503/763/656 504/741/635
f 482/736/616 481/732/628 501/766/659
f 494/742/636 493/752/646 827/743/637
f 490/722/620 504/741/635 505/745/639
f 494/742/636 838/744/638 839/748/642
f 501/766/659 830/757/651 502/750/644
f 491/723/621 505/745/639 832/746/640
f 482/736/616 501/766/659 502/750/644
f 496/740/634 829/749/643 506/764/657
f 475/726/623 474/725/622 491/723/621
f 484/728/625 483/719/617 502/750/644
f 476/730/626 475/726/623 492/747/641
f 484/728/625 497/751/645 498/753/647
f 486/737/631 485/733/629 498/753/647
f 478/1583/632 477/735/630 494/742/636
f 472/689/597 488/716/615 489/721/619
f 479/720/618 478/738/632 494/742/636
f 473/714/613 472/689/597 490/722/620
f 481/732/628 496/740/634 501/766/659
f 497/751/645 831/755/649 835/756/650
f 500/715/614 828/762/655 834/787/680
f 831/755/649 502/750/644 507/758/652
f 492/747/641 832/746/640 836/759/653
f 493/752/646 836/759/653 827/743/637
f 499/754/648 498/753/647 835/756/650
f 496/740/634 495/739/633 829/749/643
f 501/766/659 496/740/634 506/764/657
f 501/766/659 833/765/658 830/757/651
f 500/715/614 834/787/680 503/763/656
f 514/822/709 513/818/706 533/793/686
f 508/770/663 527/769/662 546/771/664
f 509/773/666 508/770/663 528/772/665
f 525/823/710 543/778/671 544/798/690
f 511/782/675 510/775/668 530/783/676
f 520/785/678 539/1584/699 540/780/673
f 830/815/651 833/765/658 520/785/678
f 505/814/639 510/813/668 511/782/675
f 532/788/681 531/784/677 550/789/682
f 543/778/671 542/777/670 574/791/684
f 523/821/708 522/781/674 541/795/688
f 831/755/649 522/781/674 523/821/708
f 543/778/671 562/1585/685 575/796/689
f 526/767/660 525/823/710 544/798/690
f 529/774/667 528/772/665 547/1520/1224
f 836/759/653 513/818/706 514/822/709
f 530/802/676 529/774/667 548/803/694
f 535/801/693 554/832/717 555/805/696
f 515/807/698 514/822/709 534/799/691
f 503/763/656 508/770/663 509/773/666
f 539/808/699 559/860/713 560/809/700
f 827/743/637 514/822/709 515/807/698
f 510/775/668 529/774/667 530/783/676
f 536/806/697 555/857/696 556/811/702
f 839/748/642 838/824/638 516/819/707
f 830/815/651 520/1586/678 521/779/672
f 505/745/639 511/782/675 512/816/704
f 839/748/642 517/1380/1142 518/817/705
f 836/759/653 832/746/640 512/816/704
f 829/749/643 518/817/705 519/786/679
f 835/756/650 831/755/649 523/821/708
f 827/743/637 836/759/653 514/822/709
f 513/818/706 512/816/704 532/788/681
f 835/756/650 524/776/669 525/823/710
f 503/763/656 834/787/680 508/770/663
f 839/748/642 516/819/707 517/1380/1142
f 828/762/655 837/760/654 525/825/710
f 539/808/699 538/830/715 558/826/711
f 560/809/700 559/860/713 572/858/739
f 550/789/682 549/1587/695 566/831/716
f 556/811/702 555/857/696 570/845/727
f 561/835/719 560/834/700 573/847/729
f 547/1520/1224 565/851/733 548/803/694
f 557/829/714 570/845/727 571/827/712
f 574/791/684 561/835/719 573/847/729
f 541/795/688 540/780/673 560/834/700
f 541/795/688 561/835/719 574/791/684
f 534/799/691 533/793/686 552/794/687
f 535/801/693 553/1588/692 554/832/717
f 528/772/665 564/810/701 547/1520/1224
f 545/768/661 544/797/690 575/796/689
f 529/774/667 547/1520/1224 548/1589/694
f 538/830/715 557/829/714 558/826/711
f 546/771/664 545/768/661 563/841/721
f 531/784/677 530/802/676 549/804/695
f 567/861/741 566/831/716 802/843/725
f 812/863/743 583/878/758 799/880/744
f 568/836/720 804/842/724 807/849/731
f 578/850/732 808/894/773 809/854/736
f 575/796/689 574/791/684 803/904/781
f 569/833/718 568/836/720 807/849/731
f 567/861/741 802/843/725 804/842/724
f 569/833/718 578/850/732 809/854/736
f 554/832/717 553/1588/692 568/836/720
f 575/796/689 805/1590/746 580/855/737
f 570/845/727 809/854/736 810/846/728
f 564/810/701 563/841/721 576/856/738
f 550/789/682 566/831/716 567/861/741
f 552/794/687 551/790/683 567/861/741
f 576/856/738 580/855/737 798/852/734
f 571/827/712 810/846/728 812/863/743
f 572/858/739 571/827/712 812/863/743
f 574/791/684 801/848/730 803/904/781
f 568/836/720 567/861/741 804/842/724
f 575/796/689 803/904/781 805/1590/746
f 566/831/716 548/803/694 811/868/748
f 577/899/749 582/898/770 588/1591/1226
f 800/859/740 596/879/759 597/903/780
f 591/882/761 590/844/726 619/883/762
f 581/886/765 587/881/760 600/887/766
f 803/904/781 801/848/730 584/905/782
f 592/889/768 591/882/761 604/884/763
f 805/866/746 803/904/781 585/906/783
f 592/889/768 605/1592/769 606/893/772
f 806/853/735 587/881/760 581/886/765
f 807/849/731 591/882/761 592/889/768
f 589/876/756 588/1591/1226 602/892/771
f 808/894/773 578/1593/732 592/1594/768
f 595/901/778 608/900/777 609/902/779
f 577/869/749 588/1591/1226 589/876/756
f 579/865/745 800/859/740 597/903/780
f 801/848/730 598/885/764 584/905/782
f 807/849/731 804/842/724 591/882/761
f 583/878/758 812/863/743 595/901/778
f 578/1593/732 807/849/731 592/889/768
f 806/853/735 798/852/734 587/881/760
f 805/866/746 585/1595/783 599/867/747
f 809/854/736 593/896/775 594/862/742
f 811/868/748 806/853/735 581/886/765
f 810/846/728 594/862/742 595/901/778
f 598/885/764 625/914/791 612/907/784
f 602/892/771 617/944/816 618/908/785
f 611/923/799 624/935/810 625/914/791
f 590/844/726 603/895/774 619/883/762
f 613/919/796 612/907/784 627/924/800
f 585/906/783 584/905/782 612/907/784
f 585/906/783 613/1596/796 614/920/797
f 582/891/770 581/886/765 601/888/767
f 595/901/778 594/862/742 608/900/777
f 583/878/758 609/902/779 610/921/798
f 588/1591/1226 582/891/770 602/892/771
f 596/879/759 610/921/798 611/923/799
f 586/877/757 615/910/787 600/887/766
f 598/885/764 611/923/799 625/914/791
f 601/888/767 616/918/795 813/945/817
f 616/918/795 629/912/789 822/943/815
f 620/941/814 816/947/819 817/917/794
f 623/913/790 622/909/786 632/931/806
f 606/893/772 621/916/793 622/909/786
f 623/913/790 633/932/807 814/933/808
f 607/897/776 622/909/786 623/913/790
f 608/900/777 623/913/790 609/902/779
f 620/941/814 619/883/762 816/947/819
f 625/914/791 819/937/812 626/915/792
f 611/923/799 610/921/798 624/935/810
f 146/229/202 145/306/201 177/307/264
f 612/907/784 626/915/792 627/924/800
f 613/919/796 627/924/800 614/920/797
f 604/884/763 620/941/814 817/917/794
f 616/918/795 822/943/815 813/945/817
f 614/920/797 823/930/805 628/911/788
f 621/916/793 825/927/803 826/928/804
f 624/935/810 634/942/809 818/936/811
f 617/944/816 630/954/818 618/908/785
f 622/909/786 826/928/804 632/931/806
f 662/1597/933 663/1035/900 641/980/850 652/979/847
f 822/943/815 628/911/788 636/953/825
f 815/925/801 626/915/792 635/951/823
f 630/946/818 813/945/817 824/952/824
f 816/947/819 618/908/785 820/955/826
f 825/927/803 817/917/794 631/957/828
f 824/952/824 822/943/815 786/958/829
f 778/966/837 793/967/838 640/987/856
f 778/966/837 819/937/812 818/936/811
f 1151/1598/921 658/1033/898 640/987/856 1139/993/855
f 784/996/863 781/965/836 637/1054/915
f 785/974/845 783/970/841 651/975/846
f 780/988/857 635/951/823 819/937/812
f 655/1082/938 646/964/835 645/1008/873 654/973/844
f 788/995/862 647/997/864 648/991/821
f 659/1020/885 649/989/858 778/966/837 658/1033/898
f 655/1082/938 656/1030/895 637/1054/915 646/964/835
f 790/1007/872 787/959/830 644/971/842
f 657/1039/859 648/991/821 647/997/864 668/1077/934
f 791/981/851 648/1599/821 638/948/820
f 654/983/844 1149/972/843 664/984/853
f 659/1020/885 660/1022/887 650/969/840 649/989/858
f 668/1077/934 647/997/864 784/996/863 656/1030/895
f 794/963/834 645/1008/873 646/964/835
f 1019/999/866 642/1001/868 641/980/850 663/1035/900
f 795/961/832 792/982/852 638/948/820
f 781/965/836 646/964/835 637/1054/915
f 782/968/839 780/988/857 649/989/858
f 783/970/841 650/969/840 651/975/846
f 791/981/851 788/995/862 648/991/821
f 786/958/829 779/1005/871 642/1001/868
f 797/998/865 796/1003/870 639/1002/869
f 789/978/849 641/980/850 642/1001/868
f 790/1007/872 644/1600/842 645/1008/873
f 739/1012/877 749/1320/1099 1064/1013/878
f 672/1015/880 671/1104/899 685/1016/881
f 1013/977/848 1129/1040/904 643/1010/875
f 668/1077/934 656/1030/895 667/1032/897
f 795/961/832 1142/960/831 1131/1023/888
f 661/1074/932 660/1022/887 675/1068/927
f 656/1030/895 655/1082/938 666/1031/896
f 662/1076/933 676/1075/906 677/1044/908
f 658/1033/898 1151/1061/921 671/1034/899
f 663/1035/900 677/1044/908 678/1036/901
f 1137/992/860 1132/994/861 1136/1601/1227
f 1131/1023/888 989/237/209 1218/1045/210
f 676/1042/906 690/1602/960 691/1043/907
f 662/1597/933 652/979/847 651/975/846 661/1074/932
f 10/1053/39 950/1434/1179 949/61/58
f 1135/1024/889 1219/1027/892 1086/1056/142
f 1153/463/400 1142/960/831 1144/962/833
f 1136/1601/1227 1150/1105/954 1137/992/860
f 1038/1062/922 1022/1132/976 1169/1063/923
f 672/1015/880 686/1017/882 687/1058/918
f 1078/1086/939 1131/1023/888 1002/121/107
f 1136/1601/1227 1132/994/861 1154/1029/894
f 680/1098/948 665/1083/854 1021/1019/884
f 692/1073/931 691/1043/907 703/1142/984
f 674/1021/886 673/1046/909 687/1058/918
f 1137/992/860 1150/1105/954 1151/1061/921
f 659/1020/885 673/1046/909 674/1021/886
f 674/1021/886 688/1066/925 689/1067/926
f 678/1036/901 677/1044/908 691/1043/907
f 676/1042/906 675/1068/927 690/1112/960
f 660/1022/887 674/1021/886 675/1068/927
f 661/1074/932 675/1068/927 676/1075/906
f 1149/972/843 1141/474/409 1152/870/750
f 663/1035/900 662/1597/933 677/1044/908
f 657/990/859 1145/1038/903 1138/950/822
f 654/973/844 665/985/854 666/1031/896
f 1142/960/831 1011/122/108 1002/121/107
f 1010/1161/911 1223/1603/944 1003/1087/940
f 1143/1079/935 1019/999/866 1016/1110/958
f 1146/1089/941 1144/962/833 1145/1038/903
f 692/1073/931 703/1142/984 693/1171/1000
f 1018/1099/949 1154/1029/894 1015/1100/950
f 688/1066/925 687/1058/918 699/1102/952
f 701/1107/955 700/1103/953 711/1178/1004
f 1018/1099/949 1160/1136/979 671/1104/899
f 689/1067/926 688/1066/925 700/1103/953
f 1159/1101/951 1015/1100/950 1158/1108/956
f 691/1043/907 702/1140/961 703/1142/984
f 686/1017/882 685/1135/881 697/1119/966
f 669/1037/902 1156/1159/994 1014/1123/968
f 665/985/854 680/1098/948 1163/1059/919
f 1150/1105/954 1136/1601/1227 1154/1029/894
f 670/1126/970 1012/1055/916 1147/1094/945
f 668/1077/934 667/1032/897 682/1069/928
f 10/40/39 42/39/38 43/45/43
f 1024/1134/978 1173/1176/1003 685/1135/881
f 1170/1111/959 681/1060/920 1163/1059/919
f 710/1137/980 709/1145/987 717/1138/981
f 1164/1115/962 682/1069/928 1170/1111/959
f 698/1057/917 697/1205/966 709/1145/987
f 1155/1122/967 1016/1110/958 1020/1148/988
f 702/1114/961 701/1113/955 712/1183/1008
f 700/1103/953 710/1137/980 711/1178/1004
f 1160/1136/979 1018/1099/949 1159/1101/951
f 687/1058/918 698/1057/917 699/1102/952
f 1157/1155/946 684/1133/977 1022/1132/976
f 1158/1108/956 670/1126/970 1026/1157/992
f 1020/1148/988 692/1073/931 693/1171/1000
f 1022/1132/976 1038/1062/922 1023/1109/957
f 1024/1134/978 1159/1101/951 1023/1109/957
f 748/1311/1091 757/1323/1102 758/1358/1133
f 693/1171/1000 704/1196/1017 705/1172/1001
f 1165/939/813 1046/1158/993 1194/141/126
f 1165/939/813 998/235/125 1175/1146/986
f 711/1178/1004 710/1137/980 718/1139/982
f 696/1188/1012 1042/1210/1027 1031/1064/924
f 704/1196/1017 720/1192/1015 714/1197/1018
f 1045/1190/1014 1030/1143/985 1180/1187/998
f 1164/1115/962 1030/1143/985 1165/939/813
f 704/1196/1017 713/1141/983 720/1192/1015
f 702/1140/961 712/1183/1008 713/1141/983
f 1176/1081/937 696/1188/1012 1169/1063/923
f 1031/1064/924 1044/1604/1020 1032/1201/1022
f 1177/1151/753 1035/1149/989 1033/1173/1002
f 694/1240/1047 1033/1173/1002 1048/1189/1013
f 1174/1202/1023 1172/1167/997 1032/1201/1022
f 1174/1204/1023 1184/1203/1024 697/1205/966
f 693/1171/1000 703/1142/984 704/1196/1017
f 1173/1176/1003 1024/1134/978 1172/1167/997
f 1044/1199/1020 1031/1064/924 1042/1210/1027
f 8/7/7 944/1385/1146 943/1214/1030
f 715/1186/1011 1040/1267/1062 1190/1184/1009
f 5/1223/70 938/1404/1164 937/1224/1036
f 707/1227/1038 1047/1501/1222 1182/1228/1039
f 1055/1225/73 1113/139/124 1194/141/126
f 715/1186/1011 714/1197/1018 721/1238/1046
f 1195/1231/1041 1043/1198/1019 1051/1232/1042
f 1050/1218/1032 716/1128/972 723/1235/1043
f 719/1179/1005 725/1275/1066 726/1271/1064
f 714/1197/1018 720/1192/1015 727/1237/1045
f 718/1139/982 724/1244/1048 725/1275/1066
f 708/1200/1021 1051/1232/1042 1043/1198/1019
f 705/1172/1001 714/1197/1018 715/1186/1011
f 1195/1231/1041 1184/1203/1024 1043/1198/1019
f 1041/1605/1035 1182/1253/1039 1082/1219/1033
f 1041/1251/1035 1196/1260/1055 1039/1252/1040
f 707/1227/1038 1122/369/322 1047/1501/1222
f 706/1185/1010 705/1172/1001 715/1186/1011
f 1049/1130/974 1199/1265/1060 716/1128/972
f 717/1138/981 1050/1218/1032 1054/1236/1044
f 717/1138/981 1195/1231/1041 1050/1218/1032
f 721/1238/1046 728/1290/1078 733/1293/1063
f 726/1271/1064 732/1284/1075 736/1272/1065
f 722/1259/1054 721/1238/1046 733/1268/1063
f 727/1237/1045 736/1272/1065 728/1290/1078
f 715/1186/1011 722/1259/1054 1198/1263/1058
f 1049/1130/974 1196/1260/1055 1053/1261/1056
f 1196/1260/1055 1049/1130/974 1039/1606/1040
f 720/1192/1015 726/1271/1064 727/1237/1045
f 1039/1606/1040 1049/1130/974 1197/1129/973
f 731/1278/1069 1205/1298/1068 741/1279/1070
f 1053/1261/1056 1199/1265/1060 1049/1130/974
f 725/1275/1066 731/1278/1069 732/1284/1075
f 726/1271/1064 725/1275/1066 732/1284/1075
f 730/1258/1053 729/1299/1083 740/1281/1072
f 723/1235/1043 729/1299/1083 730/1258/1053
f 728/1290/1078 738/1309/1089 733/1293/1063
f 729/1297/1083 1204/1296/1061 1201/1316/1095
f 736/1607/1065 745/1608/1110 746/1313/1093
f 737/1292/1080 736/1272/1065 746/1313/1093
f 739/1012/877 733/1293/1063 738/1609/1089
f 732/1284/1075 745/1331/1110 736/1610/1065
f 1204/1296/1061 734/1262/1057 1060/1294/1081
f 1208/1014/879 734/1262/1057 739/1012/877
f 1209/1306/1087 1057/1257/1052 1061/1276/1067
f 7/57/54 38/56/53 22/8/8
f 743/1330/1109 752/1319/1098 753/1329/1108
f 12/82/76 44/113/75 28/1303/83
f 738/1309/1089 737/1292/1080 747/1310/1090
f 735/1295/1082 740/1281/1072 750/1283/1074
f 746/1313/1093 754/1324/1103 755/1314/1094
f 738/1309/1089 728/1290/1078 737/1292/1080
f 1211/1301/1084 1061/1276/1067 1066/1312/1092
f 735/1295/1082 730/1258/1053 740/1281/1072
f 731/1278/1069 742/1280/1071 743/1330/1109
f 744/1285/1076 731/1278/1069 743/1330/1109
f 741/1300/1070 751/1611/1085 752/1319/1098
f 749/1320/1099 758/1358/1133 1072/1321/1100
f 754/1324/1103 760/1328/1107 761/1342/1119
f 755/1314/1094 762/1325/1104 756/1322/1101
f 748/1311/1091 747/1310/1090 756/1322/1101
f 754/1324/1103 761/1342/1119 762/1325/1104
f 750/1283/1074 1210/1339/1073 1212/1326/1105
f 752/1319/1098 759/1357/1132 760/1328/1107
f 752/1319/1098 751/1302/1085 764/1612/1122
f 745/1331/1110 744/1285/1076 753/1329/1108
f 1206/1308/1088 1210/1339/1073 740/1281/1072
f 735/1295/1082 1066/1312/1092 1061/1276/1067
f 738/1309/1089 748/1613/1091 749/1320/1099
f 1065/1332/1111 1208/1014/879 1064/1013/878
f 1067/1327/1106 1212/1341/1105 774/1614/1125
f 1065/1332/1111 1062/1340/1118 1210/1339/1073
f 759/1357/1132 764/1345/1122 773/1337/1116
f 906/1215/1031 943/1214/1030 942/1346/1123
f 754/1324/1103 753/1329/1108 760/1328/1107
f 749/1320/1099 748/1311/1091 758/1358/1133
f 752/1319/1098 764/1345/1122 759/1357/1132
f 1213/1333/1112 1064/1013/878 1072/1321/1100
f 1063/1318/1097 1069/1344/1121 751/1302/1085
f 1067/1327/1106 774/1350/1125 763/1352/1127
f 763/1352/1127 1068/1355/1130 1067/1327/1106
f 762/1325/1104 766/1343/1120 756/1322/1101
f 760/1328/1107 765/1615/1117 761/1368/1119
f 763/1352/1127 775/1351/1126 776/1365/1137
f 771/1363/1135 769/1334/1113 768/1336/1115
f 1215/1356/1131 763/1352/1127 776/1365/1137
f 761/1368/1119 765/1615/1117 767/1367/1139
f 1072/1321/1100 1216/1361/1128 1071/1359/1134
f 757/1323/1102 756/1322/1101 768/1336/1115
f 774/1350/1125 1071/1359/1134 1217/1616/1129
f 758/1617/1133 757/1323/1102 768/1336/1115
f 768/1336/1115 1070/1335/1114 758/1617/1133
f 764/1345/1122 777/1366/1138 773/1337/1116
f 1216/1353/1128 1217/1354/1129 1071/1359/1134
f 775/1351/1126 769/1334/1113 771/1363/1135
f 771/1363/1135 770/1364/1136 767/1367/1139
f 777/1366/1138 776/1365/1137 772/1369/1140
f 630/954/818 824/952/824 787/959/830
f 634/934/809 797/998/865 793/967/838
f 814/933/808 633/932/807 796/1003/870
f 633/932/807 632/931/806 795/961/832
f 823/930/805 821/926/802 785/1372/845
f 631/957/828 788/995/862 791/1373/851
f 822/943/815 636/953/825 779/1005/871
f 632/931/806 826/928/804 792/982/852
f 631/957/828 816/947/819 784/996/863
f 815/925/801 635/951/823 782/968/839
f 826/928/804 825/1374/803 791/1373/851
f 586/877/757 599/867/747 614/920/797
f 602/1375/771 601/888/767 813/945/817
f 975/1440/1192 960/1475/1212 961/1479/1216 976/1618/1193
f 636/953/825 823/930/805 789/978/849
f 913/60/57 9/66/55 24/108/62
f 517/1380/1142 536/806/697 537/812/703
f 523/821/708 541/795/688 542/777/670
f 519/786/679 538/830/715 539/808/699
f 519/786/679 518/817/705 537/812/703
f 487/712/612 499/754/648 500/715/614
f 278/421/366 316/493/427 298/495/429
f 923/1381/1143 924/1392/1152 876/1382/1144
f 909/1384/61 945/64/60 944/1385/1146
f 954/1386/1147 923/1381/1143 874/1383/1145
f 926/1388/2 879/1619/1188 877/1389/1149
f 878/1391/1151 925/1390/1150 924/1392/1152
f 927/1393/1153 928/1429/1184 983/1394/1154
f 929/435/378 930/440/382 885/1396/1156
f 895/41/40 898/1620/49 937/1224/1036
f 931/439/381 932/1430/1185 888/1398/1158
f 933/442/383 934/1435/418 892/1400/1160
f 935/456/393 936/455/392 896/1402/1162
f 938/1404/1164 899/1437/1189 897/1405/1165
f 940/1406/1166 902/1438/1190 900/1407/1167
f 941/1409/1169 942/1425/1123 904/1410/1170
f 878/1391/1151 1/90/82 13/92/84
f 943/1214/1030 944/1385/1146 907/1412/1172
f 5/76/70 36/104/69 20/1414/94
f 945/64/60 946/59/56 911/1415/1174
f 947/1417/1176 948/62/59 914/1418/1177
f 950/1420/1179 917/1621/1186 915/1421/1180
f 12/82/76 875/1622/1086 923/1381/1143
f 952/1422/1181 920/119/105 918/1423/1182
f 942/1425/1123 943/1214/1030 905/1413/1173
f 945/64/60 908/1416/1175 907/1412/1172
f 921/1427/74 953/1432/1187 952/1422/1181
f 946/59/56 947/1417/1176 912/1419/1178
f 883/1428/16 929/435/378 928/1429/1184
f 949/61/58 915/1421/1180 914/1418/1177
f 875/1304/1086 1/1623/82 924/1392/1152
f 890/23/22 933/442/383 932/1430/1185
f 951/1424/1183 918/1423/1182 917/1431/1186
f 925/1390/1150 877/1389/1149 876/1382/1144
f 953/1432/1187 922/120/106 920/119/105
f 927/1393/1153 880/1395/1155 879/1433/1188
f 919/1131/975 951/1424/1183 950/1434/1179
f 953/1432/1187 954/1386/1147 962/1387/1148
f 5/76/70 901/1624/77 939/1408/1168
f 928/1429/1184 929/435/378 882/1397/1157
f 930/440/382 931/439/381 886/1399/1159
f 932/1430/1185 933/442/383 889/1401/1161
f 934/1435/418 935/456/393 893/1403/1163
f 887/22/21 4/1625/26 932/1430/1185
f 937/1224/1036 897/1405/1165 896/1402/1162
f 939/1408/1168 900/1407/1167 899/1437/1189
f 941/1409/1169 972/1411/1171 902/1438/1190
f 975/1440/1192 976/1618/1193 897/1405/1165
f 988/1441/1191 963/1626/1210 874/1383/1145
f 966/1443/1194 967/1627/1195 915/1421/1180
f 976/1445/1193 977/1628/1196 893/1403/1163
f 967/1446/1195 968/1629/1198 914/1418/1177
f 977/1447/1196 979/1451/1199 892/1448/1160
f 1181/1245/284 1103/211/185 996/1191/453
f 968/1452/1198 969/1474/1200 911/1415/1174
f 979/1453/1199 980/1630/1201 888/1398/1158
f 969/1454/1200 970/1631/1202 908/1416/1175
f 980/1457/1201 981/1632/1203 885/1396/1156
f 970/1458/1202 971/1633/1204 905/1413/1173
f 981/1462/1203 985/1634/1206 983/1394/1154
f 904/1461/1170 971/1460/1204 973/1463/1205
f 880/1395/1155 985/1635/1206 986/1466/1207
f 902/1438/1190 973/1636/1205 974/1468/1208
f 986/1466/1207 988/1637/1191 877/1389/1149
f 974/1469/1208 975/1638/1192 899/1437/1189
f 955/70/64 959/1470/1209 960/1475/1212
f 918/1423/1182 965/1639/1211 966/1443/1194
f 963/1640/1210 962/1387/1148 874/1383/1145
f 965/1473/1211 964/118/104 959/1470/1209
f 964/1471/104 922/120/106 962/1387/1148
f 9/66/55 913/1641/57 948/62/59
f 966/1443/1194 965/1639/1211 955/70/64
f 967/1627/1195 966/1443/1194 955/70/64
f 7/1347/54 942/1346/1123 941/1409/1169
f 956/69/63 968/1629/1198 967/1446/1195
f 969/1474/1200 968/1452/1198 956/69/63
f 970/1631/1202 969/1454/1200 957/71/65
f 957/71/65 971/1633/1204 970/1458/1202
f 973/1463/1205 971/1460/1204 960/1475/1212
f 901/83/77 6/1642/78 940/1406/1166
f 2/3/3 926/2/2 925/1390/1150
f 960/1475/1212 974/1468/1208 973/1636/1205
f 960/1475/1212 975/1638/1192 974/1469/1208
f 961/1479/1216 977/1628/1196 976/1445/1193
f 961/1479/1216 979/1451/1199 977/1447/1196
f 980/1630/1201 979/1453/1199 978/1478/1215
f 958/1477/1214 981/1632/1203 980/1457/1201
f 958/1477/1214 985/1634/1206 981/1462/1203
f 12/1480/76 954/1386/1147 953/1432/1187
f 960/1475/1212 958/1477/1214 961/1479/1216
f 986/1466/1207 985/1635/1206 987/1476/1213
f 988/1637/1191 986/1466/1207 987/1476/1213
f 11/72/66 26/48/45 27/165/146
f 963/1626/1210 988/1441/1191 959/1470/1209
f 6/84/78 903/53/50 941/1409/1169
f 1087/35/34 1102/320/279 1125/368/321
f 820/955/826 630/954/818 794/963/834
f 1110/1165/996 1021/1019/884 1025/1018/883
f 1110/1165/996 1055/79/73 1095/330/288
f 1116/331/289 1055/79/73 1103/211/185
f 1116/331/289 1115/676/584 1178/480/415
f 982/371/324 984/370/323 1087/35/34
f 818/936/811 634/934/809 793/967/838
f 3/50/47 15/49/46 31/101/91
f 8/7/7 39/9/9 23/1492/14
f 4/27/26 33/26/25 17/110/97
f 1077/161/143 1086/160/142 1219/1027/892
f 1099/1180/1006 1087/35/34 1123/1494/1218
f 1127/1502/585 1096/1643/1026 1028/678/586
f 1008/462/399 1224/1449/1197 1153/463/400
f 1102/320/279 1124/1644/942 1155/1645/967
f 1125/368/321 1034/4/4 1037/1217/1029
f 1121/1496/1219 1007/12/12 1082/1219/1033
f 1004/1486/995 1005/1485/723 1087/35/34
f 881/1/1 3/50/47 928/1429/1184
f 1221/1071/929 1220/1047/910 982/1491/324
f 1100/128/113 994/1646/207 1112/697/208
f 998/140/125 1113/698/124 1112/697/208
f 1001/173/151 1090/838/722 1108/174/152
f 1105/1647/72 1073/115/101 1059/117/103
f 1105/1648/72 989/237/209 1073/115/101
f 1089/1286/1077 1090/1288/722 1001/1484/151
f 1006/1649/1217 1059/1650/103 1161/1154/991
f 1085/116/102 992/123/109 1059/117/103
f 1073/115/101 1078/1086/939 1085/116/102
f 1220/1047/910 993/372/325 982/371/324
f 1126/36/35 1087/35/34 1099/1180/1006
f 1097/10/10 1227/207/181 1191/11/11
f 1168/1097/947 1028/1524/586 695/1117/964
f 1125/368/321 1088/1500/1221 1123/1494/1218
f 1034/4/4 1225/1213/6 1037/1217/1029
f 11/72/66 952/1422/1181 951/1424/1183
f 866/397/347 296/483/417 297/420/365
f 1087/35/34 1003/1087/940 1094/1497/1220
f 745/1331/1110 732/1284/1075 744/1285/1076
f 1058/956/827 1148/1651/33 1086/1521/142
f 77/151/136 101/216/190 121/187/163
f 223/378/331 222/343/299 242/391/341
f 241/364/317 261/445/385 864/431/375
f 261/1518/385 278/421/366 279/457/394
f 266/433/377 862/1652/362 284/429/373
f 316/493/427 315/505/439 333/468/405
f 342/546/468 360/556/478 361/565/486
f 352/536/459 389/589/507 371/591/509
f 416/653/562 848/646/557 852/666/575
f 548/803/694 806/853/735 811/868/748
f 668/1077/934 682/1069/928 683/1116/963
f 1156/1159/994 669/1078/902 683/1116/963
f 1147/1094/945 1026/1157/992 670/1126/970
f 1172/1167/997 1023/1109/957 1171/1170/999
f 1184/1203/1024 1032/1201/1022 1044/1199/1020
f 1047/1501/1222 1082/1219/1033 1182/1253/1039
f 634/934/809 814/933/808 797/998/865
f 772/1369/1140 767/1367/1139 773/1337/1116
f 531/784/677 549/1587/695 550/789/682
f 872/400/350 290/479/414 291/447/386
f 1135/1024/889 1130/1025/890 1219/1027/892
o Piece_04.005
v 0.019840 0.015199 0.006954
v 0.017273 0.012507 -0.009098
v 0.057019 0.057700 0.057846
v 0.032270 0.037021 -0.070400
v 0.411726 0.001571 0.134390
v 0.410301 -0.000135 0.124415
v 0.209317 0.033485 0.005228
v 0.243394 0.047217 0.108677
v -0.019840 0.015199 0.006954
v -0.017273 0.012507 -0.009098
v -0.057019 0.057700 0.057846
v -0.032270 0.037021 -0.070400
v -0.411726 0.001571 0.134390
v -0.410301 -0.000135 0.124415
v -0.209317 0.033485 0.005228
v -0.243394 0.047217 0.108677
v 0.027685 0.009016 0.006470
v 0.025118 0.006324 -0.009582
v 0.058160 0.047853 0.059166
v 0.035246 0.027519 -0.069471
v 0.408873 -0.007766 0.136554
v 0.407448 -0.009472 0.126579
v 0.207869 0.023760 0.007053
v 0.241162 0.037681 0.110696
v -0.027685 0.009016 0.006470
v -0.025118 0.006324 -0.009582
v -0.058160 0.047853 0.059166
v -0.035246 0.027519 -0.069471
v -0.408873 -0.007766 0.136554
v -0.407448 -0.009472 0.126579
v -0.207869 0.023760 0.007053
v -0.241162 0.037681 0.110696
vn -0.7845 0.6183 0.0484
vn 0.2853 0.9337 -0.2164
vn 0.0971 0.9806 -0.1703
vn 0.7845 0.6183 0.0484
vn -0.2853 0.9337 -0.2164
vn -0.0971 0.9806 -0.1703
vn 0.8240 -0.5639 -0.0554
vn -0.2854 -0.9338 0.2157
vn -0.0991 -0.9807 0.1686
vn -0.8240 -0.5639 -0.0554
vn 0.2854 -0.9338 0.2157
vn 0.0991 -0.9807 0.1686
vn -0.5946 -0.7720 0.2246
vn -0.7629 -0.5366 -0.3605
vn -0.6511 -0.3293 0.6838
vn 0.9476 -0.3087 -0.0826
vn 0.3953 -0.0994 -0.9132
vn -0.0842 0.2372 0.9678
vn 0.4566 -0.2798 -0.8445
vn -0.2535 0.1780 0.9508
vn 0.5946 -0.7720 0.2246
vn 0.7629 -0.5366 -0.3605
vn 0.6511 -0.3293 0.6838
vn -0.9476 -0.3087 -0.0826
vn -0.3953 -0.0994 -0.9132
vn 0.0842 0.2372 0.9678
vn -0.4566 -0.2798 -0.8445
vn 0.2535 0.1780 0.9508
vt 0.000000 0.000000
s 0
usemtl Black_Player.001
f 1229/1653/1228 1228/1653/1228 1230/1653/1228 1231/1653/1228
f 1234/1653/1229 1235/1653/1229 1232/1653/1229 1233/1653/1229
f 1231/1653/1230 1230/1653/1230 1235/1653/1230 1234/1653/1230
f 1237/1653/1231 1239/1653/1231 1238/1653/1231 1236/1653/1231
f 1242/1653/1232 1241/1653/1232 1240/1653/1232 1243/1653/1232
f 1239/1653/1233 1242/1653/1233 1243/1653/1233 1238/1653/1233
f 1245/1653/1234 1247/1653/1234 1246/1653/1234 1244/1653/1234
f 1250/1653/1235 1249/1653/1235 1248/1653/1235 1251/1653/1235
f 1247/1653/1236 1250/1653/1236 1251/1653/1236 1246/1653/1236
f 1253/1653/1237 1252/1653/1237 1254/1653/1237 1255/1653/1237
f 1258/1653/1238 1259/1653/1238 1256/1653/1238 1257/1653/1238
f 1255/1653/1239 1254/1653/1239 1259/1653/1239 1258/1653/1239
f 1228/1653/1240 1229/1653/1240 1245/1653/1240 1244/1653/1240
f 1229/1653/1241 1231/1653/1241 1247/1653/1241 1245/1653/1241
f 1230/1653/1242 1228/1653/1242 1244/1653/1242 1246/1653/1242
f 1233/1653/1243 1232/1653/1243 1248/1653/1243 1249/1653/1243
f 1231/1653/1244 1234/1653/1244 1250/1653/1244 1247/1653/1244
f 1232/1653/1245 1235/1653/1245 1251/1653/1245 1248/1653/1245
f 1234/1653/1246 1233/1653/1246 1249/1653/1246 1250/1653/1246
f 1235/1653/1247 1230/1653/1247 1246/1653/1247 1251/1653/1247
f 1237/1653/1248 1236/1653/1248 1252/1653/1248 1253/1653/1248
f 1239/1653/1249 1237/1653/1249 1253/1653/1249 1255/1653/1249
f 1236/1653/1250 1238/1653/1250 1254/1653/1250 1252/1653/1250
f 1240/1653/1251 1241/1653/1251 1257/1653/1251 1256/1653/1251
f 1242/1653/1252 1239/1653/1252 1255/1653/1252 1258/1653/1252
f 1243/1653/1253 1240/1653/1253 1256/1653/1253 1259/1653/1253
f 1241/1653/1254 1242/1653/1254 1258/1653/1254 1257/1653/1254
f 1238/1653/1255 1243/1653/1255 1259/1653/1255 1254/1653/1255
