# Blender 4.0.2
# www.blender.org
mtllib chess_Q.mtl
o Piece_05.002
v 0.004440 0.006106 0.069347
v 0.017869 0.006356 0.067129
v 0.030606 0.006616 0.062334
v 0.042163 0.006877 0.055145
v 0.052096 0.007128 0.045839
v 0.060022 0.007361 0.034774
v 0.065636 0.007565 0.022375
v 0.068725 0.007733 0.009118
v 0.069167 0.007859 -0.004487
v 0.066948 0.007937 -0.017917
v 0.062151 0.007965 -0.030657
v 0.054961 0.007942 -0.042216
v 0.045655 0.007869 -0.052151
v 0.034590 0.007747 -0.060079
v 0.022191 0.007583 -0.065697
v 0.008935 0.007382 -0.068787
v -0.004668 0.007152 -0.069232
v -0.018097 0.006903 -0.067014
v -0.030834 0.006642 -0.062219
v -0.042391 0.006381 -0.055030
v -0.052323 0.006130 -0.045724
v -0.060249 0.005898 -0.034659
v -0.065864 0.005693 -0.022260
v -0.068952 0.005525 -0.009003
v -0.069395 0.005400 0.004602
v -0.067175 0.005321 0.018032
v -0.062379 0.005293 0.030772
v -0.055189 0.005316 0.042331
v -0.045883 0.005390 0.052266
v -0.034818 0.005511 0.060194
v -0.022419 0.005675 0.065812
v -0.009163 0.005876 0.068902
v 0.004614 0.009759 0.072976
v 0.018739 0.010022 0.070643
v 0.032138 0.010296 0.065598
v 0.044295 0.010571 0.058036
v 0.054743 0.010835 0.048248
v 0.063080 0.011079 0.036608
v 0.068986 0.011294 0.023565
v 0.072235 0.011471 0.009620
v 0.072700 0.011603 -0.004691
v 0.070366 0.011686 -0.018818
v 0.065320 0.011716 -0.032219
v 0.057757 0.011691 -0.044379
v 0.047968 0.011614 -0.054829
v 0.036328 0.011486 -0.063169
v 0.023286 0.011314 -0.069078
v 0.009342 0.011102 -0.072329
v -0.004968 0.010861 -0.072797
v -0.019093 0.010598 -0.070464
v -0.032492 0.010324 -0.065419
v -0.044649 0.010049 -0.057857
v -0.055097 0.009785 -0.048069
v -0.063434 0.009541 -0.036429
v -0.069340 0.009326 -0.023386
v -0.072589 0.009149 -0.009441
v -0.073055 0.009017 0.004870
v -0.070720 0.008934 0.018997
v -0.065674 0.008904 0.032398
v -0.058111 0.008929 0.044558
v -0.048322 0.009006 0.055008
v -0.036682 0.009134 0.063348
v -0.023640 0.009306 0.069257
v -0.009696 0.009518 0.072508
v 0.004581 0.014212 0.073685
v 0.018837 0.014478 0.071330
v 0.032359 0.014754 0.066240
v 0.044627 0.015031 0.058608
v 0.055171 0.015298 0.048729
v 0.063585 0.015545 0.036983
v 0.069546 0.015761 0.023820
v 0.072824 0.015940 0.009747
v 0.073294 0.016073 -0.004696
v 0.070938 0.016157 -0.018954
v 0.065846 0.016187 -0.032478
v 0.058213 0.016162 -0.044749
v 0.048334 0.016084 -0.055296
v 0.036587 0.015955 -0.063712
v 0.023425 0.015781 -0.069676
v 0.009353 0.015568 -0.072956
v -0.005088 0.015324 -0.073429
v -0.019344 0.015059 -0.071074
v -0.032866 0.014782 -0.065983
v -0.045135 0.014505 -0.058352
v -0.055679 0.014238 -0.048473
v -0.064093 0.013992 -0.036726
v -0.070053 0.013775 -0.023564
v -0.073332 0.013596 -0.009490
v -0.073802 0.013463 0.004953
v -0.071445 0.013380 0.019210
v -0.066353 0.013350 0.032734
v -0.058721 0.013374 0.045005
v -0.048841 0.013452 0.055552
v -0.037095 0.013581 0.063969
v -0.023933 0.013755 0.069932
v -0.009860 0.013969 0.073213
v 0.004311 0.017659 0.070499
v 0.017943 0.017912 0.068247
v 0.030874 0.018177 0.063379
v 0.042606 0.018442 0.056081
v 0.052689 0.018697 0.046634
v 0.060735 0.018933 0.035401
v 0.066435 0.019140 0.022814
v 0.069570 0.019311 0.009356
v 0.070020 0.019438 -0.004455
v 0.067766 0.019518 -0.018090
v 0.062897 0.019547 -0.031022
v 0.055598 0.019523 -0.042757
v 0.046151 0.019448 -0.052843
v 0.034918 0.019325 -0.060891
v 0.022331 0.019159 -0.066594
v 0.008874 0.018955 -0.069731
v -0.004936 0.018722 -0.070183
v -0.018568 0.018468 -0.067931
v -0.031499 0.018203 -0.063063
v -0.043231 0.017939 -0.055765
v -0.053314 0.017683 -0.046318
v -0.061360 0.017448 -0.035085
v -0.067060 0.017240 -0.022498
v -0.070195 0.017070 -0.009040
v -0.070645 0.016942 0.004771
v -0.068391 0.016862 0.018405
v -0.063522 0.016834 0.031338
v -0.056223 0.016857 0.043073
v -0.046776 0.016932 0.053158
v -0.035543 0.017055 0.061207
v -0.022956 0.017222 0.066910
v -0.009499 0.017425 0.070047
v 0.003968 0.020188 0.065960
v 0.016717 0.020425 0.063855
v 0.028809 0.020673 0.059302
v 0.039781 0.020920 0.052477
v 0.049210 0.021159 0.043643
v 0.056735 0.021379 0.033138
v 0.062065 0.021573 0.021367
v 0.064997 0.021733 0.008781
v 0.065417 0.021852 -0.004135
v 0.063310 0.021927 -0.016885
v 0.058756 0.021954 -0.028979
v 0.051931 0.021932 -0.039953
v 0.043096 0.021862 -0.049385
v 0.032591 0.021747 -0.056912
v 0.020820 0.021591 -0.062245
v 0.008236 0.021400 -0.065179
v -0.004679 0.021182 -0.065601
v -0.017427 0.020945 -0.063495
v -0.029520 0.020697 -0.058943
v -0.040492 0.020450 -0.052118
v -0.049921 0.020211 -0.043284
v -0.057445 0.019991 -0.032779
v -0.062776 0.019797 -0.021008
v -0.065708 0.019637 -0.008422
v -0.066128 0.019518 0.004494
v -0.064021 0.019443 0.017244
v -0.059467 0.019416 0.029339
v -0.052641 0.019438 0.040313
v -0.043806 0.019508 0.049744
v -0.033302 0.019623 0.057271
v -0.021531 0.019779 0.062604
v -0.008946 0.019970 0.065538
v 0.003968 0.020188 0.065960
v 0.016717 0.020425 0.063855
v 0.028809 0.020673 0.059302
v 0.039781 0.020920 0.052477
v 0.049210 0.021159 0.043643
v 0.056735 0.021379 0.033138
v 0.062065 0.021573 0.021367
v 0.064997 0.021733 0.008781
v 0.065417 0.021852 -0.004135
v 0.063310 0.021927 -0.016885
v 0.058756 0.021954 -0.028979
v 0.051931 0.021932 -0.039953
v 0.043096 0.021862 -0.049385
v 0.032591 0.021747 -0.056912
v 0.020820 0.021591 -0.062245
v 0.008236 0.021400 -0.065179
v -0.004679 0.021182 -0.065601
v -0.017427 0.020945 -0.063495
v -0.029520 0.020697 -0.058943
v -0.040492 0.020450 -0.052118
v -0.049921 0.020211 -0.043284
v -0.057445 0.019991 -0.032779
v -0.062776 0.019797 -0.021008
v -0.065708 0.019637 -0.008422
v -0.066128 0.019518 0.004494
v -0.064021 0.019443 0.017244
v -0.059467 0.019416 0.029339
v -0.052641 0.019438 0.040313
v -0.043806 0.019508 0.049744
v -0.033302 0.019623 0.057271
v -0.021531 0.019779 0.062604
v -0.008946 0.019970 0.065538
v 0.003850 0.020569 0.064261
v 0.016269 0.020800 0.062210
v 0.028048 0.021041 0.057775
v 0.038736 0.021282 0.051127
v 0.047921 0.021515 0.042521
v 0.055251 0.021730 0.032288
v 0.060444 0.021918 0.020822
v 0.063300 0.022074 0.008562
v 0.063709 0.022190 -0.004020
v 0.061656 0.022263 -0.016440
v 0.057220 0.022289 -0.028222
v 0.050571 0.022267 -0.038912
v 0.041965 0.022199 -0.048099
v 0.031732 0.022087 -0.055431
v 0.020266 0.021935 -0.060626
v 0.008007 0.021750 -0.063484
v -0.004573 0.021537 -0.063895
v -0.016992 0.021306 -0.061844
v -0.028772 0.021065 -0.057410
v -0.039459 0.020824 -0.050761
v -0.048645 0.020591 -0.042156
v -0.055974 0.020377 -0.031923
v -0.061167 0.020188 -0.020456
v -0.064023 0.020032 -0.008196
v -0.064432 0.019916 0.004385
v -0.062379 0.019844 0.016806
v -0.057943 0.019817 0.028587
v -0.051294 0.019839 0.039277
v -0.042688 0.019907 0.048465
v -0.032455 0.020019 0.055797
v -0.020989 0.020171 0.060992
v -0.008730 0.020357 0.063850
v 0.003863 0.022064 0.064861
v 0.016395 0.022298 0.062791
v 0.028283 0.022541 0.058316
v 0.039068 0.022784 0.051607
v 0.048338 0.023019 0.042922
v 0.055735 0.023235 0.032596
v 0.060975 0.023426 0.021024
v 0.063857 0.023583 0.008652
v 0.064270 0.023700 -0.004045
v 0.062199 0.023774 -0.016579
v 0.057722 0.023800 -0.028469
v 0.051012 0.023778 -0.039257
v 0.042327 0.023710 -0.048528
v 0.032000 0.023596 -0.055928
v 0.020429 0.023443 -0.061170
v 0.008058 0.023256 -0.064054
v -0.004638 0.023041 -0.064469
v -0.017170 0.022808 -0.062399
v -0.029058 0.022565 -0.057924
v -0.039843 0.022322 -0.051215
v -0.049113 0.022087 -0.042530
v -0.056509 0.021870 -0.032204
v -0.061750 0.021680 -0.020632
v -0.064632 0.021523 -0.008260
v -0.065045 0.021405 0.004437
v -0.062973 0.021332 0.016971
v -0.058497 0.021306 0.028860
v -0.051787 0.021327 0.039648
v -0.043102 0.021396 0.048920
v -0.032775 0.021509 0.056319
v -0.021204 0.021662 0.061562
v -0.008833 0.021850 0.064446
v 0.003897 0.025190 0.066228
v 0.016689 0.025428 0.064115
v 0.028823 0.025676 0.059547
v 0.039832 0.025925 0.052699
v 0.049293 0.026164 0.043834
v 0.056843 0.026385 0.033294
v 0.062192 0.026580 0.021483
v 0.065134 0.026740 0.008854
v 0.065556 0.026860 -0.004106
v 0.063441 0.026934 -0.016900
v 0.058872 0.026961 -0.029035
v 0.052023 0.026939 -0.040047
v 0.043158 0.026869 -0.049510
v 0.032617 0.026754 -0.057063
v 0.020807 0.026597 -0.062414
v 0.008179 0.026406 -0.065358
v -0.004780 0.026187 -0.065782
v -0.017572 0.025949 -0.063669
v -0.029705 0.025701 -0.059101
v -0.040714 0.025452 -0.052253
v -0.050176 0.025213 -0.043388
v -0.057726 0.024992 -0.032848
v -0.063075 0.024797 -0.021036
v -0.066016 0.024637 -0.008408
v -0.066438 0.024517 0.004552
v -0.064324 0.024443 0.017346
v -0.059754 0.024416 0.029481
v -0.052905 0.024438 0.040493
v -0.044040 0.024508 0.049957
v -0.033500 0.024623 0.057509
v -0.021689 0.024780 0.062860
v -0.009062 0.024971 0.065804
v 0.003910 0.031856 0.068234
v 0.017080 0.032101 0.066058
v 0.029572 0.032356 0.061356
v 0.040906 0.032612 0.054306
v 0.050646 0.032859 0.045179
v 0.058419 0.033086 0.034328
v 0.063926 0.033286 0.022168
v 0.066954 0.033451 0.009167
v 0.067388 0.033575 -0.004176
v 0.065212 0.033652 -0.017347
v 0.060507 0.033679 -0.029841
v 0.053456 0.033657 -0.041177
v 0.044330 0.033584 -0.050920
v 0.033478 0.033466 -0.058695
v 0.021319 0.033305 -0.064204
v 0.008319 0.033108 -0.067235
v -0.005022 0.032882 -0.067671
v -0.018192 0.032637 -0.065496
v -0.030684 0.032382 -0.060793
v -0.042018 0.032126 -0.053743
v -0.051758 0.031879 -0.044617
v -0.059531 0.031651 -0.033766
v -0.065038 0.031451 -0.021606
v -0.068066 0.031286 -0.008605
v -0.068500 0.031163 0.004738
v -0.066324 0.031086 0.017909
v -0.061619 0.031058 0.030403
v -0.054568 0.031081 0.041739
v -0.045442 0.031153 0.051482
v -0.034590 0.031272 0.059258
v -0.022431 0.031433 0.064767
v -0.009431 0.031630 0.067797
v 0.003801 0.038671 0.068408
v 0.016993 0.038917 0.066229
v 0.029506 0.039173 0.061518
v 0.040859 0.039429 0.054456
v 0.050616 0.039676 0.045315
v 0.058402 0.039904 0.034445
v 0.063918 0.040105 0.022264
v 0.066952 0.040270 0.009241
v 0.067387 0.040393 -0.004124
v 0.065206 0.040471 -0.017318
v 0.060494 0.040498 -0.029833
v 0.053431 0.040476 -0.041188
v 0.044289 0.040403 -0.050948
v 0.033419 0.040284 -0.058736
v 0.021239 0.040123 -0.064255
v 0.008217 0.039926 -0.067291
v -0.005147 0.039700 -0.067728
v -0.018339 0.039454 -0.065549
v -0.030852 0.039198 -0.060838
v -0.042205 0.038942 -0.053776
v -0.051962 0.038695 -0.044634
v -0.059748 0.038467 -0.033764
v -0.065264 0.038266 -0.021584
v -0.068298 0.038101 -0.008561
v -0.068733 0.037978 0.004805
v -0.066552 0.037901 0.017998
v -0.061840 0.037873 0.030513
v -0.054777 0.037896 0.041869
v -0.045635 0.037968 0.051628
v -0.034765 0.038087 0.059417
v -0.022585 0.038248 0.064935
v -0.009563 0.038446 0.067971
v 0.003441 0.044836 0.064582
v 0.015881 0.045067 0.062528
v 0.027680 0.045309 0.058085
v 0.038387 0.045550 0.051426
v 0.047588 0.045783 0.042805
v 0.054930 0.045998 0.032555
v 0.060132 0.046187 0.021068
v 0.062992 0.046343 0.008787
v 0.063403 0.046460 -0.003816
v 0.061346 0.046532 -0.016258
v 0.056903 0.046558 -0.028060
v 0.050242 0.046537 -0.038768
v 0.041621 0.046469 -0.047972
v 0.031371 0.046357 -0.055316
v 0.019885 0.046204 -0.060520
v 0.007605 0.046018 -0.063383
v -0.004997 0.045805 -0.063795
v -0.017438 0.045574 -0.061741
v -0.029237 0.045333 -0.057298
v -0.039944 0.045091 -0.050639
v -0.049145 0.044858 -0.042018
v -0.056487 0.044643 -0.031767
v -0.061689 0.044454 -0.020281
v -0.064549 0.044298 -0.008000
v -0.064960 0.044182 0.004603
v -0.062903 0.044109 0.017045
v -0.058460 0.044083 0.028847
v -0.051799 0.044104 0.039555
v -0.043178 0.044172 0.048759
v -0.032928 0.044285 0.056103
v -0.021442 0.044437 0.061307
v -0.009162 0.044623 0.064170
v 0.002936 0.050608 0.058454
v 0.014179 0.050818 0.056597
v 0.024843 0.051036 0.052583
v 0.034519 0.051254 0.046564
v 0.042834 0.051465 0.038773
v 0.049470 0.051659 0.029509
v 0.054171 0.051830 0.019128
v 0.056757 0.051971 0.008029
v 0.057127 0.052076 -0.003361
v 0.055269 0.052142 -0.014606
v 0.051253 0.052165 -0.025272
v 0.045234 0.052146 -0.034950
v 0.037442 0.052084 -0.043267
v 0.028178 0.051983 -0.049905
v 0.017798 0.051845 -0.054608
v 0.006700 0.051677 -0.057195
v -0.004690 0.051485 -0.057568
v -0.015933 0.051276 -0.055711
v -0.026597 0.051058 -0.051696
v -0.036273 0.050839 -0.045677
v -0.044588 0.050629 -0.037886
v -0.051224 0.050434 -0.028622
v -0.055925 0.050263 -0.018242
v -0.058510 0.050123 -0.007143
v -0.058881 0.050017 0.004248
v -0.057023 0.049952 0.015492
v -0.053007 0.049928 0.026158
v -0.046987 0.049947 0.035836
v -0.039196 0.050009 0.044154
v -0.029932 0.050110 0.050792
v -0.019551 0.050248 0.055495
v -0.008453 0.050416 0.058082
v 0.002036 0.056372 0.052539
v 0.012117 0.056560 0.050874
v 0.021680 0.056756 0.047274
v 0.030357 0.056952 0.041877
v 0.037813 0.057140 0.034891
v 0.043764 0.057315 0.026584
v 0.047979 0.057468 0.017275
v 0.050298 0.057594 0.007322
v 0.050630 0.057688 -0.002892
v 0.048964 0.057747 -0.012975
v 0.045362 0.057769 -0.022539
v 0.039965 0.057751 -0.031218
v 0.032978 0.057696 -0.038676
v 0.024671 0.057605 -0.044628
v 0.015362 0.057482 -0.048846
v 0.005411 0.057331 -0.051166
v -0.004802 0.057158 -0.051500
v -0.014884 0.056971 -0.049835
v -0.024447 0.056775 -0.046234
v -0.033123 0.056579 -0.040838
v -0.040580 0.056391 -0.033851
v -0.046530 0.056216 -0.025544
v -0.050746 0.056063 -0.016235
v -0.053064 0.055937 -0.006283
v -0.053397 0.055842 0.003931
v -0.051730 0.055783 0.014014
v -0.048129 0.055762 0.023579
v -0.042731 0.055780 0.032257
v -0.035745 0.055835 0.039716
v -0.027437 0.055926 0.045668
v -0.018129 0.056049 0.049885
v -0.008177 0.056200 0.052205
v 0.001862 0.061581 0.049222
v 0.011294 0.061756 0.047664
v 0.020240 0.061939 0.044296
v 0.028358 0.062123 0.039247
v 0.035334 0.062299 0.032711
v 0.040900 0.062462 0.024939
v 0.044844 0.062606 0.016231
v 0.047013 0.062724 0.006920
v 0.047324 0.062812 -0.002636
v 0.045765 0.062867 -0.012069
v 0.042396 0.062887 -0.021017
v 0.037346 0.062871 -0.029136
v 0.030810 0.062819 -0.036113
v 0.023038 0.062734 -0.041682
v 0.014330 0.062619 -0.045627
v 0.005020 0.062478 -0.047798
v -0.004535 0.062316 -0.048110
v -0.013967 0.062141 -0.046553
v -0.022913 0.061958 -0.043184
v -0.031030 0.061774 -0.038135
v -0.038006 0.061598 -0.031599
v -0.043573 0.061435 -0.023828
v -0.047517 0.061291 -0.015119
v -0.049686 0.061173 -0.005808
v -0.049997 0.061085 0.003748
v -0.048438 0.061030 0.013181
v -0.045068 0.061010 0.022128
v -0.040019 0.061026 0.030247
v -0.033482 0.061078 0.037225
v -0.025711 0.061163 0.042793
v -0.017003 0.061278 0.046739
v -0.007692 0.061419 0.048909
v -0.007883 0.069582 0.049368
v -0.017268 0.069439 0.047180
v -0.026047 0.069323 0.043203
v -0.033880 0.069237 0.037590
v -0.040469 0.069185 0.030556
v -0.045559 0.069169 0.022372
v -0.048955 0.069189 0.013353
v -0.050527 0.069244 0.003844
v -0.050213 0.069333 -0.005788
v -0.048027 0.069453 -0.015174
v -0.044052 0.069597 -0.023952
v -0.038440 0.069761 -0.031786
v -0.031408 0.069939 -0.038375
v -0.023226 0.070124 -0.043464
v -0.014208 0.070309 -0.046859
v -0.004701 0.070486 -0.048430
v 0.004930 0.070648 -0.048115
v 0.014315 0.070790 -0.045927
v 0.023093 0.070907 -0.041950
v 0.030927 0.070992 -0.036336
v 0.037516 0.071045 -0.029303
v 0.042606 0.071061 -0.021119
v 0.046002 0.071041 -0.012099
v 0.047574 0.070985 -0.002591
v 0.047260 0.070896 0.007042
v 0.045074 0.070777 0.016427
v 0.041099 0.070633 0.025206
v 0.035487 0.070468 0.033040
v 0.028455 0.070290 0.039628
v 0.020273 0.070106 0.044718
v 0.011255 0.069921 0.048113
v 0.001748 0.069744 0.049683
v 0.001713 0.068252 0.048746
v 0.011041 0.068425 0.047205
v 0.019889 0.068606 0.043874
v 0.027917 0.068787 0.038881
v 0.034817 0.068962 0.032416
v 0.040323 0.069123 0.024730
v 0.044223 0.069265 0.016117
v 0.046368 0.069382 0.006908
v 0.046676 0.069469 -0.002543
v 0.045134 0.069524 -0.011873
v 0.041802 0.069543 -0.020722
v 0.036807 0.069527 -0.028752
v 0.030343 0.069476 -0.035653
v 0.022657 0.069392 -0.041161
v 0.014044 0.069278 -0.045063
v 0.004835 0.069139 -0.047210
v -0.004614 0.068979 -0.047519
v -0.013943 0.068805 -0.045978
v -0.022791 0.068624 -0.042647
v -0.030819 0.068443 -0.037653
v -0.037719 0.068268 -0.031189
v -0.043224 0.068107 -0.023502
v -0.047125 0.067965 -0.014889
v -0.049270 0.067849 -0.005680
v -0.049577 0.067761 0.003770
v -0.048036 0.067707 0.013100
v -0.044703 0.067687 0.021950
v -0.039709 0.067703 0.029979
v -0.033244 0.067754 0.036881
v -0.025558 0.067838 0.042388
v -0.016945 0.067952 0.046290
v -0.007737 0.068092 0.048437
v -0.008347 0.072301 0.052560
v -0.018342 0.072150 0.050230
v -0.027691 0.072026 0.045994
v -0.036034 0.071934 0.040016
v -0.043051 0.071879 0.032525
v -0.048472 0.071861 0.023810
v -0.052089 0.071883 0.014204
v -0.053763 0.071942 0.004077
v -0.053429 0.072037 -0.006181
v -0.051100 0.072163 -0.016177
v -0.046867 0.072317 -0.025526
v -0.040890 0.072492 -0.033869
v -0.033401 0.072682 -0.040886
v -0.024687 0.072879 -0.046306
v -0.015083 0.073075 -0.049922
v -0.004958 0.073264 -0.051594
v 0.005299 0.073437 -0.051259
v 0.015295 0.073588 -0.048929
v 0.024643 0.073712 -0.044693
v 0.032986 0.073803 -0.038715
v 0.040003 0.073859 -0.031224
v 0.045424 0.073876 -0.022508
v 0.049041 0.073855 -0.012903
v 0.050715 0.073796 -0.002776
v 0.050381 0.073701 0.007482
v 0.048053 0.073574 0.017478
v 0.043819 0.073420 0.026827
v 0.037843 0.073245 0.035170
v 0.030354 0.073056 0.042187
v 0.021640 0.072859 0.047607
v 0.012035 0.072663 0.051223
v 0.001910 0.072474 0.052896
v -0.008617 0.074272 0.054368
v -0.018956 0.074115 0.051957
v -0.028627 0.073987 0.047575
v -0.037258 0.073893 0.041391
v -0.044517 0.073835 0.033642
v -0.050125 0.073817 0.024626
v -0.053867 0.073839 0.014688
v -0.055598 0.073900 0.004213
v -0.055253 0.073998 -0.006399
v -0.052844 0.074130 -0.016740
v -0.048464 0.074289 -0.026411
v -0.042282 0.074470 -0.035042
v -0.034535 0.074666 -0.042301
v -0.025520 0.074870 -0.047908
v -0.015585 0.075073 -0.051649
v -0.005110 0.075268 -0.053379
v 0.005501 0.075447 -0.053032
v 0.015840 0.075604 -0.050621
v 0.025511 0.075732 -0.046240
v 0.034142 0.075826 -0.040055
v 0.041401 0.075884 -0.032306
v 0.047009 0.075902 -0.023290
v 0.050751 0.075880 -0.013353
v 0.052482 0.075818 -0.002877
v 0.052137 0.075720 0.007735
v 0.049728 0.075589 0.018076
v 0.045348 0.075430 0.027747
v 0.039166 0.075249 0.036378
v 0.031419 0.075053 0.043637
v 0.022404 0.074849 0.049244
v 0.012469 0.074646 0.052984
v 0.001994 0.074451 0.054715
v -0.008656 0.076535 0.054387
v -0.018995 0.076378 0.051977
v -0.028666 0.076250 0.047595
v -0.037297 0.076156 0.041411
v -0.044556 0.076098 0.033662
v -0.050164 0.076080 0.024645
v -0.053906 0.076102 0.014708
v -0.055637 0.076163 0.004232
v -0.055292 0.076262 -0.006380
v -0.052883 0.076393 -0.016720
v -0.048503 0.076552 -0.026392
v -0.042321 0.076733 -0.035023
v -0.034574 0.076929 -0.042281
v -0.025559 0.077133 -0.047888
v -0.015624 0.077336 -0.051629
v -0.005149 0.077531 -0.053359
v 0.005462 0.077710 -0.053012
v 0.015801 0.077867 -0.050601
v 0.025472 0.077995 -0.046220
v 0.034103 0.078089 -0.040036
v 0.041362 0.078147 -0.032286
v 0.046970 0.078165 -0.023270
v 0.050712 0.078143 -0.013333
v 0.052443 0.078082 -0.002857
v 0.052098 0.077983 0.007755
v 0.049689 0.077852 0.018095
v 0.045309 0.077693 0.027767
v 0.039127 0.077512 0.036398
v 0.031380 0.077316 0.043656
v 0.022365 0.077112 0.049264
v 0.012430 0.076909 0.053004
v 0.001955 0.076714 0.054734
v -0.008325 0.079009 0.051574
v -0.018119 0.078860 0.049290
v -0.027279 0.078739 0.045140
v -0.035455 0.078649 0.039282
v -0.042330 0.078595 0.031942
v -0.047642 0.078578 0.023402
v -0.051186 0.078599 0.013989
v -0.052826 0.078657 0.004066
v -0.052499 0.078750 -0.005986
v -0.050218 0.078874 -0.015780
v -0.046069 0.079025 -0.024941
v -0.040213 0.079196 -0.033116
v -0.032875 0.079382 -0.039992
v -0.024336 0.079575 -0.045303
v -0.014925 0.079767 -0.048846
v -0.005004 0.079952 -0.050485
v 0.005047 0.080122 -0.050156
v 0.014841 0.080270 -0.047873
v 0.024002 0.080391 -0.043722
v 0.032177 0.080481 -0.037865
v 0.039052 0.080535 -0.030525
v 0.044364 0.080552 -0.021984
v 0.047909 0.080532 -0.012572
v 0.049548 0.080474 -0.002649
v 0.049221 0.080381 0.007403
v 0.046940 0.080256 0.017198
v 0.042791 0.080106 0.026359
v 0.036935 0.079934 0.034534
v 0.029597 0.079748 0.041409
v 0.021058 0.079555 0.046721
v 0.011647 0.079363 0.050264
v 0.001726 0.079178 0.051902
v -0.007777 0.081000 0.047167
v -0.016719 0.080864 0.045082
v -0.025083 0.080754 0.041293
v -0.032547 0.080672 0.035945
v -0.038825 0.080622 0.029243
v -0.043675 0.080607 0.021445
v -0.046911 0.080626 0.012851
v -0.048408 0.080679 0.003791
v -0.048110 0.080763 -0.005387
v -0.046026 0.080877 -0.014329
v -0.042239 0.081014 -0.022694
v -0.036892 0.081171 -0.030158
v -0.030192 0.081341 -0.036435
v -0.022396 0.081517 -0.041285
v -0.013803 0.081692 -0.044520
v -0.004744 0.081861 -0.046016
v 0.004432 0.082016 -0.045716
v 0.013374 0.082152 -0.043631
v 0.021738 0.082262 -0.039842
v 0.029203 0.082344 -0.034493
v 0.035480 0.082394 -0.027791
v 0.040330 0.082409 -0.019994
v 0.043566 0.082390 -0.011400
v 0.045064 0.082337 -0.002340
v 0.044765 0.082252 0.006838
v 0.042682 0.082139 0.015781
v 0.038894 0.082001 0.024145
v 0.033547 0.081845 0.031609
v 0.026847 0.081675 0.037887
v 0.019051 0.081499 0.042736
v 0.010459 0.081323 0.045971
v 0.001400 0.081155 0.047467
v -0.007572 0.081916 0.045498
v -0.016191 0.081785 0.043488
v -0.024253 0.081678 0.039836
v -0.031448 0.081599 0.034681
v -0.037499 0.081552 0.028221
v -0.042174 0.081537 0.020705
v -0.045293 0.081555 0.012421
v -0.046736 0.081606 0.003688
v -0.046448 0.081688 -0.005158
v -0.044440 0.081797 -0.013778
v -0.040789 0.081930 -0.021840
v -0.035635 0.082081 -0.029035
v -0.029177 0.082244 -0.035086
v -0.021663 0.082414 -0.039760
v -0.013380 0.082583 -0.042878
v -0.004649 0.082746 -0.044320
v 0.004196 0.082895 -0.044031
v 0.012816 0.083026 -0.042021
v 0.020878 0.083133 -0.038369
v 0.028072 0.083211 -0.033214
v 0.034123 0.083259 -0.026754
v 0.038798 0.083274 -0.019238
v 0.041917 0.083256 -0.010954
v 0.043361 0.083205 -0.002221
v 0.043073 0.083123 0.006625
v 0.041065 0.083014 0.015245
v 0.037414 0.082881 0.023307
v 0.032260 0.082730 0.030502
v 0.025802 0.082567 0.036552
v 0.018287 0.082397 0.041227
v 0.010005 0.082228 0.044345
v 0.001274 0.082065 0.045787
v -0.007205 0.086975 0.042094
v -0.015160 0.086854 0.040239
v -0.022601 0.086756 0.036868
v -0.029242 0.086683 0.032110
v -0.034827 0.086639 0.026148
v -0.039142 0.086625 0.019210
v -0.042021 0.086642 0.011565
v -0.043353 0.086689 0.003504
v -0.043087 0.086765 -0.004661
v -0.041234 0.086866 -0.012617
v -0.037864 0.086988 -0.020058
v -0.033107 0.087127 -0.026699
v -0.027147 0.087278 -0.032284
v -0.020211 0.087435 -0.036598
v -0.012566 0.087591 -0.039476
v -0.004507 0.087741 -0.040807
v 0.003657 0.087879 -0.040540
v 0.011613 0.088000 -0.038685
v 0.019054 0.088098 -0.035314
v 0.025694 0.088171 -0.030556
v 0.031279 0.088215 -0.024593
v 0.035594 0.088229 -0.017656
v 0.038473 0.088212 -0.010011
v 0.039805 0.088165 -0.001950
v 0.039539 0.088090 0.006215
v 0.037686 0.087989 0.014171
v 0.034316 0.087866 0.021612
v 0.029560 0.087727 0.028253
v 0.023599 0.087576 0.033838
v 0.016663 0.087419 0.038152
v 0.009018 0.087263 0.041030
v 0.000959 0.087113 0.042361
v -0.006836 0.096494 0.038135
v -0.014014 0.096386 0.036462
v -0.020727 0.096297 0.033420
v -0.026718 0.096231 0.029127
v -0.031757 0.096191 0.023748
v -0.035650 0.096179 0.017490
v -0.038247 0.096194 0.010592
v -0.039449 0.096237 0.003320
v -0.039209 0.096305 -0.004047
v -0.037537 0.096396 -0.011224
v -0.034497 0.096506 -0.017938
v -0.030205 0.096632 -0.023929
v -0.024828 0.096768 -0.028968
v -0.018570 0.096909 -0.032860
v -0.011673 0.097050 -0.035456
v -0.004403 0.097186 -0.036657
v 0.002963 0.097310 -0.036416
v 0.010140 0.097419 -0.034743
v 0.016854 0.097508 -0.031702
v 0.022845 0.097573 -0.027409
v 0.027883 0.097613 -0.022030
v 0.031776 0.097626 -0.015771
v 0.034374 0.097611 -0.008873
v 0.035575 0.097568 -0.001601
v 0.035336 0.097500 0.005765
v 0.033664 0.097409 0.012943
v 0.030623 0.097298 0.019657
v 0.026332 0.097173 0.025648
v 0.020954 0.097036 0.030686
v 0.014697 0.096895 0.034578
v 0.007800 0.096754 0.037175
v 0.000529 0.096619 0.038376
v -0.006250 0.117159 0.031161
v -0.012050 0.117071 0.029809
v -0.017475 0.116999 0.027351
v -0.022316 0.116946 0.023882
v -0.026388 0.116914 0.019535
v -0.029534 0.116904 0.014477
v -0.031633 0.116916 0.008903
v -0.032604 0.116951 0.003026
v -0.032410 0.117006 -0.002926
v -0.031059 0.117079 -0.008727
v -0.028602 0.117169 -0.014152
v -0.025134 0.117270 -0.018994
v -0.020789 0.117380 -0.023065
v -0.015732 0.117494 -0.026211
v -0.010159 0.117608 -0.028309
v -0.004283 0.117718 -0.029279
v 0.001669 0.117818 -0.029085
v 0.007469 0.117906 -0.027732
v 0.012894 0.117978 -0.025275
v 0.017736 0.118031 -0.021806
v 0.021808 0.118063 -0.017459
v 0.024953 0.118073 -0.012401
v 0.027052 0.118061 -0.006827
v 0.028023 0.118027 -0.000950
v 0.027830 0.117972 0.005003
v 0.026479 0.117898 0.010803
v 0.024022 0.117809 0.016228
v 0.020554 0.117707 0.021070
v 0.016208 0.117597 0.025141
v 0.011151 0.117483 0.028287
v 0.005578 0.117369 0.030385
v -0.000298 0.117260 0.031355
v -0.005949 0.135843 0.026601
v -0.010840 0.135769 0.025460
v -0.015415 0.135708 0.023388
v -0.019497 0.135664 0.020462
v -0.022931 0.135637 0.016797
v -0.025583 0.135628 0.012532
v -0.027353 0.135638 0.007832
v -0.028172 0.135667 0.002877
v -0.028009 0.135714 -0.002143
v -0.026869 0.135776 -0.007034
v -0.024798 0.135851 -0.011609
v -0.021873 0.135937 -0.015692
v -0.018209 0.136030 -0.019125
v -0.013945 0.136126 -0.021777
v -0.009245 0.136222 -0.023547
v -0.004291 0.136314 -0.024365
v 0.000728 0.136399 -0.024201
v 0.005619 0.136473 -0.023061
v 0.010194 0.136534 -0.020988
v 0.014276 0.136578 -0.018063
v 0.017710 0.136606 -0.014397
v 0.020363 0.136614 -0.010132
v 0.022132 0.136604 -0.005432
v 0.022951 0.136575 -0.000477
v 0.022788 0.136528 0.004543
v 0.021649 0.136466 0.009434
v 0.019577 0.136391 0.014009
v 0.016653 0.136305 0.018091
v 0.012988 0.136213 0.021525
v 0.008724 0.136116 0.024177
v 0.004025 0.136020 0.025946
v -0.000930 0.135928 0.026765
v -0.006019 0.152221 0.025135
v -0.010600 0.152151 0.024067
v -0.014885 0.152095 0.022125
v -0.018709 0.152053 0.019385
v -0.021925 0.152027 0.015952
v -0.024410 0.152019 0.011957
v -0.026068 0.152029 0.007554
v -0.026835 0.152056 0.002912
v -0.026682 0.152100 -0.001789
v -0.025615 0.152158 -0.006371
v -0.023674 0.152228 -0.010656
v -0.020935 0.152309 -0.014480
v -0.017502 0.152395 -0.017696
v -0.013508 0.152486 -0.020181
v -0.009106 0.152576 -0.021838
v -0.004465 0.152662 -0.022605
v 0.000236 0.152741 -0.022451
v 0.004817 0.152811 -0.021383
v 0.009102 0.152868 -0.019441
v 0.012926 0.152910 -0.016701
v 0.016143 0.152935 -0.013268
v 0.018627 0.152943 -0.009273
v 0.020285 0.152933 -0.004870
v 0.021052 0.152906 -0.000229
v 0.020899 0.152863 0.004473
v 0.019832 0.152804 0.009055
v 0.017891 0.152734 0.013340
v 0.015152 0.152654 0.017164
v 0.011720 0.152567 0.020380
v 0.007726 0.152477 0.022865
v 0.003324 0.152387 0.024522
v -0.001317 0.152300 0.025288
v -0.006271 0.168982 0.025010
v -0.010800 0.168913 0.023954
v -0.015037 0.168857 0.022035
v -0.018817 0.168815 0.019326
v -0.021997 0.168790 0.015931
v -0.024453 0.168782 0.011982
v -0.026092 0.168792 0.007629
v -0.026851 0.168819 0.003040
v -0.026699 0.168862 -0.001608
v -0.025644 0.168919 -0.006138
v -0.023726 0.168989 -0.010374
v -0.021018 0.169068 -0.014155
v -0.017624 0.169154 -0.017334
v -0.013676 0.169243 -0.019791
v -0.009323 0.169332 -0.021429
v -0.004735 0.169418 -0.022187
v -0.000087 0.169496 -0.022035
v 0.004442 0.169565 -0.020979
v 0.008678 0.169621 -0.019060
v 0.012459 0.169662 -0.016351
v 0.015638 0.169688 -0.012956
v 0.018095 0.169695 -0.009007
v 0.019734 0.169686 -0.004654
v 0.020492 0.169659 -0.000065
v 0.020341 0.169616 0.004583
v 0.019286 0.169559 0.009113
v 0.017367 0.169489 0.013349
v 0.014659 0.169409 0.017130
v 0.011266 0.169324 0.020309
v 0.007317 0.169234 0.022765
v 0.002965 0.169145 0.024404
v -0.001623 0.169060 0.025162
v -0.006520 0.181419 0.025388
v -0.011102 0.181350 0.024320
v -0.015387 0.181293 0.022379
v -0.019211 0.181251 0.019639
v -0.022427 0.181226 0.016205
v -0.024912 0.181218 0.012210
v -0.026569 0.181227 0.007808
v -0.027336 0.181254 0.003166
v -0.027183 0.181298 -0.001536
v -0.026116 0.181356 -0.006117
v -0.024176 0.181427 -0.010403
v -0.021436 0.181507 -0.014227
v -0.018004 0.181594 -0.017443
v -0.014010 0.181684 -0.019927
v -0.009608 0.181774 -0.021584
v -0.004967 0.181860 -0.022351
v -0.000265 0.181940 -0.022197
v 0.004316 0.182009 -0.021129
v 0.008601 0.182066 -0.019188
v 0.012425 0.182108 -0.016448
v 0.015641 0.182133 -0.013014
v 0.018126 0.182141 -0.009019
v 0.019784 0.182131 -0.004617
v 0.020551 0.182104 0.000025
v 0.020398 0.182061 0.004727
v 0.019330 0.182003 0.009308
v 0.017390 0.181932 0.013594
v 0.014651 0.181852 0.017418
v 0.011218 0.181765 0.020634
v 0.007224 0.181675 0.023118
v 0.002822 0.181585 0.024775
v -0.001819 0.181498 0.025542
v -0.008604 0.182345 0.041107
v -0.016210 0.182230 0.039334
v -0.023324 0.182136 0.036111
v -0.029673 0.182066 0.031562
v -0.035013 0.182024 0.025861
v -0.039138 0.182011 0.019229
v -0.041891 0.182027 0.011919
v -0.043164 0.182072 0.004213
v -0.042910 0.182144 -0.003594
v -0.041138 0.182241 -0.011200
v -0.037917 0.182358 -0.018315
v -0.033369 0.182491 -0.024664
v -0.027670 0.182635 -0.030003
v -0.021039 0.182785 -0.034128
v -0.013730 0.182935 -0.036880
v -0.006025 0.183078 -0.038152
v 0.001781 0.183210 -0.037897
v 0.009387 0.183325 -0.036124
v 0.016501 0.183419 -0.032901
v 0.022850 0.183489 -0.028352
v 0.028190 0.183531 -0.022651
v 0.032315 0.183544 -0.016019
v 0.035067 0.183528 -0.008709
v 0.036341 0.183483 -0.001003
v 0.036087 0.183411 0.006804
v 0.034315 0.183314 0.014410
v 0.031093 0.183197 0.021525
v 0.026545 0.183064 0.027874
v 0.020846 0.182920 0.033213
v 0.014215 0.182770 0.037338
v 0.006907 0.182621 0.040090
v -0.000799 0.182477 0.041362
v -0.008825 0.185086 0.042450
v -0.016685 0.184967 0.040618
v -0.024037 0.184870 0.037287
v -0.030598 0.184798 0.032586
v -0.036116 0.184754 0.026695
v -0.040379 0.184740 0.019841
v -0.043223 0.184757 0.012287
v -0.044539 0.184804 0.004324
v -0.044277 0.184878 -0.003744
v -0.042446 0.184978 -0.011604
v -0.039116 0.185099 -0.018956
v -0.034417 0.185237 -0.025517
v -0.028527 0.185386 -0.031035
v -0.021675 0.185540 -0.035298
v -0.014122 0.185695 -0.038141
v -0.006160 0.185843 -0.039456
v 0.001907 0.185979 -0.039193
v 0.009767 0.186098 -0.037360
v 0.017119 0.186196 -0.034029
v 0.023680 0.186268 -0.029328
v 0.029198 0.186311 -0.023437
v 0.033461 0.186325 -0.016583
v 0.036305 0.186308 -0.009029
v 0.037621 0.186262 -0.001066
v 0.037359 0.186187 0.007001
v 0.035528 0.186087 0.014862
v 0.032198 0.185966 0.022214
v 0.027499 0.185829 0.028775
v 0.021609 0.185680 0.034293
v 0.014757 0.185525 0.038555
v 0.007204 0.185370 0.041399
v -0.000759 0.185222 0.042714
v -0.008913 0.190199 0.042495
v -0.016773 0.190079 0.040662
v -0.024125 0.189982 0.037331
v -0.030686 0.189910 0.032630
v -0.036204 0.189867 0.026739
v -0.040467 0.189853 0.019885
v -0.043311 0.189870 0.012331
v -0.044627 0.189916 0.004368
v -0.044365 0.189991 -0.003699
v -0.042534 0.190090 -0.011560
v -0.039204 0.190211 -0.018912
v -0.034505 0.190349 -0.025473
v -0.028615 0.190498 -0.030991
v -0.021763 0.190653 -0.035253
v -0.014210 0.190807 -0.038097
v -0.006247 0.190956 -0.039412
v 0.001819 0.191092 -0.039148
v 0.009679 0.191211 -0.037316
v 0.017031 0.191308 -0.033985
v 0.023592 0.191380 -0.029284
v 0.029110 0.191424 -0.023393
v 0.033373 0.191438 -0.016539
v 0.036217 0.191421 -0.008985
v 0.037533 0.191374 -0.001021
v 0.037271 0.191300 0.007046
v 0.035440 0.191200 0.014906
v 0.032110 0.191079 0.022259
v 0.027411 0.190941 0.028820
v 0.021521 0.190792 0.034337
v 0.014669 0.190637 0.038600
v 0.007116 0.190483 0.041443
v -0.000846 0.190335 0.042758
v -0.008795 0.191318 0.041468
v -0.016456 0.191202 0.039682
v -0.023621 0.191107 0.036435
v -0.030015 0.191037 0.031854
v -0.035393 0.190994 0.026112
v -0.039548 0.190981 0.019432
v -0.042320 0.190997 0.012070
v -0.043603 0.191042 0.004309
v -0.043347 0.191115 -0.003553
v -0.041562 0.191212 -0.011214
v -0.038318 0.191330 -0.018379
v -0.033737 0.191464 -0.024774
v -0.027998 0.191610 -0.030151
v -0.021319 0.191760 -0.034306
v -0.013958 0.191911 -0.037077
v -0.006198 0.192055 -0.038359
v 0.001664 0.192188 -0.038102
v 0.009324 0.192304 -0.036316
v 0.016489 0.192399 -0.033070
v 0.022883 0.192469 -0.028488
v 0.028261 0.192512 -0.022747
v 0.032416 0.192525 -0.016067
v 0.035188 0.192509 -0.008705
v 0.036471 0.192463 -0.000943
v 0.036215 0.192391 0.006919
v 0.034431 0.192294 0.014580
v 0.031186 0.192176 0.021745
v 0.026605 0.192041 0.028140
v 0.020866 0.191896 0.033517
v 0.014187 0.191745 0.037672
v 0.006826 0.191595 0.040443
v -0.000934 0.191450 0.041725
v -0.007834 0.192820 0.033979
v -0.014050 0.192726 0.032530
v -0.019864 0.192649 0.029896
v -0.025053 0.192592 0.026178
v -0.029417 0.192557 0.021519
v -0.032789 0.192546 0.016098
v -0.035038 0.192560 0.010124
v -0.036079 0.192597 0.003826
v -0.035871 0.192655 -0.002554
v -0.034423 0.192734 -0.008770
v -0.031790 0.192830 -0.014585
v -0.028073 0.192939 -0.019774
v -0.023416 0.193057 -0.024137
v -0.017996 0.193179 -0.027508
v -0.012023 0.193301 -0.029757
v -0.005726 0.193419 -0.030797
v 0.000653 0.193526 -0.030589
v 0.006869 0.193620 -0.029140
v 0.012684 0.193697 -0.026505
v 0.017873 0.193754 -0.022787
v 0.022237 0.193789 -0.018129
v 0.025608 0.193800 -0.012708
v 0.027858 0.193786 -0.006734
v 0.028898 0.193750 -0.000436
v 0.028691 0.193691 0.005944
v 0.027243 0.193612 0.012161
v 0.024610 0.193516 0.017975
v 0.020893 0.193407 0.023164
v 0.016235 0.193289 0.027528
v 0.010816 0.193167 0.030899
v 0.004843 0.193045 0.033148
v -0.001455 0.192928 0.034188
v -0.007657 0.193230 0.032588
v -0.013605 0.193139 0.031201
v -0.019168 0.193066 0.028681
v -0.024133 0.193011 0.025124
v -0.028308 0.192978 0.020666
v -0.031534 0.192968 0.015480
v -0.033686 0.192981 0.009764
v -0.034682 0.193016 0.003738
v -0.034484 0.193072 -0.002367
v -0.033098 0.193148 -0.008315
v -0.030579 0.193239 -0.013878
v -0.027023 0.193344 -0.018843
v -0.022566 0.193456 -0.023018
v -0.017381 0.193573 -0.026244
v -0.011666 0.193690 -0.028395
v -0.005641 0.193802 -0.029390
v 0.000463 0.193906 -0.029191
v 0.006411 0.193996 -0.027804
v 0.011974 0.194069 -0.025284
v 0.016939 0.194124 -0.021726
v 0.021114 0.194157 -0.017269
v 0.024340 0.194167 -0.012082
v 0.026492 0.194154 -0.006366
v 0.027488 0.194119 -0.000340
v 0.027290 0.194063 0.005764
v 0.025904 0.193987 0.011712
v 0.023385 0.193896 0.017275
v 0.019828 0.193792 0.022240
v 0.015372 0.193679 0.026415
v 0.010187 0.193562 0.029641
v 0.004472 0.193445 0.031793
v -0.001554 0.193333 0.032788
v -0.007980 0.194878 0.034842
v -0.014359 0.194781 0.033355
v -0.020326 0.194702 0.030652
v -0.025650 0.194644 0.026836
v -0.030128 0.194608 0.022056
v -0.033588 0.194597 0.016493
v -0.035896 0.194611 0.010363
v -0.036965 0.194649 0.003900
v -0.036751 0.194709 -0.002647
v -0.035265 0.194790 -0.009026
v -0.032563 0.194888 -0.014993
v -0.028749 0.195000 -0.020317
v -0.023970 0.195121 -0.024795
v -0.018409 0.195246 -0.028255
v -0.012279 0.195372 -0.030562
v -0.005817 0.195492 -0.031629
v 0.000729 0.195603 -0.031415
v 0.007108 0.195699 -0.029928
v 0.013074 0.195778 -0.027225
v 0.018399 0.195837 -0.023410
v 0.022877 0.195872 -0.018629
v 0.026336 0.195883 -0.013067
v 0.028645 0.195870 -0.006936
v 0.029713 0.195832 -0.000474
v 0.029500 0.195771 0.006073
v 0.028014 0.195690 0.012453
v 0.025312 0.195592 0.018419
v 0.021498 0.195480 0.023744
v 0.016718 0.195359 0.028222
v 0.011157 0.195234 0.031681
v 0.005028 0.195109 0.033989
v -0.001434 0.194988 0.035056
v -0.008143 0.197693 0.035731
v -0.014688 0.197594 0.034205
v -0.020810 0.197513 0.031431
v -0.026273 0.197453 0.027516
v -0.030868 0.197416 0.022611
v -0.034418 0.197405 0.016903
v -0.036787 0.197419 0.010613
v -0.037883 0.197458 0.003982
v -0.037664 0.197520 -0.002736
v -0.036139 0.197603 -0.009282
v -0.033367 0.197704 -0.015404
v -0.029453 0.197818 -0.020868
v -0.024549 0.197942 -0.025462
v -0.018843 0.198071 -0.029012
v -0.012554 0.198200 -0.031380
v -0.005923 0.198323 -0.032475
v 0.000794 0.198437 -0.032255
v 0.007339 0.198536 -0.030729
v 0.013461 0.198617 -0.027956
v 0.018925 0.198677 -0.024041
v 0.023520 0.198713 -0.019135
v 0.027070 0.198724 -0.013428
v 0.029438 0.198711 -0.007138
v 0.030534 0.198672 -0.000506
v 0.030316 0.198610 0.006212
v 0.028791 0.198527 0.012757
v 0.026018 0.198426 0.018880
v 0.022105 0.198311 0.024343
v 0.017201 0.198187 0.028938
v 0.011494 0.198058 0.032487
v 0.005205 0.197930 0.034855
v -0.001426 0.197806 0.035950
v -0.008107 0.200390 0.035132
v -0.014532 0.200293 0.033634
v -0.020542 0.200213 0.030911
v -0.025906 0.200154 0.027068
v -0.030417 0.200119 0.022252
v -0.033902 0.200107 0.016649
v -0.036227 0.200121 0.010474
v -0.037303 0.200159 0.003964
v -0.037088 0.200220 -0.002631
v -0.035591 0.200302 -0.009057
v -0.032870 0.200401 -0.015067
v -0.029028 0.200513 -0.020430
v -0.024213 0.200635 -0.024941
v -0.018611 0.200761 -0.028426
v -0.012437 0.200888 -0.030750
v -0.005928 0.201009 -0.031825
v 0.000666 0.201120 -0.031610
v 0.007091 0.201218 -0.030112
v 0.013101 0.201297 -0.027389
v 0.018465 0.201356 -0.023546
v 0.022976 0.201392 -0.018730
v 0.026461 0.201403 -0.013127
v 0.028786 0.201389 -0.006952
v 0.029862 0.201351 -0.000442
v 0.029647 0.201290 0.006153
v 0.028150 0.201209 0.012579
v 0.025428 0.201110 0.018589
v 0.021587 0.200997 0.023953
v 0.016772 0.200875 0.028463
v 0.011170 0.200749 0.031948
v 0.004996 0.200622 0.034272
v -0.001513 0.200501 0.035347
v -0.007727 0.202879 0.031944
v -0.013535 0.202791 0.030590
v -0.018967 0.202719 0.028129
v -0.023814 0.202666 0.024655
v -0.027891 0.202633 0.020303
v -0.031041 0.202623 0.015239
v -0.033143 0.202636 0.009657
v -0.034115 0.202670 0.003773
v -0.033921 0.202725 -0.002187
v -0.032568 0.202799 -0.007995
v -0.030108 0.202888 -0.013427
v -0.026636 0.202990 -0.018275
v -0.022285 0.203100 -0.022352
v -0.017222 0.203214 -0.025501
v -0.011641 0.203329 -0.027602
v -0.005758 0.203438 -0.028574
v 0.000202 0.203539 -0.028379
v 0.006009 0.203627 -0.027025
v 0.011441 0.203699 -0.024564
v 0.016289 0.203752 -0.021091
v 0.020366 0.203784 -0.016738
v 0.023516 0.203794 -0.011674
v 0.025617 0.203782 -0.006093
v 0.026590 0.203747 -0.000209
v 0.026396 0.203692 0.005752
v 0.025043 0.203619 0.011560
v 0.022583 0.203529 0.016992
v 0.019111 0.203427 0.021840
v 0.014759 0.203317 0.025917
v 0.009696 0.203203 0.029066
v 0.004116 0.203089 0.031167
v -0.001767 0.202979 0.032139
v -0.007350 0.204008 0.028937
v -0.012576 0.203929 0.027719
v -0.017465 0.203864 0.025504
v -0.021828 0.203817 0.022377
v -0.025497 0.203788 0.018460
v -0.028332 0.203779 0.013902
v -0.030224 0.203790 0.008879
v -0.031099 0.203821 0.003584
v -0.030924 0.203870 -0.001781
v -0.029707 0.203937 -0.007008
v -0.027493 0.204017 -0.011897
v -0.024368 0.204109 -0.016260
v -0.020451 0.204208 -0.019929
v -0.015894 0.204311 -0.022763
v -0.010872 0.204413 -0.024654
v -0.005577 0.204512 -0.025529
v -0.000213 0.204602 -0.025353
v 0.005013 0.204682 -0.024135
v 0.009902 0.204746 -0.021920
v 0.014265 0.204794 -0.018794
v 0.017934 0.204823 -0.014876
v 0.020769 0.204832 -0.010319
v 0.022661 0.204821 -0.005295
v 0.023536 0.204790 0.000000
v 0.023361 0.204741 0.005364
v 0.022144 0.204674 0.010592
v 0.019930 0.204594 0.015481
v 0.016804 0.204502 0.019843
v 0.012888 0.204403 0.023513
v 0.008331 0.204300 0.026347
v 0.003309 0.204198 0.028238
v -0.001986 0.204099 0.029112
v -0.007555 0.205255 0.030348
v -0.013052 0.205172 0.029067
v -0.018193 0.205104 0.026738
v -0.022781 0.205054 0.023450
v -0.026639 0.205023 0.019331
v -0.029620 0.205014 0.014538
v -0.031609 0.205025 0.009256
v -0.032530 0.205058 0.003687
v -0.032346 0.205110 -0.001954
v -0.031066 0.205180 -0.007451
v -0.028738 0.205264 -0.012592
v -0.025451 0.205361 -0.017180
v -0.021333 0.205465 -0.021038
v -0.016541 0.205573 -0.024019
v -0.011260 0.205681 -0.026007
v -0.005692 0.205785 -0.026927
v -0.000051 0.205880 -0.026743
v 0.005445 0.205963 -0.025461
v 0.010586 0.206031 -0.023132
v 0.015174 0.206082 -0.019845
v 0.019033 0.206112 -0.015725
v 0.022014 0.206122 -0.010932
v 0.024003 0.206110 -0.005650
v 0.024923 0.206078 -0.000081
v 0.024740 0.206025 0.005560
v 0.023459 0.205956 0.011056
v 0.021131 0.205871 0.016198
v 0.017845 0.205775 0.020786
v 0.013726 0.205671 0.024644
v 0.008935 0.205562 0.027625
v 0.003653 0.205454 0.029613
v -0.001915 0.205351 0.030533
v -0.007765 0.207616 0.031656
v -0.013510 0.207529 0.030317
v -0.018882 0.207458 0.027883
v -0.023677 0.207405 0.024447
v -0.027710 0.207374 0.020142
v -0.030825 0.207364 0.015133
v -0.032904 0.207376 0.009613
v -0.033866 0.207410 0.003793
v -0.033674 0.207464 -0.002103
v -0.032336 0.207537 -0.007847
v -0.029903 0.207626 -0.013220
v -0.026468 0.207726 -0.018015
v -0.022164 0.207835 -0.022048
v -0.017156 0.207948 -0.025163
v -0.011637 0.208061 -0.027241
v -0.005818 0.208169 -0.028202
v 0.000077 0.208269 -0.028009
v 0.005822 0.208356 -0.026670
v 0.011194 0.208427 -0.024236
v 0.015989 0.208480 -0.020800
v 0.020022 0.208512 -0.016495
v 0.023137 0.208522 -0.011486
v 0.025216 0.208509 -0.005966
v 0.026178 0.208475 -0.000146
v 0.025986 0.208421 0.005750
v 0.024648 0.208348 0.011494
v 0.022215 0.208260 0.016867
v 0.018780 0.208159 0.021662
v 0.014476 0.208050 0.025695
v 0.009468 0.207937 0.028810
v 0.003949 0.207824 0.030888
v -0.001871 0.207716 0.031849
v -0.007780 0.209906 0.031492
v -0.013489 0.209820 0.030161
v -0.018829 0.209749 0.027742
v -0.023594 0.209697 0.024327
v -0.027602 0.209665 0.020049
v -0.030698 0.209655 0.015071
v -0.032764 0.209667 0.009584
v -0.033720 0.209701 0.003800
v -0.033529 0.209755 -0.002059
v -0.032199 0.209828 -0.007768
v -0.029781 0.209916 -0.013108
v -0.026368 0.210016 -0.017873
v -0.022090 0.210124 -0.021880
v -0.017113 0.210236 -0.024976
v -0.011628 0.210348 -0.027041
v -0.005845 0.210456 -0.027997
v 0.000014 0.210555 -0.027805
v 0.005723 0.210641 -0.026474
v 0.011062 0.210712 -0.024055
v 0.015827 0.210764 -0.020641
v 0.019835 0.210796 -0.016362
v 0.022931 0.210806 -0.011384
v 0.024997 0.210794 -0.005898
v 0.025953 0.210760 -0.000114
v 0.025762 0.210706 0.005745
v 0.024432 0.210634 0.011455
v 0.022014 0.210546 0.016794
v 0.018601 0.210446 0.021560
v 0.014324 0.210337 0.025567
v 0.009347 0.210225 0.028663
v 0.003861 0.210113 0.030728
v -0.001922 0.210005 0.031683
v -0.007631 0.212139 0.030083
v -0.013064 0.212057 0.028816
v -0.018147 0.211989 0.026513
v -0.022682 0.211940 0.023263
v -0.026497 0.211909 0.019191
v -0.029444 0.211900 0.014453
v -0.031410 0.211911 0.009231
v -0.032320 0.211944 0.003725
v -0.032139 0.211995 -0.001851
v -0.030873 0.212064 -0.007286
v -0.028571 0.212148 -0.012368
v -0.025323 0.212243 -0.016904
v -0.021251 0.212346 -0.020718
v -0.016514 0.212453 -0.023665
v -0.011293 0.212560 -0.025631
v -0.005788 0.212662 -0.026540
v -0.000212 0.212756 -0.026357
v 0.005222 0.212839 -0.025091
v 0.010304 0.212906 -0.022788
v 0.014840 0.212956 -0.019538
v 0.018654 0.212986 -0.015466
v 0.021601 0.212995 -0.010728
v 0.023568 0.212984 -0.005505
v 0.024478 0.212952 -0.000000
v 0.024296 0.212900 0.005577
v 0.023030 0.212831 0.011011
v 0.020729 0.212747 0.016093
v 0.017480 0.212652 0.020629
v 0.013408 0.212549 0.024443
v 0.008671 0.212442 0.027390
v 0.003450 0.212336 0.029356
v -0.002055 0.212233 0.030265
v -0.007299 0.213257 0.027425
v -0.012219 0.213182 0.026278
v -0.016821 0.213121 0.024193
v -0.020928 0.213076 0.021250
v -0.024382 0.213049 0.017563
v -0.027051 0.213040 0.013272
v -0.028831 0.213051 0.008544
v -0.029655 0.213080 0.003559
v -0.029491 0.213127 -0.001491
v -0.028344 0.213189 -0.006411
v -0.026260 0.213265 -0.011014
v -0.023318 0.213351 -0.015121
v -0.019632 0.213444 -0.018574
v -0.015342 0.213541 -0.021243
v -0.010615 0.213638 -0.023023
v -0.005630 0.213731 -0.023846
v -0.000581 0.213816 -0.023681
v 0.004339 0.213891 -0.022534
v 0.008941 0.213951 -0.020449
v 0.013048 0.213996 -0.017506
v 0.016502 0.214024 -0.013818
v 0.019170 0.214032 -0.009528
v 0.020951 0.214022 -0.004800
v 0.021775 0.213993 0.000185
v 0.021610 0.213946 0.005235
v 0.020464 0.213884 0.010156
v 0.018380 0.213808 0.014758
v 0.015438 0.213722 0.018865
v 0.011752 0.213628 0.022319
v 0.007462 0.213532 0.024987
v 0.002735 0.213435 0.026767
v -0.002250 0.213342 0.027590
v -0.007414 0.219963 0.027483
v -0.012334 0.219889 0.026336
v -0.016936 0.219828 0.024251
v -0.021043 0.219783 0.021308
v -0.024497 0.219755 0.017621
v -0.027166 0.219747 0.013330
v -0.028946 0.219757 0.008602
v -0.029770 0.219786 0.003617
v -0.029606 0.219833 -0.001433
v -0.028460 0.219895 -0.006353
v -0.026375 0.219971 -0.010955
v -0.023434 0.220057 -0.015062
v -0.019747 0.220151 -0.018516
v -0.015458 0.220247 -0.021184
v -0.010730 0.220344 -0.022964
v -0.005746 0.220437 -0.023788
v -0.000696 0.220522 -0.023622
v 0.004224 0.220597 -0.022475
v 0.008826 0.220658 -0.020390
v 0.012933 0.220703 -0.017448
v 0.016387 0.220730 -0.013760
v 0.019055 0.220739 -0.009470
v 0.020836 0.220728 -0.004741
v 0.021660 0.220699 0.000244
v 0.021495 0.220652 0.005293
v 0.020349 0.220590 0.010214
v 0.018265 0.220514 0.014816
v 0.015323 0.220428 0.018923
v 0.011637 0.220335 0.022377
v 0.007347 0.220238 0.025045
v 0.002619 0.220141 0.026825
v -0.002365 0.220048 0.027648
v -0.007829 0.229030 0.029531
v -0.013128 0.228950 0.028295
v -0.018085 0.228885 0.026050
v -0.022508 0.228836 0.022880
v -0.026228 0.228807 0.018909
v -0.029102 0.228797 0.014288
v -0.031020 0.228809 0.009195
v -0.031907 0.228840 0.003826
v -0.031730 0.228890 -0.001613
v -0.030496 0.228958 -0.006912
v -0.028251 0.229039 -0.011869
v -0.025083 0.229132 -0.016292
v -0.021112 0.229233 -0.020012
v -0.016492 0.229337 -0.022886
v -0.011400 0.229441 -0.024803
v -0.006032 0.229541 -0.025690
v -0.000594 0.229633 -0.025512
v 0.004705 0.229713 -0.024277
v 0.009662 0.229779 -0.022031
v 0.014085 0.229827 -0.018862
v 0.017805 0.229857 -0.014890
v 0.020680 0.229866 -0.010269
v 0.022597 0.229854 -0.005176
v 0.023484 0.229823 0.000193
v 0.023307 0.229773 0.005631
v 0.022073 0.229706 0.010931
v 0.019828 0.229624 0.015888
v 0.016660 0.229531 0.020311
v 0.012689 0.229431 0.024031
v 0.008069 0.229326 0.026905
v 0.002977 0.229222 0.028822
v -0.002391 0.229122 0.029708
v -0.008573 0.239322 0.033927
v -0.014701 0.239229 0.032498
v -0.020433 0.239153 0.029901
v -0.025549 0.239097 0.026236
v -0.029851 0.239063 0.021643
v -0.033175 0.239052 0.016299
v -0.035393 0.239066 0.010409
v -0.036419 0.239102 0.004200
v -0.036214 0.239160 -0.002090
v -0.034786 0.239238 -0.008219
v -0.032191 0.239332 -0.013951
v -0.028526 0.239439 -0.019067
v -0.023934 0.239556 -0.023369
v -0.018592 0.239676 -0.026692
v -0.012703 0.239797 -0.028909
v -0.006495 0.239912 -0.029935
v -0.000205 0.240018 -0.029729
v 0.005923 0.240111 -0.028300
v 0.011655 0.240187 -0.025703
v 0.016771 0.240243 -0.022038
v 0.021073 0.240277 -0.017445
v 0.024397 0.240288 -0.012101
v 0.026615 0.240275 -0.006211
v 0.027641 0.240239 -0.000002
v 0.027436 0.240181 0.006288
v 0.026008 0.240103 0.012417
v 0.023413 0.240008 0.018149
v 0.019748 0.239901 0.023265
v 0.015156 0.239785 0.027567
v 0.009814 0.239664 0.030890
v 0.003925 0.239544 0.033107
v -0.002283 0.239428 0.034133
v -0.009189 0.246091 0.037785
v -0.016049 0.245988 0.036185
v -0.022465 0.245903 0.033278
v -0.028191 0.245840 0.029176
v -0.033007 0.245802 0.024034
v -0.036727 0.245790 0.018053
v -0.039210 0.245804 0.011460
v -0.040358 0.245845 0.004510
v -0.040129 0.245910 -0.002531
v -0.038531 0.245997 -0.009391
v -0.035626 0.246103 -0.015807
v -0.031524 0.246223 -0.021534
v -0.026384 0.246353 -0.026349
v -0.020404 0.246488 -0.030069
v -0.013812 0.246623 -0.032551
v -0.006863 0.246752 -0.033699
v 0.000177 0.246871 -0.033468
v 0.007037 0.246975 -0.031869
v 0.013453 0.247060 -0.028962
v 0.019179 0.247123 -0.024859
v 0.023995 0.247161 -0.019718
v 0.027715 0.247173 -0.013736
v 0.030198 0.247158 -0.007144
v 0.031346 0.247118 -0.000194
v 0.031117 0.247052 0.006847
v 0.029519 0.246965 0.013707
v 0.026614 0.246860 0.020124
v 0.022512 0.246740 0.025850
v 0.017372 0.246610 0.030665
v 0.011392 0.246475 0.034386
v 0.004800 0.246340 0.036867
v -0.002149 0.246210 0.038015
v -0.011854 0.256268 0.041635
v -0.017035 0.254466 0.039124
v -0.024211 0.254371 0.035873
v -0.029552 0.256033 0.033616
v -0.037602 0.255970 0.025022
v -0.039493 0.254250 0.019558
v -0.042270 0.254266 0.012185
v -0.044449 0.256010 0.006838
v -0.044066 0.256119 -0.004931
v -0.041542 0.254473 -0.010157
v -0.038293 0.254591 -0.017333
v -0.036051 0.256410 -0.022630
v -0.027460 0.256628 -0.030680
v -0.021982 0.255004 -0.032615
v -0.014610 0.255155 -0.035391
v -0.009278 0.256999 -0.037525
v 0.002490 0.257198 -0.037140
v 0.007730 0.255532 -0.034660
v 0.014906 0.255627 -0.031409
v 0.020188 0.257433 -0.029122
v 0.028238 0.257496 -0.020528
v 0.030189 0.255748 -0.015094
v 0.032965 0.255732 -0.007721
v 0.035085 0.257456 -0.002343
v 0.034702 0.257347 0.009426
v 0.032238 0.255525 0.014621
v 0.028988 0.255407 0.021798
v 0.026687 0.257056 0.027124
v 0.018095 0.256838 0.035174
v 0.012677 0.254994 0.037080
v 0.005305 0.254843 0.039855
v -0.000086 0.256467 0.042019
v -0.011976 0.263572 0.041646
v -0.017147 0.261648 0.039145
v -0.024310 0.261553 0.035899
v -0.031515 0.263453 0.032774
v -0.037688 0.263274 0.025052
v -0.039579 0.261432 0.019599
v -0.042350 0.261448 0.012239
v -0.045233 0.263459 0.004963
v -0.044140 0.263423 -0.004864
v -0.041624 0.261655 -0.010083
v -0.038380 0.261773 -0.017247
v -0.035273 0.263885 -0.024400
v -0.029477 0.264032 -0.029830
v -0.022083 0.262185 -0.032515
v -0.014725 0.262336 -0.035285
v -0.007467 0.264482 -0.038116
v 0.002360 0.264501 -0.037025
v 0.007595 0.262713 -0.034556
v 0.014758 0.262807 -0.031310
v 0.021895 0.264900 -0.028150
v 0.028073 0.264799 -0.020431
v 0.030027 0.262928 -0.015010
v 0.032799 0.262912 -0.007650
v 0.035613 0.264894 -0.000340
v 0.034525 0.264650 0.009485
v 0.032072 0.262706 0.014672
v 0.028828 0.262588 0.021836
v 0.025653 0.264468 0.029024
v 0.017936 0.264142 0.035198
v 0.012532 0.262175 0.037104
v 0.005173 0.262025 0.039874
v -0.000212 0.263771 0.042031
v -0.011783 0.267693 0.039597
v -0.016620 0.265311 0.037361
v -0.023397 0.265222 0.034290
v -0.030111 0.267801 0.031125
v -0.036099 0.267412 0.023799
v -0.037941 0.265106 0.018764
v -0.040562 0.265122 0.011801
v -0.043070 0.267806 0.004854
v -0.042126 0.267555 -0.004565
v -0.039871 0.265318 -0.009462
v -0.036802 0.265430 -0.016239
v -0.033661 0.268209 -0.022885
v -0.028186 0.268348 -0.028014
v -0.021279 0.265823 -0.030783
v -0.014317 0.265965 -0.033404
v -0.007394 0.268773 -0.035841
v 0.002027 0.268577 -0.034905
v 0.006943 0.266324 -0.032708
v 0.013720 0.266414 -0.029638
v 0.020343 0.269167 -0.026427
v 0.026343 0.268857 -0.019107
v 0.028264 0.266529 -0.014112
v 0.030886 0.266514 -0.007148
v 0.033302 0.269162 -0.000156
v 0.032370 0.268715 0.009258
v 0.030194 0.266317 0.014114
v 0.027125 0.266206 0.020891
v 0.023893 0.268759 0.027583
v 0.016578 0.268232 0.033574
v 0.011603 0.265813 0.035435
v 0.004641 0.265670 0.038056
v -0.000409 0.267885 0.039969
v -0.011408 0.270312 0.036362
v -0.015714 0.267641 0.034530
v -0.021917 0.267558 0.031720
v -0.026191 0.270116 0.029664
v -0.033544 0.270058 0.021816
v -0.035296 0.267453 0.017437
v -0.037696 0.267467 0.011063
v -0.039263 0.270092 0.006626
v -0.038913 0.270191 -0.004123
v -0.037060 0.267648 -0.008497
v -0.034250 0.267750 -0.014700
v -0.032218 0.270434 -0.018907
v -0.024371 0.270633 -0.026259
v -0.019971 0.268111 -0.028079
v -0.013598 0.268241 -0.030478
v -0.009184 0.270944 -0.031976
v 0.001563 0.271125 -0.031625
v 0.005959 0.268572 -0.029838
v 0.012162 0.268654 -0.027028
v 0.016347 0.271321 -0.024927
v 0.023699 0.271379 -0.017078
v 0.025541 0.268760 -0.012745
v 0.027941 0.268746 -0.006371
v 0.029418 0.271345 -0.001889
v 0.029069 0.271246 0.008860
v 0.027305 0.268565 0.013188
v 0.024496 0.268463 0.019392
v 0.022374 0.271003 0.023644
v 0.014527 0.270804 0.030996
v 0.010216 0.268101 0.032770
v 0.003844 0.267971 0.035170
v -0.000660 0.270494 0.036714
v -0.008827 0.273219 0.031731
v -0.014431 0.270506 0.030392
v -0.019715 0.270436 0.027998
v -0.024475 0.273012 0.024642
v -0.028441 0.272980 0.020408
v -0.031460 0.270343 0.015459
v -0.033504 0.270355 0.010030
v -0.034495 0.273016 0.004330
v -0.034306 0.273069 -0.001468
v -0.032945 0.270514 -0.007140
v -0.030553 0.270601 -0.012424
v -0.027220 0.273327 -0.017117
v -0.022987 0.273434 -0.021083
v -0.018017 0.270918 -0.024169
v -0.012589 0.271029 -0.026212
v -0.006912 0.273763 -0.027135
v -0.001114 0.273861 -0.026945
v 0.004580 0.271319 -0.025651
v 0.009863 0.271389 -0.023257
v 0.014534 0.274068 -0.019856
v 0.018500 0.274099 -0.015622
v 0.021609 0.271482 -0.010719
v 0.023653 0.271470 -0.005290
v 0.024554 0.274064 0.000456
v 0.024365 0.274010 0.006254
v 0.023094 0.271311 0.011881
v 0.020701 0.271224 0.017165
v 0.017278 0.273753 0.021903
v 0.013046 0.273645 0.025869
v 0.008166 0.270907 0.028909
v 0.002738 0.270796 0.030953
v -0.003030 0.273317 0.031921
v -0.007873 0.261415 0.025916
v -0.012422 0.261346 0.024856
v -0.016677 0.261290 0.022928
v -0.020474 0.261248 0.020207
v -0.023668 0.261223 0.016798
v -0.026135 0.261215 0.012831
v -0.027781 0.261225 0.008459
v -0.028543 0.261252 0.003850
v -0.028391 0.261295 -0.000819
v -0.027331 0.261353 -0.005369
v -0.025404 0.261423 -0.009624
v -0.022684 0.261502 -0.013421
v -0.019276 0.261589 -0.016615
v -0.015310 0.261678 -0.019082
v -0.010938 0.261768 -0.020728
v -0.006330 0.261853 -0.021489
v -0.001661 0.261932 -0.021336
v 0.002888 0.262001 -0.020276
v 0.007143 0.262058 -0.018348
v 0.010940 0.262099 -0.015627
v 0.014134 0.262124 -0.012218
v 0.016601 0.262132 -0.008251
v 0.018247 0.262123 -0.003879
v 0.019009 0.262096 0.000730
v 0.018857 0.262053 0.005399
v 0.017797 0.261995 0.009949
v 0.015870 0.261925 0.014204
v 0.013150 0.261845 0.018001
v 0.009742 0.261759 0.021195
v 0.005776 0.261669 0.023662
v 0.001404 0.261580 0.025308
v -0.003204 0.261494 0.026069
v 0.017797 0.267883 0.015427
v 0.019913 0.267959 0.010753
v -0.027534 0.267331 -0.010743
v -0.029651 0.267254 -0.006070
v -0.025627 0.267112 0.018275
v -0.022120 0.267140 0.022019
v 0.014809 0.267795 0.019597
v 0.021077 0.268023 0.005757
v 0.021244 0.268070 0.000629
v -0.003152 0.267410 0.028457
v 0.001909 0.267504 0.027621
v -0.016448 0.267612 -0.021131
v -0.020804 0.267513 -0.018421
v -0.024547 0.267419 -0.014914
v 0.008211 0.268028 -0.020325
v 0.003538 0.267966 -0.022442
v -0.011647 0.267710 -0.022938
v -0.028337 0.267103 0.013918
v -0.008280 0.267323 0.028290
v 0.012382 0.268074 -0.017336
v -0.013276 0.267247 0.027125
v -0.030145 0.267114 0.009116
v 0.011066 0.267700 0.023105
v 0.015889 0.268102 -0.013592
v -0.006585 0.267804 -0.023774
v -0.030982 0.267143 0.004054
v -0.017949 0.267185 0.025008
v 0.018599 0.268110 -0.009235
v 0.006710 0.267602 0.025814
v -0.030815 0.267191 -0.001073
v -0.001458 0.267891 -0.023607
v 0.020407 0.268100 -0.004433
v -0.007816 0.267317 0.024770
v -0.012135 0.267252 0.023763
v -0.016174 0.267198 0.021933
v -0.019779 0.267159 0.019350
v -0.022811 0.267135 0.016113
v -0.025153 0.267127 0.012347
v -0.026716 0.267137 0.008197
v -0.027439 0.267162 0.003822
v -0.027294 0.267203 -0.000611
v -0.026288 0.267258 -0.004929
v -0.024459 0.267324 -0.008969
v -0.021877 0.267400 -0.012574
v -0.018641 0.267482 -0.015605
v -0.014876 0.267567 -0.017947
v -0.010727 0.267652 -0.019510
v -0.006352 0.267733 -0.020232
v -0.001920 0.267808 -0.020087
v 0.002399 0.267874 -0.019080
v 0.006438 0.267927 -0.017250
v 0.010043 0.267966 -0.014667
v 0.013074 0.267990 -0.011431
v 0.015417 0.267998 -0.007665
v 0.016979 0.267989 -0.003515
v 0.017702 0.267963 0.000861
v 0.017558 0.267922 0.005293
v 0.016552 0.267868 0.009612
v 0.014723 0.267801 0.013651
v 0.012141 0.267725 0.017256
v 0.008905 0.267643 0.020288
v 0.005140 0.267558 0.022630
v 0.000990 0.267474 0.024192
v -0.003384 0.267392 0.024914
v -0.007163 0.272966 0.019120
v -0.010384 0.272917 0.018369
v -0.013398 0.272877 0.017004
v -0.016086 0.272847 0.015077
v -0.018348 0.272829 0.012663
v -0.020095 0.272824 0.009854
v -0.021261 0.272831 0.006758
v -0.021800 0.272850 0.003494
v -0.021693 0.272880 0.000188
v -0.020942 0.272921 -0.003034
v -0.019578 0.272971 -0.006047
v -0.017652 0.273027 -0.008736
v -0.015238 0.273088 -0.010997
v -0.012429 0.273152 -0.012744
v -0.009334 0.273215 -0.013909
v -0.006071 0.273276 -0.014448
v -0.002765 0.273332 -0.014340
v 0.000456 0.273380 -0.013589
v 0.003469 0.273420 -0.012224
v 0.006158 0.273450 -0.010298
v 0.008420 0.273468 -0.007883
v 0.010167 0.273473 -0.005074
v 0.011333 0.273466 -0.001978
v 0.011872 0.273447 0.001285
v 0.011765 0.273417 0.004592
v 0.011014 0.273376 0.007813
v 0.009650 0.273326 0.010826
v 0.007723 0.273270 0.013515
v 0.005310 0.273209 0.015777
v 0.002501 0.273145 0.017524
v -0.000594 0.273082 0.018689
v -0.003857 0.273021 0.019228
v -0.006398 0.276632 0.012858
v -0.008407 0.276602 0.012389
v -0.010287 0.276577 0.011538
v -0.011965 0.276558 0.010336
v -0.013375 0.276547 0.008830
v -0.014465 0.276544 0.007077
v -0.015193 0.276548 0.005146
v -0.015529 0.276560 0.003110
v -0.015462 0.276579 0.001047
v -0.014994 0.276604 -0.000962
v -0.014143 0.276635 -0.002842
v -0.012941 0.276671 -0.004520
v -0.011435 0.276709 -0.005930
v -0.009683 0.276748 -0.007020
v -0.007752 0.276788 -0.007747
v -0.005716 0.276826 -0.008084
v -0.003654 0.276860 -0.008016
v -0.001644 0.276891 -0.007548
v 0.000235 0.276916 -0.006696
v 0.001913 0.276934 -0.005494
v 0.003324 0.276945 -0.003988
v 0.004414 0.276949 -0.002235
v 0.005141 0.276945 -0.000304
v 0.005477 0.276933 0.001732
v 0.005410 0.276914 0.003795
v 0.004942 0.276888 0.005804
v 0.004091 0.276857 0.007684
v 0.002889 0.276822 0.009362
v 0.001384 0.276784 0.010772
v -0.000369 0.276744 0.011862
v -0.002300 0.276705 0.012589
v -0.004335 0.276667 0.012925
v -0.005961 0.277693 0.009413
v -0.007306 0.277673 0.009099
v -0.008564 0.277656 0.008530
v -0.009686 0.277644 0.007726
v -0.010630 0.277636 0.006718
v -0.011359 0.277634 0.005545
v -0.011846 0.277637 0.004253
v -0.012071 0.277645 0.002891
v -0.012026 0.277658 0.001511
v -0.011713 0.277675 0.000166
v -0.011143 0.277696 -0.001092
v -0.010339 0.277719 -0.002214
v -0.009332 0.277745 -0.003158
v -0.008160 0.277771 -0.003887
v -0.006867 0.277797 -0.004373
v -0.005505 0.277823 -0.004598
v -0.004126 0.277846 -0.004553
v -0.002781 0.277866 -0.004240
v -0.001523 0.277883 -0.003670
v -0.000401 0.277895 -0.002866
v 0.000543 0.277903 -0.001858
v 0.001272 0.277905 -0.000686
v 0.001759 0.277902 0.000607
v 0.001984 0.277894 0.001969
v 0.001939 0.277882 0.003349
v 0.001626 0.277865 0.004694
v 0.001056 0.277844 0.005951
v 0.000252 0.277820 0.007074
v -0.000755 0.277795 0.008018
v -0.001927 0.277768 0.008747
v -0.003219 0.277742 0.009233
v -0.004581 0.277717 0.009458
v -0.005992 0.279482 0.009429
v -0.007337 0.279461 0.009115
v -0.008594 0.279445 0.008545
v -0.009717 0.279432 0.007741
v -0.010661 0.279425 0.006733
v -0.011390 0.279422 0.005561
v -0.011876 0.279425 0.004269
v -0.012102 0.279433 0.002906
v -0.012057 0.279446 0.001526
v -0.011743 0.279463 0.000182
v -0.011174 0.279484 -0.001076
v -0.010370 0.279507 -0.002198
v -0.009362 0.279533 -0.003142
v -0.008190 0.279559 -0.003872
v -0.006898 0.279586 -0.004358
v -0.005536 0.279611 -0.004583
v -0.004156 0.279634 -0.004538
v -0.002812 0.279655 -0.004224
v -0.001554 0.279671 -0.003655
v -0.000432 0.279684 -0.002850
v 0.000512 0.279691 -0.001843
v 0.001242 0.279694 -0.000670
v 0.001728 0.279691 0.000622
v 0.001953 0.279683 0.001984
v 0.001908 0.279670 0.003364
v 0.001595 0.279653 0.004709
v 0.001026 0.279632 0.005967
v 0.000222 0.279609 0.007089
v -0.000786 0.279583 0.008033
v -0.001958 0.279557 0.008762
v -0.003250 0.279530 0.009249
v -0.004612 0.279505 0.009474
v -0.006120 0.280412 0.010285
v -0.007628 0.280389 0.009934
v -0.009038 0.280371 0.009295
v -0.010297 0.280357 0.008393
v -0.011356 0.280348 0.007263
v -0.012174 0.280346 0.005948
v -0.012719 0.280349 0.004498
v -0.012972 0.280358 0.002970
v -0.012921 0.280372 0.001423
v -0.012570 0.280391 -0.000085
v -0.011931 0.280415 -0.001496
v -0.011030 0.280441 -0.002755
v -0.009900 0.280470 -0.003813
v -0.008585 0.280499 -0.004631
v -0.007136 0.280529 -0.005177
v -0.005608 0.280557 -0.005429
v -0.004061 0.280583 -0.005378
v -0.002553 0.280606 -0.005027
v -0.001142 0.280625 -0.004388
v 0.000116 0.280639 -0.003486
v 0.001175 0.280647 -0.002356
v 0.001993 0.280650 -0.001041
v 0.002539 0.280647 0.000409
v 0.002791 0.280638 0.001937
v 0.002741 0.280623 0.003484
v 0.002390 0.280604 0.004992
v 0.001751 0.280581 0.006403
v 0.000849 0.280555 0.007662
v -0.000281 0.280526 0.008720
v -0.001596 0.280496 0.009538
v -0.003045 0.280467 0.010084
v -0.004572 0.280438 0.010336
v -0.006308 0.282313 0.011484
v -0.008043 0.282287 0.011079
v -0.009667 0.282265 0.010343
v -0.011115 0.282249 0.009305
v -0.012334 0.282240 0.008005
v -0.013275 0.282237 0.006491
v -0.013903 0.282240 0.004823
v -0.014194 0.282251 0.003065
v -0.014136 0.282267 0.001284
v -0.013731 0.282289 -0.000452
v -0.012996 0.282316 -0.002075
v -0.011959 0.282346 -0.003524
v -0.010658 0.282379 -0.004742
v -0.009145 0.282413 -0.005683
v -0.007478 0.282447 -0.006311
v -0.005719 0.282480 -0.006602
v -0.003938 0.282510 -0.006543
v -0.002203 0.282536 -0.006139
v -0.000580 0.282558 -0.005403
v 0.000869 0.282574 -0.004365
v 0.002087 0.282584 -0.003065
v 0.003029 0.282587 -0.001551
v 0.003657 0.282583 0.000117
v 0.003947 0.282573 0.001875
v 0.003889 0.282556 0.003656
v 0.003485 0.282534 0.005392
v 0.002750 0.282507 0.007015
v 0.001712 0.282477 0.008464
v 0.000412 0.282444 0.009682
v -0.001101 0.282410 0.010624
v -0.002769 0.282376 0.011251
v -0.004527 0.282343 0.011542
v -0.006498 0.285227 0.012575
v -0.008438 0.285194 0.012116
v -0.010242 0.285164 0.011277
v -0.011849 0.285140 0.010112
v -0.013191 0.285133 0.008654
v -0.014261 0.285140 0.006982
v -0.014998 0.285149 0.005130
v -0.015352 0.285160 0.003163
v -0.015325 0.285177 0.001159
v -0.014875 0.285201 -0.000798
v -0.014060 0.285233 -0.002635
v -0.012909 0.285267 -0.004287
v -0.011440 0.285304 -0.005669
v -0.009727 0.285343 -0.006735
v -0.007839 0.285382 -0.007446
v -0.005849 0.285419 -0.007778
v -0.003832 0.285453 -0.007713
v -0.001867 0.285483 -0.007252
v -0.000066 0.285504 -0.006356
v 0.001452 0.285508 -0.005069
v 0.002744 0.285514 -0.003589
v 0.003780 0.285535 -0.001923
v 0.004541 0.285548 -0.000104
v 0.004967 0.285529 0.001833
v 0.004934 0.285508 0.003827
v 0.004469 0.285485 0.005769
v 0.003638 0.285455 0.007583
v 0.002458 0.285417 0.009185
v 0.000991 0.285375 0.010521
v -0.000684 0.285337 0.011590
v -0.002539 0.285301 0.012313
v -0.004505 0.285264 0.012639
v -0.006517 0.288033 0.012285
v -0.008406 0.287942 0.011789
v -0.010131 0.287826 0.010939
v -0.011630 0.287744 0.009820
v -0.013015 0.287825 0.008465
v -0.014204 0.287975 0.006893
v -0.014989 0.288063 0.005107
v -0.015306 0.288081 0.003185
v -0.015215 0.288074 0.001238
v -0.014730 0.288060 -0.000656
v -0.013890 0.288054 -0.002450
v -0.012745 0.288070 -0.004079
v -0.011362 0.288139 -0.005410
v -0.009654 0.288136 -0.006332
v -0.007792 0.288155 -0.006951
v -0.005862 0.288232 -0.007330
v -0.003896 0.288331 -0.007402
v -0.001965 0.288364 -0.006995
v -0.000211 0.288303 -0.006106
v 0.001220 0.288164 -0.004836
v 0.002414 0.288150 -0.003389
v 0.003431 0.288230 -0.001776
v 0.004195 0.288302 -0.000007
v 0.004597 0.288328 0.001884
v 0.004572 0.288316 0.003829
v 0.004138 0.288273 0.005732
v 0.003369 0.288218 0.007515
v 0.002288 0.288174 0.009089
v 0.000862 0.288142 0.010366
v -0.000796 0.288143 0.011392
v -0.002623 0.288148 0.012114
v -0.004561 0.288106 0.012406
v -0.006530 0.290455 0.011501
v -0.008337 0.290275 0.011000
v -0.009959 0.290034 0.010244
v -0.011430 0.289922 0.009346
v -0.012640 0.290119 0.008167
v -0.013695 0.290388 0.006704
v -0.014407 0.290534 0.004995
v -0.014653 0.290547 0.003163
v -0.014520 0.290503 0.001306
v -0.014102 0.290472 -0.000490
v -0.013408 0.290443 -0.002151
v -0.012383 0.290353 -0.003574
v -0.011002 0.290417 -0.004702
v -0.009444 0.290505 -0.005572
v -0.007697 0.290600 -0.006195
v -0.005861 0.290710 -0.006567
v -0.004002 0.290735 -0.006520
v -0.002191 0.290680 -0.006080
v -0.000527 0.290555 -0.005353
v 0.000842 0.290365 -0.004389
v 0.001925 0.290478 -0.003138
v 0.002930 0.290718 -0.001621
v 0.003627 0.290814 0.000102
v 0.003919 0.290813 0.001937
v 0.003800 0.290745 0.003803
v 0.003348 0.290626 0.005620
v 0.002634 0.290444 0.007294
v 0.001724 0.290294 0.008692
v 0.000458 0.290349 0.009769
v -0.001094 0.290469 0.010682
v -0.002825 0.290565 0.011367
v -0.004660 0.290566 0.011663
v -0.006595 0.292374 0.010141
v -0.008354 0.292071 0.009748
v -0.010021 0.291674 0.009249
v -0.011146 0.291264 0.008855
v -0.011784 0.291706 0.007886
v -0.012533 0.292121 0.006483
v -0.013117 0.292383 0.004850
v -0.013328 0.292421 0.003100
v -0.013238 0.292362 0.001308
v -0.012960 0.292313 -0.000397
v -0.012452 0.292167 -0.001911
v -0.011907 0.291787 -0.003029
v -0.010777 0.292117 -0.003623
v -0.009229 0.292317 -0.004294
v -0.007571 0.292509 -0.004818
v -0.005801 0.292634 -0.005095
v -0.004006 0.292631 -0.005064
v -0.002270 0.292457 -0.004741
v -0.000717 0.292097 -0.004243
v 0.000371 0.291657 -0.003824
v 0.000942 0.292082 -0.002804
v 0.001648 0.292444 -0.001351
v 0.002181 0.292605 0.000292
v 0.002438 0.292645 0.002037
v 0.002362 0.292552 0.003820
v 0.001985 0.292257 0.005576
v 0.001508 0.291873 0.007130
v 0.001113 0.291473 0.008219
v 0.000089 0.291834 0.008762
v -0.001359 0.292185 0.009418
v -0.003019 0.292448 0.009990
v -0.004780 0.292513 0.010257
v 0.000205 0.292820 0.007432
v 0.000536 0.293526 0.005810
v 0.000872 0.294039 0.004009
v 0.000972 0.294267 0.002156
v 0.000707 0.294154 0.000333
v 0.000213 0.293793 -0.001397
v -0.000365 0.293110 -0.002944
v -0.001324 0.293542 0.007931
v -0.001075 0.294529 0.006216
v -0.000809 0.295149 0.004306
v -0.000765 0.295394 0.002282
v -0.001022 0.295254 0.000263
v -0.001481 0.294771 -0.001626
v -0.001984 0.293828 -0.003287
v -0.003055 0.294034 0.008418
v -0.002946 0.295160 0.006637
v -0.002895 0.295696 0.004594
v -0.002984 0.295852 0.002431
v -0.003177 0.295735 0.000272
v -0.003465 0.295326 -0.001796
v -0.003813 0.294251 -0.003546
v -0.004926 0.294180 0.008680
v -0.005063 0.295343 0.006894
v -0.005209 0.295815 0.004791
v -0.005356 0.295969 0.002588
v -0.005498 0.295848 0.000383
v -0.005623 0.295357 -0.001704
v -0.005723 0.294274 -0.003515
v -0.006837 0.293931 0.008605
v -0.007199 0.295080 0.006905
v -0.007700 0.295678 0.004904
v -0.007927 0.295839 0.002756
v -0.007940 0.295631 0.000611
v -0.007668 0.294956 -0.001396
v -0.007586 0.293978 -0.003202
v -0.008802 0.293435 0.008302
v -0.009353 0.294400 0.006682
v -0.009807 0.294929 0.004848
v -0.010059 0.295113 0.002882
v -0.009994 0.294898 0.000893
v -0.009783 0.294459 -0.001017
v -0.009456 0.293668 -0.002772
v -0.010481 0.292680 0.007992
v -0.011057 0.293367 0.006495
v -0.011552 0.293786 0.004804
v -0.011774 0.293901 0.002995
v -0.011718 0.293794 0.001148
v -0.011505 0.293596 -0.000633
v -0.011135 0.293179 -0.002260
v -0.011905 0.278846 0.001540
v -0.011895 0.278262 0.001535
v -0.011939 0.278250 0.002887
v -0.011949 0.278834 0.002892
v -0.004164 0.279031 -0.004402
v -0.004154 0.278447 -0.004407
v -0.005506 0.278424 -0.004451
v -0.005516 0.279008 -0.004446
v 0.001601 0.279086 0.000654
v 0.001611 0.278502 0.000649
v 0.001134 0.278505 -0.000618
v 0.001124 0.279089 -0.000612
v -0.009613 0.278833 0.007629
v -0.009603 0.278249 0.007624
v -0.008503 0.278261 0.008412
v -0.008513 0.278845 0.008417
v -0.011598 0.278863 0.000222
v -0.011588 0.278279 0.000217
v -0.003277 0.278929 0.009106
v -0.003267 0.278345 0.009101
v -0.002001 0.278371 0.008624
v -0.002011 0.278955 0.008630
v 0.001822 0.279078 0.001988
v 0.001832 0.278494 0.001983
v -0.002847 0.279051 -0.004095
v -0.002837 0.278467 -0.004100
v 0.000913 0.279029 0.005890
v 0.000923 0.278444 0.005885
v 0.001481 0.278465 0.004653
v 0.001471 0.279049 0.004658
v -0.011040 0.278883 -0.001010
v -0.011030 0.278299 -0.001015
v -0.010538 0.278825 0.006642
v -0.010527 0.278241 0.006636
v 0.000125 0.279005 0.006990
v 0.000135 0.278421 0.006985
v 0.001778 0.279066 0.003341
v 0.001788 0.278482 0.003336
v -0.004611 0.278904 0.009327
v -0.004601 0.278320 0.009321
v -0.008117 0.278957 -0.003749
v -0.008107 0.278373 -0.003754
v -0.009256 0.278347 -0.003040
v -0.009266 0.278931 -0.003035
v -0.010253 0.278906 -0.002110
v -0.010243 0.278322 -0.002115
v -0.001615 0.279067 -0.003537
v -0.001605 0.278483 -0.003542
v -0.006851 0.278983 -0.004226
v -0.006841 0.278399 -0.004231
v -0.011252 0.278823 0.005493
v -0.011242 0.278239 0.005488
v -0.005963 0.278881 0.009282
v -0.005953 0.278297 0.009277
v -0.000515 0.279079 -0.002749
v -0.000505 0.278495 -0.002754
v -0.007281 0.278861 0.008975
v -0.007271 0.278277 0.008970
v -0.011729 0.278826 0.004227
v -0.011719 0.278242 0.004221
v -0.000862 0.278981 0.007915
v -0.000852 0.278396 0.007910
v 0.000410 0.279086 -0.001761
v 0.000420 0.278502 -0.001766
v 0.032708 0.253380 0.014752
v 0.029423 0.253261 0.022006
v 0.025896 0.255001 0.029012
v -0.029380 0.254564 -0.029997
v -0.022146 0.252853 -0.033046
v -0.014694 0.253005 -0.035852
v -0.009941 0.254268 0.042505
v -0.017147 0.252309 0.039539
v -0.007312 0.255015 -0.038306
v -0.024401 0.252212 0.036253
v 0.020085 0.254854 0.034456
v 0.012915 0.252843 0.037473
v -0.031423 0.253984 0.032772
v 0.005463 0.252690 0.040279
v 0.000647 0.255149 -0.038045
v 0.007917 0.253387 -0.035112
v -0.001983 0.254402 0.042765
v 0.015170 0.253483 -0.031826
v -0.036867 0.253940 0.026960
v -0.039869 0.252090 0.019740
v 0.022128 0.255434 -0.028313
v -0.042675 0.252107 0.012288
v -0.045178 0.253989 0.004888
v 0.027572 0.255477 -0.022501
v 0.030638 0.253606 -0.015314
v 0.033444 0.253589 -0.007861
v -0.044919 0.254063 -0.003071
v -0.041939 0.252316 -0.010326
v 0.035883 0.255428 -0.000429
v -0.038654 0.252435 -0.017579
v -0.035191 0.254417 -0.024553
v 0.035624 0.255354 0.007530
v 0.000470 0.264616 -0.037857
v -0.009403 0.264303 -0.037410
v -0.029641 0.263338 0.033643
v -0.044975 0.263532 -0.002975
v 0.034908 0.264759 -0.002279
v -0.036944 0.263410 0.026977
v 0.026525 0.264359 0.027152
v 0.035355 0.264820 0.007598
v -0.002153 0.263871 0.042740
v -0.027551 0.263932 -0.030577
v -0.036140 0.263714 -0.022530
v -0.010090 0.263737 0.042480
v 0.020026 0.264735 -0.029022
v 0.019858 0.264321 0.034454
v 0.027325 0.264942 -0.022354
v -0.044523 0.263315 0.006901
v 0.000104 0.268899 -0.035596
v -0.035240 0.267760 0.025649
v -0.028318 0.267474 0.032106
v 0.024882 0.268442 0.025793
v 0.033058 0.269092 0.007343
v 0.032740 0.268820 -0.002117
v -0.002374 0.268196 0.040540
v -0.026333 0.268037 -0.028881
v -0.034638 0.267827 -0.021101
v -0.009872 0.268069 0.040295
v 0.018562 0.268796 -0.027413
v 0.018418 0.268621 0.032712
v 0.025472 0.269208 -0.020951
v -0.009347 0.268385 -0.035277
v -0.042496 0.267450 0.006810
v -0.042826 0.267876 -0.002645
v 0.026725 0.270123 0.013096
v 0.024024 0.270024 0.019060
v 0.020166 0.272540 0.024406
v -0.025287 0.272180 -0.024118
v -0.019683 0.269679 -0.027599
v -0.013555 0.269804 -0.029906
v -0.009303 0.271937 0.035501
v -0.015634 0.269214 0.033991
v -0.007140 0.272551 -0.030950
v -0.021599 0.269135 0.031289
v 0.015388 0.272419 0.028883
v 0.009874 0.269666 0.032318
v -0.026967 0.271703 0.027498
v 0.003746 0.269541 0.034625
v -0.000596 0.272662 -0.030736
v 0.005826 0.270131 -0.029272
v -0.002759 0.272048 0.035715
v 0.011790 0.270211 -0.026570
v -0.031444 0.271668 0.022718
v -0.034857 0.269030 0.017135
v 0.017068 0.272896 -0.022733
v -0.037165 0.269043 0.011006
v -0.038278 0.271708 0.004568
v 0.021545 0.272931 -0.017954
v 0.025049 0.270315 -0.012416
v 0.027356 0.270302 -0.006287
v -0.038065 0.271769 -0.001976
v -0.036534 0.269222 -0.008376
v 0.028379 0.272891 0.000196
v -0.033833 0.269321 -0.014341
v -0.030065 0.272059 -0.019641
v 0.028166 0.272831 0.006741
v 0.001568 0.256174 -0.037593
v 0.007823 0.254460 -0.034886
v 0.015038 0.254555 -0.031618
v 0.021158 0.256433 -0.028718
v 0.001415 0.264559 -0.037441
v 0.020960 0.264817 -0.028586
v 0.001066 0.268738 -0.035251
v 0.019452 0.268982 -0.026920
v 0.005892 0.269352 -0.029555
v 0.000484 0.271894 -0.031180
v 0.011976 0.269432 -0.026799
v 0.016707 0.272108 -0.023830
v -0.028420 0.255596 -0.030339
v -0.022064 0.253928 -0.032831
v -0.014652 0.254080 -0.035621
v -0.008295 0.256007 -0.037915
v -0.008435 0.264392 -0.037763
v -0.028514 0.263982 -0.030204
v -0.027260 0.268192 -0.028448
v -0.008370 0.268579 -0.035559
v -0.019827 0.268895 -0.027839
v -0.024829 0.271407 -0.025188
v -0.013577 0.269023 -0.030192
v -0.008162 0.271747 -0.031463
v -0.044493 0.255091 -0.004001
v -0.041741 0.253394 -0.010241
v -0.038473 0.253513 -0.017456
v -0.035621 0.255413 -0.023592
v -0.044558 0.263478 -0.003919
v -0.035706 0.263800 -0.023465
v -0.034149 0.268018 -0.021993
v -0.042476 0.267715 -0.003605
v -0.036797 0.268435 -0.008437
v -0.038489 0.270980 -0.003050
v -0.034042 0.268535 -0.014521
v -0.031142 0.271247 -0.019274
v -0.037235 0.254955 0.025991
v -0.039681 0.253170 0.019649
v -0.042472 0.253187 0.012236
v -0.044814 0.255000 0.005863
v -0.037316 0.263342 0.026015
v -0.044878 0.263387 0.005932
v -0.035669 0.267586 0.024724
v -0.042783 0.267628 0.005832
v -0.035077 0.268241 0.017286
v -0.032494 0.270863 0.022267
v -0.037431 0.268255 0.011035
v -0.038770 0.270900 0.005597
v -0.010898 0.255268 0.042070
v -0.017091 0.253387 0.039332
v -0.024306 0.253292 0.036063
v -0.030487 0.255008 0.033194
v -0.030578 0.263396 0.033208
v -0.011033 0.263654 0.042063
v -0.029214 0.267637 0.031615
v -0.010827 0.267881 0.039946
v -0.015674 0.268427 0.034261
v -0.010355 0.271125 0.035931
v -0.021758 0.268346 0.031504
v -0.026579 0.270910 0.028581
v 0.019090 0.255846 0.034815
v 0.012796 0.253918 0.037276
v 0.005384 0.253767 0.040067
v -0.001035 0.255435 0.042392
v -0.001182 0.263821 0.042386
v 0.018897 0.264231 0.034826
v -0.001391 0.268040 0.040254
v 0.017498 0.268426 0.033143
v 0.010045 0.268884 0.032544
v 0.014958 0.271611 0.029939
v 0.003795 0.268756 0.034897
v -0.001710 0.271271 0.036214
v 0.032473 0.254453 0.014687
v 0.029206 0.254334 0.021902
v 0.026292 0.256028 0.028068
v 0.035163 0.256351 0.008478
v 0.026089 0.264413 0.028088
v 0.034940 0.264735 0.008542
v 0.024387 0.268601 0.026688
v 0.032714 0.268904 0.008300
v 0.024260 0.269244 0.019226
v 0.027015 0.269344 0.013142
v 0.021270 0.271771 0.024025
v 0.028617 0.272038 0.007801
v 0.027905 0.256487 -0.021515
v 0.030413 0.254677 -0.015204
v 0.033205 0.254660 -0.007791
v 0.035484 0.256442 -0.001386
v 0.035261 0.264826 -0.001310
v 0.027699 0.264871 -0.021392
v 0.033021 0.268991 -0.001137
v 0.025908 0.269033 -0.020029
v 0.025295 0.269538 -0.012580
v 0.022622 0.272155 -0.017516
v 0.027649 0.269524 -0.006329
v 0.028899 0.272118 -0.000846
v 0.021744 0.215768 0.000201
v 0.020920 0.215798 -0.004784
v 0.004308 0.215666 -0.022518
v -0.000612 0.215592 -0.023665
v 0.018350 0.215584 0.014773
v 0.020434 0.215659 0.010171
v -0.026291 0.215041 -0.010998
v -0.028375 0.214965 -0.006396
v -0.024413 0.214825 0.017578
v -0.020958 0.214852 0.021265
v 0.015408 0.215497 0.018880
v 0.021580 0.215722 0.005250
v -0.002280 0.215118 0.027605
v 0.002704 0.215211 0.026782
v -0.015373 0.215317 -0.021227
v -0.019662 0.215220 -0.018559
v -0.023349 0.215127 -0.015105
v 0.008910 0.215727 -0.020433
v -0.010645 0.215414 -0.023007
v -0.027081 0.214816 0.013288
v -0.007329 0.215032 0.027440
v 0.013017 0.215772 -0.017490
v -0.012250 0.214958 0.026293
v -0.028862 0.214827 0.008559
v 0.011721 0.215404 0.022334
v 0.016471 0.215799 -0.013803
v -0.005661 0.215506 -0.023830
v -0.029685 0.214856 0.003574
v -0.016851 0.214897 0.024208
v 0.019140 0.215808 -0.009513
v 0.007432 0.215307 0.025002
v -0.029521 0.214902 -0.001476
v -0.030815 0.212561 -0.001671
v -0.030988 0.212512 0.003642
v -0.000397 0.213286 -0.025019
v -0.005709 0.213196 -0.025193
v 0.022259 0.213503 -0.005152
v 0.020386 0.213514 -0.010128
v -0.021805 0.212508 0.022257
v -0.017484 0.212555 0.025353
v -0.029609 0.212627 -0.006848
v 0.003092 0.212885 0.028061
v 0.008067 0.212987 0.026188
v 0.023126 0.213472 0.000093
v 0.004780 0.213365 -0.023812
v 0.019554 0.213278 0.015425
v 0.021747 0.213357 0.010583
v -0.027416 0.212706 -0.011691
v -0.025440 0.212479 0.018377
v 0.016459 0.213187 0.019747
v 0.022953 0.213423 0.005406
v -0.002152 0.212788 0.028927
v -0.015928 0.212997 -0.022454
v -0.020442 0.212895 -0.019646
v -0.024321 0.212797 -0.016012
v 0.009622 0.213429 -0.021618
v -0.010954 0.213099 -0.024327
v -0.028247 0.212470 0.013862
v -0.007465 0.212698 0.028754
v 0.013944 0.213476 -0.018522
v -0.012642 0.212619 0.027547
v -0.030121 0.212481 0.008887
v 0.012580 0.213089 0.023381
v 0.017578 0.213505 -0.014642
v 0.015277 0.204273 -0.019942
v 0.010672 0.204223 -0.023242
v -0.013056 0.203360 0.029154
v -0.007538 0.203444 0.030440
v -0.031683 0.203213 0.009268
v -0.029687 0.203201 0.014571
v 0.013824 0.203860 0.024715
v 0.017958 0.203965 0.020842
v 0.019150 0.204304 -0.015807
v -0.005668 0.203975 -0.027051
v -0.011257 0.203871 -0.026128
v -0.032607 0.203245 0.003679
v -0.018216 0.203292 0.026816
v 0.022143 0.204313 -0.010996
v 0.009014 0.203752 0.027707
v -0.032423 0.203298 -0.001984
v -0.000006 0.204071 -0.026866
v 0.024139 0.204301 -0.005694
v -0.022821 0.203241 0.023516
v -0.031138 0.203368 -0.007501
v 0.003712 0.203643 0.029702
v 0.025063 0.204269 -0.000104
v 0.005511 0.204154 -0.025580
v 0.021256 0.204062 0.016236
v 0.023593 0.204146 0.011076
v -0.028801 0.203453 -0.012662
v -0.026694 0.203211 0.019382
v 0.024879 0.204216 0.005558
v -0.001877 0.203539 0.030626
v -0.016558 0.203763 -0.024132
v -0.021368 0.203654 -0.021140
v -0.025502 0.203549 -0.017267
v 0.023332 0.205466 -0.005473
v 0.021392 0.205477 -0.010626
v -0.022304 0.204435 0.022914
v -0.017829 0.204484 0.026121
v -0.030386 0.204558 -0.007229
v -0.031635 0.204490 -0.001867
v 0.003481 0.204826 0.028926
v 0.008633 0.204931 0.026986
v 0.024229 0.205434 -0.000041
v 0.005229 0.205323 -0.024798
v -0.000132 0.205241 -0.026048
v 0.020530 0.205232 0.015839
v 0.022801 0.205315 0.010824
v -0.028115 0.204641 -0.012244
v -0.026068 0.204406 0.018896
v 0.017325 0.205139 0.020315
v 0.024050 0.205383 0.005462
v -0.001950 0.204725 0.029823
v -0.016218 0.204942 -0.023391
v -0.020892 0.204836 -0.020484
v -0.024909 0.204735 -0.016720
v 0.010244 0.205389 -0.022526
v -0.011066 0.205047 -0.025331
v -0.028976 0.204396 0.014220
v -0.007453 0.204632 0.029643
v 0.014720 0.205438 -0.019319
v -0.012814 0.204551 0.028393
v -0.030916 0.204408 0.009068
v 0.013307 0.205037 0.024078
v 0.018484 0.205468 -0.015301
v -0.005634 0.205148 -0.026228
v -0.031814 0.204439 0.003635
v 0.027898 0.192846 0.019860
v 0.030837 0.192953 0.013370
v -0.035054 0.192080 -0.016482
v -0.037993 0.191973 -0.009992
v -0.032405 0.191776 0.023816
v -0.027534 0.191814 0.029016
v 0.023749 0.192724 0.025652
v 0.032453 0.193041 0.006432
v 0.032685 0.193107 -0.000690
v -0.001194 0.192189 0.037956
v 0.005834 0.192320 0.036795
v -0.019658 0.192470 -0.030907
v -0.025707 0.192333 -0.027144
v -0.030905 0.192202 -0.022274
v 0.014586 0.193048 -0.029787
v 0.008097 0.192962 -0.032728
v -0.012991 0.192606 -0.033417
v -0.036168 0.191764 0.017765
v -0.008315 0.192069 0.037723
v 0.020378 0.193112 -0.025638
v -0.015253 0.191964 0.036106
v -0.038679 0.191778 0.011097
v 0.018550 0.192593 0.030523
v 0.025249 0.193150 -0.020438
v -0.005962 0.192737 -0.034578
v -0.039841 0.191819 0.004068
v -0.021743 0.191878 0.033166
v 0.029012 0.193162 -0.014387
v 0.012501 0.192456 0.034285
v -0.039609 0.191885 -0.003053
v 0.001158 0.192857 -0.034345
v 0.031523 0.193148 -0.007719
v 0.004403 0.005040 0.068483
v 0.004399 0.004458 0.068273
v -0.006459 -0.000538 0.049139
v 0.017622 0.004704 0.066089
v 0.017665 0.005286 0.066292
v -0.015921 -0.000681 0.046933
v 0.030165 0.004961 0.061367
v 0.030246 0.005544 0.061556
v -0.024771 -0.000798 0.042924
v 0.041546 0.005218 0.054288
v 0.041660 0.005801 0.054456
v -0.032668 -0.000885 0.037265
v 0.051326 0.005465 0.045125
v 0.051470 0.006050 0.045265
v -0.039311 -0.000937 0.030174
v 0.059131 0.005694 0.034229
v 0.059298 0.006279 0.034336
v -0.044443 -0.000954 0.021923
v 0.064660 0.005895 0.022019
v 0.064843 0.006481 0.022090
v -0.047866 -0.000934 0.012830
v 0.067701 0.006061 0.008965
v 0.067893 0.006647 0.008997
v -0.049451 -0.000878 0.003244
v 0.068137 0.006184 -0.004432
v 0.068331 0.006771 -0.004440
v -0.049135 -0.000788 -0.006467
v 0.065951 0.006262 -0.017657
v 0.066138 0.006848 -0.017705
v -0.046931 -0.000668 -0.015930
v 0.061227 0.006290 -0.030202
v 0.061401 0.006876 -0.030287
v -0.042923 -0.000522 -0.024780
v 0.054148 0.006267 -0.041584
v 0.054300 0.006853 -0.041704
v -0.037266 -0.000356 -0.032678
v 0.044984 0.006194 -0.051367
v 0.045109 0.006781 -0.051516
v -0.030176 -0.000177 -0.039320
v 0.034088 0.006075 -0.059174
v 0.034180 0.006661 -0.059346
v -0.021927 0.000009 -0.044451
v 0.021879 0.005913 -0.064706
v 0.021934 0.006499 -0.064894
v -0.012836 0.000195 -0.047874
v 0.008826 0.005716 -0.067749
v 0.008842 0.006300 -0.067947
v -0.003251 0.000374 -0.049457
v -0.004570 0.005489 -0.068187
v -0.004593 0.006073 -0.068386
v 0.006459 0.000538 -0.049139
v -0.017793 0.005243 -0.066003
v -0.017856 0.005827 -0.066195
v 0.015921 0.000681 -0.046933
v -0.030336 0.004987 -0.061281
v -0.030437 0.005569 -0.061459
v 0.024771 0.000798 -0.042924
v -0.041716 0.004730 -0.054202
v -0.041851 0.005312 -0.054359
v 0.032668 0.000885 -0.037265
v -0.051497 0.004482 -0.045039
v -0.051661 0.005063 -0.045168
v 0.039311 0.000937 -0.030174
v -0.059302 0.004253 -0.034143
v -0.059489 0.004834 -0.034240
v 0.044443 0.000954 -0.021923
v -0.064831 0.004052 -0.021933
v -0.065034 0.004632 -0.021994
v 0.047866 0.000934 -0.012830
v -0.067872 0.003887 -0.008879
v -0.068084 0.004466 -0.008901
v 0.049451 0.000878 -0.003244
v -0.068308 0.003763 0.004518
v -0.068522 0.004342 0.004537
v 0.049135 0.000788 0.006467
v -0.066122 0.003686 0.017743
v -0.066329 0.004265 0.017801
v 0.046931 0.000668 0.015930
v -0.061398 0.003658 0.030288
v -0.061592 0.004237 0.030384
v 0.042923 0.000522 0.024780
v -0.054319 0.003681 0.041671
v -0.054491 0.004260 0.041800
v 0.037266 0.000356 0.032678
v -0.045155 0.003753 0.051454
v -0.045299 0.004332 0.051612
v 0.030176 0.000177 0.039320
v -0.034259 0.003873 0.059261
v -0.034371 0.004452 0.059443
v 0.021927 -0.000009 0.044451
v -0.022050 0.004034 0.064792
v -0.022125 0.004614 0.064991
v 0.012836 -0.000195 0.047874
v -0.008996 0.004232 0.067835
v -0.009033 0.004813 0.068043
v 0.003251 -0.000374 0.049457
v 0.004318 0.004733 0.067111
v 0.004320 0.004657 0.067112
v 0.004306 0.004690 0.066920
v 0.017317 0.004899 0.064966
v 0.017316 0.004975 0.064964
v 0.017267 0.004931 0.064780
v 0.029647 0.005151 0.060324
v 0.029644 0.005227 0.060322
v 0.029561 0.005183 0.060151
v 0.040833 0.005403 0.053366
v 0.040830 0.005480 0.053364
v 0.040715 0.005434 0.053213
v 0.050447 0.005647 0.044358
v 0.050443 0.005723 0.044357
v 0.050301 0.005677 0.044232
v 0.058118 0.005872 0.033648
v 0.058115 0.005948 0.033648
v 0.057951 0.005901 0.033552
v 0.063553 0.006069 0.021647
v 0.063549 0.006145 0.021646
v 0.063370 0.006098 0.021585
v 0.066542 0.006232 0.008815
v 0.066538 0.006308 0.008815
v 0.066351 0.006261 0.008790
v 0.066971 0.006354 -0.004354
v 0.066967 0.006430 -0.004353
v 0.066778 0.006382 -0.004341
v 0.064822 0.006430 -0.017354
v 0.064819 0.006506 -0.017352
v 0.064635 0.006458 -0.017303
v 0.060179 0.006457 -0.029685
v 0.060176 0.006533 -0.029683
v 0.060006 0.006485 -0.029599
v 0.053220 0.006435 -0.040873
v 0.053217 0.006511 -0.040871
v 0.053067 0.006463 -0.040756
v 0.044212 0.006363 -0.050489
v 0.044209 0.006439 -0.050487
v 0.044085 0.006392 -0.050344
v 0.033502 0.006246 -0.058164
v 0.033500 0.006322 -0.058161
v 0.033405 0.006275 -0.057996
v 0.021501 0.006087 -0.063601
v 0.021499 0.006163 -0.063598
v 0.021439 0.006116 -0.063418
v 0.008670 0.005893 -0.066592
v 0.008669 0.005969 -0.066589
v 0.008645 0.005922 -0.066401
v -0.004497 0.005670 -0.067023
v -0.004498 0.005746 -0.067020
v -0.004485 0.005700 -0.066830
v -0.017495 0.005428 -0.064876
v -0.017496 0.005504 -0.064873
v -0.017445 0.005459 -0.064689
v -0.029824 0.005176 -0.060234
v -0.029824 0.005252 -0.060231
v -0.029739 0.005208 -0.060061
v -0.041010 0.004924 -0.053276
v -0.041010 0.005000 -0.053273
v -0.040893 0.004956 -0.053123
v -0.050624 0.004680 -0.044269
v -0.050623 0.004756 -0.044266
v -0.050480 0.004713 -0.044141
v -0.058296 0.004455 -0.033559
v -0.058295 0.004532 -0.033557
v -0.058129 0.004489 -0.033462
v -0.063731 0.004258 -0.021557
v -0.063729 0.004334 -0.021555
v -0.063548 0.004292 -0.021495
v -0.066720 0.004095 -0.008725
v -0.066718 0.004171 -0.008724
v -0.066529 0.004130 -0.008700
v -0.067148 0.003973 0.004444
v -0.067147 0.004050 0.004444
v -0.066956 0.004009 0.004431
v -0.065000 0.003897 0.017443
v -0.064999 0.003974 0.017443
v -0.064814 0.003933 0.017394
v -0.060357 0.003870 0.029774
v -0.060356 0.003946 0.029774
v -0.060184 0.003906 0.029689
v -0.053398 0.003893 0.040963
v -0.053397 0.003969 0.040962
v -0.053245 0.003928 0.040846
v -0.044390 0.003964 0.050579
v -0.044389 0.004040 0.050578
v -0.044263 0.003999 0.050434
v -0.033680 0.004081 0.058253
v -0.033680 0.004157 0.058252
v -0.033584 0.004116 0.058086
v -0.021679 0.004240 0.063690
v -0.021679 0.004316 0.063689
v -0.021617 0.004274 0.063508
v -0.008848 0.004434 0.066682
v -0.008849 0.004511 0.066680
v -0.008823 0.004468 0.066491
v -0.030143 -0.000822 0.035020
v -0.019825 -0.000674 0.038391
v -0.008754 -0.000499 0.040158
v 0.002646 -0.000304 0.040252
v 0.013935 -0.000096 0.038669
v 0.024680 0.000116 0.035472
v 0.034468 0.000325 0.030782
v -0.034388 -0.000810 0.025299
v -0.023021 -0.000635 0.027552
v -0.010780 -0.000433 0.028595
v 0.001866 -0.000214 0.028389
v 0.014430 0.000014 0.026942
v 0.026430 0.000243 0.024308
v 0.037404 0.000464 0.020590
v -0.037332 -0.000765 0.014281
v -0.025370 -0.000567 0.015088
v -0.012439 -0.000346 0.015220
v 0.000964 -0.000111 0.014672
v 0.014324 0.000129 0.013464
v 0.027127 0.000365 0.011644
v 0.038881 0.000587 0.009282
v -0.038853 -0.000690 0.002549
v -0.026763 -0.000475 0.001755
v -0.013643 -0.000242 0.000895
v 0.000000 0.000000 0.000000
v 0.013643 0.000242 -0.000895
v 0.026763 0.000475 -0.001755
v 0.038853 0.000690 -0.002549
v -0.038881 -0.000587 -0.009282
v -0.027127 -0.000365 -0.011644
v -0.014324 -0.000129 -0.013464
v -0.000964 0.000111 -0.014672
v 0.012439 0.000346 -0.015220
v 0.025370 0.000567 -0.015088
v 0.037332 0.000765 -0.014281
v -0.037404 -0.000464 -0.020590
v -0.026430 -0.000243 -0.024308
v -0.014430 -0.000014 -0.026942
v -0.001866 0.000214 -0.028389
v 0.010780 0.000433 -0.028595
v 0.023021 0.000635 -0.027552
v 0.034388 0.000810 -0.025299
v -0.034468 -0.000325 -0.030782
v -0.024680 -0.000116 -0.035472
v -0.013935 0.000096 -0.038669
v -0.002646 0.000304 -0.040252
v 0.008754 0.000499 -0.040158
v 0.019825 0.000674 -0.038391
v 0.030143 0.000822 -0.035020
v 0.004429 0.002710 0.068258
v 0.004272 -0.000491 0.064996
v 0.004485 -0.000515 0.068230
v 0.016869 -0.000257 0.062915
v 0.017653 0.002956 0.066074
v 0.017708 -0.000269 0.066046
v 0.028817 -0.000012 0.058417
v 0.030195 0.003212 0.061352
v 0.030251 -0.000013 0.061324
v 0.039658 0.000233 0.051674
v 0.041576 0.003469 0.054273
v 0.041631 0.000244 0.054245
v 0.048974 0.000468 0.042945
v 0.051356 0.003717 0.045110
v 0.051411 0.000492 0.045082
v 0.056409 0.000686 0.032565
v 0.059161 0.003945 0.034214
v 0.059216 0.000720 0.034186
v 0.061676 0.000878 0.020935
v 0.064690 0.004146 0.022004
v 0.064745 0.000921 0.021976
v 0.064573 0.001035 0.008499
v 0.067731 0.004312 0.008950
v 0.067786 0.001087 0.008922
v 0.064988 0.001153 -0.004263
v 0.068167 0.004436 -0.004447
v 0.068222 0.001211 -0.004475
v 0.062906 0.001227 -0.016861
v 0.065981 0.004513 -0.017672
v 0.066036 0.001288 -0.017700
v 0.058406 0.001253 -0.028811
v 0.061257 0.004541 -0.030217
v 0.061313 0.001316 -0.030245
v 0.051662 0.001232 -0.039654
v 0.054178 0.004518 -0.041599
v 0.054233 0.001293 -0.041627
v 0.042933 0.001163 -0.048973
v 0.045014 0.004446 -0.051382
v 0.045069 0.001221 -0.051410
v 0.032553 0.001049 -0.056410
v 0.034118 0.004326 -0.059190
v 0.034173 0.001101 -0.059218
v 0.020923 0.000895 -0.061680
v 0.021909 0.004165 -0.064721
v 0.021964 0.000940 -0.064749
v 0.008489 0.000707 -0.064579
v 0.008856 0.003967 -0.067764
v 0.008911 0.000742 -0.067792
v -0.004272 0.000491 -0.064996
v -0.004540 0.003741 -0.068202
v -0.004485 0.000515 -0.068230
v -0.016869 0.000257 -0.062915
v -0.017763 0.003494 -0.066018
v -0.017708 0.000269 -0.066046
v -0.028817 0.000012 -0.058417
v -0.030306 0.003238 -0.061296
v -0.030251 0.000013 -0.061324
v -0.039658 -0.000233 -0.051674
v -0.041686 0.002981 -0.054217
v -0.041631 -0.000244 -0.054245
v -0.048974 -0.000468 -0.042945
v -0.051467 0.002734 -0.045054
v -0.051411 -0.000492 -0.045082
v -0.056409 -0.000686 -0.032565
v -0.059272 0.002505 -0.034158
v -0.059216 -0.000720 -0.034186
v -0.061676 -0.000878 -0.020935
v -0.064801 0.002304 -0.021948
v -0.064745 -0.000921 -0.021976
v -0.064573 -0.001035 -0.008499
v -0.067842 0.002138 -0.008894
v -0.067786 -0.001087 -0.008922
v -0.064988 -0.001153 0.004263
v -0.068277 0.002014 0.004503
v -0.068222 -0.001211 0.004475
v -0.062906 -0.001227 0.016861
v -0.066092 0.001937 0.017728
v -0.066036 -0.001288 0.017700
v -0.058406 -0.001253 0.028811
v -0.061368 0.001909 0.030273
v -0.061313 -0.001316 0.030245
v -0.051662 -0.001232 0.039654
v -0.054288 0.001932 0.041655
v -0.054233 -0.001293 0.041627
v -0.042933 -0.001163 0.048973
v -0.045125 0.002005 0.051438
v -0.045069 -0.001221 0.051410
v -0.032553 -0.001049 0.056410
v -0.034229 0.002124 0.059246
v -0.034173 -0.001101 0.059218
v -0.020923 -0.000895 0.061680
v -0.022020 0.002286 0.064777
v -0.021964 -0.000940 0.064749
v -0.008489 -0.000707 0.064579
v -0.008966 0.002483 0.067820
v -0.008911 -0.000742 0.067792
vn 0.5602 -0.8272 -0.0431
vn 0.7571 -0.6510 -0.0547
vn 0.7524 -0.6523 0.0918
vn 0.5568 -0.8282 0.0641
vn -0.5037 -0.8443 -0.1831
vn -0.6963 -0.6743 -0.2460
vn -0.6359 -0.6721 -0.3795
vn -0.4594 -0.8427 -0.2808
vn 0.5428 -0.8266 -0.1489
vn 0.7333 -0.6501 -0.1992
vn -0.5280 -0.8456 -0.0787
vn -0.7296 -0.6761 -0.1033
vn 0.5050 -0.8264 -0.2493
vn 0.6816 -0.6498 -0.3364
vn -0.5315 -0.8466 0.0285
vn -0.7343 -0.6774 0.0431
vn 0.4483 -0.8266 -0.3403
vn 0.6042 -0.6501 -0.4608
vn -0.5140 -0.8472 0.1344
vn -0.7104 -0.6783 0.1877
vn 0.3750 -0.8271 -0.4186
vn 0.5041 -0.6508 -0.5677
vn -0.4762 -0.8474 0.2347
vn -0.6588 -0.6786 0.3248
vn 0.2878 -0.8281 -0.4811
vn 0.3850 -0.6521 -0.6531
vn -0.4196 -0.8472 0.3258
vn -0.5814 -0.6783 0.4493
vn 0.1901 -0.8294 -0.5253
vn 0.2515 -0.6539 -0.7135
vn -0.3462 -0.8467 0.4041
vn -0.4812 -0.6775 0.5562
vn 0.0857 -0.8310 -0.5497
vn 0.1088 -0.6561 -0.7468
vn 0.0503 -0.8410 0.5387
vn 0.0604 -0.6698 0.7401
vn -0.0860 -0.6723 0.7353
vn -0.0569 -0.8428 0.5352
vn -0.2591 -0.8457 0.4666
vn -0.3621 -0.6762 0.6415
vn -0.0215 -0.8328 -0.5532
vn -0.0376 -0.6586 -0.7516
vn 0.3475 -0.8349 0.4268
vn 0.4665 -0.6615 0.5872
vn 0.3421 -0.6643 0.6646
vn 0.2564 -0.8370 0.4834
vn -0.1614 -0.8444 0.5108
vn -0.2287 -0.6745 0.7020
vn -0.1273 -0.8347 -0.5357
vn -0.1822 -0.6612 -0.7277
vn 0.4257 -0.8330 0.3534
vn 0.5734 -0.6588 0.4870
vn -0.2277 -0.8368 -0.4979
vn -0.3193 -0.6640 -0.6761
vn 0.4882 -0.8311 0.2663
vn 0.6587 -0.6563 0.3679
vn -0.3187 -0.8388 -0.4413
vn -0.4437 -0.6669 -0.5987
vn 0.5324 -0.8295 0.1686
vn 0.7191 -0.6541 0.2345
vn 0.0172 -0.9998 -0.0087
vn -0.3970 -0.8408 -0.3680
vn -0.5506 -0.6696 -0.4986
vn 0.2050 -0.6671 0.7162
vn 0.1561 -0.8391 0.5212
vn 0.2590 -0.0039 0.9659
vn 0.1906 0.6253 0.7567
vn 0.0402 0.6225 0.7816
vn 0.0656 -0.0075 0.9978
vn -0.3901 -0.4382 -0.8098
vn -0.2252 -0.4348 -0.8719
vn 0.7859 -0.4289 0.4455
vn 0.6833 -0.4319 0.5887
vn 0.0665 -0.4451 0.8930
vn -0.1096 -0.4481 0.8872
vn -0.5397 -0.4416 -0.7168
vn 0.8585 -0.4262 0.2850
vn -0.6682 -0.4448 -0.5964
vn 0.8985 -0.4241 0.1135
vn -0.7708 -0.4478 -0.4531
vn 0.9042 -0.4224 -0.0626
vn -0.8435 -0.4505 -0.2927
vn 0.8755 -0.4214 -0.2365
vn -0.8834 -0.4526 -0.1211
vn 0.8134 -0.4211 -0.4013
vn -0.8892 -0.4543 0.0550
vn 0.7204 -0.4214 -0.5510
vn -0.8604 -0.4553 0.2288
vn 0.5999 -0.4223 -0.6795
vn -0.7984 -0.4556 0.3937
vn 0.4567 -0.4239 -0.7822
vn -0.7053 -0.4553 0.5433
vn 0.2962 -0.4260 -0.8549
vn 0.2403 -0.4419 0.8643
vn -0.5849 -0.4544 0.6719
vn 0.1247 -0.4286 -0.8949
vn 0.4051 -0.4385 0.8022
vn -0.4416 -0.4528 0.7745
vn -0.0514 -0.4316 -0.9006
vn 0.5547 -0.4351 0.7092
vn -0.2812 -0.4507 0.8472
vn -0.8336 0.2807 -0.4758
vn -0.7244 0.2839 -0.6283
vn 0.9496 0.3077 -0.0601
vn 0.9435 0.3060 0.1274
vn -0.9109 0.2779 -0.3050
vn 0.9190 0.3088 -0.2451
vn -0.9535 0.2755 -0.1223
vn 0.8529 0.3092 -0.4207
vn -0.9596 0.2738 0.0651
vn 0.7538 0.3088 -0.5799
vn -0.9290 0.2727 0.2502
vn 0.6256 0.3078 -0.7168
vn -0.8629 0.2723 0.4257
vn 0.4732 0.3062 -0.8261
vn -0.7638 0.2727 0.5850
vn 0.3023 0.3039 -0.9035
vn 0.2428 0.2870 0.9267
vn 0.0578 0.2835 0.9572
vn -0.6356 0.2737 0.7219
vn 0.1197 0.3011 -0.9460
vn 0.4183 0.2906 0.8606
vn -0.4832 0.2753 0.8311
vn -0.0677 0.2980 -0.9522
vn 0.5775 0.2942 0.7615
vn -0.3123 0.2776 0.9085
vn -0.2528 0.2945 -0.9216
vn 0.7144 0.2976 0.6333
vn -0.1297 0.2804 0.9511
vn -0.4283 0.2909 -0.8555
vn 0.8236 0.3008 0.4809
vn -0.5875 0.2873 -0.7565
vn 0.9009 0.3036 0.3100
vn -0.6294 0.7757 0.0472
vn -0.6254 0.7768 -0.0737
vn 0.4761 0.7983 -0.3690
vn 0.5400 0.7985 -0.2662
vn -0.6097 0.7750 0.1666
vn 0.3934 0.7976 -0.4573
vn -0.5670 0.7747 0.2799
vn 0.2950 0.7965 -0.5278
vn -0.5031 0.7749 0.3826
vn 0.1848 0.7951 -0.5777
vn 0.1463 0.7842 0.6031
vn 0.0270 0.7819 0.6228
vn -0.4204 0.7756 0.4709
vn 0.0669 0.7933 -0.6052
vn 0.2596 0.7865 0.5604
vn -0.3220 0.7766 0.5414
vn -0.0540 0.7912 -0.6091
vn 0.3623 0.7888 0.4965
vn -0.2118 0.7781 0.5914
vn -0.1734 0.7890 -0.5894
vn 0.4506 0.7910 0.4138
vn -0.0940 0.7799 0.6188
vn -0.2866 0.7867 -0.5468
vn 0.5211 0.7931 0.3154
vn -0.3893 0.7844 -0.4829
vn 0.5710 0.7949 0.2052
vn -0.4776 0.7821 -0.4001
vn 0.5984 0.7964 0.0874
vn -0.5481 0.7801 -0.3018
vn 0.6024 0.7975 -0.0336
vn -0.5980 0.7783 -0.1916
vn 0.5826 0.7982 -0.1530
vn -0.2098 0.9648 0.1589
vn -0.2361 0.9647 0.1166
vn 0.0734 0.9690 -0.2358
vn 0.1186 0.9693 -0.2153
vn 0.0578 0.9667 0.2493
vn 0.0087 0.9662 0.2575
vn -0.1756 0.9649 0.1953
vn 0.0251 0.9686 -0.2472
vn 0.1043 0.9672 0.2316
vn -0.1351 0.9651 0.2243
vn -0.0246 0.9682 -0.2489
vn 0.1464 0.9677 0.2053
vn -0.0897 0.9654 0.2448
vn -0.0737 0.9677 -0.2410
vn 0.1826 0.9682 0.1712
vn -0.0411 0.9658 0.2560
vn -0.1202 0.9672 -0.2235
vn 0.2115 0.9686 0.1307
vn -0.1626 0.9668 -0.1974
vn 0.2319 0.9690 0.0854
vn -0.1990 0.9663 -0.1634
vn 0.2431 0.9693 0.0371
vn -0.2280 0.9658 -0.1230
vn 0.2446 0.9695 -0.0125
vn -0.2487 0.9655 -0.0777
vn 0.2365 0.9697 -0.0615
vn -0.2601 0.9651 -0.0291
vn 0.2190 0.9697 -0.1079
vn -0.2618 0.9649 0.0207
vn 0.1928 0.9697 -0.1501
vn -0.2537 0.9648 0.0699
vn 0.1589 0.9695 -0.1863
vn -0.0412 0.9940 0.1015
vn -0.0596 0.9939 0.0932
vn -0.0348 0.9949 -0.0951
vn -0.0149 0.9950 -0.0983
vn 0.0690 0.9950 0.0718
vn 0.0544 0.9948 0.0856
vn -0.0216 0.9941 0.1060
vn -0.0536 0.9947 -0.0880
vn 0.0807 0.9952 0.0555
vn -0.0014 0.9943 0.1067
vn -0.0707 0.9945 -0.0774
vn 0.0890 0.9953 0.0371
vn -0.0854 0.9943 -0.0636
vn 0.0936 0.9955 0.0175
vn -0.0972 0.9941 -0.0473
vn 0.0942 0.9955 -0.0026
vn -0.1055 0.9940 -0.0289
vn 0.0909 0.9956 -0.0224
vn -0.1101 0.9939 -0.0093
vn 0.0838 0.9956 -0.0413
vn -0.1108 0.9938 0.0109
vn 0.0732 0.9956 -0.0583
vn -0.1075 0.9937 0.0308
vn 0.0595 0.9956 -0.0730
vn -0.1004 0.9937 0.0496
vn 0.0431 0.9955 -0.0848
vn -0.0897 0.9937 0.0667
vn 0.0248 0.9954 -0.0931
vn 0.0184 0.9945 0.1034
vn -0.0760 0.9938 0.0814
vn 0.0052 0.9952 -0.0977
vn 0.0373 0.9947 0.0963
vn -0.6624 0.4872 -0.5691
vn -0.5380 0.4904 -0.6856
vn 0.8537 0.5073 0.1178
vn 0.8150 0.5052 0.2838
vn -0.7616 0.4843 -0.4305
vn 0.8592 0.5089 -0.0526
vn -0.8320 0.4818 -0.2752
vn 0.8314 0.5099 -0.2208
vn -0.8706 0.4797 -0.1092
vn 0.7713 0.5102 -0.3804
vn -0.8762 0.4781 0.0612
vn 0.6813 0.5099 -0.5252
vn -0.8484 0.4771 0.2294
vn 0.5647 0.5090 -0.6496
vn -0.7883 0.4767 0.3890
vn 0.4262 0.5075 -0.7489
vn -0.6983 0.4770 0.5337
vn 0.2709 0.5054 -0.8192
vn 0.2167 0.4901 0.8443
vn 0.0486 0.4869 0.8721
vn -0.5817 0.4780 0.6582
vn 0.1049 0.5029 -0.8580
vn 0.3763 0.4933 0.7843
vn -0.4431 0.4795 0.7575
vn -0.0655 0.5000 -0.8635
vn 0.5210 0.4966 0.6942
vn -0.2878 0.4815 0.8278
vn -0.2337 0.4969 -0.8357
vn 0.6454 0.4997 0.5777
vn -0.1218 0.4840 0.8665
vn -0.3932 0.4936 -0.7757
vn 0.7447 0.5026 0.4391
vn -0.9106 -0.3943 -0.1240
vn -0.8694 -0.3921 -0.3006
vn 0.8360 -0.3618 -0.4125
vn 0.8999 -0.3622 -0.2428
vn -0.9165 -0.3960 0.0572
vn 0.7402 -0.3621 -0.5665
vn -0.8869 -0.3970 0.2362
vn 0.6163 -0.3631 -0.6988
vn -0.8230 -0.3974 0.4059
vn 0.4689 -0.3647 -0.8045
vn -0.7272 -0.3971 0.5599
vn 0.3037 -0.3669 -0.8793
vn 0.2461 -0.3833 0.8903
vn 0.0672 -0.3866 0.9198
vn -0.6032 -0.3961 0.6922
vn 0.1271 -0.3696 -0.9205
vn 0.4158 -0.3798 0.8264
vn -0.4558 -0.3945 0.7979
vn -0.0542 -0.3726 -0.9264
vn 0.5698 -0.3763 0.7306
vn -0.2906 -0.3923 0.8727
vn -0.2331 -0.3760 -0.8968
vn 0.7021 -0.3730 0.6066
vn -0.1140 -0.3896 0.9139
vn -0.4027 -0.3794 -0.8330
vn 0.8077 -0.3699 0.4592
vn -0.5567 -0.3829 -0.7372
vn 0.8825 -0.3671 0.2940
vn -0.6890 -0.3863 -0.6132
vn 0.9236 -0.3649 0.1174
vn -0.7946 -0.3894 -0.4658
vn 0.9295 -0.3632 -0.0638
vn -0.8386 -0.3545 0.4136
vn -0.9037 -0.3541 0.2408
vn 0.4764 -0.3212 -0.8185
vn 0.6265 -0.3195 -0.7109
vn -0.7411 -0.3541 0.5704
vn 0.3083 -0.3234 -0.8946
vn 0.2497 -0.3400 0.9067
vn 0.0675 -0.3434 0.9367
vn -0.6149 -0.3531 0.7051
vn 0.1285 -0.3261 -0.9366
vn 0.4224 -0.3365 0.8416
vn -0.4649 -0.3515 0.8126
vn -0.0560 -0.3292 -0.9426
vn 0.5791 -0.3330 0.7441
vn -0.2967 -0.3493 0.8888
vn -0.2381 -0.3326 -0.9125
vn 0.7138 -0.3296 0.6179
vn -0.1169 -0.3465 0.9307
vn -0.4108 -0.3362 -0.8475
vn 0.8213 -0.3264 0.4679
vn -0.5676 -0.3397 -0.7500
vn 0.8974 -0.3236 0.2997
vn -0.7023 -0.3431 -0.6238
vn 0.9393 -0.3214 0.1200
vn -0.8097 -0.3462 -0.4737
vn 0.9453 -0.3197 -0.0645
vn -0.8859 -0.3490 -0.3056
vn 0.9152 -0.3186 -0.2467
vn -0.9278 -0.3513 -0.1258
vn 0.8502 -0.3182 -0.4195
vn -0.9338 -0.3530 0.0587
vn 0.7527 -0.3185 -0.5762
vn 0.4400 -0.1490 0.8855
vn 0.2586 -0.1527 0.9538
vn -0.4916 -0.1647 0.8551
vn -0.6492 -0.1664 0.7422
vn -0.0623 -0.1413 -0.9880
vn 0.1314 -0.1381 -0.9817
vn 0.6046 -0.1453 0.7832
vn -0.3151 -0.1624 0.9351
vn -0.2535 -0.1449 -0.9564
vn 0.7460 -0.1417 0.6507
vn -0.1263 -0.1595 0.9791
vn -0.4349 -0.1486 -0.8881
vn 0.8589 -0.1384 0.4931
vn 0.0674 -0.1562 0.9854
vn -0.5995 -0.1523 -0.7858
vn 0.9389 -0.1355 0.3165
vn -0.7409 -0.1559 -0.6532
vn 0.9828 -0.1331 0.1277
vn -0.8538 -0.1592 -0.4957
vn 0.9891 -0.1313 -0.0660
vn -0.9338 -0.1621 -0.3191
vn 0.9575 -0.1302 -0.2573
vn -0.9777 -0.1645 -0.1303
vn 0.8892 -0.1298 -0.4387
vn -0.9840 -0.1663 0.0634
vn 0.7868 -0.1301 -0.6033
vn -0.9524 -0.1674 0.2547
vn 0.6543 -0.1311 -0.7448
vn -0.8841 -0.1678 0.4361
vn 0.4968 -0.1329 -0.8577
vn -0.7817 -0.1675 0.6007
vn 0.3202 -0.1352 -0.9377
vn 0.8302 0.2760 0.4843
vn 0.7202 0.2728 0.6379
vn 0.0587 0.2586 0.9642
vn -0.1302 0.2554 0.9580
vn -0.5915 0.2624 -0.7624
vn -0.4310 0.2661 -0.8622
vn 0.9082 0.2789 0.3121
vn -0.7294 0.2589 -0.6332
vn 0.9511 0.2812 0.1281
vn -0.8394 0.2557 -0.4796
vn 0.9572 0.2829 -0.0608
vn -0.9173 0.2529 -0.3075
vn 0.9264 0.2840 -0.2472
vn -0.9602 0.2506 -0.1235
vn 0.8598 0.2844 -0.4241
vn -0.9663 0.2488 0.0654
vn 0.7600 0.2841 -0.5845
vn -0.9355 0.2477 0.2518
vn 0.6308 0.2831 -0.7225
vn -0.8689 0.2473 0.4287
vn 0.4772 0.2814 -0.8325
vn -0.7691 0.2476 0.5892
vn 0.3051 0.2791 -0.9105
vn 0.2451 0.2621 0.9334
vn -0.6399 0.2487 0.7271
vn 0.1211 0.2763 -0.9534
vn 0.4219 0.2657 0.8668
vn -0.4863 0.2504 0.8371
vn -0.0678 0.2731 -0.9596
vn 0.5823 0.2693 0.7670
vn -0.3142 0.2526 0.9151
vn -0.2542 0.2697 -0.9288
vn 0.7589 0.6496 -0.0450
vn 0.7540 0.6482 0.1062
vn -0.7415 0.6256 -0.2425
vn -0.6791 0.6278 -0.3802
vn 0.7343 0.6505 -0.1942
vn -0.7759 0.6237 -0.0952
vn 0.6810 0.6508 -0.3358
vn -0.7808 0.6223 0.0560
vn 0.6011 0.6505 -0.4642
vn -0.7561 0.6214 0.2053
vn 0.4977 0.6497 -0.5746
vn -0.7028 0.6211 0.3468
vn 0.3747 0.6484 -0.6627
vn -0.6229 0.6214 0.4753
vn 0.2369 0.6466 -0.7251
vn 0.1889 0.6329 0.7508
vn 0.0397 0.6301 0.7755
vn -0.5195 0.6222 0.5857
vn 0.0896 0.6443 -0.7595
vn 0.3304 0.6358 0.6975
vn -0.3966 0.6235 0.6738
vn -0.0615 0.6418 -0.7644
vn 0.4589 0.6387 0.6177
vn -0.2588 0.6254 0.7362
vn -0.2107 0.6390 -0.7398
vn 0.5692 0.6415 0.5142
vn -0.1115 0.6276 0.7705
vn -0.3523 0.6361 -0.6865
vn 0.6573 0.6441 0.3913
vn -0.4807 0.6332 -0.6066
vn 0.7197 0.6464 0.2535
vn -0.5911 0.6304 -0.5032
vn 0.5228 0.7507 -0.4040
vn 0.5916 0.7518 -0.2913
vn -0.6847 0.7045 0.1867
vn -0.7073 0.7050 0.0518
vn 0.4335 0.7487 -0.5016
vn -0.6359 0.7049 0.3143
vn 0.3268 0.7460 -0.5803
vn -0.5628 0.7063 0.4295
vn 0.2066 0.7425 -0.6371
vn 0.1650 0.7285 0.6649
vn 0.0333 0.7239 0.6891
vn -0.4686 0.7085 0.5277
vn 0.0772 0.7386 -0.6697
vn 0.2889 0.7331 0.6157
vn -0.3571 0.7116 0.6051
vn -0.0565 0.7342 -0.6766
vn 0.4007 0.7375 0.5437
vn -0.2329 0.7152 0.6589
vn -0.1894 0.7295 -0.6572
vn 0.4961 0.7415 0.4517
vn -0.1010 0.7194 0.6872
vn -0.3164 0.7248 -0.6120
vn 0.5719 0.7450 0.3433
vn -0.4325 0.7202 -0.5424
vn 0.6253 0.7479 0.2226
vn -0.5329 0.7159 -0.4511
vn 0.6546 0.7501 0.0941
vn -0.6135 0.7121 -0.3414
vn 0.6586 0.7515 -0.0376
vn -0.6709 0.7089 -0.2177
vn 0.6374 0.7521 -0.1676
vn -0.7026 0.7065 -0.0848
vn 0.2331 0.6547 -0.7191
vn 0.3694 0.6576 -0.6566
vn 0.1856 0.6399 0.7457
vn 0.0376 0.6359 0.7709
vn -0.5201 0.6228 0.5844
vn -0.6237 0.6211 0.4746
vn 0.0871 0.6513 -0.7538
vn 0.3258 0.6440 0.6921
vn -0.3971 0.6253 0.6718
vn -0.0630 0.6474 -0.7595
vn 0.4528 0.6480 0.6124
vn -0.2595 0.6284 0.7333
vn -0.2115 0.6433 -0.7358
vn 0.5618 0.6517 0.5096
vn -0.1128 0.6320 0.7667
vn -0.3527 0.6391 -0.6835
vn 0.6487 0.6550 0.3876
vn -0.4810 0.6350 -0.6045
vn 0.7101 0.6578 0.2511
vn -0.5915 0.6310 -0.5019
vn 0.7439 0.6599 0.1053
vn -0.6798 0.6275 -0.3795
vn 0.7487 0.6614 -0.0442
vn -0.7425 0.6245 -0.2421
vn 0.7244 0.6622 -0.1918
vn -0.7771 0.6222 -0.0950
vn 0.6718 0.6622 -0.3320
vn -0.7821 0.6207 0.0561
vn 0.5930 0.6614 -0.4593
vn -0.7573 0.6199 0.2052
vn 0.4909 0.6598 -0.5689
vn -0.7038 0.6201 0.3466
vn -0.2496 0.3321 -0.9096
vn -0.0670 0.3337 -0.9403
vn 0.7071 0.3269 0.6270
vn 0.5714 0.3249 0.7536
vn -0.1281 0.3181 0.9394
vn -0.3083 0.3171 0.8969
vn -0.4227 0.3302 -0.8440
vn 0.8154 0.3289 0.4763
vn 0.0570 0.3195 0.9459
vn -0.5796 0.3282 -0.7458
vn 0.8923 0.3309 0.3072
vn -0.7144 0.3261 -0.6191
vn 0.9345 0.3326 0.1264
vn -0.8218 0.3241 -0.4686
vn 0.9406 0.3342 -0.0593
vn -0.8978 0.3222 -0.3001
vn 0.9103 0.3354 -0.2426
vn -0.9396 0.3204 -0.1201
vn 0.8447 0.3363 -0.4163
vn -0.9456 0.3188 0.0646
vn 0.7464 0.3369 -0.5739
vn -0.9155 0.3176 0.2469
vn 0.6193 0.3370 -0.7092
vn -0.8505 0.3167 0.4199
vn 0.4682 0.3368 -0.8170
vn -0.7531 0.3162 0.5770
vn 0.2990 0.3361 -0.8931
vn 0.2399 0.3211 0.9162
vn -0.6269 0.3161 0.7121
vn 0.1183 0.3351 -0.9347
vn 0.4136 0.3229 0.8512
vn -0.4767 0.3164 0.8201
vn -0.6359 -0.2561 0.7280
vn -0.7661 -0.2571 0.5891
vn 0.1306 -0.2282 -0.9648
vn 0.3160 -0.2254 -0.9216
vn 0.4337 -0.2390 0.8688
vn 0.2556 -0.2426 0.9359
vn -0.4812 -0.2544 0.8389
vn -0.0596 -0.2315 -0.9710
vn 0.5953 -0.2353 0.7683
vn -0.3078 -0.2521 0.9174
vn -0.2474 -0.2350 -0.9400
vn 0.7342 -0.2318 0.6381
vn -0.1224 -0.2493 0.9606
vn -0.4255 -0.2386 -0.8729
vn 0.8450 -0.2286 0.4834
vn 0.0678 -0.2461 0.9669
vn -0.5871 -0.2422 -0.7724
vn 0.9236 -0.2257 0.3100
vn 0.7278 -0.6434 0.2375
vn 0.6666 -0.6456 0.3727
vn -0.7260 -0.2458 -0.6423
vn 0.9667 -0.2233 0.1246
vn -0.8368 -0.2490 -0.4876
vn 0.9729 -0.2216 -0.0656
vn -0.9154 -0.2519 -0.3142
vn 0.9419 -0.2205 -0.2534
vn -0.9585 -0.2542 -0.1288
vn 0.8748 -0.2201 -0.4316
vn -0.9647 -0.2560 0.0615
vn 0.7743 -0.2204 -0.5932
vn -0.9337 -0.2571 0.2493
vn 0.6441 -0.2214 -0.7322
vn -0.8666 -0.2575 0.4274
vn 0.4894 -0.2231 -0.8430
vn 0.0609 -0.6593 0.7494
vn -0.0874 -0.6618 0.7446
vn -0.6441 -0.6615 -0.3840
vn -0.5577 -0.6590 -0.5046
vn 0.2543 -0.6432 -0.7223
vn 0.3894 -0.6414 -0.6610
vn 0.5802 -0.6481 0.4932
vn 0.7614 -0.6415 0.0931
vn -0.5890 -0.6679 0.4550
vn -0.6673 -0.6681 0.3290
vn -0.3236 -0.6534 -0.6844
vn -0.1847 -0.6506 -0.7366
vn -0.4495 -0.6563 -0.6060
vn 0.5100 -0.6401 -0.5746
vn -0.2319 -0.6640 0.7109
vn -0.7196 -0.6678 0.1902
vn 0.4720 -0.6509 0.5947
vn 0.6114 -0.6393 -0.4664
vn -0.0384 -0.6479 -0.7608
vn -0.7438 -0.6670 0.0438
vn -0.3670 -0.6658 0.6497
vn 0.6898 -0.6390 -0.3404
vn 0.3460 -0.6537 0.6730
vn -0.7390 -0.6656 -0.1044
vn 0.1098 -0.6454 -0.7559
vn 0.7421 -0.6393 -0.2016
vn -0.4876 -0.6671 0.5633
vn -0.7053 -0.6638 -0.2489
vn 0.2072 -0.6566 0.7253
vn 0.7662 -0.6402 -0.0552
vn -0.0337 -0.7087 -0.7047
vn 0.1035 -0.7063 -0.7003
vn 0.6400 -0.7005 -0.3159
vn 0.6884 -0.7007 -0.1874
vn -0.3376 -0.7252 0.6001
vn -0.4492 -0.7264 0.5201
vn -0.6817 -0.7251 -0.0975
vn -0.6506 -0.7234 -0.2312
vn 0.3220 -0.7141 0.6216
vn 0.1936 -0.7167 0.6700
vn 0.7107 -0.7015 -0.0520
vn 0.2371 -0.7043 -0.6691
vn 0.6751 -0.7045 0.2188
vn 0.6185 -0.7066 0.3438
vn -0.5940 -0.7213 -0.3562
vn -0.5430 -0.7272 0.4200
vn 0.5386 -0.7089 0.4554
vn 0.7063 -0.7028 0.0851
vn 0.0582 -0.7192 0.6924
vn -0.4140 -0.7164 -0.5616
vn -0.2974 -0.7138 -0.6340
vn -0.5141 -0.7190 -0.4678
vn 0.3621 -0.7027 -0.6125
vn -0.1690 -0.7112 -0.6824
vn -0.6155 -0.7274 0.3035
vn -0.0790 -0.7215 0.6879
vn 0.4737 -0.7014 -0.5325
vn -0.2126 -0.7236 0.6567
vn -0.6638 -0.7271 0.1750
vn 0.4385 -0.7114 0.5492
vn 0.5675 -0.7007 -0.4324
vn -0.6862 -0.7263 0.0396
vn -0.2945 -0.3655 0.8830
vn -0.4616 -0.3677 0.8073
vn 0.7482 -0.3350 -0.5727
vn 0.8451 -0.3346 -0.4169
vn 0.5758 -0.3493 0.7393
vn 0.4200 -0.3528 0.8361
vn -0.9275 -0.3692 0.0582
vn -0.9216 -0.3675 -0.1252
vn -0.0553 -0.3456 -0.9368
vn 0.1280 -0.3425 -0.9308
vn 0.9097 -0.3350 -0.2453
vn -0.6107 -0.3693 0.7005
vn -0.8799 -0.3653 -0.3038
vn 0.2484 -0.3563 0.9007
vn 0.9396 -0.3361 -0.0643
vn 0.3066 -0.3398 -0.8891
vn 0.8921 -0.3400 0.2977
vn 0.8164 -0.3428 0.4648
vn -0.8043 -0.3625 -0.4709
vn -0.7361 -0.3703 0.5666
vn 0.7096 -0.3459 0.6139
vn 0.9337 -0.3378 0.1190
vn 0.0674 -0.3597 0.9306
vn -0.5636 -0.3560 -0.7454
vn -0.4079 -0.3525 -0.8422
vn -0.6975 -0.3594 -0.6200
vn 0.4737 -0.3376 -0.8134
vn -0.2363 -0.3490 -0.9069
vn -0.8330 -0.3707 0.4108
vn -0.1159 -0.3628 0.9246
vn 0.6228 -0.3359 -0.7066
vn -0.8976 -0.3703 0.2392
vn -0.4631 0.3942 0.7938
vn -0.6085 0.3926 0.6896
vn -0.9117 0.3944 -0.1155
vn -0.8711 0.3966 -0.2897
vn 0.3967 0.4087 0.8220
vn 0.2293 0.4053 0.8850
vn 0.8743 0.4261 -0.2327
vn 0.9034 0.4250 -0.0562
vn 0.1119 0.4188 -0.9012
vn 0.2861 0.4214 -0.8606
vn 0.8570 0.4212 0.2968
vn 0.7832 0.4185 0.4598
vn -0.7973 0.3993 -0.4527
vn -0.7308 0.3916 0.5591
vn 0.6791 0.4154 0.6052
vn 0.8976 0.4234 0.1226
vn 0.0528 0.4020 0.9141
vn -0.5626 0.4056 -0.7204
vn -0.4107 0.4090 -0.8148
vn -0.6931 0.4023 -0.5981
vn 0.4490 0.4236 -0.7867
vn -0.2433 0.4125 -0.8779
vn -0.8253 0.3913 0.4072
vn -0.1259 0.3990 0.9083
vn 0.5944 0.4252 -0.6825
vn -0.3001 0.3963 0.8677
vn -0.8883 0.3917 0.2398
vn 0.5486 0.4121 0.7275
vn 0.7167 0.4261 -0.5520
vn -0.0669 0.4158 -0.9070
vn -0.9175 0.3927 0.0633
vn 0.8112 0.4264 -0.4001
vn -0.3683 0.8340 0.4109
vn -0.4403 0.8334 0.3341
vn 0.4504 0.8492 0.2757
vn 0.3891 0.8474 0.3612
vn 0.5211 0.8530 -0.0278
vn 0.5177 0.8521 0.0774
vn 0.1245 0.8414 0.5258
vn 0.0207 0.8395 0.5430
vn -0.3413 0.8416 -0.4185
vn -0.2520 0.8436 -0.4741
vn -0.4794 0.8379 -0.2611
vn -0.4181 0.8397 -0.3466
vn 0.1579 0.8509 -0.5010
vn 0.2538 0.8522 -0.4576
vn -0.1535 0.8457 -0.5112
vn 0.4938 0.8508 0.1799
vn -0.4958 0.8332 0.2448
vn -0.0844 0.8377 0.5395
vn 0.3393 0.8531 -0.3963
vn -0.1869 0.8362 0.5156
vn -0.5329 0.8334 0.1463
vn 0.3123 0.8455 0.4332
vn 0.4113 0.8537 -0.3195
vn -0.0497 0.8476 -0.5283
vn -0.5501 0.8340 0.0425
vn -0.2828 0.8349 0.4722
vn 0.4669 0.8539 -0.2301
vn 0.2230 0.8434 0.4888
vn -0.5467 0.8350 -0.0627
vn 0.0555 0.8494 -0.5249
vn 0.5039 0.8537 -0.1316
vn -0.5228 0.8363 -0.1652
vn -0.3584 0.8933 0.2711
vn -0.4032 0.8932 0.1991
vn 0.0129 0.8983 0.4393
vn -0.0718 0.8968 0.4365
vn -0.3406 0.8984 -0.2772
vn -0.2787 0.9000 -0.3352
vn 0.2006 0.9085 -0.3666
vn 0.2695 0.9092 -0.3173
vn -0.1544 0.8956 0.4173
vn -0.4331 0.8934 0.1198
vn 0.3096 0.9046 0.2929
vn 0.2478 0.9031 0.3508
vn 0.3274 0.9097 -0.2554
vn -0.1275 0.9032 -0.4098
vn -0.0438 0.9048 -0.4236
vn -0.4469 0.8939 0.0361
vn -0.2316 0.8946 0.3823
vn 0.3722 0.9098 -0.1834
vn 0.1758 0.9014 0.3956
vn -0.4441 0.8947 -0.0486
vn 0.0409 0.9062 -0.4208
vn 0.4021 0.9097 -0.1041
vn -0.3005 0.8938 0.3329
vn -0.4249 0.8957 -0.1311
vn 0.0965 0.8998 0.4255
vn 0.4159 0.9092 -0.0205
vn 0.1234 0.9075 -0.4016
vn 0.3939 0.9073 0.1468
vn 0.3590 0.9061 0.2240
vn -0.3899 0.8970 -0.2083
vn 0.4131 0.9084 0.0642
vn -0.2068 0.9016 -0.3799
vn 0.4193 0.7664 -0.4866
vn 0.5072 0.7671 -0.3927
vn -0.1828 0.7573 -0.6270
vn -0.0560 0.7597 -0.6479
vn -0.6464 0.7424 0.1763
vn -0.6673 0.7431 0.0495
vn -0.2236 0.7457 0.6276
vn -0.3408 0.7442 0.5746
vn 0.5751 0.7673 -0.2836
vn 0.3864 0.7571 0.5269
vn 0.2772 0.7546 0.5948
vn -0.6632 0.7443 -0.0790
vn 0.0725 0.7618 -0.6437
vn 0.6205 0.7671 -0.1632
vn -0.4453 0.7430 0.4997
vn -0.6340 0.7459 -0.2042
vn 0.1569 0.7521 0.6401
vn 0.6414 0.7663 -0.0364
vn 0.1977 0.7637 -0.6145
vn 0.6081 0.7636 0.2173
vn 0.5550 0.7616 0.3345
vn -0.5810 0.7478 -0.3214
vn -0.5332 0.7423 0.4058
vn 0.4802 0.7594 0.4390
vn 0.6372 0.7651 0.0921
vn 0.0301 0.7498 0.6610
vn -0.4123 0.7524 -0.5138
vn -0.3031 0.7548 -0.5817
vn -0.5061 0.7500 -0.4259
vn 0.3148 0.7653 -0.5615
vn -0.6011 0.7421 0.2967
vn -0.0984 0.7476 0.6568
vn -0.8796 0.4717 0.0614
vn -0.8741 0.4733 -0.1097
vn -0.0656 0.4937 -0.8671
vn 0.1054 0.4966 -0.8615
vn 0.7747 0.5039 -0.3820
vn 0.8350 0.5036 -0.2218
vn -0.4448 0.4731 0.7605
vn -0.5839 0.4715 0.6608
vn -0.8352 0.4754 -0.2764
vn 0.3780 0.4870 0.7874
vn 0.2178 0.4837 0.8477
vn 0.8629 0.5026 -0.0529
vn 0.2721 0.4991 -0.8227
vn 0.8185 0.4989 0.2849
vn 0.7479 0.4963 0.4408
vn -0.7646 0.4779 -0.4324
vn -0.7010 0.4706 0.5359
vn 0.6482 0.4934 0.5800
vn 0.8573 0.5010 0.1182
vn 0.0489 0.4806 0.8756
vn -0.5400 0.4840 -0.6885
vn -0.3947 0.4873 -0.7789
vn -0.6649 0.4809 -0.5715
vn 0.4281 0.5012 -0.7520
vn -0.2345 0.4906 -0.8392
vn -0.7914 0.4703 0.3905
vn -0.1222 0.4777 0.8700
vn 0.5672 0.5027 -0.6523
vn -0.2889 0.4751 0.8311
vn -0.8517 0.4707 0.2303
vn 0.5233 0.4903 0.6970
vn 0.6842 0.5036 -0.5274
vn -0.7066 0.3571 -0.6109
vn -0.5733 0.3605 -0.7358
vn 0.4593 0.3788 -0.8035
vn 0.6077 0.3804 -0.6971
vn -0.1276 0.3537 0.9266
vn -0.3054 0.3510 0.8852
vn -0.8414 0.3459 0.4152
vn -0.9058 0.3462 0.2443
vn 0.6941 0.3705 0.6173
vn 0.5608 0.3671 0.7421
vn 0.7325 0.3814 -0.5639
vn -0.2475 0.3675 -0.8965
vn -0.0673 0.3708 -0.9263
vn -0.9356 0.3473 0.0641
vn -0.4718 0.3488 0.8098
vn 0.8289 0.3817 -0.4088
vn 0.4058 0.3636 0.8385
vn -0.9296 0.3490 -0.1184
vn 0.1151 0.3739 -0.9203
vn 0.8933 0.3813 -0.2379
vn -0.6202 0.3472 0.7035
vn -0.8882 0.3512 -0.2962
vn 0.2350 0.3601 0.9028
vn 0.9231 0.3803 -0.0578
vn 0.2929 0.3766 -0.8788
vn 0.8757 0.3763 0.3025
vn 0.8004 0.3736 0.4688
vn -0.8129 0.3540 -0.4625
vn -0.7450 0.3462 0.5702
vn 0.9171 0.3786 0.1247
vn 0.0548 0.3568 0.9326
vn -0.4183 0.3640 -0.8322
vn 0.7540 0.3082 -0.5801
vn 0.8531 0.3085 -0.4208
vn 0.5776 0.2935 0.7617
vn 0.4184 0.2899 0.8608
vn -0.9598 0.2732 0.0651
vn -0.9537 0.2749 -0.1223
vn -0.0677 0.2973 -0.9524
vn 0.1197 0.3005 -0.9462
vn 0.9192 0.3082 -0.2452
vn -0.4832 0.2747 0.8313
vn -0.6357 0.2730 0.7220
vn -0.9111 0.2772 -0.3050
vn 0.2428 0.2864 0.9268
vn 0.9498 0.3071 -0.0601
vn 0.3024 0.3033 -0.9036
vn -0.8337 0.2800 -0.4759
vn -0.7640 0.2720 0.5851
vn 0.9011 0.3030 0.3101
vn 0.8237 0.3002 0.4810
vn 0.9437 0.3053 0.1274
vn 0.0578 0.2829 0.9574
vn 0.7145 0.2970 0.6334
vn -0.7245 0.2832 -0.6284
vn 0.4733 0.3055 -0.8262
vn -0.5876 0.2867 -0.7566
vn -0.4283 0.2903 -0.8557
vn -0.8631 0.2717 0.4258
vn -0.2528 0.2939 -0.9218
vn 0.6258 0.3072 -0.7170
vn -0.1297 0.2797 0.9513
vn -0.9292 0.2721 0.2502
vn -0.3124 0.2770 0.9087
vn -0.9791 0.1588 -0.1270
vn -0.9353 0.1611 -0.3149
vn 0.4326 0.1742 0.8846
vn 0.2520 0.1705 0.9526
vn 0.9479 0.1930 -0.2534
vn 0.9794 0.1918 -0.0629
vn 0.1253 0.1851 -0.9747
vn 0.3133 0.1879 -0.9309
vn 0.9293 0.1877 0.3180
vn 0.8497 0.1848 0.4938
vn -0.8557 0.1640 -0.4908
vn -0.6520 0.1568 0.7418
vn -0.7840 0.1558 0.6010
vn 0.7373 0.1815 0.6507
vn 0.9731 0.1901 0.1300
vn 0.0616 0.1670 0.9840
vn -0.6025 0.1709 -0.7796
vn -0.4386 0.1746 -0.8816
vn -0.7433 0.1673 -0.6477
vn 0.4891 0.1903 -0.8512
vn -0.2580 0.1783 -0.9496
vn -0.8859 0.1555 0.4370
vn -0.1313 0.1637 0.9777
vn 0.6460 0.1920 -0.7388
vn -0.3193 0.1609 0.9339
vn -0.9539 0.1559 0.2564
vn 0.5965 0.1779 0.7826
vn 0.7780 0.1930 -0.5979
vn -0.0676 0.1818 -0.9810
vn -0.9854 0.1570 0.0660
vn -0.4951 0.1585 0.8543
vn 0.8799 0.1934 -0.4340
vn 0.8636 0.0682 0.4996
vn 0.7496 0.0648 0.6587
vn 0.9950 0.0753 -0.0648
vn 0.9887 0.0735 0.1308
vn 0.2575 0.0537 0.9648
vn 0.0645 0.0501 0.9967
vn -0.6088 0.0541 -0.7915
vn -0.4427 0.0578 -0.8948
vn -0.8655 0.0471 -0.4986
vn -0.7516 0.0505 -0.6577
vn 0.3197 0.0714 -0.9448
vn 0.4979 0.0737 -0.8641
vn -0.2595 0.0616 -0.9638
vn 0.9443 0.0711 0.3214
vn -0.7928 0.0388 0.6083
vn -0.8962 0.0384 0.4421
vn -0.1311 0.0468 0.9903
vn 0.6570 0.0755 -0.7501
vn -0.3217 0.0439 0.9458
vn -0.9651 0.0388 0.2589
vn 0.6068 0.0612 0.7925
vn 0.7908 0.0765 -0.6073
vn -0.0665 0.0652 -0.9957
vn -0.9970 0.0400 0.0658
vn -0.4999 0.0416 0.8651
vn 0.8942 0.0768 -0.4411
vn 0.4407 0.0574 0.8958
vn -0.9907 0.0418 -0.1298
vn 0.1291 0.0685 -0.9893
vn 0.9631 0.0764 -0.2579
vn -0.6590 0.0398 0.7511
vn -0.9463 0.0442 -0.3204
vn 0.6089 0.0007 0.7933
vn 0.4424 -0.0030 0.8968
vn -0.9976 -0.0205 0.0654
vn -0.9913 -0.0187 -0.1305
vn -0.0655 0.0047 -0.9978
vn 0.1304 0.0080 -0.9914
vn 0.8967 0.0164 -0.4423
vn 0.9658 0.0160 -0.2589
vn -0.4997 -0.0189 0.8660
vn -0.6591 -0.0207 0.7518
vn -0.9468 -0.0163 -0.3214
vn 0.2590 -0.0068 0.9659
vn 0.9977 0.0149 -0.0655
vn 0.3213 0.0109 -0.9469
vn 0.9469 0.0106 0.3214
vn 0.8660 0.0077 0.4999
vn -0.8659 -0.0134 -0.5000
vn -0.7931 -0.0217 0.6087
vn 0.7519 0.0044 0.6593
vn 0.9914 0.0131 0.1305
vn 0.0656 -0.0104 0.9978
vn -0.6088 -0.0064 -0.7933
vn -0.4423 -0.0026 -0.8968
vn -0.7518 -0.0100 -0.6593
vn 0.4998 0.0133 -0.8660
vn -0.2589 0.0011 -0.9659
vn -0.8966 -0.0221 0.4423
vn -0.1303 -0.0137 0.9914
vn 0.6592 0.0150 -0.7519
vn -0.3212 -0.0166 0.9469
vn -0.9657 -0.0217 0.2588
vn 0.7932 0.0161 -0.6088
vn 0.3229 -0.7119 0.6237
vn 0.1941 -0.7145 0.6722
vn 0.6905 -0.6985 -0.1880
vn 0.7129 -0.6993 -0.0521
vn 0.1037 -0.7041 -0.7025
vn 0.2378 -0.7021 -0.6712
vn 0.6772 -0.7023 0.2195
vn 0.6204 -0.7043 0.3449
vn -0.6528 -0.7212 -0.2319
vn -0.5960 -0.7191 -0.3573
vn -0.4507 -0.7243 0.5219
vn -0.5448 -0.7250 0.4214
vn 0.5403 -0.7067 0.4569
vn 0.7085 -0.7006 0.0855
vn 0.0583 -0.7170 0.6946
vn -0.4154 -0.7142 -0.5633
vn -0.2985 -0.7116 -0.6360
vn -0.5158 -0.7168 -0.4692
vn 0.3632 -0.7004 -0.6144
vn -0.1697 -0.7090 -0.6845
vn -0.6175 -0.7252 0.3045
vn -0.0793 -0.7193 0.6901
vn 0.4751 -0.6992 -0.5342
vn -0.2134 -0.7214 0.6589
vn -0.6660 -0.7250 0.1756
vn 0.4398 -0.7092 0.5510
vn 0.5692 -0.6985 -0.4337
vn -0.0338 -0.7064 -0.7070
vn -0.6885 -0.7242 0.0398
vn -0.3388 -0.7230 0.6020
vn 0.6420 -0.6982 -0.3168
vn -0.6840 -0.7229 -0.0978
vn 0.1645 -0.8158 0.5544
vn 0.0521 -0.8179 0.5730
vn -0.3400 -0.8156 -0.4682
vn -0.2432 -0.8134 -0.5284
vn -0.4895 -0.8196 -0.2977
vn -0.4231 -0.8177 -0.3903
vn 0.2007 -0.8055 -0.5575
vn 0.3045 -0.8042 -0.5105
vn -0.1366 -0.8112 -0.5686
vn 0.5903 -0.8043 0.0688
vn 0.5644 -0.8057 0.1798
vn -0.4471 -0.8245 0.3468
vn -0.5073 -0.8247 0.2501
vn -0.0618 -0.8198 0.5693
vn 0.3971 -0.8031 -0.4441
vn -0.1728 -0.8215 0.5434
vn -0.5474 -0.8245 0.1434
vn 0.4511 -0.8093 0.3762
vn 0.3679 -0.8114 0.4541
vn 0.4750 -0.8025 -0.3610
vn -0.0242 -0.8091 -0.5871
vn -0.5660 -0.8238 0.0310
vn -0.2766 -0.8229 0.4964
vn 0.5352 -0.8023 -0.2642
vn 0.2712 -0.8136 0.5143
vn -0.5623 -0.8228 -0.0829
vn 0.0897 -0.8072 -0.5834
vn 0.5754 -0.8026 -0.1575
vn -0.3692 -0.8239 0.4300
vn -0.5365 -0.8213 -0.1939
vn 0.5940 -0.8032 -0.0451
vn 0.5174 -0.8074 0.2836
vn 0.4913 -0.2043 -0.8467
vn 0.6467 -0.2026 -0.7353
vn -0.1233 -0.2306 0.9652
vn -0.3096 -0.2334 0.9218
vn -0.8709 -0.2388 0.4296
vn -0.9383 -0.2384 0.2506
vn 0.7372 -0.2130 0.6412
vn 0.5977 -0.2166 0.7719
vn 0.7775 -0.2016 -0.5958
vn -0.2488 -0.2162 -0.9441
vn -0.0602 -0.2127 -0.9753
vn -0.9695 -0.2373 0.0619
vn -0.4837 -0.2357 0.8429
vn 0.8785 -0.2013 -0.4334
vn 0.4353 -0.2202 0.8729
vn -0.9632 -0.2355 -0.1292
vn 0.1309 -0.2095 -0.9690
vn 0.9458 -0.2017 -0.2544
vn -0.6392 -0.2374 0.7315
vn -0.9199 -0.2332 -0.3154
vn 0.2564 -0.2239 0.9403
vn 0.9770 -0.2028 -0.0657
vn 0.3171 -0.2066 -0.9256
vn 0.9274 -0.2069 0.3116
vn 0.8485 -0.2098 0.4858
vn -0.8410 -0.2303 -0.4896
vn -0.7699 -0.2385 0.5919
vn 0.9708 -0.2045 0.1254
vn 0.0678 -0.2274 0.9714
vn -0.5901 -0.2235 -0.7758
vn -0.4278 -0.2199 -0.8767
vn -0.7296 -0.2270 -0.6450
vn -0.9066 0.3440 0.2445
vn -0.9364 0.3451 0.0642
vn -0.3057 0.3488 0.8860
vn -0.4721 0.3466 0.8105
vn 0.7332 0.3792 -0.5644
vn 0.8298 0.3795 -0.4092
vn 0.5614 0.3649 0.7427
vn 0.4062 0.3614 0.8393
vn -0.9304 0.3468 -0.1185
vn -0.0674 0.3686 -0.9271
vn 0.1153 0.3717 -0.9212
vn 0.8942 0.3791 -0.2382
vn -0.6207 0.3449 0.7041
vn -0.8890 0.3490 -0.2965
vn 0.2352 0.3579 0.9036
vn 0.9240 0.3781 -0.0579
vn 0.2933 0.3744 -0.8797
vn 0.8766 0.3741 0.3028
vn 0.8012 0.3714 0.4692
vn -0.8136 0.3518 -0.4630
vn -0.7457 0.3439 0.5707
vn 0.6948 0.3683 0.6178
vn 0.9180 0.3764 0.1248
vn 0.0549 0.3545 0.9334
vn -0.5738 0.3582 -0.7365
vn -0.4187 0.3617 -0.8330
vn -0.7072 0.3549 -0.6115
vn 0.4597 0.3766 -0.8043
vn -0.2476 0.3652 -0.8974
vn -0.8422 0.3436 0.4155
vn -0.1277 0.3515 0.9275
vn 0.6083 0.3782 -0.6978
vn 0.4280 0.8788 -0.2109
vn 0.4621 0.8786 -0.1203
vn -0.2618 0.8614 0.4353
vn -0.3405 0.8605 0.3789
vn -0.5046 0.8615 -0.0569
vn -0.4826 0.8627 -0.1512
vn 0.2036 0.8692 0.4505
vn 0.1130 0.8674 0.4846
vn 0.4779 0.8781 -0.0248
vn 0.0494 0.8747 -0.4822
vn 0.1437 0.8761 -0.4602
vn 0.4528 0.8760 0.1663
vn 0.4128 0.8745 0.2545
vn -0.4427 0.8641 -0.2394
vn -0.4067 0.8600 0.3083
vn 0.3564 0.8729 0.3332
vn 0.4747 0.8772 0.0720
vn 0.0175 0.8656 0.5004
vn -0.3157 0.8676 -0.3843
vn -0.2335 0.8694 -0.4354
vn -0.3863 0.8658 -0.3181
vn 0.2319 0.8773 -0.4202
vn -0.1428 0.8713 -0.4696
vn -0.4578 0.8598 0.2260
vn -0.0793 0.8640 0.4973
vn 0.3106 0.8781 -0.3638
vn -0.1736 0.8625 0.4753
vn -0.4920 0.8600 0.1354
vn 0.2858 0.8711 0.3994
vn 0.3768 0.8787 -0.2932
vn -0.0473 0.8731 -0.4853
vn -0.5077 0.8606 0.0399
vn 0.1429 0.9846 0.1008
vn 0.1578 0.9851 0.0678
vn 0.1962 0.9772 0.0807
vn 0.1780 0.9766 0.1209
vn -0.1767 0.9807 -0.0837
vn -0.1916 0.9802 -0.0508
vn -0.2297 0.9712 -0.0638
vn -0.2115 0.9718 -0.1040
vn -0.1632 0.9792 0.1209
vn -0.1385 0.9794 0.1473
vn -0.1650 0.9702 0.1776
vn -0.1951 0.9699 0.1454
vn 0.1219 0.9840 0.1302
vn 0.1524 0.9758 0.1567
vn 0.1660 0.9856 0.0326
vn 0.1672 0.9859 -0.0035
vn 0.2077 0.9782 -0.0063
vn 0.2062 0.9778 0.0378
vn -0.0048 0.9813 0.1927
vn 0.0309 0.9819 0.1868
vn 0.0415 0.9733 0.2257
vn -0.0020 0.9725 0.2329
vn -0.0985 0.9827 -0.1570
vn -0.1292 0.9820 -0.1379
vn -0.1537 0.9734 -0.1700
vn -0.1162 0.9742 -0.1933
vn -0.1556 0.9813 -0.1131
vn -0.1858 0.9726 -0.1398
vn 0.0753 0.9856 -0.1513
vn 0.0424 0.9852 -0.1662
vn 0.0555 0.9773 -0.2045
vn 0.0957 0.9778 -0.1863
vn -0.0647 0.9834 -0.1697
vn -0.0750 0.9751 -0.2088
vn -0.1823 0.9791 0.0901
vn -0.2184 0.9699 0.1079
vn -0.0409 0.9806 0.1915
vn -0.0460 0.9718 0.2314
vn 0.1047 0.9859 -0.1302
vn 0.1315 0.9782 -0.1606
vn -0.0762 0.9801 0.1833
vn -0.0890 0.9711 0.2214
vn -0.1951 0.9792 0.0563
vn -0.2339 0.9700 0.0667
vn 0.0955 0.9833 0.1549
vn 0.1202 0.9750 0.1869
vn 0.1295 0.9861 -0.1038
vn 0.1617 0.9785 -0.1285
vn -0.0290 0.9840 -0.1756
vn -0.0315 0.9759 -0.2160
vn -0.2010 0.9794 0.0206
vn -0.2411 0.9702 0.0232
vn -0.1091 0.9797 0.1683
vn -0.1291 0.9706 0.2032
vn 0.1486 0.9862 -0.0731
vn 0.1849 0.9785 -0.0910
vn 0.0648 0.9826 0.1740
vn 0.0828 0.9742 0.2102
vn -0.1998 0.9797 -0.0155
vn -0.2397 0.9706 -0.0209
vn 0.0072 0.9846 -0.1744
vn 0.0126 0.9766 -0.2145
vn 0.1613 0.9861 -0.0392
vn 0.2005 0.9784 -0.0498
vn -0.4375 0.1920 -0.8785
vn -0.2574 0.1957 -0.9463
vn 0.9696 0.2074 0.1297
vn 0.9260 0.2051 0.3171
vn -0.7817 0.1733 0.5991
vn -0.8833 0.1729 0.4358
vn 0.0611 0.1844 0.9809
vn -0.1312 0.1812 0.9747
vn -0.7412 0.1848 -0.6454
vn -0.6008 0.1883 -0.7769
vn 0.4872 0.2076 -0.8483
vn 0.6436 0.2093 -0.7362
vn -0.3185 0.1783 0.9310
vn -0.9511 0.1733 0.2557
vn 0.7346 0.1989 0.6487
vn 0.5942 0.1953 0.7802
vn 0.7751 0.2104 -0.5958
vn -0.0677 0.1992 -0.9776
vn -0.9825 0.1745 0.0659
vn -0.4938 0.1760 0.8516
vn 0.8767 0.2107 -0.4324
vn 0.4309 0.1916 0.8818
vn -0.9762 0.1762 -0.1264
vn 0.1246 0.2025 -0.9713
vn 0.9445 0.2103 -0.2524
vn -0.6502 0.1743 0.7395
vn -0.9326 0.1786 -0.3138
vn 0.2509 0.1880 0.9496
vn 0.9759 0.2092 -0.0626
vn 0.3120 0.2053 -0.9276
vn 0.8466 0.2022 0.4923
vn -0.8532 0.1815 -0.4890
vn 0.6280 -0.5630 0.5372
vn 0.5104 -0.5660 0.6474
vn 0.5518 -0.5542 -0.6232
vn 0.6620 -0.5534 -0.5055
vn -0.2032 -0.5657 -0.7992
vn -0.0442 -0.5627 -0.8255
vn -0.7844 -0.5844 0.2079
vn -0.8107 -0.5835 0.0489
vn -0.2544 -0.5802 0.7737
vn -0.4012 -0.5822 0.7072
vn 0.7471 -0.5531 -0.3687
vn 0.3736 -0.5691 0.7325
vn -0.8054 -0.5820 -0.1122
vn 0.1169 -0.5600 -0.8202
vn 0.8039 -0.5534 -0.2178
vn -0.5322 -0.5836 0.6133
vn -0.7688 -0.5800 -0.2692
vn 0.2227 -0.5722 0.7893
vn 0.8302 -0.5544 -0.0588
vn 0.2739 -0.5576 -0.7836
vn 0.7884 -0.5578 0.2593
vn 0.7219 -0.5603 0.4062
vn -0.7024 -0.5776 -0.4161
vn -0.6424 -0.5845 0.4957
vn 0.8250 -0.5558 0.1024
vn 0.0637 -0.5751 0.8156
vn -0.4909 -0.5718 -0.6573
vn -0.3540 -0.5688 -0.7424
vn -0.6085 -0.5748 -0.5471
vn 0.4207 -0.5557 -0.7171
vn -0.7276 -0.5847 0.3588
vn -0.0974 -0.5778 0.8103
vn 0.6091 -0.0309 0.7925
vn 0.4427 -0.0347 0.8960
vn -0.9965 -0.0522 0.0651
vn -0.9901 -0.0504 -0.1307
vn -0.0650 -0.0270 -0.9975
vn 0.1308 -0.0237 -0.9911
vn 0.8967 -0.0153 -0.4423
vn 0.9658 -0.0157 -0.2590
vn -0.4989 -0.0506 0.8652
vn -0.6581 -0.0523 0.7511
vn -0.9457 -0.0480 -0.3215
vn 0.2594 -0.0384 0.9650
vn 0.9977 -0.0168 -0.0657
vn 0.3216 -0.0208 -0.9466
vn 0.9469 -0.0210 0.3209
vn 0.8661 -0.0240 0.4993
vn -0.8649 -0.0450 -0.4999
vn -0.7921 -0.0534 0.6081
vn 0.7520 -0.0273 0.6586
vn 0.9913 -0.0186 0.1301
vn 0.0661 -0.0420 0.9969
vn -0.6079 -0.0381 -0.7931
vn -0.4415 -0.0343 -0.8966
vn -0.7508 -0.0417 -0.6592
vn 0.5001 -0.0184 -0.8658
vn -0.2582 -0.0306 -0.9656
vn -0.8955 -0.0537 0.4417
vn -0.1296 -0.0453 0.9905
vn 0.6593 -0.0167 -0.7517
vn -0.3204 -0.0482 0.9460
vn -0.9646 -0.0533 0.2584
vn 0.7932 -0.0156 -0.6087
vn 0.3646 0.5346 0.7624
vn 0.2096 0.5315 0.8207
vn 0.8068 0.5507 -0.2141
vn 0.8338 0.5498 -0.0506
vn 0.1009 0.5440 -0.8330
vn 0.2622 0.5464 -0.7954
vn 0.7908 0.5462 0.2762
vn 0.7225 0.5437 0.4271
vn -0.8092 0.5234 -0.2669
vn -0.7409 0.5259 -0.4178
vn -0.5661 0.5197 0.6399
vn -0.6793 0.5188 0.5190
vn 0.6261 0.5409 0.5617
vn 0.8284 0.5482 0.1149
vn 0.0462 0.5284 0.8477
vn -0.5236 0.5318 -0.6656
vn -0.3830 0.5350 -0.7531
vn -0.6444 0.5287 -0.5524
vn 0.4131 0.5484 -0.7271
vn -0.2280 0.5381 -0.8114
vn -0.7668 0.5185 0.3784
vn -0.1193 0.5256 0.8423
vn 0.5477 0.5499 -0.6306
vn -0.2806 0.5232 0.8047
vn -0.8251 0.5189 0.2233
vn 0.5052 0.5378 0.6749
vn 0.6609 0.5508 -0.5097
vn -0.0646 0.5412 -0.8384
vn -0.8522 0.5198 0.0599
vn -0.4314 0.5212 0.7363
vn 0.7484 0.5511 -0.3691
vn -0.8468 0.5214 -0.1056
vn 0.1104 0.8728 0.4754
vn 0.0167 0.8711 0.4909
vn -0.3099 0.8730 -0.3766
vn -0.2293 0.8748 -0.4267
vn -0.4344 0.8696 -0.2345
vn -0.3792 0.8712 -0.3117
vn 0.1405 0.8814 -0.4510
vn 0.2270 0.8825 -0.4118
vn -0.1404 0.8766 -0.4602
vn 0.4651 0.8824 0.0708
vn 0.4436 0.8813 0.1632
vn -0.3991 0.8656 0.3024
vn -0.4493 0.8654 0.2218
vn -0.0781 0.8695 0.4878
vn 0.3042 0.8834 -0.3565
vn -0.1706 0.8681 0.4662
vn -0.4827 0.8656 0.1330
vn 0.3491 0.8782 0.3269
vn 0.2798 0.8765 0.3918
vn 0.3691 0.8839 -0.2872
vn -0.0468 0.8784 -0.4757
vn -0.4982 0.8662 0.0393
vn -0.2571 0.8669 0.4270
vn 0.4192 0.8840 -0.2066
vn 0.1992 0.8746 0.4419
vn -0.4951 0.8670 -0.0556
vn 0.0481 0.8800 -0.4726
vn 0.4527 0.8839 -0.1178
vn -0.3342 0.8661 0.3717
vn -0.4736 0.8682 -0.1481
vn 0.4682 0.8833 -0.0241
vn 0.4044 0.8798 0.2497
vn 0.2074 0.9466 -0.2468
vn 0.1533 0.9460 -0.2856
vn 0.4861 0.2171 -0.8465
vn 0.6421 0.2188 -0.7347
vn -0.1251 0.9359 0.3293
vn -0.0604 0.9369 0.3444
vn -0.1311 0.1907 0.9728
vn -0.3181 0.1879 0.9293
vn -0.3437 0.9342 0.0960
vn -0.3203 0.9340 0.1582
vn -0.8817 0.1825 0.4350
vn -0.9494 0.1829 0.2553
vn 0.1903 0.9418 0.2772
vn 0.2388 0.9430 0.2318
vn 0.7330 0.2084 0.6475
vn 0.5929 0.2048 0.7788
vn 0.2528 0.9470 -0.1983
vn 0.7734 0.2199 -0.5946
vn -0.0384 0.9431 -0.3303
vn -0.1040 0.9419 -0.3194
vn -0.2571 0.2052 -0.9443
vn -0.0677 0.2087 -0.9756
vn -0.3545 0.9345 0.0304
vn -0.9807 0.1840 0.0659
vn -0.1857 0.9351 0.3019
vn -0.4930 0.1856 0.8500
vn 0.2880 0.9471 -0.1418
vn 0.8748 0.2202 -0.4315
vn 0.1339 0.9405 0.3123
vn 0.4299 0.2012 0.8802
vn -0.3524 0.9352 -0.0361
vn -0.9745 0.1858 -0.1261
vn 0.0280 0.9442 -0.3281
vn 0.1242 0.2120 -0.9694
vn 0.3114 0.9469 -0.0796
vn 0.9425 0.2198 -0.2518
vn -0.2397 0.9345 0.2632
vn -0.6491 0.1839 0.7382
vn -0.3373 0.9360 -0.1008
vn -0.9309 0.1881 -0.3131
vn 0.0717 0.9392 0.3358
vn 0.2502 0.1975 0.9478
vn 0.3222 0.9466 -0.0140
vn 0.9738 0.2187 -0.0624
vn 0.0928 0.9452 -0.3130
vn 0.3112 0.2148 -0.9258
vn 0.2776 0.9441 0.1777
vn 0.3050 0.9451 0.1172
vn 0.9240 0.2145 0.3166
vn 0.8448 0.2117 0.4914
vn -0.3099 0.9370 -0.1614
vn -0.8517 0.1910 -0.4880
vn -0.2852 0.9341 0.2146
vn -0.7803 0.1828 0.5980
vn 0.3201 0.9459 0.0524
vn 0.9676 0.2169 0.1296
vn 0.0061 0.9380 0.3466
vn 0.0608 0.1940 0.9791
vn -0.1662 0.9406 -0.2960
vn -0.2226 0.9393 -0.2609
vn -0.5998 0.1979 -0.7753
vn -0.4368 0.2015 -0.8767
vn -0.2712 0.9381 -0.2154
vn -0.7399 0.1943 -0.6440
vn 0.6564 -0.7329 -0.1790
vn 0.6104 -0.7326 -0.3012
vn 0.7166 -0.6012 -0.3536
vn 0.7710 -0.6015 -0.2092
vn -0.4265 -0.7573 0.4946
vn -0.3203 -0.7562 0.5707
vn -0.3829 -0.6291 0.6765
vn -0.5084 -0.6304 0.5866
vn -0.6182 -0.7544 -0.2207
vn -0.6479 -0.7560 -0.0934
vn -0.7699 -0.6289 -0.1081
vn -0.7349 -0.6270 -0.2584
vn 0.1854 -0.7480 0.6372
vn 0.3076 -0.7455 0.5912
vn 0.3589 -0.6165 0.7008
vn 0.2145 -0.6195 0.7551
vn 0.6777 -0.7336 -0.0501
vn 0.7961 -0.6024 -0.0569
vn 0.2269 -0.7363 -0.6375
vn 0.0997 -0.7382 -0.6672
vn 0.1132 -0.6078 -0.7860
vn 0.2635 -0.6056 -0.7509
vn 0.5899 -0.7384 0.3267
vn 0.6438 -0.7364 0.2077
vn 0.7561 -0.6058 0.2477
vn 0.6924 -0.6081 0.3883
vn -0.5643 -0.7524 -0.3397
vn -0.6713 -0.6247 -0.3990
vn -0.5158 -0.7580 0.3992
vn -0.6139 -0.6313 0.4740
vn 0.5139 -0.7406 0.4329
vn 0.6026 -0.6107 0.5137
vn 0.6735 -0.7348 0.0805
vn 0.7911 -0.6039 0.0974
vn 0.0565 -0.7504 0.6585
vn 0.0622 -0.6223 0.7803
vn -0.2820 -0.7453 -0.6042
vn -0.3930 -0.7478 -0.5352
vn -0.4688 -0.6192 -0.6300
vn -0.3377 -0.6162 -0.7115
vn -0.4883 -0.7502 -0.4459
vn -0.5814 -0.6220 -0.5245
vn 0.3459 -0.7347 -0.5836
vn 0.4041 -0.6037 -0.6872
vn -0.1598 -0.7428 -0.6502
vn -0.1933 -0.6133 -0.7658
vn -0.5848 -0.7582 0.2883
vn -0.6954 -0.6315 0.3429
vn -0.0740 -0.7526 0.6543
vn -0.0920 -0.6249 0.7752
vn 0.4521 -0.7335 -0.5075
vn 0.5295 -0.6023 -0.5973
vn -0.2013 -0.7546 0.6246
vn -0.2423 -0.6272 0.7402
vn -0.6308 -0.7580 0.1660
vn -0.7498 -0.6312 0.1985
vn 0.4186 -0.7430 0.5222
vn 0.4900 -0.6136 0.6193
vn 0.5414 -0.7328 -0.4122
vn 0.6351 -0.6015 -0.4847
vn -0.0309 -0.7404 -0.6715
vn -0.0411 -0.6104 -0.7910
vn -0.6521 -0.7572 0.0371
vn -0.7750 -0.6303 0.0462
vn -0.9233 -0.2177 -0.3164
vn -0.8442 -0.2148 -0.4912
vn -0.6417 -0.2220 0.7342
vn -0.7728 -0.2230 0.5941
vn 0.8512 -0.1942 0.4876
vn 0.7395 -0.1975 0.6436
vn 0.9801 -0.1872 -0.0658
vn 0.9739 -0.1889 0.1259
vn 0.2570 -0.2083 0.9437
vn 0.0677 -0.2119 0.9750
vn -0.5924 -0.2080 -0.7783
vn -0.4295 -0.2043 -0.8796
vn -0.7324 -0.2115 -0.6471
vn 0.3179 -0.1910 -0.9287
vn 0.4927 -0.1887 -0.8495
vn -0.2500 -0.2006 -0.9472
vn 0.9303 -0.1913 0.3128
vn -0.8742 -0.2233 0.4312
vn -0.1240 -0.2151 0.9687
vn 0.6487 -0.1870 -0.7377
vn -0.3109 -0.2179 0.9251
vn -0.9418 -0.2229 0.2516
vn 0.5995 -0.2010 0.7748
vn 0.7799 -0.1860 -0.5977
vn -0.0607 -0.1971 -0.9785
vn -0.9731 -0.2218 0.0623
vn -0.4857 -0.2203 0.8459
vn 0.8812 -0.1857 -0.4347
vn 0.4366 -0.2047 0.8761
vn -0.9669 -0.2200 -0.1295
vn 0.1311 -0.1939 -0.9722
vn 0.9488 -0.1860 -0.2552
vn 0.9344 0.3331 0.1265
vn 0.8922 0.3308 0.3075
vn -0.7574 0.3001 0.5799
vn -0.8555 0.2998 0.4221
vn 0.0567 0.3109 0.9487
vn -0.1290 0.3078 0.9427
vn -0.7183 0.3113 -0.6223
vn -0.5827 0.3147 -0.7493
vn 0.4683 0.3333 -0.8183
vn 0.6194 0.3350 -0.7100
vn -0.3100 0.3050 0.9005
vn -0.9210 0.3002 0.2482
vn 0.7073 0.3249 0.6278
vn 0.5717 0.3215 0.7548
vn 0.7465 0.3360 -0.5744
vn -0.2510 0.3218 -0.9129
vn -0.0676 0.3252 -0.9432
vn -0.9513 0.3013 0.0648
vn -0.4793 0.3028 0.8238
vn 0.8446 0.3363 -0.4166
vn 0.4139 0.3179 0.8530
vn -0.9453 0.3030 -0.1209
vn 0.1181 0.3284 -0.9371
vn 0.9101 0.3359 -0.2426
vn -0.6303 0.3011 0.7155
vn -0.9031 0.3053 -0.3019
vn 0.2400 0.3143 0.9185
vn 0.9404 0.3349 -0.0593
vn 0.2991 0.3311 -0.8950
vn 0.8155 0.3281 0.4767
vn -0.8265 0.3081 -0.4712
vn -0.4249 0.3182 -0.8475
vn 0.4134 0.7738 -0.4799
vn 0.5002 0.7745 -0.3873
vn -0.1807 0.7648 -0.6184
vn -0.0555 0.7671 -0.6391
vn -0.6381 0.7500 0.1741
vn -0.6587 0.7508 0.0490
vn -0.2210 0.7533 0.6194
vn -0.3365 0.7518 0.5671
vn 0.5672 0.7747 -0.2796
vn 0.3809 0.7645 0.5200
vn 0.2732 0.7621 0.5870
vn -0.6546 0.7519 -0.0778
vn 0.0712 0.7692 -0.6350
vn 0.6119 0.7744 -0.1609
vn -0.4396 0.7507 0.4932
vn -0.6258 0.7535 -0.2014
vn 0.1545 0.7597 0.6317
vn 0.6326 0.7737 -0.0357
vn 0.1948 0.7711 -0.6062
vn 0.5997 0.7709 0.2146
vn 0.5473 0.7690 0.3302
vn -0.5735 0.7554 -0.3169
vn -0.5264 0.7500 0.4006
vn 0.4735 0.7669 0.4333
vn 0.6284 0.7725 0.0911
vn 0.0293 0.7573 0.6524
vn -0.4071 0.7599 -0.5068
vn -0.2994 0.7623 -0.5738
vn -0.4997 0.7576 -0.4200
vn 0.3103 0.7726 -0.5538
vn -0.5934 0.7498 0.2929
vn -0.0974 0.7552 0.6482
vn -0.3879 0.9208 -0.0409
vn -0.3903 0.9201 0.0326
vn -0.8257 0.5611 0.0585
vn -0.8205 0.5626 -0.1017
vn 0.0330 0.9308 -0.3639
vn -0.0405 0.9296 -0.3663
vn -0.0635 0.5818 -0.8109
vn 0.0967 0.5845 -0.8056
vn 0.3464 0.9338 -0.0891
vn 0.3205 0.9340 -0.1579
vn 0.7233 0.5913 -0.3567
vn 0.7798 0.5910 -0.2067
vn -0.2632 0.9201 0.2901
vn -0.2034 0.9207 0.3330
vn -0.4185 0.5624 0.7131
vn -0.5488 0.5610 0.6198
vn -0.3712 0.9217 -0.1125
vn -0.7841 0.5646 -0.2578
vn 0.0812 0.9253 0.3704
vn 0.1501 0.9267 0.3445
vn 0.3518 0.5754 0.7383
vn 0.2019 0.5724 0.7948
vn 0.3584 0.9334 -0.0165
vn 0.8059 0.5901 -0.0485
vn 0.1046 0.9319 -0.3472
vn 0.2528 0.5868 -0.7693
vn 0.3090 0.9307 0.1956
vn 0.3393 0.9318 0.1286
vn 0.7643 0.5866 0.2678
vn 0.6982 0.5842 0.4138
vn -0.3408 0.9228 -0.1795
vn -0.7180 0.5670 -0.4038
vn -0.3135 0.9197 0.2365
vn -0.6584 0.5601 0.5028
vn 0.2662 0.9295 0.2554
vn 0.6049 0.5815 0.5441
vn 0.3560 0.9327 0.0570
vn 0.8007 0.5886 0.1117
vn 0.0087 0.9239 0.3824
vn 0.0437 0.5694 0.8209
vn -0.1819 0.9268 -0.3284
vn -0.2443 0.9254 -0.2896
vn -0.5077 0.5727 -0.6437
vn -0.3716 0.5757 -0.7283
vn -0.2980 0.9241 -0.2393
vn -0.6246 0.5697 -0.5341
vn 0.1716 0.9328 -0.3169
vn 0.3987 0.5888 -0.7031
vn -0.1131 0.9282 -0.3544
vn -0.2216 0.5788 -0.7848
vn -0.3523 0.9196 0.1740
vn -0.7431 0.5599 0.3667
vn -0.0648 0.9227 0.3800
vn -0.1164 0.5667 0.8156
vn 0.2314 0.9335 -0.2740
vn 0.5290 0.5902 -0.6098
vn -0.1364 0.9216 0.3633
vn -0.2725 0.5644 0.7793
vn -0.3783 0.9197 0.1052
vn -0.7995 0.5602 0.2167
vn 0.2125 0.9281 0.3057
vn 0.4879 0.5785 0.6536
vn 0.2817 0.9339 -0.2204
vn 0.6386 0.5910 -0.4928
vn 0.9977 0.0177 -0.0654
vn 0.9657 0.0188 -0.2589
vn 0.9619 -0.0893 -0.2583
vn 0.9937 -0.0904 -0.0660
vn 0.3212 0.0137 -0.9469
vn 0.1303 0.0108 -0.9914
vn 0.1314 -0.0972 -0.9865
vn 0.3212 -0.0944 -0.9423
vn 0.8660 0.0105 0.4999
vn 0.9469 0.0135 0.3214
vn 0.9432 -0.0946 0.3186
vn 0.8628 -0.0975 0.4961
vn -0.8660 -0.0105 -0.4999
vn -0.9469 -0.0135 -0.3214
vn -0.9395 -0.1214 -0.3204
vn -0.8591 -0.1185 -0.4980
vn -0.7931 -0.0189 0.6088
vn -0.6591 -0.0179 0.7518
vn -0.6534 -0.1258 0.7465
vn -0.7866 -0.1268 0.6043
vn 0.7519 0.0072 0.6593
vn 0.7493 -0.1009 0.6545
vn 0.9913 0.0159 0.1305
vn 0.9874 -0.0922 0.1288
vn 0.2593 -0.1119 0.9593
vn 0.0671 -0.1155 0.9910
vn -0.4424 0.0002 -0.8968
vn -0.6088 -0.0036 -0.7933
vn -0.6034 -0.1116 -0.7896
vn -0.4379 -0.1078 -0.8925
vn -0.7519 -0.0072 -0.6593
vn -0.7456 -0.1152 -0.6564
vn 0.4998 0.0161 -0.8660
vn 0.4987 -0.0920 -0.8619
vn -0.2590 0.0039 -0.9659
vn -0.2556 -0.1041 -0.9612
vn -0.8967 -0.0192 0.4423
vn -0.8896 -0.1271 0.4388
vn -0.1303 -0.0108 0.9914
vn -0.1277 -0.1188 0.9847
vn 0.6591 0.0178 -0.7518
vn 0.6571 -0.0903 -0.7484
vn -0.3212 -0.0137 0.9469
vn -0.3175 -0.1217 0.9404
vn -0.9657 -0.0188 0.2589
vn -0.9582 -0.1267 0.2564
vn 0.6088 0.0036 0.7933
vn 0.6071 -0.1045 0.7877
vn 0.7931 0.0189 -0.6088
vn 0.7903 -0.0892 -0.6061
vn -0.0656 0.0075 -0.9978
vn -0.0633 -0.1005 -0.9929
vn -0.9977 -0.0177 0.0654
vn -0.9900 -0.1256 0.0641
vn -0.4998 -0.0161 0.8660
vn -0.4950 -0.1240 0.8600
vn 0.8967 0.0192 -0.4423
vn 0.8933 -0.0889 -0.4407
vn 0.4424 -0.0002 0.8968
vn 0.4417 -0.1082 0.8906
vn -0.9913 -0.0159 -0.1305
vn -0.9837 -0.1238 -0.1307
vn -0.5749 -0.3066 -0.7586
vn -0.4164 -0.3030 -0.8572
vn -0.8200 -0.3132 -0.4790
vn -0.7112 -0.3101 -0.6309
vn 0.3113 -0.2901 -0.9050
vn 0.4814 -0.2879 -0.8279
vn -0.2416 -0.2994 -0.9230
vn 0.9498 -0.2881 0.1217
vn 0.9075 -0.2904 0.3036
vn -0.7506 -0.3212 0.5775
vn -0.8492 -0.3215 0.4188
vn 0.0677 -0.3104 0.9482
vn -0.1190 -0.3135 0.9421
vn 0.6333 -0.2862 -0.7191
vn -0.3009 -0.3163 0.8997
vn -0.9150 -0.3211 0.2440
vn 0.7217 -0.2963 0.6256
vn 0.5854 -0.2998 0.7533
vn 0.7610 -0.2852 -0.5827
vn -0.0573 -0.2960 -0.9535
vn -0.9455 -0.3201 0.0597
vn -0.4710 -0.3185 0.8226
vn 0.8596 -0.2849 -0.4241
vn 0.4268 -0.3034 0.8520
vn -0.9394 -0.3183 -0.1270
vn 0.1294 -0.2929 -0.9474
vn 0.9255 -0.2853 -0.2493
vn -0.6229 -0.3202 0.7138
vn -0.8971 -0.3160 -0.3089
vn 0.2520 -0.3070 0.9178
vn 0.9559 -0.2863 -0.0650
vn 0.8304 -0.2932 0.4738
vn -0.1094 -0.4506 0.8860
vn -0.2807 -0.4531 0.8461
vn -0.7972 -0.4581 0.3932
vn -0.8592 -0.4577 0.2285
vn 0.6824 -0.4344 0.5879
vn 0.5540 -0.4376 0.7082
vn 0.5992 -0.4248 -0.6786
vn 0.7194 -0.4238 -0.5502
vn -0.2249 -0.4373 -0.8708
vn -0.0513 -0.4341 -0.8994
vn -0.8879 -0.4567 0.0549
vn -0.4410 -0.4553 0.7735
vn 0.8124 -0.4235 -0.4008
vn 0.4046 -0.4410 0.8011
vn -0.8822 -0.4551 -0.1209
vn 0.1245 -0.4311 -0.8937
vn 0.8744 -0.4239 -0.2362
vn -0.5840 -0.4568 0.6710
vn -0.8423 -0.4529 -0.2923
vn 0.2400 -0.4444 0.8631
vn 0.9031 -0.4249 -0.0626
vn 0.2959 -0.4285 -0.8537
vn 0.8574 -0.4287 0.2846
vn 0.7848 -0.4314 0.4449
vn -0.7697 -0.4503 -0.4526
vn -0.7043 -0.4578 0.5426
vn 0.8973 -0.4266 0.1133
vn 0.0664 -0.4476 0.8918
vn -0.5389 -0.4440 -0.7159
vn -0.3895 -0.4406 -0.8088
vn -0.6673 -0.4473 -0.5956
vn 0.4561 -0.4264 -0.7811
vn -0.2760 -0.4971 0.8226
vn -0.4256 -0.4991 0.7549
vn 0.7013 -0.4742 -0.5322
vn 0.7940 -0.4682 -0.3878
vn 0.5364 -0.4876 0.6888
vn 0.3920 -0.4853 0.7816
vn -0.8606 -0.5061 0.0559
vn -0.8549 -0.5045 -0.1210
vn -0.0518 -0.4842 -0.8734
vn 0.1250 -0.4812 -0.8677
vn 0.8519 -0.4685 -0.2340
vn -0.5635 -0.5062 0.6529
vn -0.8185 -0.4968 -0.2887
vn 0.2383 -0.4884 0.8395
vn 0.8775 -0.4752 -0.0644
vn 0.2926 -0.4730 -0.8311
vn 0.8351 -0.4733 0.2802
vn 0.7674 -0.4758 0.4298
vn -0.7507 -0.4943 -0.4383
vn -0.6845 -0.5072 0.5237
vn 0.6656 -0.4844 0.5678
vn 0.8717 -0.4769 0.1125
vn 0.0687 -0.4972 0.8649
vn -0.5196 -0.4937 -0.6973
vn -0.3753 -0.4848 -0.7900
vn -0.6487 -0.4970 -0.5764
vn 0.4422 -0.4710 -0.7633
vn -0.2216 -0.4817 -0.8479
vn -0.7773 -0.5019 0.3793
vn -0.1082 -0.5002 0.8591
vn 0.5804 -0.4751 -0.6614
vn -0.8352 -0.5015 0.2256
vn 0.7782 -0.2001 0.5952
vn 0.5488 -0.2060 0.8102
vn 0.6004 -0.1913 -0.7764
vn 0.8154 -0.1896 -0.5470
vn -0.2965 -0.1873 -0.9365
vn -0.1221 -0.2020 -0.9717
vn -0.9314 -0.2090 0.2981
vn -0.9662 -0.2260 0.1238
vn -0.3567 -0.2044 0.9116
vn -0.4456 -0.2056 0.8713
vn 0.9035 -0.1714 -0.3928
vn 0.3945 -0.1914 0.8988
vn -0.9560 -0.2231 -0.1905
vn 0.1921 -0.1967 -0.9615
vn 0.9379 -0.1716 -0.3014
vn -0.5933 -0.2252 0.7728
vn -0.9099 -0.2029 -0.3618
vn 0.3031 -0.1933 0.9332
vn 0.9734 -0.1905 -0.1274
vn 0.3632 -0.1762 -0.9149
vn 0.9165 -0.1777 0.3585
vn 0.8762 -0.1792 0.4474
vn -0.8696 -0.2014 -0.4507
vn -0.8082 -0.2269 0.5434
vn 0.9632 -0.1934 0.1869
vn 0.1293 -0.2145 0.9681
vn -0.5417 -0.2106 -0.8138
vn -0.3879 -0.1892 -0.9021
vn -0.7711 -0.2164 -0.5989
vn 0.4522 -0.1750 -0.8746
vn -0.8970 -0.2092 0.3894
vn -0.1849 -0.2198 0.9578
vn -0.1630 0.2453 -0.9556
vn 0.2167 0.2517 -0.9432
vn 0.9259 0.1043 -0.3631
vn 0.9356 0.1042 -0.3374
vn 0.9255 0.2309 -0.3003
vn 0.8940 0.2311 -0.3838
vn -0.3975 0.0235 0.9173
vn -0.3999 0.0704 0.9139
vn -0.3656 0.1982 0.9094
vn -0.3525 0.2289 0.9074
vn -0.9032 0.0734 -0.4229
vn -0.9037 0.0264 -0.4273
vn -0.8631 0.2319 -0.4487
vn -0.8743 0.2012 -0.4416
vn 0.3624 0.0834 0.9283
vn 0.3367 0.0829 0.9379
vn 0.2986 0.2094 0.9311
vn 0.3821 0.2111 0.8997
vn 0.9283 0.0574 -0.3674
vn 0.8822 0.2614 -0.3916
vn 0.4220 0.1003 -0.9010
vn 0.4268 0.0534 -0.9028
vn 0.4465 0.2579 -0.8568
vn 0.4397 0.2275 -0.8689
vn 0.9116 0.0974 0.3993
vn 0.9003 0.0970 0.4244
vn 0.8670 0.2234 0.4453
vn 0.9039 0.2248 0.3640
vn -0.9145 0.0730 -0.3979
vn -0.9112 0.1999 -0.3603
vn -0.5689 0.2232 0.7916
vn -0.8286 0.2211 0.5142
vn 0.9163 0.0505 0.3973
vn 0.9011 0.2553 0.3506
vn 0.9535 0.2576 -0.1567
vn 0.9411 0.2541 0.2231
vn 0.3671 0.0365 0.9294
vn 0.3897 0.2418 0.8887
vn -0.3397 0.0875 -0.9365
vn -0.3370 0.0406 -0.9406
vn -0.2929 0.2458 -0.9240
vn -0.3059 0.2152 -0.9274
vn -0.9176 0.0259 -0.3966
vn -0.9094 0.2302 -0.3464
vn 0.3970 0.1000 -0.9124
vn 0.3583 0.2264 -0.9057
vn -0.3654 0.0870 -0.9268
vn -0.3894 0.2135 -0.8960
vn 0.9024 0.0500 0.4279
vn 0.8547 0.2536 0.4529
vn -0.9385 0.0662 0.3388
vn -0.9415 0.0192 0.3366
vn -0.9301 0.2243 0.2907
vn -0.9328 0.1937 0.3040
vn 0.1548 0.2342 0.9598
vn -0.2249 0.2277 0.9474
vn -0.7936 0.2311 -0.5629
vn -0.5163 0.2381 -0.8226
vn 0.3961 0.0530 -0.9167
vn 0.3441 0.2566 -0.9032
vn -0.4249 0.0701 0.9025
vn -0.4281 0.0231 0.9034
vn -0.4548 0.2275 0.8610
vn -0.4469 0.1971 0.8726
vn -0.9288 0.0661 0.3646
vn -0.9013 0.1935 0.3875
vn 0.7854 0.2484 0.5670
vn 0.5081 0.2414 0.8268
vn 0.5606 0.2563 -0.7874
vn 0.8204 0.2584 -0.5101
vn -0.3685 0.0400 -0.9288
vn -0.3980 0.2437 -0.8844
vn -0.9296 0.0191 0.3680
vn -0.8906 0.2241 0.3958
vn 0.9402 0.0573 -0.3359
vn 0.9218 0.2611 -0.2865
vn 0.3357 0.0358 0.9413
vn 0.2845 0.2397 0.9282
vn -0.9617 0.2219 0.1609
vn -0.9493 0.2254 -0.2189
vn 0.4496 0.6195 -0.6435
vn 0.4316 0.6140 -0.6609
vn 0.6557 0.6082 0.4473
vn 0.7612 0.6120 0.2144
vn -0.6764 0.5930 -0.4369
vn -0.7818 0.5892 -0.2040
vn -0.4440 0.6188 0.6481
vn -0.6802 0.6169 0.3959
vn 0.7633 0.6176 0.1896
vn 0.7498 0.6462 -0.1425
vn 0.7385 0.6430 0.2028
vn 0.3874 0.6014 0.6987
vn 0.4065 0.6072 0.6827
vn -0.1439 0.6104 -0.7789
vn -0.1688 0.6047 -0.7784
vn -0.7841 0.5942 -0.1791
vn 0.1988 0.6109 -0.7664
vn -0.4080 0.5998 -0.6883
vn 0.6384 0.6131 0.4654
vn -0.7945 0.5913 0.1386
vn -0.7938 0.5858 0.1636
vn 0.1372 0.6277 0.7662
vn -0.2081 0.6219 0.7549
vn -0.6534 0.6245 -0.4278
vn -0.4013 0.6309 -0.6640
vn 0.1738 0.6158 -0.7685
vn -0.4704 0.5924 0.6540
vn -0.4523 0.5872 0.6713
vn -0.7037 0.5852 0.4029
vn 0.6317 0.6391 0.4388
vn 0.3796 0.6327 0.6750
vn 0.4223 0.6448 -0.6371
vn 0.6585 0.6467 -0.3849
vn -0.4273 0.6046 -0.6722
vn -0.6877 0.5907 0.4221
vn -0.2194 0.5903 0.7768
vn 0.7736 0.6205 -0.1281
vn 0.7732 0.6154 -0.1532
vn 0.1231 0.6014 0.7894
vn 0.1482 0.5965 0.7888
vn -0.7715 0.6175 0.1535
vn -0.7602 0.6207 -0.1919
vn -0.1589 0.6359 -0.7553
vn 0.1864 0.6417 -0.7440
vn 0.6831 0.6160 -0.3924
vn -0.1946 0.5960 0.7790
vn -0.6592 0.5988 -0.4549
vn 0.6669 0.6212 -0.4115
vn 0.4378 0.6604 -0.6101
vn 0.1556 0.6566 -0.7380
vn -0.1291 0.6518 -0.7473
vn -0.4190 0.6459 -0.6382
vn 0.5195 0.7069 0.4800
vn 0.6046 0.6540 0.4547
vn -0.7230 0.6893 0.0469
vn -0.7639 0.6333 0.1235
vn 0.1730 0.8662 0.4687
vn -0.2324 0.8594 0.4555
vn -0.4738 0.8608 -0.1857
vn -0.1778 0.8683 -0.4631
vn 0.0750 0.7095 -0.7007
vn -0.4858 0.6891 0.5377
vn -0.4600 0.6342 0.6214
vn -0.6548 0.6327 0.4135
vn 0.4440 0.8732 0.2008
vn 0.1480 0.8657 0.4781
vn 0.1783 0.8743 -0.4514
vn 0.4556 0.8765 -0.1553
vn -0.4502 0.6992 -0.5553
vn -0.5733 0.6884 0.4443
vn -0.1778 0.6380 0.7492
vn 0.6988 0.7144 -0.0347
vn 0.7417 0.6613 -0.1123
vn 0.0288 0.6964 0.7171
vn 0.1069 0.6428 0.7585
vn -0.4760 0.8575 0.1954
vn -0.4628 0.8612 -0.2101
vn -0.2028 0.8678 -0.4537
vn 0.2026 0.8746 -0.4404
vn 0.6325 0.6619 -0.4022
vn -0.0991 0.6942 0.7129
vn -0.5436 0.6968 -0.4678
vn -0.6269 0.6406 -0.4434
vn 0.3968 0.6487 0.6494
vn 0.5492 0.7153 -0.4321
vn 0.4617 0.7146 -0.5255
vn 0.7324 0.6586 0.1725
vn -0.7547 0.6360 -0.1612
vn -0.2081 0.8597 0.4665
vn -0.4854 0.8575 0.1704
vn 0.6947 0.7132 0.0932
vn 0.4462 0.8766 -0.1803
vn 0.4330 0.8728 0.2251
vn 0.4261 0.7045 0.5675
vn -0.0529 0.7073 -0.7049
vn -0.7188 0.6905 -0.0810
vn -0.6013 0.7168 0.3530
vn -0.6837 0.7173 0.1340
vn 0.1255 0.9590 -0.2543
vn 0.2634 0.9581 0.1121
vn -0.1268 0.9429 -0.3081
vn -0.3246 0.9379 -0.1228
vn -0.3324 0.9356 0.1187
vn -0.1471 0.9371 0.3166
vn -0.3592 0.7291 -0.5825
vn -0.1201 0.9500 0.2881
vn -0.1616 0.9369 0.3100
vn 0.2856 0.9459 0.1537
vn -0.1837 0.7213 0.6678
vn -0.3968 0.7185 0.5713
vn -0.1017 0.9553 -0.2777
vn 0.2548 0.9600 -0.1162
vn 0.6586 0.7426 -0.1214
vn -0.1583 0.9495 0.2708
vn 0.1153 0.7263 0.6776
vn -0.2789 0.9510 -0.1336
vn 0.2945 0.9484 -0.1173
vn 0.1093 0.9415 0.3189
vn 0.5762 0.7431 -0.3403
vn -0.2962 0.9503 -0.0955
vn 0.3001 0.9484 -0.1024
vn -0.5775 0.7236 -0.3780
vn 0.2696 0.9599 -0.0770
vn 0.3341 0.7308 0.5952
vn 0.0874 0.9585 -0.2715
vn -0.3180 0.9381 -0.1373
vn 0.3717 0.7415 -0.5586
vn 0.0689 0.9532 0.2943
vn 0.6489 0.7398 0.1776
vn 0.5524 0.7363 0.3907
vn -0.3023 0.9486 0.0936
vn -0.1409 0.9545 -0.2630
vn -0.6740 0.7201 -0.1650
vn 0.1081 0.9540 0.2795
vn 0.1147 0.9469 -0.3002
vn -0.3268 0.9356 0.1337
vn 0.1293 0.9471 -0.2936
vn -0.1403 0.7336 -0.6649
vn 0.2922 0.9462 0.1391
vn 0.2462 0.9575 0.1502
vn 0.0944 0.9412 0.3245
vn 0.1586 0.7387 -0.6552
vn -0.2876 0.9485 0.1328
vn -0.1417 0.9426 -0.3025
vn -0.7245 0.5183 -0.4544
vn -0.8258 0.5146 -0.2306
vn 0.0082 0.9998 0.0173
vn 0.0060 0.9997 0.0221
vn 0.7064 0.5349 0.4636
vn 0.8078 0.5386 0.2398
vn -0.0426 0.9991 0.0001
vn -0.0404 0.9992 -0.0047
vn 0.6724 0.4767 -0.5662
vn 0.6054 0.4762 -0.6377
vn -0.0348 0.9990 0.0288
vn -0.0384 0.9989 0.0250
vn -0.6497 0.4544 -0.6095
vn 0.0030 0.9996 0.0264
vn -0.8922 0.4456 -0.0739
vn -0.8954 0.4447 0.0240
vn 0.0096 0.9999 0.0069
vn 0.0094 0.9999 0.0122
vn -0.0280 0.4675 -0.8836
vn -0.1905 0.5307 -0.8259
vn -0.0102 0.9993 0.0346
vn -0.0154 0.9993 0.0354
vn 0.4023 0.5272 0.7485
vn 0.5624 0.4640 0.6844
vn -0.0335 0.9994 -0.0126
vn -0.0290 0.9995 -0.0154
vn 0.6338 0.4658 0.6175
vn -0.0373 0.9993 -0.0090
vn -0.4679 0.5125 0.7200
vn -0.2441 0.5154 0.8214
vn -0.0086 0.9998 -0.0167
vn -0.0038 0.9999 -0.0145
vn 0.1724 0.5225 0.8350
vn -0.0241 0.9996 -0.0172
vn 0.7347 0.5429 -0.4067
vn -0.0412 0.9989 0.0205
vn 0.0699 0.4691 -0.8804
vn -0.0207 0.9992 0.0353
vn -0.6212 0.4440 0.6457
vn 0.0005 0.9999 -0.0115
vn 0.2260 0.5377 -0.8123
vn -0.0258 0.9991 0.0341
vn 0.8213 0.5424 -0.1768
vn -0.0431 0.9990 0.0156
vn -0.5782 0.4562 -0.6764
vn -0.0008 0.9996 0.0299
vn -0.6882 0.4435 0.5742
vn 0.0041 1.0000 -0.0076
vn 0.0122 0.4527 0.8916
vn -0.0189 0.9997 -0.0181
vn 0.8796 0.4755 -0.0160
vn -0.0439 0.9990 0.0104
vn 0.4498 0.5407 -0.7109
vn -0.0306 0.9990 0.0319
vn -0.7528 0.5102 0.4159
vn 0.0069 1.0000 -0.0032
vn -0.4204 0.5260 -0.7393
vn -0.0053 0.9995 0.0327
vn 0.8764 0.4746 0.0819
vn -0.0437 0.9990 0.0052
vn -0.0857 0.4511 0.8884
vn -0.0137 0.9997 -0.0179
vn -0.8394 0.5107 0.1859
vn 0.0087 1.0000 0.0017
vn -0.3980 0.4728 -0.7862
vn -0.2363 0.4761 -0.8471
vn 0.8655 0.4866 0.1191
vn 0.8263 0.4845 0.2873
vn -0.7070 0.4559 0.5406
vn -0.7983 0.4556 0.3939
vn 0.0497 0.4660 0.8834
vn -0.1230 0.4630 0.8778
vn -0.6707 0.4663 -0.5769
vn -0.5446 0.4695 -0.6950
vn 0.4323 0.4868 -0.7591
vn 0.5727 0.4883 -0.6584
vn -0.2912 0.4605 0.8385
vn -0.8592 0.4560 0.2322
vn 0.6544 0.4789 0.5851
vn 0.5284 0.4757 0.7032
vn 0.6908 0.4893 -0.5324
vn -0.0659 0.4792 -0.8752
vn -0.8873 0.4570 0.0618
vn -0.4485 0.4584 0.7673
vn 0.7820 0.4896 -0.3857
vn 0.3817 0.4724 0.7944
vn -0.8817 0.4586 -0.1109
vn 0.1067 0.4822 -0.8696
vn 0.8429 0.4892 -0.2240
vn -0.5889 0.4569 0.6666
vn -0.8425 0.4607 -0.2791
vn 0.2201 0.4691 0.8553
vn 0.8711 0.4882 -0.0536
vn 0.2749 0.4847 -0.8303
vn 0.7550 0.4819 0.4447
vn -0.7713 0.4633 -0.4365
vn 0.3547 0.7982 0.4869
vn 0.2540 0.7960 0.5495
vn -0.6173 0.7854 0.0465
vn -0.6134 0.7864 -0.0720
vn -0.0534 0.8006 -0.5968
vn 0.0652 0.8026 -0.5929
vn 0.5288 0.8077 -0.2607
vn 0.5706 0.8075 -0.1497
vn -0.3160 0.7863 0.5309
vn -0.4124 0.7853 0.4618
vn -0.5865 0.7879 -0.1875
vn 0.1430 0.7937 0.5913
vn 0.5900 0.8068 -0.0327
vn 0.1807 0.8044 -0.5660
vn 0.5592 0.8042 0.2014
vn 0.5103 0.8024 0.3094
vn -0.5376 0.7897 -0.2956
vn -0.4935 0.7846 0.3752
vn 0.4412 0.8004 0.4058
vn 0.5861 0.8057 0.0859
vn 0.0260 0.7915 0.6106
vn -0.3820 0.7939 -0.4730
vn -0.2813 0.7962 -0.5357
vn -0.4686 0.7917 -0.3920
vn 0.2887 0.8058 -0.5170
vn -0.1704 0.7984 -0.5775
vn -0.5562 0.7844 0.2745
vn -0.0925 0.7895 0.6067
vn 0.3851 0.8069 -0.4480
vn -0.2080 0.7878 0.5798
vn -0.5980 0.7847 0.1635
vn 0.4662 0.8075 -0.3614
vn 0.1595 0.9179 0.3633
vn 0.0868 0.9165 0.3906
vn 0.3668 0.9255 -0.0946
vn 0.3795 0.9250 -0.0180
vn 0.0359 0.9223 -0.3848
vn 0.1115 0.9235 -0.3671
vn 0.3593 0.9234 0.1353
vn 0.3273 0.9222 0.2060
vn -0.3909 0.9127 -0.1193
vn -0.3588 0.9138 -0.1901
vn -0.2769 0.9109 0.3058
vn -0.3300 0.9105 0.2491
vn 0.2821 0.9209 0.2691
vn 0.3769 0.9243 0.0597
vn 0.0102 0.9150 0.4033
vn -0.2570 0.9166 -0.3063
vn -0.1910 0.9181 -0.3473
vn -0.3136 0.9152 -0.2532
vn 0.1822 0.9244 -0.3351
vn -0.1184 0.9196 -0.3747
vn -0.3710 0.9104 0.1832
vn -0.0674 0.9137 0.4007
vn 0.2453 0.9251 -0.2899
vn -0.1430 0.9126 0.3831
vn -0.3984 0.9106 0.1105
vn 0.2254 0.9194 0.3222
vn 0.2984 0.9255 -0.2332
vn -0.0418 0.9210 -0.3873
vn -0.4110 0.9110 0.0339
vn -0.2138 0.9116 0.3510
vn 0.3394 0.9256 -0.1673
vn -0.4085 0.9117 -0.0437
vn 0.1719 0.7009 0.6923
vn 0.0345 0.6983 0.7150
vn -0.4446 0.7011 -0.5574
vn -0.3264 0.7038 -0.6310
vn -0.6273 0.6962 -0.3491
vn -0.5462 0.6986 -0.4622
vn 0.2161 0.7134 -0.6666
vn 0.3430 0.7151 -0.6091
vn -0.1961 0.7065 -0.6800
vn 0.6921 0.7150 0.0988
vn 0.6606 0.7132 0.2344
vn -0.5755 0.6902 0.4386
vn -0.6491 0.6900 0.3203
vn -0.1047 0.6960 0.7104
vn 0.4561 0.7163 -0.5280
vn -0.2403 0.6939 0.6788
vn -0.6981 0.6903 0.1900
vn 0.5220 0.7088 0.4745
vn 0.4204 0.7062 0.5697
vn 0.5513 0.7171 -0.4264
vn -0.0587 0.7090 -0.7027
vn -0.7209 0.6911 0.0526
vn -0.3671 0.6922 0.6213
vn 0.6249 0.7173 -0.3081
vn 0.3022 0.7035 0.6432
vn -0.7163 0.6924 -0.0866
vn 0.0805 0.7114 -0.6982
vn 0.6740 0.7171 -0.1778
vn -0.4803 0.6910 0.5402
vn -0.6847 0.6941 -0.2222
vn 0.6967 0.7162 -0.0404
vn 0.6031 0.7112 0.3613
vn -0.9826 -0.1323 -0.1306
vn -0.9889 -0.1341 0.0640
vn -0.8709 -0.4885 0.0536
vn -0.8653 -0.4869 -0.1191
vn 0.1314 -0.1057 -0.9857
vn -0.0631 -0.1090 -0.9920
vn -0.0497 -0.4663 -0.8832
vn 0.1229 -0.4634 -0.8776
vn 0.9612 -0.0978 -0.2581
vn 0.8926 -0.0974 -0.4403
vn 0.7981 -0.4560 -0.3938
vn 0.8590 -0.4563 -0.2322
vn -0.6526 -0.1342 0.7457
vn -0.4944 -0.1325 0.8591
vn -0.4322 -0.4871 0.7589
vn -0.5726 -0.4887 0.6583
vn -0.9384 -0.1298 -0.3202
vn -0.8261 -0.4848 -0.2873
vn 0.2592 -0.1204 0.9583
vn 0.4414 -0.1167 0.8897
vn 0.3979 -0.4731 0.7860
vn 0.2363 -0.4764 0.8469
vn 0.9929 -0.0989 -0.0660
vn 0.8871 -0.4573 -0.0618
vn 0.3210 -0.1028 -0.9415
vn 0.2911 -0.4608 -0.8384
vn 0.8621 -0.1060 0.4955
vn 0.9424 -0.1031 0.3182
vn 0.8423 -0.4611 0.2791
vn 0.7711 -0.4636 0.4364
vn -0.8581 -0.1269 -0.4976
vn -0.7549 -0.4822 -0.4446
vn -0.7857 -0.1352 0.6036
vn -0.6907 -0.4896 0.5323
vn 0.7487 -0.1093 0.6538
vn 0.6706 -0.4666 0.5768
vn 0.9866 -0.1007 0.1286
vn 0.8815 -0.4589 0.1108
vn 0.0671 -0.1239 0.9900
vn 0.0659 -0.4796 0.8750
vn -0.4374 -0.1163 -0.8917
vn -0.6027 -0.1200 -0.7889
vn -0.5283 -0.4761 -0.7030
vn -0.3817 -0.4728 -0.7943
vn -0.7447 -0.1236 -0.6558
vn -0.6543 -0.4793 -0.5850
vn 0.4984 -0.1005 -0.8611
vn 0.4484 -0.4587 -0.7671
vn -0.2552 -0.1126 -0.9603
vn -0.2200 -0.4695 -0.8551
vn -0.8885 -0.1356 0.4383
vn -0.7819 -0.4899 0.3856
vn -0.1274 -0.1272 0.9837
vn -0.1067 -0.4825 0.8694
vn 0.6566 -0.0987 -0.7477
vn 0.5888 -0.4572 -0.6665
vn -0.3170 -0.1301 0.9395
vn -0.2749 -0.4850 0.8302
vn -0.9572 -0.1352 0.2561
vn -0.8427 -0.4895 0.2240
vn 0.6067 -0.1129 0.7869
vn 0.5445 -0.4698 0.6948
vn 0.7897 -0.0977 -0.6056
vn 0.7069 -0.4563 -0.5405
vn 0.7824 -0.5855 -0.2122
vn 0.8079 -0.5864 -0.0576
vn 0.1145 -0.5919 -0.7978
vn 0.2671 -0.5896 -0.7622
vn 0.7673 -0.5898 0.2517
vn 0.7026 -0.5922 0.3945
vn -0.7467 -0.6114 -0.2621
vn -0.6820 -0.6090 -0.4049
vn -0.5166 -0.6149 0.5958
vn -0.6237 -0.6157 0.4815
vn 0.6114 -0.5949 0.5219
vn 0.8028 -0.5879 0.0991
vn 0.2174 -0.6038 0.7670
vn 0.0627 -0.6066 0.7925
vn -0.4764 -0.6035 -0.6394
vn -0.3434 -0.6005 -0.7222
vn -0.5908 -0.6064 -0.5323
vn 0.4099 -0.5877 -0.6976
vn -0.1967 -0.5975 -0.7774
vn -0.7065 -0.6160 0.3484
vn -0.0939 -0.6093 0.7874
vn 0.5372 -0.5863 -0.6063
vn -0.2465 -0.6116 0.7518
vn -0.7617 -0.6157 0.2017
vn 0.4970 -0.5978 0.6290
vn 0.6444 -0.5855 -0.4919
vn -0.0421 -0.5946 -0.8029
vn -0.7873 -0.6148 0.0471
vn -0.3892 -0.6135 0.6871
vn 0.7272 -0.5852 -0.3588
vn 0.3640 -0.6008 0.7118
vn -0.7822 -0.6133 -0.1095
vn -0.5351 -0.4564 -0.7109
vn -0.3865 -0.4532 -0.8033
vn -0.7671 -0.4590 -0.4482
vn -0.6641 -0.4585 -0.5905
vn 0.2989 -0.4391 -0.8473
vn 0.4691 -0.4263 -0.7734
vn -0.2232 -0.4499 -0.8647
vn 0.8986 -0.4243 0.1121
vn 0.8580 -0.4263 0.2864
vn -0.7082 -0.4479 0.5457
vn -0.7992 -0.4502 0.3982
vn 0.0667 -0.4430 0.8940
vn -0.1100 -0.4460 0.8883
vn 0.6153 -0.4082 -0.6744
vn -0.2831 -0.4477 0.8482
vn -0.8601 -0.4539 0.2330
vn 0.6827 -0.4271 0.5928
vn 0.5564 -0.4282 0.7120
vn 0.7323 -0.3964 -0.5538
vn -0.0509 -0.4470 -0.8931
vn -0.8873 -0.4573 0.0593
vn -0.4443 -0.4482 0.7757
vn 0.8219 -0.3955 -0.4100
vn 0.4088 -0.4330 0.8033
vn -0.8803 -0.4596 -0.1178
vn 0.1240 -0.4441 -0.8873
vn 0.8799 -0.4044 -0.2496
vn -0.5884 -0.4479 0.6732
vn -0.8394 -0.4596 -0.2900
vn 0.2421 -0.4388 0.8653
vn 0.9061 -0.4169 -0.0721
vn 0.7855 -0.4271 0.4479
vn 0.0617 -0.1345 0.9890
vn -0.1356 -0.1289 0.9823
vn -0.7462 -0.1493 -0.6488
vn -0.5956 -0.1422 -0.7906
vn 0.5398 -0.1170 -0.8336
vn 0.6949 -0.0917 -0.7132
vn -0.3283 -0.1220 0.9367
vn -0.8730 -0.1586 0.4612
vn -0.9468 -0.1763 0.2691
vn 0.7424 -0.1291 0.6574
vn 0.6026 -0.1304 0.7874
vn 0.8010 -0.0727 -0.5943
vn -0.2546 -0.1093 -0.9608
vn -0.0772 -0.1140 -0.9905
vn -0.9815 -0.1783 0.0698
vn -0.5051 -0.1156 0.8553
vn 0.8871 -0.0710 -0.4562
vn 0.4476 -0.1314 0.8845
vn -0.9767 -0.1707 -0.1298
vn 0.1194 -0.1281 -0.9845
vn 0.9529 -0.0818 -0.2922
vn -0.6545 -0.1160 0.7471
vn -0.9332 -0.1605 -0.3216
vn 0.2622 -0.1351 0.9555
vn 0.9911 -0.0961 -0.0921
vn 0.3319 -0.1319 -0.9340
vn 0.9416 -0.1123 0.3176
vn 0.8609 -0.1214 0.4940
vn -0.8569 -0.1521 -0.4926
vn -0.7740 -0.1326 0.6192
vn 0.9868 -0.1053 0.1228
vn -0.4244 -0.1235 -0.8970
vn -0.2592 0.2292 -0.9382
vn -0.1014 0.2275 -0.9685
vn -0.9525 0.1255 0.2774
vn -0.9888 0.1375 0.0574
vn -0.3474 0.2097 0.9140
vn -0.5059 0.2031 0.8383
vn 0.7883 0.1807 -0.5881
vn 0.8683 0.1754 -0.4639
vn 0.5877 0.1906 0.7863
vn 0.4421 0.1940 0.8758
vn -0.9782 0.1535 -0.1399
vn 0.1013 0.2304 -0.9678
vn 0.9389 0.1809 -0.2926
vn -0.6346 0.1783 0.7520
vn -0.9337 0.1593 -0.3206
vn 0.2578 0.1923 0.9469
vn 0.9767 0.1977 -0.0832
vn 0.3251 0.2322 -0.9168
vn 0.9241 0.2136 0.3170
vn 0.8506 0.2041 0.4846
vn -0.8568 0.1616 -0.4897
vn -0.7482 0.1481 0.6468
vn 0.7324 0.1924 0.6531
vn 0.9687 0.2113 0.1306
vn 0.0420 0.1922 0.9805
vn -0.5800 0.2049 -0.7884
vn -0.4065 0.2232 -0.8860
vn -0.7405 0.1772 -0.6483
vn 0.5389 0.2171 -0.8139
vn -0.8608 0.1288 0.4923
vn -0.1621 0.2011 0.9661
vn 0.6952 0.1928 -0.6925
vn -0.0978 0.4585 -0.8833
vn 0.1018 0.4763 -0.8733
vn 0.7996 0.4056 -0.4428
vn 0.8641 0.4330 -0.2565
vn -0.4655 0.3712 0.8035
vn -0.5876 0.3215 0.7426
vn -0.8999 0.4148 -0.1347
vn -0.8745 0.3920 -0.2855
vn 0.4139 0.4486 0.7921
vn 0.2452 0.4511 0.8581
vn 0.8902 0.4528 -0.0501
vn 0.2991 0.4756 -0.8272
vn 0.8279 0.4662 0.3119
vn 0.7707 0.4519 0.4492
vn -0.8115 0.3640 -0.4572
vn -0.6982 0.3333 0.6336
vn 0.6711 0.4301 0.6039
vn 0.8734 0.4638 0.1484
vn 0.0243 0.4459 0.8948
vn -0.5197 0.4109 -0.7490
vn -0.3778 0.4366 -0.8165
vn -0.6848 0.3648 -0.6309
vn 0.4811 0.4408 -0.7578
vn -0.2536 0.4435 -0.8597
vn -0.7923 0.3766 0.4800
vn -0.1820 0.4364 0.8812
vn 0.6392 0.3834 -0.6667
vn -0.3439 0.4172 0.8412
vn -0.8766 0.4068 0.2570
vn 0.5361 0.4369 0.7223
vn 0.7288 0.3762 -0.5721
vn -0.9073 0.4192 0.0340
vn 0.1099 0.6443 -0.7568
vn 0.2937 0.6248 -0.7235
vn 0.6937 0.6447 0.3211
vn 0.6452 0.6320 0.4293
vn -0.7463 0.6221 -0.2367
vn -0.6936 0.5858 -0.4193
vn -0.5289 0.4908 0.6924
vn -0.5921 0.5568 0.5825
vn 0.5933 0.5987 0.5381
vn 0.7541 0.6563 -0.0242
vn 0.7383 0.6520 0.1725
vn 0.2402 0.6402 0.7297
vn 0.0182 0.6410 0.7674
vn -0.4641 0.5870 -0.6633
vn -0.3408 0.6259 -0.7015
vn -0.6091 0.5267 -0.5929
vn 0.4420 0.5964 -0.6700
vn -0.2384 0.6451 -0.7260
vn -0.6584 0.6126 0.4372
vn -0.1866 0.6199 0.7622
vn 0.5590 0.5510 -0.6196
vn -0.3261 0.5866 0.7413
vn -0.7237 0.6500 0.2319
vn 0.5004 0.6189 0.6054
vn 0.6109 0.5849 -0.5336
vn -0.0891 0.6524 -0.7526
vn -0.7558 0.6544 0.0251
vn -0.4273 0.5458 0.7207
vn 0.6734 0.6239 -0.3967
vn 0.3986 0.6283 0.6681
vn -0.7590 0.6414 -0.1121
vn 0.7278 0.6498 -0.2193
vn 0.5430 0.6873 0.4825
vn 0.4271 0.7165 0.5516
vn 0.2495 0.7550 0.6064
vn 0.0153 0.7683 0.6399
vn -0.1950 0.7393 0.6446
vn -0.3483 0.6979 0.6258
vn -0.4682 0.6593 0.5883
vn 0.5979 0.7142 0.3639
vn 0.4441 0.8044 0.3946
vn 0.2322 0.8881 0.3967
vn 0.0101 0.9134 0.4069
vn -0.1979 0.8764 0.4390
vn -0.3984 0.7991 0.4503
vn -0.5382 0.7230 0.4332
vn 0.6348 0.7447 0.2060
vn 0.4240 0.8814 0.2082
vn 0.1790 0.9685 0.1731
vn 0.0052 0.9868 0.1618
vn -0.1981 0.9588 0.2037
vn -0.4351 0.8689 0.2360
vn -0.5955 0.7683 0.2350
vn 0.6446 0.7644 -0.0119
vn 0.3944 0.9189 0.0002
vn 0.1374 0.9905 0.0045
vn -0.0056 1.0000 0.0033
vn -0.2015 0.9795 0.0053
vn -0.4532 0.8912 0.0164
vn -0.6256 0.7798 0.0254
vn 0.6175 0.7546 -0.2219
vn 0.3817 0.9023 -0.2003
vn 0.1321 0.9790 -0.1550
vn -0.0433 0.9866 -0.1571
vn -0.2247 0.9562 -0.1876
vn -0.4361 0.8836 -0.1703
vn -0.6160 0.7781 -0.1230
vn 0.5636 0.7198 -0.4052
vn 0.3720 0.8323 -0.4110
vn 0.1348 0.9106 -0.3906
vn -0.0942 0.9207 -0.3788
vn -0.2391 0.8943 -0.3782
vn -0.3817 0.8613 -0.3355
vn -0.5744 0.7770 -0.2576
vn 0.4912 0.6668 -0.5605
vn 0.3339 0.7195 -0.6090
vn 0.1201 0.7663 -0.6311
vn -0.1058 0.7848 -0.6107
vn -0.2420 0.7821 -0.5742
vn -0.3349 0.7719 -0.5404
vn -0.5035 0.7240 -0.4716
vn 0.6027 0.1200 0.7889
vn 0.4374 0.1163 0.8917
vn 0.7857 0.1352 -0.6036
vn 0.8886 0.1356 -0.4383
vn -0.3210 0.1028 0.9415
vn -0.4984 0.1005 0.8611
vn -0.9612 0.0978 0.2581
vn -0.9929 0.0989 0.0660
vn -0.2592 0.1204 -0.9583
vn -0.0671 0.1239 -0.9900
vn 0.6526 0.1342 -0.7457
vn 0.7447 0.1236 0.6558
vn -0.8925 0.0973 0.4403
vn -0.1314 0.1057 0.9857
vn 0.4944 0.1325 -0.8591
vn -0.7487 0.1093 -0.6538
vn -0.6067 0.1129 -0.7869
vn 0.0631 0.1090 0.9920
vn -0.7897 0.0977 0.6056
vn 0.9826 0.1322 0.1306
vn 0.9384 0.1298 0.3202
vn -0.4414 0.1166 -0.8897
vn 0.3170 0.1301 -0.9394
vn -0.8621 0.1060 -0.4955
vn 0.2552 0.1125 0.9603
vn 0.9889 0.1340 -0.0640
vn 0.8581 0.1269 0.4976
vn -0.6566 0.0987 0.7477
vn -0.9424 0.1031 -0.3182
vn 0.1274 0.1272 -0.9837
vn 0.9572 0.1352 -0.2561
vn -0.9866 0.1007 -0.1286
vn 0.8935 0.1704 0.4154
vn 0.8995 0.1706 0.4022
vn 0.9103 0.0722 0.4076
vn -0.3478 0.0623 -0.9355
vn -0.3438 0.1608 -0.9252
vn -0.3574 0.1605 -0.9200
vn -0.4176 0.0451 0.9075
vn -0.4166 0.1437 0.8977
vn -0.3577 0.0621 -0.9318
vn -0.4033 0.1439 0.9037
vn 0.3457 0.0579 0.9365
vn 0.3384 0.1564 0.9279
vn -0.4079 0.0452 0.9119
vn 0.3520 0.1567 0.9228
vn 0.4155 0.0752 -0.9065
vn 0.4111 0.1735 -0.8949
vn 0.3557 0.0582 0.9328
vn 0.3979 0.1733 -0.9009
vn -0.9369 0.0410 0.3472
vn -0.9291 0.1397 0.3424
vn 0.4058 0.0750 -0.9109
vn -0.9240 0.1397 0.3560
vn -0.9332 0.0410 0.3571
vn 0.9348 0.0792 -0.3461
vn 0.9237 0.1775 -0.3396
vn 0.9185 0.1775 -0.3532
vn -0.9080 0.0482 -0.4162
vn -0.8990 0.1468 -0.4127
vn 0.9311 0.0792 -0.3561
vn -0.9050 0.1466 -0.3994
vn -0.9124 0.0480 -0.4065
vn 0.9059 0.0721 0.4173
vn 0.4032 0.2456 -0.8816
vn -0.3528 0.2328 -0.9063
vn -0.3995 0.2164 0.8908
vn -0.8875 0.2192 -0.4053
vn 0.9042 0.2495 -0.3467
vn -0.9166 0.2123 0.3388
vn 0.8848 0.2427 0.3977
vn 0.8796 0.2425 0.4093
vn 0.3449 0.2290 0.9103
vn -0.3408 0.2330 -0.9108
vn -0.8928 0.2191 -0.3937
vn -0.4111 0.2162 0.8856
vn 0.3915 0.2454 -0.8868
vn 0.3329 0.2287 0.9148
vn 0.9087 0.2495 -0.3348
vn -0.9121 0.2123 0.3507
vn 0.3568 0.6255 -0.6939
vn -0.7647 0.5981 0.2399
vn -0.2937 0.6018 0.7427
vn 0.7268 0.6233 0.2886
vn 0.6886 0.6219 0.3728
vn 0.7110 0.6283 -0.3157
vn 0.3106 0.6123 0.7270
vn -0.2452 0.6156 -0.7489
vn -0.7478 0.6029 -0.2780
vn -0.3779 0.6007 0.7045
vn 0.2726 0.6244 -0.7320
vn 0.2241 0.6106 0.7596
vn 0.7436 0.6281 -0.2292
vn -0.3317 0.6138 -0.7164
vn -0.7321 0.5979 0.3264
vn -0.7097 0.6043 -0.3622
vn 0.8249 0.5015 0.2607
vn 0.7339 0.4982 0.4617
vn 0.6857 0.7029 0.1891
vn -0.2100 0.4933 -0.8441
vn -0.1491 0.6963 -0.7021
vn -0.4164 0.4891 -0.7664
vn -0.4657 0.4751 0.7466
vn -0.4155 0.6804 0.6037
vn -0.3758 0.6916 -0.6168
vn -0.2647 0.4778 0.8377
vn 0.1932 0.4855 0.8526
vn 0.1253 0.6887 0.7141
vn -0.1948 0.6833 0.7037
vn 0.3996 0.4897 0.7749
vn 0.4489 0.5037 -0.7381
vn 0.3917 0.7046 -0.5917
vn 0.3520 0.6933 0.6288
vn 0.2479 0.5010 -0.8292
vn -0.8567 0.4731 0.2057
vn -0.7199 0.6791 0.1431
vn 0.1711 0.7017 -0.6916
vn -0.7789 0.4726 0.4122
vn -0.6345 0.6786 0.3699
vn 0.8398 0.5057 -0.1972
vn 0.6961 0.7058 -0.1311
vn 0.7621 0.5062 -0.4037
vn -0.7507 0.4806 -0.4532
vn -0.6096 0.6857 -0.3978
vn 0.6108 0.7063 -0.3578
vn -0.8418 0.4773 -0.2522
vn -0.7095 0.6821 -0.1771
vn 0.5858 0.6993 0.4098
vn 0.0249 0.9861 0.1645
vn -0.0064 0.9855 0.1697
vn -0.0380 0.9849 0.1686
vn -0.1122 0.6199 0.7766
vn 0.0545 0.9867 0.1534
vn 0.3333 0.6282 0.7030
vn 0.1167 -0.9740 0.1942
vn 0.1543 -0.9731 0.1708
vn 0.0813 0.9873 0.1367
vn 0.4628 0.6312 0.6225
vn 0.1867 -0.9723 0.1406
vn 0.1044 0.9879 0.1150
vn 0.5740 0.6340 0.5183
vn 0.2125 -0.9716 0.1045
vn 0.1229 0.9884 0.0893
vn 0.6628 0.6366 0.3943
vn 0.2307 -0.9709 0.0642
vn 0.1359 0.9889 0.0605
vn 0.7257 0.6389 0.2554
vn 0.2408 -0.9703 0.0210
vn 0.1431 0.9893 0.0296
vn 0.7603 0.6407 0.1069
vn 0.2422 -0.9699 -0.0232
vn 0.1441 0.9896 -0.0020
vn 0.7652 0.6421 -0.0454
vn 0.2350 -0.9697 -0.0670
vn 0.1390 0.9897 -0.0332
vn 0.7404 0.6430 -0.1959
vn 0.2194 -0.9696 -0.1084
vn 0.1278 0.9898 -0.0628
vn 0.6866 0.6433 -0.3386
vn 0.1960 -0.9697 -0.1461
vn 0.1111 0.9897 -0.0897
vn 0.6061 0.6431 -0.4681
vn 0.1657 -0.9699 -0.1784
vn 0.0895 0.9896 -0.1128
vn 0.5019 0.6423 -0.5793
vn 0.1297 -0.9703 -0.2042
vn 0.0637 0.9893 -0.1313
vn 0.3779 0.6409 -0.6681
vn 0.0893 -0.9708 -0.2225
vn 0.0349 0.9889 -0.1443
vn 0.2390 0.6391 -0.7311
vn 0.0462 -0.9715 -0.2325
vn 0.0041 0.9884 -0.1515
vn 0.0906 0.6368 -0.7657
vn 0.0019 -0.9722 -0.2340
vn -0.0275 0.9879 -0.1525
vn -0.0618 0.6342 -0.7707
vn -0.0418 -0.9730 -0.2268
vn -0.0588 0.9873 -0.1474
vn -0.2122 0.6314 -0.7458
vn -0.0833 -0.9739 -0.2112
vn -0.0884 0.9867 -0.1362
vn -0.3549 0.6285 -0.6921
vn -0.1209 -0.9747 -0.1878
vn -0.1152 0.9861 -0.1195
vn -0.4843 0.6256 -0.6116
vn -0.1532 -0.9756 -0.1575
vn -0.1383 0.9855 -0.0979
vn -0.5956 0.6228 -0.5073
vn -0.1790 -0.9763 -0.1215
vn -0.1568 0.9850 -0.0722
vn -0.6844 0.6202 -0.3834
vn -0.1973 -0.9770 -0.0811
vn -0.1698 0.9845 -0.0433
vn -0.7473 0.6179 -0.2445
vn -0.2073 -0.9775 -0.0379
vn -0.1770 0.9841 -0.0125
vn -0.7819 0.6160 -0.0960
vn -0.2088 -0.9779 0.0063
vn -0.1780 0.9838 0.0191
vn -0.7868 0.6146 0.0564
vn -0.2016 -0.9782 0.0501
vn -0.1729 0.9837 0.0504
vn -0.7620 0.6137 0.2068
vn -0.1859 -0.9783 0.0915
vn -0.1617 0.9836 0.0800
vn -0.7082 0.6134 0.3495
vn -0.1625 -0.9782 0.1291
vn -0.1450 0.9836 0.1069
vn -0.6277 0.6137 0.4790
vn -0.1322 -0.9780 0.1615
vn -0.1234 0.9838 0.1300
vn -0.5235 0.6145 0.5902
vn -0.0962 -0.9776 0.1873
vn -0.0976 0.9841 0.1484
vn -0.3995 0.6159 0.6791
vn -0.0559 -0.9770 0.2056
vn -0.0688 0.9845 0.1615
vn -0.2606 0.6177 0.7420
vn -0.0127 -0.9764 0.2156
vn 0.0316 -0.9756 0.2171
vn 0.0753 -0.9748 0.2099
vn 0.2582 0.0313 0.9656
vn 0.0649 0.0278 0.9975
vn 0.4415 0.0351 0.8966
vn 0.6078 0.0389 0.7931
vn 0.7508 0.0425 0.6592
vn 0.8648 0.0458 0.4999
vn 0.9457 0.0488 0.3215
vn 0.9901 0.0512 0.1307
vn 0.9965 0.0530 -0.0651
vn 0.9645 0.0541 -0.2584
vn 0.8955 0.0545 -0.4417
vn 0.7920 0.0542 -0.6081
vn 0.6581 0.0531 -0.7511
vn 0.4988 0.0514 -0.8652
vn 0.3204 0.0490 -0.9460
vn 0.1296 0.0461 -0.9905
vn -0.0661 0.0428 -0.9969
vn -0.2594 0.0392 -0.9650
vn -0.4427 0.0355 -0.8960
vn -0.6090 0.0317 -0.7925
vn -0.7520 0.0281 -0.6586
vn -0.8661 0.0248 -0.4993
vn -0.9469 0.0218 -0.3209
vn -0.9913 0.0194 -0.1301
vn -0.9977 0.0176 0.0657
vn -0.9657 0.0165 0.2590
vn -0.8967 0.0161 0.4423
vn -0.7932 0.0164 0.6087
vn -0.6593 0.0174 0.7517
vn -0.5001 0.0192 0.8658
vn -0.3216 0.0216 0.9466
vn -0.1308 0.0244 0.9911
vn -0.9657 -0.0188 0.2588
vn 0.6591 0.0179 -0.7518
vn 0.1303 0.0109 -0.9914
vn 0.0595 -0.6911 0.7203
vn 0.2003 -0.6884 0.6971
vn 0.3338 -0.6857 0.6468
vn 0.4549 -0.6830 0.5715
vn 0.5590 -0.6803 0.4739
vn 0.6421 -0.6779 0.3580
vn 0.7010 -0.6758 0.2280
vn 0.7333 -0.6740 0.0890
vn 0.7380 -0.6727 -0.0536
vn 0.7147 -0.6719 -0.1944
vn 0.6644 -0.6716 -0.3279
vn 0.5891 -0.6718 -0.4491
vn 0.4915 -0.6726 -0.5532
vn 0.3755 -0.6738 -0.6363
vn 0.2456 -0.6756 -0.6952
vn 0.1066 -0.6777 -0.7276
vn -0.0360 -0.6801 -0.7323
vn -0.1767 -0.6827 -0.7090
vn -0.3102 -0.6854 -0.6587
vn -0.4314 -0.6882 -0.5834
vn -0.5355 -0.6908 -0.4858
vn -0.6186 -0.6932 -0.3699
vn -0.6774 -0.6954 -0.2399
vn -0.7098 -0.6971 -0.1009
vn -0.7144 -0.6985 0.0417
vn -0.6912 -0.6993 0.1825
vn -0.6409 -0.6996 0.3160
vn -0.5655 -0.6993 0.4372
vn -0.4680 -0.6986 0.5413
vn -0.3520 -0.6973 0.6244
vn -0.2220 -0.6956 0.6833
vn -0.0831 -0.6935 0.7157
vt 0.774865 0.692729
vt 0.775306 0.692729
vt 0.775306 0.684484
vt 0.774865 0.684586
vt 0.781220 0.772252
vt 0.781661 0.772451
vt 0.781661 0.779758
vt 0.781220 0.779468
vt 0.774865 0.700873
vt 0.775306 0.700974
vt 0.781220 0.764421
vt 0.781661 0.764523
vt 0.774865 0.708703
vt 0.775306 0.708903
vt 0.781220 0.756278
vt 0.781661 0.756278
vt 0.774865 0.715919
vt 0.775306 0.716209
vt 0.781220 0.748135
vt 0.781661 0.748033
vt 0.516204 0.026177
vt 0.515955 0.025808
vt 0.512405 0.032212
vt 0.512698 0.032502
vt 0.781220 0.740304
vt 0.781661 0.740105
vt 0.520475 0.020986
vt 0.520280 0.020552
vt 0.781220 0.733088
vt 0.781661 0.732798
vt 0.050411 0.764308
vt 0.050852 0.764508
vt 0.050852 0.771814
vt 0.050411 0.771524
vt 0.556069 0.085208
vt 0.556318 0.085577
vt 0.559868 0.079172
vt 0.559575 0.078882
vt 0.050411 0.756478
vt 0.050852 0.756579
vt 0.776454 0.610116
vt 0.776895 0.610116
vt 0.776895 0.601871
vt 0.776454 0.601973
vt 0.551797 0.090399
vt 0.551993 0.090833
vt 0.050411 0.748334
vt 0.050852 0.748334
vt 0.776454 0.633306
vt 0.776895 0.633596
vt 0.776895 0.626289
vt 0.776454 0.626090
vt 0.776454 0.594142
vt 0.776895 0.593943
vt 0.776895 0.586636
vt 0.776454 0.586926
vt 0.050411 0.740191
vt 0.050852 0.740089
vt 0.516204 0.085208
vt 0.515955 0.085577
vt 0.520280 0.090833
vt 0.520475 0.090399
vt 0.050411 0.732361
vt 0.050852 0.732161
vt 0.512698 0.078882
vt 0.512405 0.079172
vt 0.050411 0.725144
vt 0.050852 0.724855
vt 0.774865 0.676756
vt 0.775306 0.676556
vt 0.775306 0.669249
vt 0.774865 0.669539
vt 0.093348 0.102780
vt 0.095356 0.095600
vt 0.089231 0.092849
vt 0.087703 0.098312
vt 0.556069 0.026177
vt 0.556318 0.025808
vt 0.551993 0.020552
vt 0.551797 0.020986
vt 0.559575 0.032502
vt 0.559868 0.032212
vt 0.046125 0.065404
vt 0.044116 0.072584
vt 0.050241 0.075336
vt 0.051770 0.069872
vt 0.082357 0.119055
vt 0.086721 0.114737
vt 0.082660 0.107411
vt 0.079339 0.110696
vt 0.096380 0.087978
vt 0.096380 0.080207
vt 0.090010 0.081136
vt 0.090010 0.087049
vt 0.049041 0.058942
vt 0.053988 0.064955
vt 0.077508 0.122029
vt 0.075650 0.112959
vt 0.052752 0.053447
vt 0.056812 0.060774
vt 0.072360 0.123545
vt 0.071733 0.114113
vt 0.057116 0.049129
vt 0.060133 0.057488
vt 0.067112 0.123545
vt 0.067739 0.114113
vt 0.776895 0.618361
vt 0.776454 0.618259
vt 0.061964 0.046155
vt 0.063823 0.055225
vt 0.061964 0.122029
vt 0.063822 0.112959
vt 0.067112 0.044639
vt 0.067739 0.054072
vt 0.057116 0.119055
vt 0.060133 0.110696
vt 0.072360 0.044639
vt 0.071733 0.054072
vt 0.052752 0.114737
vt 0.056812 0.107411
vt 0.077508 0.046155
vt 0.075650 0.055225
vt 0.049040 0.109242
vt 0.053988 0.103229
vt 0.082357 0.049130
vt 0.079340 0.057488
vt 0.046125 0.102780
vt 0.051770 0.098312
vt 0.086721 0.053447
vt 0.082660 0.060774
vt 0.044116 0.095600
vt 0.050241 0.092849
vt 0.090432 0.058943
vt 0.085484 0.064955
vt 0.043092 0.087978
vt 0.049462 0.087049
vt 0.093348 0.065404
vt 0.087703 0.069872
vt 0.043092 0.080206
vt 0.049462 0.081135
vt 0.095356 0.072584
vt 0.089231 0.075336
vt 0.776163 0.801646
vt 0.776882 0.801646
vt 0.776882 0.793527
vt 0.776163 0.793527
vt 0.547059 0.016647
vt 0.547626 0.014620
vt 0.541994 0.012090
vt 0.541705 0.014242
vt 0.511173 0.080391
vt 0.514907 0.087128
vt 0.778408 0.610116
vt 0.778408 0.601443
vt 0.552816 0.018728
vt 0.509768 0.071866
vt 0.508399 0.072705
vt 0.557366 0.024257
vt 0.508143 0.063937
vt 0.506690 0.064365
vt 0.561100 0.030994
vt 0.776820 0.692729
vt 0.776820 0.684056
vt 0.562505 0.039519
vt 0.563874 0.038680
vt 0.776820 0.701402
vt 0.564129 0.047447
vt 0.565582 0.047019
vt 0.509768 0.039519
vt 0.508399 0.038680
vt 0.506690 0.047019
vt 0.508143 0.047447
vt 0.783174 0.756278
vt 0.783174 0.764951
vt 0.511173 0.030994
vt 0.783174 0.747605
vt 0.514907 0.024257
vt 0.562505 0.071866
vt 0.563874 0.072705
vt 0.565582 0.064365
vt 0.564129 0.063937
vt 0.519457 0.018728
vt 0.561100 0.080391
vt 0.525214 0.016647
vt 0.524647 0.014620
vt 0.778408 0.618789
vt 0.557366 0.087128
vt 0.530568 0.014242
vt 0.530279 0.012090
vt 0.525214 0.094738
vt 0.524647 0.096765
vt 0.530279 0.099295
vt 0.530568 0.097143
vt 0.552816 0.092657
vt 0.052366 0.748334
vt 0.052366 0.757007
vt 0.519457 0.092657
vt 0.547059 0.094738
vt 0.547626 0.096765
vt 0.052366 0.739661
vt 0.541705 0.097143
vt 0.541994 0.099295
vt 0.783174 0.780977
vt 0.785007 0.781204
vt 0.785007 0.788003
vt 0.783174 0.787713
vt 0.778652 0.692729
vt 0.778652 0.683977
vt 0.783174 0.773291
vt 0.785007 0.773447
vt 0.778652 0.701482
vt 0.785007 0.765031
vt 0.776820 0.709742
vt 0.778652 0.709899
vt 0.785007 0.756278
vt 0.776820 0.717428
vt 0.778652 0.717655
vt 0.785007 0.747525
vt 0.776820 0.724165
vt 0.778652 0.724454
vt 0.783174 0.739265
vt 0.785007 0.739109
vt 0.052366 0.773033
vt 0.054198 0.773260
vt 0.054198 0.780059
vt 0.052366 0.779770
vt 0.783174 0.731579
vt 0.785007 0.731352
vt 0.052366 0.765347
vt 0.054198 0.765504
vt 0.780241 0.618869
vt 0.780241 0.610116
vt 0.783174 0.724842
vt 0.785007 0.724553
vt 0.054198 0.757087
vt 0.778408 0.627129
vt 0.780241 0.627285
vt 0.778408 0.585417
vt 0.780241 0.585190
vt 0.780241 0.578391
vt 0.778408 0.578681
vt 0.054198 0.748334
vt 0.778408 0.634815
vt 0.780241 0.635042
vt 0.778408 0.593103
vt 0.780241 0.592947
vt 0.054198 0.739582
vt 0.778408 0.641552
vt 0.780241 0.641841
vt 0.780241 0.601363
vt 0.052366 0.731322
vt 0.054198 0.731165
vt 0.776820 0.668031
vt 0.778652 0.667803
vt 0.778652 0.661005
vt 0.776820 0.661294
vt 0.052366 0.723636
vt 0.054198 0.723409
vt 0.776820 0.675717
vt 0.778652 0.675560
vt 0.052366 0.716899
vt 0.054198 0.716610
vt 0.786414 0.756278
vt 0.786414 0.764648
vt 0.393080 0.499614
vt 0.394116 0.500837
vt 0.391025 0.507894
vt 0.389849 0.506993
vt 0.786414 0.747908
vt 0.397222 0.493310
vt 0.398077 0.494809
vt 0.786414 0.739859
vt 0.402115 0.488324
vt 0.402756 0.490041
vt 0.440446 0.555582
vt 0.439411 0.554358
vt 0.442501 0.547302
vt 0.443678 0.548203
vt 0.407571 0.484847
vt 0.407973 0.486716
vt 0.781648 0.618486
vt 0.781648 0.610116
vt 0.436304 0.561886
vt 0.435450 0.560386
vt 0.055605 0.756705
vt 0.055605 0.764753
vt 0.781648 0.626535
vt 0.431411 0.566872
vt 0.430771 0.565155
vt 0.055605 0.748334
vt 0.397865 0.562666
vt 0.398691 0.561133
vt 0.403457 0.565709
vt 0.402848 0.567452
vt 0.425956 0.570349
vt 0.425554 0.568479
vt 0.055605 0.739964
vt 0.393608 0.556533
vt 0.394620 0.555268
vt 0.781648 0.601746
vt 0.781648 0.593698
vt 0.055605 0.731916
vt 0.390240 0.549288
vt 0.391400 0.548339
vt 0.435662 0.492529
vt 0.434836 0.494062
vt 0.430070 0.489486
vt 0.430679 0.487744
vt 0.387892 0.541209
vt 0.389155 0.540614
vt 0.439919 0.498662
vt 0.438907 0.499927
vt 0.780059 0.684359
vt 0.780059 0.676311
vt 0.443286 0.505908
vt 0.442127 0.506856
vt 0.780059 0.692729
vt 0.445635 0.513986
vt 0.444372 0.514581
vt 0.780059 0.701099
vt 0.786414 0.772696
vt 0.780059 0.709148
vt 0.437943 0.552623
vt 0.440833 0.546024
vt 0.408543 0.489366
vt 0.403664 0.492476
vt 0.408734 0.568821
vt 0.409254 0.566149
vt 0.414478 0.567577
vt 0.414319 0.570349
vt 0.434239 0.558261
vt 0.413528 0.484962
vt 0.413738 0.487726
vt 0.404319 0.563239
vt 0.429863 0.562720
vt 0.419208 0.484847
vt 0.419049 0.487618
vt 0.399863 0.558959
vt 0.424984 0.565829
vt 0.424793 0.486374
vt 0.424273 0.489047
vt 0.396056 0.553474
vt 0.419999 0.570233
vt 0.419789 0.567469
vt 0.429207 0.491957
vt 0.393044 0.546995
vt 0.433664 0.496236
vt 0.390944 0.539770
vt 0.437471 0.501721
vt 0.387970 0.532388
vt 0.389837 0.532078
vt 0.440483 0.508201
vt 0.387892 0.523978
vt 0.389764 0.524213
vt 0.442582 0.515425
vt 0.388924 0.515708
vt 0.390729 0.516478
vt 0.445557 0.522807
vt 0.443690 0.523118
vt 0.392694 0.509171
vt 0.445635 0.531217
vt 0.443763 0.530982
vt 0.395584 0.502572
vt 0.444603 0.539488
vt 0.442798 0.538717
vt 0.399288 0.496935
vt 0.436935 0.502391
vt 0.433227 0.497048
vt 0.390534 0.531962
vt 0.391613 0.539455
vt 0.439869 0.508703
vt 0.390463 0.524301
vt 0.441914 0.515740
vt 0.391402 0.516766
vt 0.442993 0.523234
vt 0.393317 0.509648
vt 0.443064 0.530895
vt 0.396132 0.503220
vt 0.442124 0.538429
vt 0.399740 0.497728
vt 0.440210 0.545547
vt 0.404003 0.493384
vt 0.437395 0.551976
vt 0.408756 0.490356
vt 0.409449 0.565151
vt 0.414537 0.566543
vt 0.433786 0.557467
vt 0.413816 0.488758
vt 0.404641 0.562316
vt 0.429524 0.561811
vt 0.418990 0.488653
vt 0.400300 0.558147
vt 0.424771 0.564840
vt 0.424078 0.490044
vt 0.396591 0.552804
vt 0.419711 0.566437
vt 0.428885 0.492879
vt 0.393658 0.546493
vt 0.809801 0.624263
vt 0.809801 0.616931
vt 0.810417 0.617001
vt 0.810417 0.624400
vt 0.663639 0.802811
vt 0.663639 0.810143
vt 0.664255 0.810280
vt 0.664255 0.802880
vt 0.809801 0.609306
vt 0.810417 0.609306
vt 0.663639 0.816900
vt 0.664255 0.817099
vt 0.809801 0.601681
vt 0.810417 0.601611
vt 0.663639 0.822822
vt 0.664255 0.823076
vt 0.809801 0.594349
vt 0.810417 0.594212
vt 0.812978 0.227054
vt 0.812978 0.221132
vt 0.813595 0.221330
vt 0.813595 0.227307
vt 0.809801 0.587592
vt 0.810417 0.587393
vt 0.812978 0.214374
vt 0.813595 0.214511
vt 0.814567 0.674443
vt 0.814567 0.682068
vt 0.815183 0.682138
vt 0.815183 0.674443
vt 0.809801 0.581669
vt 0.810417 0.581416
vt 0.812978 0.207043
vt 0.813595 0.207112
vt 0.814567 0.689400
vt 0.815183 0.689537
vt 0.814567 0.646807
vt 0.814567 0.652729
vt 0.815183 0.652530
vt 0.815183 0.646554
vt 0.812978 0.199418
vt 0.813595 0.199418
vt 0.814567 0.696157
vt 0.815183 0.696356
vt 0.814567 0.659487
vt 0.815183 0.659350
vt 0.812978 0.191793
vt 0.813595 0.191723
vt 0.814567 0.702080
vt 0.815183 0.702333
vt 0.814567 0.666818
vt 0.815183 0.666749
vt 0.812978 0.184461
vt 0.813595 0.184324
vt 0.663639 0.767549
vt 0.663639 0.773472
vt 0.664255 0.773273
vt 0.664255 0.767296
vt 0.812978 0.177704
vt 0.813595 0.177505
vt 0.663639 0.780229
vt 0.664255 0.780092
vt 0.812978 0.171781
vt 0.813595 0.171528
vt 0.663639 0.787561
vt 0.664255 0.787491
vt 0.809801 0.636943
vt 0.809801 0.631020
vt 0.810417 0.631219
vt 0.810417 0.637196
vt 0.663639 0.795186
vt 0.664255 0.795186
vt 0.811706 0.593900
vt 0.811706 0.601452
vt 0.814884 0.221784
vt 0.814884 0.227885
vt 0.811706 0.586939
vt 0.814884 0.214824
vt 0.816472 0.682298
vt 0.816472 0.674443
vt 0.811706 0.580839
vt 0.814884 0.207272
vt 0.816472 0.689850
vt 0.816472 0.652077
vt 0.816472 0.645976
vt 0.814884 0.199418
vt 0.816472 0.696810
vt 0.816472 0.659037
vt 0.814884 0.191563
vt 0.816472 0.702911
vt 0.816472 0.666589
vt 0.814884 0.184011
vt 0.665545 0.772819
vt 0.665545 0.766718
vt 0.814884 0.177051
vt 0.665545 0.779779
vt 0.814884 0.170950
vt 0.665545 0.787332
vt 0.811706 0.631673
vt 0.811706 0.637774
vt 0.665545 0.795186
vt 0.811706 0.624713
vt 0.665545 0.803040
vt 0.811706 0.617160
vt 0.665545 0.810592
vt 0.811706 0.609306
vt 0.665545 0.817553
vt 0.665545 0.823653
vt 0.819219 0.690305
vt 0.819219 0.682529
vt 0.819219 0.651417
vt 0.819219 0.645136
vt 0.817630 0.199418
vt 0.817630 0.207504
vt 0.819219 0.697470
vt 0.819219 0.658582
vt 0.817630 0.191332
vt 0.819219 0.703751
vt 0.819219 0.666357
vt 0.817630 0.183556
vt 0.668291 0.772159
vt 0.668291 0.765878
vt 0.819219 0.674443
vt 0.817630 0.176391
vt 0.668291 0.779325
vt 0.817630 0.170110
vt 0.668291 0.787100
vt 0.814453 0.632333
vt 0.814453 0.638614
vt 0.668291 0.795186
vt 0.814453 0.625167
vt 0.668291 0.803272
vt 0.814453 0.617392
vt 0.668291 0.811047
vt 0.814453 0.609306
vt 0.668291 0.818213
vt 0.814453 0.601220
vt 0.668291 0.824493
vt 0.814453 0.593445
vt 0.817630 0.222444
vt 0.817630 0.228725
vt 0.814453 0.586279
vt 0.817630 0.215279
vt 0.814453 0.579998
vt 0.671093 0.772120
vt 0.671093 0.765828
vt 0.822021 0.674443
vt 0.822021 0.666344
vt 0.820432 0.176352
vt 0.820432 0.183529
vt 0.671093 0.779298
vt 0.820432 0.170060
vt 0.671093 0.787086
vt 0.817255 0.632372
vt 0.817255 0.638663
vt 0.671093 0.795186
vt 0.817255 0.625194
vt 0.671093 0.803285
vt 0.817255 0.617406
vt 0.671093 0.811074
vt 0.817255 0.609306
vt 0.671093 0.818252
vt 0.817255 0.601206
vt 0.671093 0.824543
vt 0.817255 0.593418
vt 0.820432 0.222484
vt 0.820432 0.228775
vt 0.817255 0.586240
vt 0.820432 0.215306
vt 0.822021 0.682543
vt 0.817255 0.579949
vt 0.820432 0.207517
vt 0.822021 0.690331
vt 0.822021 0.651377
vt 0.822021 0.645086
vt 0.820432 0.199418
vt 0.822021 0.697509
vt 0.822021 0.658555
vt 0.820432 0.191318
vt 0.822021 0.703801
vt 0.673615 0.795186
vt 0.673615 0.787548
vt 0.819777 0.624289
vt 0.819777 0.631058
vt 0.673615 0.802824
vt 0.819777 0.616944
vt 0.673615 0.810168
vt 0.819777 0.609306
vt 0.673615 0.816937
vt 0.819777 0.601668
vt 0.673615 0.822870
vt 0.819777 0.594323
vt 0.822954 0.221169
vt 0.822954 0.227102
vt 0.819777 0.587555
vt 0.822954 0.214400
vt 0.824543 0.682081
vt 0.824543 0.674443
vt 0.819777 0.581622
vt 0.822954 0.207056
vt 0.824543 0.689426
vt 0.824543 0.652692
vt 0.824543 0.646759
vt 0.822954 0.199418
vt 0.824543 0.696195
vt 0.824543 0.659461
vt 0.822954 0.191779
vt 0.824543 0.702128
vt 0.824543 0.666805
vt 0.822954 0.184435
vt 0.673615 0.773434
vt 0.673615 0.767501
vt 0.822954 0.177666
vt 0.673615 0.780203
vt 0.822954 0.171733
vt 0.819777 0.636990
vt 0.475452 0.287387
vt 0.480241 0.290324
vt 0.479042 0.293647
vt 0.474714 0.290993
vt 0.470369 0.363816
vt 0.465186 0.363816
vt 0.465435 0.360066
vt 0.470119 0.360066
vt 0.484551 0.294588
vt 0.482936 0.297501
vt 0.460102 0.362318
vt 0.460841 0.358713
vt 0.488216 0.300015
vt 0.486249 0.302406
vt 0.455313 0.359381
vt 0.456513 0.356058
vt 0.491095 0.306397
vt 0.488851 0.308173
vt 0.441464 0.328690
vt 0.441464 0.321015
vt 0.443997 0.321384
vt 0.443997 0.328321
vt 0.451004 0.355117
vt 0.452618 0.352205
vt 0.493079 0.313488
vt 0.490644 0.314581
vt 0.442475 0.313488
vt 0.444910 0.314581
vt 0.447339 0.349690
vt 0.449306 0.347300
vt 0.494090 0.321015
vt 0.491558 0.321384
vt 0.444459 0.306397
vt 0.446703 0.308173
vt 0.444459 0.343309
vt 0.446703 0.341532
vt 0.494090 0.328690
vt 0.491558 0.328321
vt 0.447339 0.300015
vt 0.449306 0.302406
vt 0.442475 0.336218
vt 0.444910 0.335124
vt 0.493079 0.336218
vt 0.490644 0.335124
vt 0.451004 0.294588
vt 0.452618 0.297501
vt 0.491096 0.343309
vt 0.488851 0.341532
vt 0.455313 0.290324
vt 0.456513 0.293647
vt 0.488216 0.349690
vt 0.486249 0.347300
vt 0.460102 0.287387
vt 0.460841 0.290993
vt 0.484551 0.355117
vt 0.482936 0.352205
vt 0.465186 0.285890
vt 0.465435 0.289640
vt 0.480241 0.359381
vt 0.479042 0.356058
vt 0.470369 0.285890
vt 0.470119 0.289640
vt 0.475452 0.362318
vt 0.474714 0.358713
vt 0.486691 0.310144
vt 0.484357 0.304972
vt 0.446469 0.321990
vt 0.446469 0.328210
vt 0.454200 0.349627
vt 0.457693 0.353083
vt 0.488299 0.315890
vt 0.447289 0.315890
vt 0.451230 0.345229
vt 0.489118 0.321990
vt 0.448896 0.310144
vt 0.448896 0.340057
vt 0.489118 0.328210
vt 0.451230 0.304972
vt 0.447289 0.334311
vt 0.488299 0.334311
vt 0.454200 0.300574
vt 0.486691 0.340057
vt 0.457693 0.297118
vt 0.484358 0.345229
vt 0.461574 0.294738
vt 0.481387 0.349627
vt 0.465693 0.293524
vt 0.477895 0.353083
vt 0.469894 0.293524
vt 0.474014 0.355463
vt 0.474014 0.294738
vt 0.589516 0.890035
vt 0.589516 0.883132
vt 0.591870 0.883132
vt 0.591870 0.889322
vt 0.477895 0.297118
vt 0.589516 0.876229
vt 0.591870 0.876942
vt 0.481387 0.300574
vt 0.461574 0.355463
vt 0.465693 0.356677
vt 0.901669 0.886309
vt 0.901669 0.880119
vt 0.903799 0.880601
vt 0.903799 0.886392
vt 0.901669 0.835622
vt 0.901669 0.840430
vt 0.903799 0.839067
vt 0.903799 0.834569
vt 0.901669 0.805852
vt 0.901669 0.811804
vt 0.903799 0.812286
vt 0.903799 0.806718
vt 0.901669 0.874167
vt 0.903799 0.875033
vt 0.901669 0.744720
vt 0.901669 0.749528
vt 0.903799 0.750664
vt 0.903799 0.746166
vt 0.901669 0.817994
vt 0.903799 0.818077
vt 0.901669 0.868681
vt 0.903799 0.869901
vt 0.901669 0.755013
vt 0.903799 0.755796
vt 0.901669 0.863873
vt 0.903799 0.865403
vt 0.901669 0.760966
vt 0.903799 0.761365
vt 0.591870 0.905567
vt 0.591870 0.900759
vt 0.594000 0.899623
vt 0.594000 0.904121
vt 0.901669 0.767156
vt 0.903799 0.767156
vt 0.591870 0.895274
vt 0.594000 0.894491
vt 0.901669 0.773346
vt 0.903799 0.772946
vt 0.594000 0.888923
vt 0.901669 0.779298
vt 0.903799 0.778515
vt 0.594000 0.883132
vt 0.901669 0.784783
vt 0.903799 0.783647
vt 0.594000 0.877341
vt 0.901669 0.789591
vt 0.903799 0.788145
vt 0.591870 0.870989
vt 0.594000 0.871772
vt 0.901669 0.908745
vt 0.901669 0.903937
vt 0.903799 0.902883
vt 0.903799 0.907382
vt 0.591870 0.865504
vt 0.594000 0.866640
vt 0.901669 0.898451
vt 0.903799 0.897752
vt 0.901669 0.824184
vt 0.903799 0.823868
vt 0.591870 0.860696
vt 0.594000 0.862142
vt 0.901669 0.892499
vt 0.903799 0.892183
vt 0.901669 0.830137
vt 0.903799 0.829437
vt 0.901669 0.795559
vt 0.901669 0.800367
vt 0.903799 0.801586
vt 0.903799 0.797088
vt 0.596740 0.862372
vt 0.596740 0.866821
vt 0.906540 0.892120
vt 0.906540 0.897627
vt 0.906540 0.829312
vt 0.906540 0.823805
vt 0.906540 0.801767
vt 0.906540 0.797318
vt 0.906540 0.886392
vt 0.906540 0.834388
vt 0.906540 0.806843
vt 0.906540 0.880665
vt 0.906540 0.838837
vt 0.906540 0.812350
vt 0.906540 0.875157
vt 0.906540 0.750845
vt 0.906540 0.746396
vt 0.906540 0.818077
vt 0.906540 0.870082
vt 0.906540 0.755921
vt 0.907156 0.755705
vt 0.907156 0.750532
vt 0.906540 0.865633
vt 0.906540 0.761428
vt 0.596740 0.899442
vt 0.596740 0.903891
vt 0.906540 0.767156
vt 0.596740 0.894366
vt 0.906540 0.772883
vt 0.596740 0.888859
vt 0.906540 0.778390
vt 0.596740 0.883132
vt 0.906540 0.783466
vt 0.596740 0.877404
vt 0.906540 0.787915
vt 0.596740 0.871897
vt 0.906540 0.902703
vt 0.906540 0.907151
vt 0.907156 0.818077
vt 0.907156 0.812240
vt 0.597357 0.899755
vt 0.597357 0.904289
vt 0.907156 0.897843
vt 0.907156 0.903016
vt 0.907156 0.745998
vt 0.907156 0.761318
vt 0.597357 0.866508
vt 0.597357 0.871681
vt 0.907156 0.874942
vt 0.907156 0.880555
vt 0.907156 0.865234
vt 0.907156 0.869769
vt 0.907156 0.907550
vt 0.907156 0.806627
vt 0.597357 0.877294
vt 0.907156 0.839235
vt 0.907156 0.834701
vt 0.907156 0.788313
vt 0.907156 0.783779
vt 0.907156 0.886392
vt 0.597357 0.883132
vt 0.907156 0.801454
vt 0.907156 0.778606
vt 0.907156 0.829528
vt 0.597357 0.888969
vt 0.907156 0.892229
vt 0.907156 0.772993
vt 0.907156 0.796920
vt 0.597357 0.894582
vt 0.907156 0.823915
vt 0.907156 0.767156
vt 0.731906 0.406030
vt 0.732679 0.411783
vt 0.733986 0.411592
vt 0.733163 0.405465
vt 0.597357 0.861974
vt 0.714550 0.384938
vt 0.718435 0.386083
vt 0.718817 0.384221
vt 0.714679 0.383003
vt 0.699750 0.437845
vt 0.696949 0.433698
vt 0.695934 0.434932
vt 0.698917 0.439349
vt 0.722095 0.441104
vt 0.718435 0.443349
vt 0.718817 0.445210
vt 0.722714 0.442820
vt 0.692460 0.411783
vt 0.693233 0.406030
vt 0.691976 0.405465
vt 0.691153 0.411592
vt 0.710589 0.384938
vt 0.710460 0.383003
vt 0.730390 0.400611
vt 0.731549 0.399694
vt 0.699750 0.391586
vt 0.703044 0.388327
vt 0.702425 0.386612
vt 0.698917 0.390083
vt 0.725389 0.437845
vt 0.726222 0.439349
vt 0.703044 0.441104
vt 0.702425 0.442820
vt 0.696949 0.395734
vt 0.695934 0.394500
vt 0.706704 0.386083
vt 0.706322 0.384221
vt 0.692460 0.417649
vt 0.691153 0.417839
vt 0.731906 0.423402
vt 0.730390 0.428821
vt 0.731549 0.429738
vt 0.733163 0.423966
vt 0.728190 0.433698
vt 0.729205 0.434932
vt 0.728190 0.395734
vt 0.729205 0.394500
vt 0.732679 0.417649
vt 0.733986 0.417839
vt 0.706704 0.443349
vt 0.706322 0.445210
vt 0.693233 0.423402
vt 0.691976 0.423966
vt 0.725389 0.391586
vt 0.726222 0.390083
vt 0.694748 0.428821
vt 0.693590 0.429738
vt 0.710589 0.444493
vt 0.710460 0.446429
vt 0.694748 0.400611
vt 0.693590 0.399694
vt 0.722095 0.388327
vt 0.722714 0.386612
vt 0.714550 0.444493
vt 0.714679 0.446429
vt 0.692936 0.430256
vt 0.695360 0.435629
vt 0.723064 0.385643
vt 0.719032 0.383170
vt 0.692936 0.399176
vt 0.691265 0.405146
vt 0.702052 0.032157
vt 0.702052 0.025940
vt 0.702870 0.025940
vt 0.702870 0.032371
vt 0.709996 0.032157
vt 0.709996 0.025940
vt 0.710814 0.025940
vt 0.710814 0.032371
vt 0.708407 0.200561
vt 0.708407 0.206539
vt 0.709225 0.206959
vt 0.709225 0.200775
vt 0.698446 0.440198
vt 0.702052 0.038135
vt 0.702870 0.038555
vt 0.709996 0.419803
vt 0.709996 0.425781
vt 0.710814 0.426202
vt 0.710814 0.420018
vt 0.708407 0.194344
vt 0.709225 0.194344
vt 0.709996 0.038135
vt 0.710814 0.038555
vt 0.702075 0.385643
vt 0.698446 0.389233
vt 0.723064 0.443789
vt 0.726693 0.440198
vt 0.702075 0.443789
vt 0.695360 0.393803
vt 0.708407 0.188127
vt 0.709225 0.187913
vt 0.709996 0.413587
vt 0.710814 0.413587
vt 0.732203 0.430256
vt 0.733873 0.424285
vt 0.729779 0.435629
vt 0.732203 0.399176
vt 0.729779 0.393803
vt 0.709996 0.019723
vt 0.709996 0.013745
vt 0.710814 0.013325
vt 0.710814 0.019509
vt 0.708407 0.182149
vt 0.709225 0.181729
vt 0.706107 0.446262
vt 0.709996 0.407370
vt 0.710814 0.407155
vt 0.726693 0.389233
vt 0.709996 0.401392
vt 0.710814 0.400971
vt 0.702052 0.019723
vt 0.702052 0.013745
vt 0.702870 0.013325
vt 0.702870 0.019509
vt 0.710814 0.390277
vt 0.710814 0.395272
vt 0.711744 0.395272
vt 0.711744 0.390277
vt 0.703801 0.032371
vt 0.703801 0.038555
vt 0.711744 0.426202
vt 0.711744 0.420018
vt 0.710155 0.200775
vt 0.710155 0.194344
vt 0.711744 0.032371
vt 0.711744 0.038555
vt 0.709225 0.176029
vt 0.710155 0.181729
vt 0.710155 0.176029
vt 0.702870 0.044255
vt 0.703801 0.044255
vt 0.702870 0.007626
vt 0.702870 0.002630
vt 0.703801 0.002630
vt 0.703801 0.007626
vt 0.709225 0.171034
vt 0.710155 0.171034
vt 0.710155 0.187913
vt 0.711744 0.413587
vt 0.710814 0.007626
vt 0.711744 0.007626
vt 0.711744 0.013325
vt 0.702870 0.049250
vt 0.703801 0.049250
vt 0.710814 0.044255
vt 0.711744 0.044255
vt 0.711744 0.019509
vt 0.703801 0.013325
vt 0.711744 0.407155
vt 0.710814 0.002630
vt 0.711744 0.002630
vt 0.710814 0.049250
vt 0.711744 0.049250
vt 0.711744 0.400971
vt 0.703801 0.019509
vt 0.710814 0.431901
vt 0.710814 0.436897
vt 0.711744 0.436897
vt 0.711744 0.431901
vt 0.709225 0.212658
vt 0.709225 0.217654
vt 0.710155 0.217654
vt 0.710155 0.212658
vt 0.711744 0.025940
vt 0.703801 0.025940
vt 0.710155 0.206959
vt 0.724454 0.283294
vt 0.724454 0.289756
vt 0.723284 0.289586
vt 0.723284 0.283464
vt 0.700116 0.319332
vt 0.695836 0.318071
vt 0.696177 0.316406
vt 0.700232 0.317600
vt 0.688175 0.312008
vt 0.685089 0.307438
vt 0.685998 0.306334
vt 0.688921 0.310662
vt 0.716422 0.312008
vt 0.712793 0.315598
vt 0.712239 0.314063
vt 0.715676 0.310662
vt 0.695836 0.254979
vt 0.700116 0.253718
vt 0.700232 0.255450
vt 0.696177 0.256644
vt 0.704481 0.253718
vt 0.708761 0.254979
vt 0.708420 0.256644
vt 0.704365 0.255450
vt 0.680995 0.276956
vt 0.682665 0.270985
vt 0.683701 0.271806
vt 0.682119 0.277461
vt 0.691804 0.257452
vt 0.692358 0.258987
vt 0.691804 0.315598
vt 0.692358 0.314063
vt 0.723603 0.276956
vt 0.722478 0.277461
vt 0.719508 0.307438
vt 0.718599 0.306334
vt 0.680143 0.283294
vt 0.681313 0.283464
vt 0.721932 0.302065
vt 0.720896 0.301244
vt 0.721932 0.270985
vt 0.720896 0.271806
vt 0.704481 0.319332
vt 0.704365 0.317600
vt 0.680143 0.289756
vt 0.681313 0.289586
vt 0.688175 0.261042
vt 0.688921 0.262388
vt 0.719508 0.265612
vt 0.718599 0.266716
vt 0.723602 0.296094
vt 0.722478 0.295589
vt 0.680995 0.296094
vt 0.682119 0.295589
vt 0.708761 0.318071
vt 0.708420 0.316406
vt 0.716422 0.261042
vt 0.715676 0.262388
vt 0.685089 0.265612
vt 0.685998 0.266716
vt 0.682665 0.302065
vt 0.683701 0.301244
vt 0.712793 0.257452
vt 0.712239 0.258987
vt 0.721459 0.283731
vt 0.720723 0.278249
vt 0.714513 0.308563
vt 0.717182 0.304611
vt 0.704186 0.258153
vt 0.700411 0.258153
vt 0.683874 0.278249
vt 0.683138 0.283731
vt 0.719279 0.299964
vt 0.719279 0.273086
vt 0.700411 0.314897
vt 0.704186 0.314897
vt 0.683138 0.289319
vt 0.693222 0.261382
vt 0.690084 0.264487
vt 0.717182 0.268439
vt 0.720723 0.294801
vt 0.683874 0.294801
vt 0.707888 0.313807
vt 0.714513 0.264487
vt 0.687415 0.268439
vt 0.685318 0.299964
vt 0.721459 0.289319
vt 0.711375 0.261382
vt 0.711375 0.311668
vt 0.687415 0.304611
vt 0.685318 0.273086
vt 0.693222 0.311668
vt 0.696710 0.313807
vt 0.707888 0.259243
vt 0.690084 0.308563
vt 0.696710 0.259243
vt 0.683830 0.283831
vt 0.683830 0.289218
vt 0.693550 0.262290
vt 0.690525 0.265283
vt 0.718665 0.273571
vt 0.716644 0.269092
vt 0.718665 0.299479
vt 0.720058 0.294502
vt 0.684539 0.294502
vt 0.704118 0.313873
vt 0.707686 0.312822
vt 0.714072 0.265283
vt 0.687953 0.269092
vt 0.685932 0.299479
vt 0.720767 0.289219
vt 0.711047 0.262290
vt 0.711047 0.310760
vt 0.687953 0.303958
vt 0.685932 0.273571
vt 0.693550 0.310760
vt 0.696911 0.312822
vt 0.707686 0.260228
vt 0.720767 0.283832
vt 0.700480 0.313873
vt 0.690525 0.307767
vt 0.714072 0.307767
vt 0.700480 0.259177
vt 0.696911 0.260228
vt 0.704118 0.259177
vt 0.684539 0.278548
vt 0.720058 0.278548
vt 0.716644 0.303958
vt 0.790324 0.648136
vt 0.793944 0.648136
vt 0.793944 0.651193
vt 0.790603 0.651193
vt 0.790324 0.227127
vt 0.793944 0.227127
vt 0.793944 0.230184
vt 0.790603 0.230184
vt 0.791913 0.567112
vt 0.788431 0.567112
vt 0.788978 0.570169
vt 0.792191 0.570169
vt 0.808656 0.368522
vt 0.805844 0.368522
vt 0.805050 0.371579
vt 0.807645 0.371579
vt 0.786842 0.648136
vt 0.787389 0.651193
vt 0.791913 0.368522
vt 0.788431 0.368522
vt 0.788978 0.371579
vt 0.792191 0.371579
vt 0.795533 0.567112
vt 0.795533 0.570169
vt 0.786842 0.227127
vt 0.787389 0.230184
vt 0.805844 0.567112
vt 0.802635 0.567112
vt 0.802088 0.570169
vt 0.805050 0.570169
vt 0.783634 0.648136
vt 0.784428 0.651193
vt 0.804255 0.648136
vt 0.807067 0.648136
vt 0.806056 0.651193
vt 0.803461 0.651193
vt 0.808656 0.567112
vt 0.807645 0.570169
vt 0.799154 0.567112
vt 0.798875 0.570169
vt 0.795533 0.368522
vt 0.795533 0.371579
vt 0.801046 0.227127
vt 0.804255 0.227127
vt 0.803461 0.230184
vt 0.800499 0.230184
vt 0.780822 0.648136
vt 0.781832 0.651193
vt 0.783634 0.227127
vt 0.784428 0.230184
vt 0.797565 0.227127
vt 0.797286 0.230184
vt 0.801046 0.648136
vt 0.800499 0.651193
vt 0.799154 0.368522
vt 0.798875 0.371579
vt 0.807067 0.227127
vt 0.806056 0.230184
vt 0.780822 0.227127
vt 0.781832 0.230184
vt 0.802635 0.368522
vt 0.802088 0.371579
vt 0.797565 0.648136
vt 0.797286 0.651193
vt 0.785223 0.368522
vt 0.782410 0.368522
vt 0.783421 0.371579
vt 0.786017 0.371579
vt 0.785223 0.567112
vt 0.782410 0.567112
vt 0.783421 0.570169
vt 0.786017 0.570169
vt 0.804872 0.235951
vt 0.802530 0.235951
vt 0.785359 0.235951
vt 0.783017 0.235951
vt 0.798548 0.377347
vt 0.801447 0.377347
vt 0.799858 0.656961
vt 0.796959 0.656961
vt 0.784606 0.377347
vt 0.786948 0.377347
vt 0.784606 0.575936
vt 0.786948 0.575936
vt 0.796959 0.235951
vt 0.793944 0.235951
vt 0.793944 0.656961
vt 0.804119 0.377347
vt 0.789619 0.575936
vt 0.789619 0.377347
vt 0.790930 0.656961
vt 0.790930 0.235951
vt 0.792518 0.575936
vt 0.806460 0.377347
vt 0.788031 0.656961
vt 0.792518 0.377347
vt 0.795533 0.575936
vt 0.788031 0.235951
vt 0.801447 0.575936
vt 0.804119 0.575936
vt 0.785359 0.656961
vt 0.804872 0.656961
vt 0.802530 0.656961
vt 0.806460 0.575936
vt 0.798548 0.575936
vt 0.795533 0.377347
vt 0.799858 0.235951
vt 0.783017 0.656961
vt 0.788595 0.588468
vt 0.790754 0.588468
vt 0.788595 0.389879
vt 0.790754 0.389879
vt 0.793944 0.669492
vt 0.791508 0.669492
vt 0.793944 0.248483
vt 0.791508 0.248483
vt 0.793097 0.588468
vt 0.802471 0.389879
vt 0.804364 0.389879
vt 0.789165 0.669492
vt 0.793097 0.389879
vt 0.795533 0.588468
vt 0.789165 0.248483
vt 0.787006 0.669492
vt 0.802775 0.669492
vt 0.800882 0.669492
vt 0.800312 0.588468
vt 0.802471 0.588468
vt 0.797969 0.588468
vt 0.795533 0.389879
vt 0.804364 0.588468
vt 0.785114 0.669492
vt 0.787006 0.248483
vt 0.800882 0.248483
vt 0.798723 0.248483
vt 0.798723 0.669492
vt 0.796381 0.248483
vt 0.802775 0.248483
vt 0.785114 0.248483
vt 0.797969 0.389879
vt 0.796381 0.669492
vt 0.786703 0.389879
vt 0.800312 0.389879
vt 0.786703 0.588468
vt 0.791890 0.680834
vt 0.789915 0.680834
vt 0.791503 0.401221
vt 0.793479 0.401221
vt 0.793479 0.599810
vt 0.795533 0.599810
vt 0.791890 0.259825
vt 0.789915 0.259825
vt 0.799563 0.599810
vt 0.801384 0.599810
vt 0.788094 0.680834
vt 0.801391 0.680834
vt 0.799795 0.680834
vt 0.802979 0.599810
vt 0.797588 0.599810
vt 0.795533 0.401221
vt 0.799795 0.259825
vt 0.797974 0.259825
vt 0.786498 0.680834
vt 0.788094 0.259825
vt 0.795999 0.259825
vt 0.797974 0.680834
vt 0.797588 0.401221
vt 0.801391 0.259825
vt 0.786498 0.259825
vt 0.799563 0.401221
vt 0.795999 0.680834
vt 0.788087 0.401221
vt 0.789683 0.401221
vt 0.788087 0.599810
vt 0.789683 0.599810
vt 0.793944 0.259825
vt 0.793944 0.680834
vt 0.801384 0.401221
vt 0.791503 0.599810
vt 0.802979 0.401221
vt 0.801013 0.609769
vt 0.802508 0.609769
vt 0.795533 0.609769
vt 0.797457 0.609769
vt 0.793609 0.411179
vt 0.795533 0.411179
vt 0.799424 0.269784
vt 0.797719 0.269784
vt 0.788464 0.690793
vt 0.786970 0.690793
vt 0.790170 0.269784
vt 0.788464 0.269784
vt 0.795869 0.269784
vt 0.799308 0.609769
vt 0.799425 0.690793
vt 0.797719 0.690793
vt 0.797457 0.411179
vt 0.800919 0.269784
vt 0.786970 0.269784
vt 0.799308 0.411179
vt 0.795869 0.690793
vt 0.788558 0.411179
vt 0.790053 0.411179
vt 0.788558 0.609769
vt 0.790053 0.609769
vt 0.793944 0.269784
vt 0.793944 0.690793
vt 0.801013 0.411179
vt 0.791758 0.609769
vt 0.791758 0.411179
vt 0.792020 0.690793
vt 0.792020 0.269784
vt 0.793609 0.609769
vt 0.802508 0.411179
vt 0.790170 0.690793
vt 0.800919 0.690793
vt 0.790115 0.421380
vt 0.791801 0.421380
vt 0.793944 0.700994
vt 0.792042 0.700994
vt 0.793944 0.279985
vt 0.792042 0.279985
vt 0.791801 0.619969
vt 0.793631 0.619969
vt 0.800951 0.421380
vt 0.802429 0.421380
vt 0.790213 0.700994
vt 0.793631 0.421380
vt 0.795533 0.619969
vt 0.790213 0.279985
vt 0.799265 0.619969
vt 0.800951 0.619969
vt 0.788527 0.700994
vt 0.800840 0.700994
vt 0.799362 0.700994
vt 0.802429 0.619969
vt 0.797436 0.619969
vt 0.795533 0.421380
vt 0.799362 0.279985
vt 0.797676 0.279985
vt 0.787049 0.700994
vt 0.788527 0.279985
vt 0.795847 0.279985
vt 0.797676 0.700994
vt 0.797436 0.421380
vt 0.800840 0.279985
vt 0.787049 0.279985
vt 0.799265 0.421380
vt 0.795847 0.700994
vt 0.788638 0.421380
vt 0.788638 0.619969
vt 0.790115 0.619969
vt 0.791758 0.428953
vt 0.793609 0.428953
vt 0.793609 0.627542
vt 0.795533 0.627542
vt 0.792020 0.287557
vt 0.790170 0.287557
vt 0.799308 0.627542
vt 0.801013 0.627542
vt 0.790170 0.708567
vt 0.788464 0.708567
vt 0.800919 0.708567
vt 0.799425 0.708567
vt 0.802508 0.627542
vt 0.797457 0.627542
vt 0.795533 0.428953
vt 0.799424 0.287557
vt 0.797719 0.287557
vt 0.786970 0.708567
vt 0.788464 0.287557
vt 0.795869 0.287557
vt 0.797719 0.708567
vt 0.797457 0.428953
vt 0.800919 0.287557
vt 0.786970 0.287557
vt 0.799308 0.428953
vt 0.795869 0.708567
vt 0.788558 0.428953
vt 0.790053 0.428953
vt 0.788558 0.627542
vt 0.790053 0.627542
vt 0.793944 0.287557
vt 0.793944 0.708567
vt 0.801013 0.428953
vt 0.791758 0.627542
vt 0.792020 0.708567
vt 0.802508 0.428953
vt 0.633584 0.854596
vt 0.632217 0.852571
vt 0.627182 0.858689
vt 0.629452 0.862051
vt 0.648541 0.836420
vt 0.649281 0.839065
vt 0.655513 0.836266
vt 0.654284 0.831874
vt 0.649658 0.841874
vt 0.649658 0.844737
vt 0.656139 0.845682
vt 0.656139 0.840928
vt 0.640808 0.828770
vt 0.642705 0.829328
vt 0.644595 0.820100
vt 0.641447 0.819172
vt 0.647466 0.834039
vt 0.652501 0.827921
vt 0.630402 0.839065
vt 0.631142 0.836420
vt 0.625399 0.831874
vt 0.624170 0.836266
vt 0.644491 0.856187
vt 0.642705 0.857282
vt 0.644595 0.866511
vt 0.647561 0.864692
vt 0.635192 0.856187
vt 0.632122 0.864692
vt 0.638875 0.828770
vt 0.638236 0.819172
vt 0.636978 0.857282
vt 0.635088 0.866511
vt 0.646099 0.854596
vt 0.650231 0.862051
vt 0.630402 0.847545
vt 0.630025 0.844737
vt 0.623544 0.845682
vt 0.624170 0.850345
vt 0.636978 0.829328
vt 0.635088 0.820100
vt 0.646099 0.832015
vt 0.650231 0.824560
vt 0.647466 0.852571
vt 0.652501 0.858689
vt 0.638875 0.857841
vt 0.638236 0.867438
vt 0.635192 0.830424
vt 0.632122 0.821919
vt 0.631142 0.850191
vt 0.625399 0.854737
vt 0.648541 0.850190
vt 0.654284 0.854737
vt 0.644491 0.830424
vt 0.647561 0.821919
vt 0.633584 0.832015
vt 0.629452 0.824560
vt 0.640808 0.857841
vt 0.641447 0.867438
vt 0.649281 0.847545
vt 0.655513 0.850345
vt 0.632217 0.834039
vt 0.627182 0.827921
vt 0.630025 0.841874
vt 0.623544 0.840928
vt 0.051915 0.615849
vt 0.051915 0.612174
vt 0.053048 0.612624
vt 0.053048 0.616421
vt 0.603199 0.584655
vt 0.603199 0.589204
vt 0.604332 0.589046
vt 0.604332 0.584346
vt 0.593667 0.033154
vt 0.593667 0.028605
vt 0.594800 0.028295
vt 0.594800 0.032996
vt 0.603199 0.607408
vt 0.603199 0.611083
vt 0.604332 0.611655
vt 0.604332 0.607858
vt 0.595256 0.402464
vt 0.595256 0.406138
vt 0.596388 0.406711
vt 0.596388 0.402914
vt 0.051915 0.598702
vt 0.051915 0.593971
vt 0.053048 0.593813
vt 0.053048 0.598702
vt 0.593667 0.037885
vt 0.594800 0.037885
vt 0.603199 0.580463
vt 0.604332 0.580013
vt 0.595256 0.398271
vt 0.596388 0.398581
vt 0.603199 0.603215
vt 0.604332 0.603525
vt 0.593667 0.042616
vt 0.594800 0.042774
vt 0.051915 0.603432
vt 0.053048 0.603590
vt 0.595256 0.393722
vt 0.596388 0.393880
vt 0.603199 0.576788
vt 0.604332 0.576216
vt 0.593667 0.047165
vt 0.594800 0.047475
vt 0.603199 0.598666
vt 0.604332 0.598824
vt 0.595256 0.388991
vt 0.596388 0.388991
vt 0.051915 0.607982
vt 0.053048 0.608291
vt 0.595256 0.375519
vt 0.595256 0.379711
vt 0.596388 0.379401
vt 0.596388 0.375069
vt 0.593667 0.051358
vt 0.594800 0.051808
vt 0.593667 0.024413
vt 0.593667 0.020738
vt 0.594800 0.020165
vt 0.594800 0.023963
vt 0.595256 0.371844
vt 0.596388 0.371271
vt 0.595256 0.384260
vt 0.596388 0.384102
vt 0.603199 0.593935
vt 0.604332 0.593935
vt 0.051915 0.589422
vt 0.051915 0.585229
vt 0.053048 0.584779
vt 0.053048 0.589112
vt 0.593667 0.055032
vt 0.594800 0.055605
vt 0.051915 0.581554
vt 0.053048 0.580982
vt 0.596901 0.032996
vt 0.596901 0.037885
vt 0.606434 0.584346
vt 0.606434 0.580013
vt 0.598490 0.402914
vt 0.598490 0.398581
vt 0.606434 0.607858
vt 0.606434 0.603525
vt 0.596901 0.042774
vt 0.055150 0.598702
vt 0.055150 0.603590
vt 0.598490 0.393880
vt 0.606434 0.576216
vt 0.596901 0.047475
vt 0.606434 0.598824
vt 0.598490 0.388991
vt 0.055150 0.608291
vt 0.598490 0.379401
vt 0.598490 0.375069
vt 0.596901 0.051808
vt 0.596901 0.020165
vt 0.596901 0.023963
vt 0.598490 0.371271
vt 0.598490 0.384102
vt 0.606434 0.593935
vt 0.055150 0.584779
vt 0.055150 0.589112
vt 0.596901 0.055605
vt 0.055150 0.612624
vt 0.055150 0.593813
vt 0.596901 0.028295
vt 0.606434 0.589046
vt 0.055150 0.580982
vt 0.055150 0.616421
vt 0.606434 0.611655
vt 0.598490 0.406711
vt 0.598945 0.398338
vt 0.598945 0.393756
vt 0.239741 0.857442
vt 0.237395 0.860915
vt 0.237123 0.860423
vt 0.239409 0.857038
vt 0.597357 0.042650
vt 0.597357 0.047232
vt 0.606889 0.603282
vt 0.606889 0.598700
vt 0.598945 0.388991
vt 0.055605 0.603466
vt 0.055605 0.608048
vt 0.213577 0.857442
vt 0.211734 0.853357
vt 0.212113 0.853057
vt 0.213909 0.857038
vt 0.239741 0.825646
vt 0.241584 0.829731
vt 0.241205 0.830031
vt 0.239409 0.826050
vt 0.241584 0.853357
vt 0.241205 0.853057
vt 0.215923 0.860915
vt 0.216195 0.860423
vt 0.598945 0.384226
vt 0.606889 0.593935
vt 0.231572 0.817563
vt 0.234637 0.819443
vt 0.234434 0.820005
vt 0.231447 0.818173
vt 0.237395 0.822173
vt 0.237123 0.822665
vt 0.215923 0.822173
vt 0.218681 0.819443
vt 0.218884 0.820005
vt 0.216196 0.822665
vt 0.055605 0.589355
vt 0.055605 0.593937
vt 0.598945 0.379645
vt 0.242854 0.848819
vt 0.242443 0.848634
vt 0.606889 0.589171
vt 0.213577 0.825646
vt 0.213909 0.826050
vt 0.606889 0.584589
vt 0.597357 0.028539
vt 0.597357 0.033120
vt 0.218681 0.863645
vt 0.218884 0.863083
vt 0.211734 0.829731
vt 0.212113 0.830031
vt 0.055605 0.598702
vt 0.597357 0.037885
vt 0.234637 0.863645
vt 0.234434 0.863083
vt 0.210464 0.834269
vt 0.210875 0.834454
vt 0.221746 0.865525
vt 0.221871 0.864915
vt 0.215111 0.855577
vt 0.213484 0.851972
vt 0.214855 0.850886
vt 0.216313 0.854117
vt 0.238207 0.827511
vt 0.239834 0.831116
vt 0.238463 0.832202
vt 0.237005 0.828971
vt 0.239834 0.851972
vt 0.238207 0.855577
vt 0.237005 0.854117
vt 0.238463 0.850887
vt 0.217182 0.858644
vt 0.218168 0.856864
vt 0.212363 0.847965
vt 0.211792 0.843712
vt 0.213339 0.843486
vt 0.213851 0.847297
vt 0.228123 0.863558
vt 0.225195 0.863558
vt 0.225347 0.861267
vt 0.227971 0.861267
vt 0.230996 0.820376
vt 0.233701 0.822035
vt 0.232968 0.824066
vt 0.230544 0.822579
vt 0.236136 0.824444
vt 0.235150 0.826224
vt 0.217182 0.824444
vt 0.219617 0.822035
vt 0.220350 0.824065
vt 0.218168 0.826224
vt 0.228123 0.819530
vt 0.227971 0.821821
vt 0.240955 0.847965
vt 0.239467 0.847297
vt 0.230996 0.862712
vt 0.230544 0.860509
vt 0.215111 0.827511
vt 0.216313 0.828971
vt 0.233701 0.861053
vt 0.232968 0.859023
vt 0.241526 0.843712
vt 0.239979 0.843487
vt 0.219617 0.861053
vt 0.220350 0.859022
vt 0.213484 0.831116
vt 0.214855 0.832201
vt 0.225195 0.819530
vt 0.225347 0.821821
vt 0.241526 0.839376
vt 0.239979 0.839602
vt 0.236136 0.858644
vt 0.235150 0.856864
vt 0.212363 0.835123
vt 0.213851 0.835791
vt 0.222322 0.862712
vt 0.222774 0.860509
vt 0.240955 0.835123
vt 0.239467 0.835791
vt 0.222323 0.820376
vt 0.222774 0.822579
vt 0.211792 0.839376
vt 0.213339 0.839601
vt 0.230376 0.823398
vt 0.227914 0.822673
vt 0.214404 0.847048
vt 0.215365 0.850483
vt 0.237953 0.850483
vt 0.238914 0.847049
vt 0.227914 0.860415
vt 0.230376 0.859690
vt 0.234783 0.826886
vt 0.232696 0.824821
vt 0.218535 0.826886
vt 0.216760 0.829514
vt 0.232696 0.858267
vt 0.239403 0.843403
vt 0.218535 0.856202
vt 0.220622 0.858267
vt 0.215365 0.832605
vt 0.225404 0.822673
vt 0.239403 0.839685
vt 0.234783 0.856202
vt 0.214404 0.836039
vt 0.222942 0.859690
vt 0.238914 0.836040
vt 0.222942 0.823398
vt 0.213915 0.839685
vt 0.236558 0.853574
vt 0.237953 0.832605
vt 0.225404 0.860415
vt 0.213915 0.843403
vt 0.220622 0.824820
vt 0.216760 0.853574
vt 0.236558 0.829514
vt 0.217946 0.857265
vt 0.220185 0.859480
vt 0.216042 0.828642
vt 0.214546 0.831957
vt 0.228005 0.821305
vt 0.225313 0.821305
vt 0.240327 0.843537
vt 0.240327 0.839551
vt 0.233133 0.859480
vt 0.235372 0.857265
vt 0.213516 0.835640
vt 0.222672 0.861005
vt 0.239802 0.835640
vt 0.222672 0.822083
vt 0.212991 0.839550
vt 0.237276 0.854446
vt 0.238772 0.831957
vt 0.225313 0.861783
vt 0.212991 0.843537
vt 0.220185 0.823608
vt 0.214546 0.851131
vt 0.216042 0.854446
vt 0.237276 0.828642
vt 0.238772 0.851131
vt 0.213516 0.847447
vt 0.228005 0.861783
vt 0.233133 0.823608
vt 0.230646 0.822083
vt 0.235372 0.825823
vt 0.217946 0.825823
vt 0.239802 0.847448
vt 0.230646 0.861005
vt 0.439396 0.396561
vt 0.439396 0.400077
vt 0.440557 0.400371
vt 0.440557 0.396764
vt 0.512477 0.326019
vt 0.512477 0.322052
vt 0.513638 0.322052
vt 0.513638 0.326123
vt 0.460049 0.086123
vt 0.460049 0.082156
vt 0.461210 0.082156
vt 0.461210 0.086227
vt 0.523597 0.454705
vt 0.523597 0.458521
vt 0.524759 0.458724
vt 0.524759 0.454809
vt 0.439396 0.374397
vt 0.439396 0.377479
vt 0.440557 0.377184
vt 0.440557 0.374022
vt 0.512477 0.329835
vt 0.513638 0.330038
vt 0.439396 0.392745
vt 0.440557 0.392849
vt 0.523597 0.450738
vt 0.524759 0.450738
vt 0.460049 0.089939
vt 0.461210 0.090142
vt 0.523597 0.439439
vt 0.523597 0.442955
vt 0.524759 0.442752
vt 0.524759 0.439144
vt 0.512477 0.333351
vt 0.513638 0.333645
vt 0.512477 0.310753
vt 0.512477 0.307671
vt 0.513638 0.307296
vt 0.513638 0.310458
vt 0.523597 0.436357
vt 0.524759 0.435982
vt 0.523597 0.446770
vt 0.524759 0.446667
vt 0.439396 0.388778
vt 0.440557 0.388778
vt 0.460049 0.074373
vt 0.460049 0.070857
vt 0.461210 0.070562
vt 0.461210 0.074170
vt 0.512477 0.336432
vt 0.513638 0.336808
vt 0.460049 0.093455
vt 0.461210 0.093749
vt 0.460049 0.078188
vt 0.461210 0.078085
vt 0.512477 0.314269
vt 0.513638 0.314066
vt 0.439396 0.384810
vt 0.440557 0.384707
vt 0.460049 0.067775
vt 0.461210 0.067400
vt 0.460049 0.096536
vt 0.461210 0.096912
vt 0.439396 0.380995
vt 0.440557 0.380792
vt 0.512477 0.318084
vt 0.513638 0.317981
vt 0.439396 0.403158
vt 0.440557 0.403534
vt 0.523597 0.462037
vt 0.523597 0.465118
vt 0.524759 0.465494
vt 0.524759 0.462331
vt 0.441663 0.396617
vt 0.441663 0.392774
vt 0.525865 0.454734
vt 0.525865 0.450738
vt 0.462316 0.086152
vt 0.462316 0.089995
vt 0.525865 0.442898
vt 0.525865 0.439357
vt 0.514744 0.329891
vt 0.514744 0.333433
vt 0.514744 0.307566
vt 0.514744 0.310671
vt 0.525865 0.436252
vt 0.525865 0.446741
vt 0.441663 0.388778
vt 0.462316 0.070775
vt 0.462316 0.074316
vt 0.514744 0.336537
vt 0.462316 0.093537
vt 0.462316 0.078159
vt 0.514744 0.314212
vt 0.441663 0.384781
vt 0.462316 0.067670
vt 0.462316 0.096641
vt 0.441663 0.380938
vt 0.514744 0.318055
vt 0.441663 0.403263
vt 0.441663 0.400159
vt 0.525865 0.465223
vt 0.525865 0.462119
vt 0.462316 0.082156
vt 0.514744 0.322052
vt 0.441663 0.377397
vt 0.525865 0.458577
vt 0.514744 0.326048
vt 0.441663 0.374292
vt 0.754661 0.920257
vt 0.753154 0.923596
vt 0.752126 0.922346
vt 0.753488 0.919328
vt 0.733684 0.894764
vt 0.735938 0.892533
vt 0.736566 0.894270
vt 0.734528 0.896287
vt 0.738444 0.890996
vt 0.741104 0.890213
vt 0.741234 0.892173
vt 0.738830 0.892881
vt 0.728692 0.912608
vt 0.728692 0.908592
vt 0.730016 0.908785
vt 0.730016 0.912415
vt 0.731766 0.897604
vt 0.732794 0.898854
vt 0.741104 0.930987
vt 0.738444 0.930203
vt 0.738830 0.928318
vt 0.741234 0.929026
vt 0.753154 0.897604
vt 0.754661 0.900943
vt 0.753488 0.901872
vt 0.752126 0.898854
vt 0.755699 0.916547
vt 0.754426 0.915975
vt 0.729221 0.916546
vt 0.730494 0.915975
vt 0.756228 0.912608
vt 0.754904 0.912415
vt 0.751237 0.894764
vt 0.750393 0.896287
vt 0.748982 0.928667
vt 0.746476 0.930203
vt 0.746090 0.928318
vt 0.748355 0.926929
vt 0.730259 0.920257
vt 0.731432 0.919328
vt 0.730259 0.900943
vt 0.731432 0.901872
vt 0.748982 0.892533
vt 0.748355 0.894270
vt 0.756228 0.908592
vt 0.754904 0.908785
vt 0.731766 0.923596
vt 0.732794 0.922346
vt 0.751237 0.926435
vt 0.750393 0.924913
vt 0.746476 0.890996
vt 0.746090 0.892881
vt 0.729221 0.904653
vt 0.730494 0.905225
vt 0.733683 0.926435
vt 0.734528 0.924913
vt 0.755699 0.904653
vt 0.754426 0.905225
vt 0.743816 0.890213
vt 0.743686 0.892173
vt 0.735938 0.928667
vt 0.736566 0.926929
vt 0.743816 0.930987
vt 0.743686 0.929026
vt 0.731093 0.915706
vt 0.730638 0.912324
vt 0.731261 0.912233
vt 0.731691 0.915437
vt 0.754282 0.912324
vt 0.753828 0.915706
vt 0.753229 0.915437
vt 0.753660 0.912233
vt 0.749996 0.897003
vt 0.751643 0.899441
vt 0.751159 0.900028
vt 0.749599 0.897718
vt 0.748060 0.926113
vt 0.745908 0.927432
vt 0.745727 0.926546
vt 0.747765 0.925296
vt 0.731984 0.918892
vt 0.732535 0.918455
vt 0.731984 0.902308
vt 0.733278 0.899441
vt 0.733761 0.900028
vt 0.732535 0.902744
vt 0.748060 0.895087
vt 0.747765 0.895903
vt 0.754282 0.908876
vt 0.753660 0.908966
vt 0.733278 0.921759
vt 0.733761 0.921171
vt 0.749996 0.924197
vt 0.749599 0.923481
vt 0.745908 0.893767
vt 0.745727 0.894653
vt 0.731093 0.905494
vt 0.731691 0.905762
vt 0.734924 0.924197
vt 0.735321 0.923481
vt 0.753828 0.905494
vt 0.753229 0.905762
vt 0.743624 0.893095
vt 0.743563 0.894016
vt 0.751643 0.921759
vt 0.751159 0.921171
vt 0.736860 0.926113
vt 0.737155 0.925296
vt 0.730638 0.908876
vt 0.731261 0.908966
vt 0.743624 0.928105
vt 0.741296 0.928105
vt 0.741357 0.927184
vt 0.743563 0.927184
vt 0.741296 0.893095
vt 0.741357 0.894016
vt 0.752936 0.902308
vt 0.752385 0.902744
vt 0.739012 0.927432
vt 0.739193 0.926546
vt 0.752936 0.918892
vt 0.752385 0.918455
vt 0.734924 0.897003
vt 0.736860 0.895087
vt 0.737155 0.895903
vt 0.735321 0.897718
vt 0.739012 0.893767
vt 0.739193 0.894653
vt 0.735137 0.923813
vt 0.733536 0.921444
vt 0.733312 0.921717
vt 0.734953 0.924146
vt 0.753507 0.905638
vt 0.753949 0.908924
vt 0.754237 0.908882
vt 0.753785 0.905513
vt 0.743592 0.893588
vt 0.745811 0.894242
vt 0.745895 0.893831
vt 0.743620 0.893161
vt 0.751384 0.921444
vt 0.749784 0.923814
vt 0.749968 0.924146
vt 0.751608 0.921717
vt 0.737018 0.925675
vt 0.736881 0.926054
vt 0.730972 0.908924
vt 0.731413 0.905638
vt 0.731135 0.905513
vt 0.730683 0.908882
vt 0.743592 0.927611
vt 0.741329 0.927611
vt 0.741300 0.928039
vt 0.743620 0.928039
vt 0.741329 0.893588
vt 0.741300 0.893161
vt 0.752641 0.902542
vt 0.752897 0.902339
vt 0.745811 0.926958
vt 0.745895 0.927369
vt 0.739109 0.926958
vt 0.739025 0.927369
vt 0.752641 0.918658
vt 0.752897 0.918860
vt 0.735137 0.897386
vt 0.737018 0.895524
vt 0.736881 0.895145
vt 0.734953 0.897054
vt 0.739109 0.894242
vt 0.739025 0.893831
vt 0.730972 0.912275
vt 0.730683 0.912317
vt 0.733536 0.899756
vt 0.733312 0.899483
vt 0.751384 0.899756
vt 0.751608 0.899483
vt 0.753507 0.915562
vt 0.753785 0.915687
vt 0.731413 0.915562
vt 0.731135 0.915687
vt 0.753949 0.912275
vt 0.754237 0.912317
vt 0.749784 0.897386
vt 0.749968 0.897054
vt 0.747902 0.925675
vt 0.748039 0.926054
vt 0.732279 0.918658
vt 0.732023 0.918860
vt 0.732279 0.902542
vt 0.732023 0.902339
vt 0.747902 0.895524
vt 0.748039 0.895145
vt 0.160809 0.967491
vt 0.160809 0.964461
vt 0.161786 0.964763
vt 0.161786 0.967930
vt 0.160809 0.948020
vt 0.160809 0.945364
vt 0.161786 0.944805
vt 0.161786 0.947581
vt 0.972643 0.732476
vt 0.972643 0.735132
vt 0.973619 0.734693
vt 0.973619 0.731917
vt 0.972643 0.741449
vt 0.972643 0.744867
vt 0.973619 0.744867
vt 0.973619 0.741294
vt 0.974231 0.300027
vt 0.974231 0.303446
vt 0.975208 0.303600
vt 0.975208 0.300027
vt 0.972643 0.771524
vt 0.972643 0.768495
vt 0.973619 0.768056
vt 0.973619 0.771222
vt 0.160809 0.970146
vt 0.161786 0.970705
vt 0.972643 0.787966
vt 0.972643 0.784936
vt 0.973619 0.785239
vt 0.973619 0.788405
vt 0.972643 0.774812
vt 0.973619 0.774657
vt 0.972643 0.738161
vt 0.973619 0.737859
vt 0.160809 0.951049
vt 0.161786 0.950747
vt 0.974231 0.296608
vt 0.975208 0.296454
vt 0.972643 0.765839
vt 0.973619 0.765281
vt 0.972643 0.790621
vt 0.973619 0.791180
vt 0.974231 0.293321
vt 0.975208 0.293019
vt 0.160809 0.954336
vt 0.161786 0.954182
vt 0.974231 0.309763
vt 0.974231 0.312418
vt 0.975208 0.312977
vt 0.975208 0.310202
vt 0.972643 0.754603
vt 0.972643 0.757258
vt 0.973619 0.757817
vt 0.973619 0.755042
vt 0.972643 0.778230
vt 0.973619 0.778230
vt 0.160809 0.957755
vt 0.161786 0.957755
vt 0.974231 0.290291
vt 0.975208 0.289852
vt 0.972643 0.751573
vt 0.973619 0.751876
vt 0.974231 0.306733
vt 0.975208 0.307035
vt 0.160809 0.961174
vt 0.161786 0.961328
vt 0.972643 0.781649
vt 0.973619 0.781803
vt 0.972643 0.748286
vt 0.973619 0.748440
vt 0.974231 0.287636
vt 0.975208 0.287077
vt 0.974559 0.741316
vt 0.974559 0.737902
vt 0.162726 0.947643
vt 0.162726 0.950790
vt 0.976148 0.300027
vt 0.976148 0.296476
vt 0.974559 0.765360
vt 0.974559 0.768119
vt 0.974559 0.788342
vt 0.974559 0.791100
vt 0.976148 0.293062
vt 0.162726 0.954204
vt 0.976148 0.312897
vt 0.976148 0.310139
vt 0.974559 0.757737
vt 0.974559 0.754979
vt 0.974559 0.774680
vt 0.974559 0.778230
vt 0.162726 0.957755
vt 0.976148 0.289915
vt 0.974559 0.751832
vt 0.976148 0.306992
vt 0.162726 0.961306
vt 0.974559 0.781781
vt 0.974559 0.748418
vt 0.976148 0.287157
vt 0.162726 0.964720
vt 0.976148 0.303578
vt 0.974559 0.744867
vt 0.974559 0.785195
vt 0.974559 0.734755
vt 0.162726 0.967867
vt 0.162726 0.944885
vt 0.974559 0.731997
vt 0.974559 0.771265
vt 0.162726 0.970625
vt 0.975471 0.757117
vt 0.975471 0.754492
vt 0.975471 0.774851
vt 0.975471 0.778230
vt 0.163638 0.954375
vt 0.163638 0.957755
vt 0.977060 0.293397
vt 0.977060 0.290402
vt 0.975471 0.751497
vt 0.977060 0.309652
vt 0.977060 0.306657
vt 0.163638 0.961135
vt 0.975471 0.781610
vt 0.975471 0.748247
vt 0.977060 0.287777
vt 0.163638 0.964385
vt 0.977060 0.303407
vt 0.975471 0.744867
vt 0.975471 0.784860
vt 0.975471 0.738238
vt 0.975471 0.735243
vt 0.163638 0.967380
vt 0.163638 0.945505
vt 0.163638 0.948130
vt 0.975471 0.732617
vt 0.975471 0.741488
vt 0.977060 0.300027
vt 0.975471 0.768606
vt 0.975471 0.771601
vt 0.163638 0.970005
vt 0.975471 0.787855
vt 0.163638 0.951126
vt 0.977060 0.296647
vt 0.975471 0.765981
vt 0.975471 0.790480
vt 0.977060 0.312277
vt 0.119304 0.932161
vt 0.117759 0.934449
vt 0.117409 0.933816
vt 0.118877 0.931641
vt 0.117759 0.908931
vt 0.119304 0.911219
vt 0.118877 0.911739
vt 0.117408 0.909564
vt 0.105434 0.907134
vt 0.107452 0.905896
vt 0.107613 0.906679
vt 0.105694 0.907856
vt 0.109596 0.938116
vt 0.107452 0.937485
vt 0.107613 0.936701
vt 0.109650 0.937301
vt 0.120518 0.929470
vt 0.120031 0.929084
vt 0.100858 0.929471
vt 0.100022 0.926481
vt 0.100551 0.926244
vt 0.101345 0.929085
vt 0.103617 0.908931
vt 0.103967 0.909564
vt 0.115942 0.907134
vt 0.115682 0.907856
vt 0.100021 0.916899
vt 0.100858 0.913910
vt 0.101345 0.914296
vt 0.100551 0.917137
vt 0.121355 0.926481
vt 0.120825 0.926243
vt 0.111781 0.938116
vt 0.111726 0.937301
vt 0.099595 0.920072
vt 0.100145 0.920153
vt 0.102072 0.911219
vt 0.102499 0.911739
vt 0.102072 0.932161
vt 0.102499 0.931641
vt 0.121355 0.916899
vt 0.121781 0.920072
vt 0.121231 0.920152
vt 0.120825 0.917136
vt 0.121781 0.923308
vt 0.121231 0.923227
vt 0.113924 0.905896
vt 0.113763 0.906679
vt 0.120518 0.913909
vt 0.120031 0.914295
vt 0.113924 0.937484
vt 0.113763 0.936701
vt 0.103617 0.934449
vt 0.103968 0.933816
vt 0.111781 0.905264
vt 0.111726 0.906079
vt 0.105434 0.936246
vt 0.105694 0.935524
vt 0.115942 0.936246
vt 0.115682 0.935524
vt 0.099595 0.923308
vt 0.100145 0.923228
vt 0.109595 0.905264
vt 0.109650 0.906079
vt 0.150242 0.901063
vt 0.148176 0.901063
vt 0.148176 0.904065
vt 0.150242 0.904065
vt 0.352721 0.003439
vt 0.354708 0.003439
vt 0.354708 0.006441
vt 0.352721 0.006441
vt 0.156128 0.901063
vt 0.154296 0.901063
vt 0.154296 0.904065
vt 0.156128 0.904065
vt 0.185663 0.901063
vt 0.187495 0.901063
vt 0.187495 0.904065
vt 0.185663 0.904065
vt 0.197434 0.901063
vt 0.199040 0.901063
vt 0.199040 0.904065
vt 0.197434 0.904065
vt 0.157733 0.901063
vt 0.157733 0.904065
vt 0.152309 0.901063
vt 0.152309 0.904065
vt 0.488639 0.902652
vt 0.486572 0.902652
vt 0.486572 0.905653
vt 0.488639 0.905653
vt 0.360829 0.003439
vt 0.362661 0.003439
vt 0.362661 0.006441
vt 0.360829 0.006441
vt 0.184058 0.901063
vt 0.184058 0.904065
vt 0.350890 0.003439
vt 0.350890 0.006441
vt 0.358842 0.003439
vt 0.358842 0.006441
vt 0.195603 0.901063
vt 0.195603 0.904065
vt 0.490705 0.902652
vt 0.490705 0.905653
vt 0.364266 0.003439
vt 0.364266 0.006441
vt 0.349284 0.003439
vt 0.349284 0.006441
vt 0.492692 0.902652
vt 0.492692 0.905653
vt 0.193616 0.901063
vt 0.193616 0.904065
vt 0.482753 0.902652
vt 0.481148 0.902652
vt 0.481148 0.905653
vt 0.482753 0.905653
vt 0.144357 0.901063
vt 0.142751 0.901063
vt 0.142751 0.904065
vt 0.144357 0.904065
vt 0.356775 0.003439
vt 0.356775 0.006441
vt 0.191549 0.901063
vt 0.191549 0.904065
vt 0.494524 0.902652
vt 0.494524 0.905653
vt 0.146188 0.901063
vt 0.146188 0.904065
vt 0.484585 0.902652
vt 0.484585 0.905653
vt 0.189482 0.901063
vt 0.189482 0.904065
vt 0.496129 0.902652
vt 0.496129 0.905653
vt 0.363114 0.011973
vt 0.361141 0.011973
vt 0.185210 0.909597
vt 0.183481 0.909597
vt 0.352409 0.011973
vt 0.350436 0.011973
vt 0.359001 0.011973
vt 0.152468 0.909597
vt 0.154609 0.909597
vt 0.197888 0.909597
vt 0.195915 0.909597
vt 0.488639 0.911186
vt 0.490864 0.911186
vt 0.364843 0.011973
vt 0.348707 0.011973
vt 0.493005 0.911186
vt 0.193775 0.909597
vt 0.480571 0.911186
vt 0.482300 0.911186
vt 0.142174 0.909597
vt 0.143903 0.909597
vt 0.356775 0.011973
vt 0.191549 0.909597
vt 0.494977 0.911186
vt 0.145876 0.909597
vt 0.484272 0.911186
vt 0.189323 0.909597
vt 0.354549 0.011973
vt 0.148016 0.909597
vt 0.496706 0.911186
vt 0.187183 0.909597
vt 0.486413 0.911186
vt 0.150242 0.909597
vt 0.156581 0.909597
vt 0.199617 0.909597
vt 0.158310 0.909597
vt 0.491213 0.917479
vt 0.493688 0.917479
vt 0.196598 0.915891
vt 0.194123 0.915891
vt 0.479308 0.917479
vt 0.481308 0.917479
vt 0.140912 0.915891
vt 0.142911 0.915891
vt 0.359349 0.018267
vt 0.356775 0.018267
vt 0.191549 0.915891
vt 0.495969 0.917479
vt 0.145193 0.915891
vt 0.483589 0.917479
vt 0.188975 0.915891
vt 0.354201 0.018267
vt 0.147668 0.915891
vt 0.497969 0.917479
vt 0.186499 0.915891
vt 0.486064 0.917479
vt 0.150242 0.915891
vt 0.351726 0.018267
vt 0.155292 0.915891
vt 0.157573 0.915891
vt 0.184218 0.915891
vt 0.200879 0.915891
vt 0.198880 0.915891
vt 0.159573 0.915891
vt 0.152817 0.915891
vt 0.488639 0.917479
vt 0.364106 0.018267
vt 0.361825 0.018267
vt 0.182218 0.915891
vt 0.349444 0.018267
vt 0.366106 0.018267
vt 0.347445 0.018267
vt 0.494291 0.921625
vt 0.496844 0.921625
vt 0.142037 0.920037
vt 0.144590 0.920037
vt 0.480433 0.921625
vt 0.482986 0.921625
vt 0.191549 0.920037
vt 0.188667 0.920037
vt 0.356775 0.022413
vt 0.353894 0.022413
vt 0.147361 0.920037
vt 0.499082 0.921625
vt 0.185897 0.920037
vt 0.485757 0.921625
vt 0.150242 0.920037
vt 0.351123 0.022413
vt 0.155894 0.920037
vt 0.158448 0.920037
vt 0.183343 0.920037
vt 0.201993 0.920037
vt 0.199755 0.920037
vt 0.160686 0.920037
vt 0.153124 0.920037
vt 0.488639 0.921625
vt 0.364981 0.022413
vt 0.362427 0.022413
vt 0.181105 0.920037
vt 0.348569 0.022413
vt 0.359657 0.022413
vt 0.197201 0.920037
vt 0.491520 0.921625
vt 0.367219 0.022413
vt 0.346331 0.022413
vt 0.194430 0.920037
vt 0.478195 0.921625
vt 0.139798 0.920037
vt 0.476832 0.926634
vt 0.479362 0.926634
vt 0.138436 0.925045
vt 0.140966 0.925045
vt 0.359883 0.026288
vt 0.356775 0.027421
vt 0.194657 0.923912
vt 0.191549 0.925045
vt 0.494785 0.925501
vt 0.497672 0.925501
vt 0.144002 0.923912
vt 0.482398 0.925501
vt 0.188291 0.925045
vt 0.353518 0.027421
vt 0.147134 0.923912
vt 0.500445 0.926634
vt 0.185402 0.923912
vt 0.485531 0.925501
vt 0.150242 0.925045
vt 0.350628 0.026288
vt 0.156389 0.923912
vt 0.159276 0.923912
vt 0.182515 0.923912
vt 0.203355 0.925045
vt 0.200825 0.925045
vt 0.162049 0.925045
vt 0.153500 0.925045
vt 0.488639 0.926634
vt 0.366052 0.027421
vt 0.363015 0.026288
vt 0.179742 0.925045
vt 0.347742 0.026288
vt 0.197789 0.923912
vt 0.491896 0.926634
vt 0.368582 0.027421
vt 0.344969 0.027421
vt 0.356775 0.033184
vt 0.353526 0.033184
vt 0.147172 0.925222
vt 0.144073 0.925222
vt 0.144081 0.929593
vt 0.147174 0.929593
vt 0.499686 0.927866
vt 0.497568 0.926810
vt 0.497557 0.931182
vt 0.499670 0.932312
vt 0.185475 0.925222
vt 0.187545 0.926277
vt 0.187548 0.930723
vt 0.185481 0.929593
vt 0.485568 0.926810
vt 0.482470 0.926810
vt 0.482477 0.931182
vt 0.485571 0.931182
vt 0.149429 0.926277
vt 0.149428 0.930723
vt 0.350701 0.027598
vt 0.352771 0.028653
vt 0.352774 0.033099
vt 0.350707 0.031969
vt 0.159172 0.925222
vt 0.156316 0.925222
vt 0.156310 0.929593
vt 0.159161 0.929593
vt 0.182619 0.925222
vt 0.182630 0.929593
vt 0.203324 0.930808
vt 0.200801 0.930808
vt 0.161290 0.926277
vt 0.161274 0.930723
vt 0.150242 0.930808
vt 0.153491 0.930808
vt 0.487826 0.927866
vt 0.487824 0.932312
vt 0.362944 0.027598
vt 0.365231 0.028653
vt 0.365218 0.033099
vt 0.362936 0.031969
vt 0.180502 0.926277
vt 0.180517 0.930723
vt 0.347845 0.027598
vt 0.347856 0.031969
vt 0.359845 0.027598
vt 0.359843 0.031969
vt 0.154246 0.926277
vt 0.154243 0.930723
vt 0.197718 0.925222
vt 0.200004 0.926277
vt 0.199992 0.930723
vt 0.197710 0.929593
vt 0.488639 0.932397
vt 0.491887 0.932397
vt 0.368551 0.033184
vt 0.366027 0.033184
vt 0.345728 0.028653
vt 0.345744 0.033099
vt 0.494712 0.926810
vt 0.492642 0.927866
vt 0.492639 0.932312
vt 0.494707 0.931182
vt 0.194619 0.925222
vt 0.194617 0.929593
vt 0.476863 0.932397
vt 0.479387 0.932397
vt 0.138467 0.930808
vt 0.140990 0.930808
vt 0.357588 0.028653
vt 0.357589 0.033099
vt 0.192362 0.926277
vt 0.192363 0.930723
vt 0.141787 0.926277
vt 0.141800 0.930723
vt 0.480183 0.927866
vt 0.480196 0.932312
vt 0.191549 0.930808
vt 0.188300 0.930808
vt 0.352938 0.035594
vt 0.350998 0.034184
vt 0.156020 0.931807
vt 0.158717 0.931807
vt 0.185772 0.931807
vt 0.183074 0.931807
vt 0.202673 0.933430
vt 0.200289 0.933430
vt 0.160660 0.933218
vt 0.150242 0.933430
vt 0.153311 0.933430
vt 0.485714 0.933396
vt 0.487820 0.934806
vt 0.364734 0.035594
vt 0.362626 0.034184
vt 0.181131 0.933218
vt 0.348301 0.034184
vt 0.359700 0.034184
vt 0.154079 0.933218
vt 0.199508 0.933218
vt 0.197400 0.931807
vt 0.488639 0.935019
vt 0.491708 0.935019
vt 0.367899 0.035807
vt 0.365515 0.035807
vt 0.346358 0.035594
vt 0.492475 0.934806
vt 0.494416 0.933396
vt 0.194474 0.931807
vt 0.477515 0.935019
vt 0.479899 0.935019
vt 0.139119 0.933430
vt 0.141502 0.933430
vt 0.357594 0.035594
vt 0.192368 0.933218
vt 0.497113 0.933396
vt 0.142283 0.933218
vt 0.144391 0.931807
vt 0.480680 0.934806
vt 0.482787 0.933396
vt 0.191549 0.933430
vt 0.188480 0.933430
vt 0.356775 0.035807
vt 0.353706 0.035807
vt 0.147317 0.931807
vt 0.499056 0.934806
vt 0.187712 0.933218
vt 0.149424 0.933218
vt 0.452734 0.326216
vt 0.452734 0.321688
vt 0.453961 0.321880
vt 0.453961 0.326025
vt 0.456080 0.309725
vt 0.458242 0.306523
vt 0.459019 0.307944
vt 0.457039 0.310875
vt 0.466321 0.346336
vt 0.464119 0.346340
vt 0.464515 0.344428
vt 0.466450 0.344518
vt 0.479620 0.309725
vt 0.481179 0.312028
vt 0.479987 0.312966
vt 0.478661 0.310875
vt 0.482904 0.330714
vt 0.481724 0.334933
vt 0.479959 0.333536
vt 0.480989 0.329854
vt 0.460434 0.303409
vt 0.463284 0.301661
vt 0.463865 0.304497
vt 0.461378 0.306022
vt 0.348994 0.035577
vt 0.347315 0.037167
vt 0.482967 0.326216
vt 0.482969 0.329476
vt 0.481678 0.328891
vt 0.481739 0.326025
vt 0.477458 0.306523
vt 0.476681 0.307944
vt 0.475266 0.344496
vt 0.472417 0.346243
vt 0.471836 0.343407
vt 0.474322 0.341882
vt 0.453976 0.334933
vt 0.452796 0.330714
vt 0.454711 0.329854
vt 0.455741 0.333536
vt 0.454521 0.312028
vt 0.455713 0.312966
vt 0.475903 0.304215
vt 0.475270 0.305981
vt 0.482967 0.321688
vt 0.481739 0.321880
vt 0.456080 0.338179
vt 0.454521 0.335876
vt 0.455713 0.334939
vt 0.457039 0.337029
vt 0.477458 0.341381
vt 0.475903 0.343689
vt 0.475270 0.341924
vt 0.476681 0.339960
vt 0.472417 0.301661
vt 0.475266 0.303409
vt 0.474322 0.306022
vt 0.471836 0.304497
vt 0.452796 0.317190
vt 0.453976 0.312971
vt 0.455741 0.314368
vt 0.454711 0.318050
vt 0.458242 0.341381
vt 0.459019 0.339960
vt 0.496420 0.934789
vt 0.498099 0.936379
vt 0.469379 0.301568
vt 0.471581 0.301564
vt 0.471186 0.303476
vt 0.469250 0.303386
vt 0.479620 0.338179
vt 0.478661 0.337029
vt 0.459797 0.343689
vt 0.460431 0.341924
vt 0.452731 0.318428
vt 0.454022 0.319013
vt 0.469379 0.346336
vt 0.469250 0.344518
vt 0.466321 0.301568
vt 0.466450 0.303386
vt 0.481724 0.312971
vt 0.482904 0.317190
vt 0.480989 0.318050
vt 0.479959 0.314368
vt 0.158024 0.933200
vt 0.159703 0.934791
vt 0.463284 0.346243
vt 0.460434 0.344496
vt 0.461378 0.341882
vt 0.463865 0.343407
vt 0.481179 0.335876
vt 0.479987 0.334938
vt 0.459797 0.304215
vt 0.460431 0.305981
vt 0.183767 0.933200
vt 0.182089 0.934791
vt 0.476560 0.308236
vt 0.478464 0.311054
vt 0.477252 0.312526
vt 0.475566 0.310030
vt 0.471381 0.341187
vt 0.473584 0.339836
vt 0.456211 0.329180
vt 0.457123 0.332442
vt 0.457237 0.311054
vt 0.458448 0.312526
vt 0.457123 0.315462
vt 0.473584 0.308068
vt 0.481514 0.321959
vt 0.481514 0.325945
vt 0.479955 0.325717
vt 0.479955 0.322187
vt 0.457237 0.336850
vt 0.458448 0.335378
vt 0.476560 0.339668
vt 0.475566 0.337874
vt 0.471381 0.306717
vt 0.456211 0.318724
vt 0.459140 0.339668
vt 0.460134 0.337874
vt 0.479489 0.318724
vt 0.469196 0.303719
vt 0.469042 0.306028
vt 0.478464 0.336850
vt 0.477252 0.335378
vt 0.462117 0.339836
vt 0.454186 0.321959
vt 0.455746 0.322187
vt 0.469196 0.344185
vt 0.466504 0.344185
vt 0.466658 0.341876
vt 0.469042 0.341876
vt 0.466504 0.303719
vt 0.466658 0.306028
vt 0.478577 0.315462
vt 0.464319 0.341187
vt 0.478577 0.332442
vt 0.459140 0.308236
vt 0.462117 0.308068
vt 0.460134 0.310030
vt 0.464319 0.306717
vt 0.454186 0.325945
vt 0.455746 0.325717
vt 0.479489 0.329180
vt 0.974621 0.255789
vt 0.974621 0.258543
vt 0.972182 0.259088
vt 0.972182 0.256581
vt 0.801451 0.968291
vt 0.801451 0.965537
vt 0.799012 0.964992
vt 0.799012 0.967499
vt 0.801451 0.950592
vt 0.801451 0.948178
vt 0.799012 0.949186
vt 0.799012 0.951383
vt 0.974621 0.253375
vt 0.972182 0.254383
vt 0.974621 0.261531
vt 0.974621 0.264639
vt 0.972182 0.264639
vt 0.972182 0.261809
vt 0.402683 0.960496
vt 0.402683 0.963603
vt 0.400244 0.963325
vt 0.400244 0.960496
vt 0.296239 0.961289
vt 0.296239 0.958535
vt 0.293800 0.959327
vt 0.293800 0.961834
vt 0.801451 0.970705
vt 0.799012 0.969697
vt 0.296239 0.976235
vt 0.296239 0.973481
vt 0.293800 0.972935
vt 0.293800 0.975443
vt 0.296239 0.964277
vt 0.293800 0.964555
vt 0.801451 0.953345
vt 0.799012 0.953891
vt 0.402683 0.957388
vt 0.400244 0.957666
vt 0.296239 0.956121
vt 0.293800 0.957129
vt 0.296239 0.978648
vt 0.293800 0.977641
vt 0.402683 0.954400
vt 0.400244 0.954946
vt 0.801451 0.956334
vt 0.799012 0.956612
vt 0.402683 0.969346
vt 0.402683 0.971759
vt 0.400244 0.970752
vt 0.400244 0.968554
vt 0.974621 0.273489
vt 0.974621 0.275902
vt 0.972182 0.274894
vt 0.972182 0.272697
vt 0.296239 0.967385
vt 0.293800 0.967385
vt 0.801451 0.959441
vt 0.799012 0.959441
vt 0.402683 0.951646
vt 0.400244 0.952438
vt 0.974621 0.270735
vt 0.972182 0.270189
vt 0.402683 0.966592
vt 0.400244 0.966046
vt 0.801451 0.962549
vt 0.799012 0.962271
vt 0.296239 0.970492
vt 0.293800 0.970214
vt 0.974621 0.267746
vt 0.972182 0.267468
vt 0.402683 0.949232
vt 0.400244 0.950240
vt 0.297598 0.974277
vt 0.298678 0.970898
vt 0.977060 0.264639
vt 0.975980 0.268152
vt 0.474675 0.336266
vt 0.476166 0.334057
vt 0.802810 0.966334
vt 0.803890 0.962955
vt 0.803890 0.946706
vt 0.802810 0.944466
vt 0.801451 0.946197
vt 0.459534 0.334057
vt 0.461026 0.336266
vt 0.298678 0.967385
vt 0.803890 0.959441
vt 0.404042 0.967388
vt 0.405122 0.970502
vt 0.975980 0.271531
vt 0.977060 0.274645
vt 0.478556 0.325513
vt 0.478556 0.322391
vt 0.802810 0.955928
vt 0.297598 0.963871
vt 0.977060 0.277374
vt 0.405122 0.973231
vt 0.476166 0.313847
vt 0.474675 0.311639
vt 0.404042 0.953604
vt 0.405122 0.956982
vt 0.975980 0.279614
vt 0.974621 0.277883
vt 0.298678 0.957379
vt 0.298678 0.954650
vt 0.405122 0.960496
vt 0.802810 0.952549
vt 0.803890 0.949435
vt 0.975980 0.257747
vt 0.977060 0.261125
vt 0.461026 0.311639
vt 0.459534 0.313847
vt 0.457144 0.322391
vt 0.457144 0.325513
vt 0.297598 0.952410
vt 0.296239 0.954140
vt 0.297598 0.960493
vt 0.404042 0.964010
vt 0.404042 0.975471
vt 0.402683 0.973741
vt 0.468905 0.308100
vt 0.466796 0.308100
vt 0.466796 0.339805
vt 0.468905 0.339805
vt 0.296221 0.962116
vt 0.296221 0.964699
vt 0.974602 0.261953
vt 0.974602 0.259370
vt 0.801433 0.951792
vt 0.801433 0.954172
vt 0.402665 0.960496
vt 0.402665 0.957810
vt 0.296221 0.957649
vt 0.296221 0.959735
vt 0.296221 0.975034
vt 0.296221 0.977121
vt 0.402665 0.955227
vt 0.801433 0.956755
vt 0.402665 0.970232
vt 0.402665 0.968145
vt 0.974602 0.274375
vt 0.974602 0.272288
vt 0.296221 0.967385
vt 0.801433 0.959441
vt 0.402665 0.952847
vt 0.974602 0.269908
vt 0.402665 0.965765
vt 0.801433 0.962127
vt 0.296221 0.970071
vt 0.974602 0.267325
vt 0.402665 0.950760
vt 0.801433 0.964710
vt 0.402665 0.963182
vt 0.974602 0.264639
vt 0.296221 0.972654
vt 0.974602 0.256989
vt 0.801433 0.967091
vt 0.801433 0.949706
vt 0.974602 0.254903
vt 0.801433 0.969177
vt 0.003199 0.963493
vt 0.002502 0.960999
vt 0.004763 0.959984
vt 0.005283 0.961844
vt 0.019600 0.963493
vt 0.018587 0.965737
vt 0.016761 0.963518
vt 0.017517 0.961844
vt 0.015783 0.944860
vt 0.017299 0.946360
vt 0.015800 0.949064
vt 0.014669 0.947945
vt 0.005501 0.946360
vt 0.007017 0.944860
vt 0.008130 0.947945
vt 0.007000 0.949064
vt 0.012311 0.970705
vt 0.010488 0.970705
vt 0.010720 0.967224
vt 0.012080 0.967224
vt 0.020298 0.960999
vt 0.018037 0.959984
vt 0.004212 0.965737
vt 0.006038 0.963518
vt 0.004212 0.948268
vt 0.006038 0.950487
vt 0.014099 0.943827
vt 0.013413 0.947175
vt 0.002146 0.955653
vt 0.002502 0.953006
vt 0.004763 0.954021
vt 0.004497 0.955996
vt 0.020653 0.958352
vt 0.018302 0.958009
vt 0.014099 0.970178
vt 0.013413 0.966831
vt 0.002146 0.958352
vt 0.004497 0.958009
vt 0.003199 0.950512
vt 0.005283 0.952161
vt 0.005501 0.967646
vt 0.007000 0.964942
vt 0.019600 0.950512
vt 0.020298 0.953006
vt 0.018037 0.954021
vt 0.017517 0.952161
vt 0.020653 0.955653
vt 0.018302 0.955996
vt 0.012311 0.943300
vt 0.012080 0.946782
vt 0.018587 0.948268
vt 0.016761 0.950487
vt 0.015783 0.969145
vt 0.014669 0.966060
vt 0.007017 0.969145
vt 0.008130 0.966060
vt 0.010488 0.943301
vt 0.010720 0.946782
vt 0.008701 0.970178
vt 0.009386 0.966831
vt 0.017299 0.967646
vt 0.015800 0.964942
vt 0.008701 0.943827
vt 0.009386 0.947175
vt 0.007584 0.960023
vt 0.008055 0.961067
vt 0.008655 0.952050
vt 0.008055 0.952938
vt 0.013439 0.951352
vt 0.012656 0.950871
vt 0.007259 0.955143
vt 0.007094 0.956375
vt 0.015540 0.958863
vt 0.015706 0.957631
vt 0.011824 0.963379
vt 0.012656 0.963134
vt 0.007094 0.957631
vt 0.007584 0.953982
vt 0.008655 0.961955
vt 0.015540 0.955143
vt 0.015216 0.953982
vt 0.015706 0.956375
vt 0.011824 0.950626
vt 0.014745 0.952938
vt 0.013439 0.962653
vt 0.009360 0.962653
vt 0.010976 0.950626
vt 0.010144 0.963134
vt 0.014145 0.961955
vt 0.007259 0.958863
vt 0.010144 0.950871
vt 0.014145 0.952050
vt 0.014745 0.961067
vt 0.010976 0.963379
vt 0.009360 0.951352
vt 0.015216 0.960023
vt 0.009162 0.959722
vt 0.009563 0.960316
vt 0.014170 0.955758
vt 0.013953 0.954982
vt 0.014281 0.957423
vt 0.014281 0.956582
vt 0.012240 0.952900
vt 0.011684 0.952736
vt 0.013638 0.954283
vt 0.008847 0.954982
vt 0.008629 0.955758
vt 0.012240 0.961105
vt 0.012765 0.960783
vt 0.010035 0.960783
vt 0.011116 0.952736
vt 0.010559 0.961105
vt 0.013236 0.960316
vt 0.008519 0.957423
vt 0.008629 0.958247
vt 0.010559 0.952900
vt 0.013236 0.953689
vt 0.013638 0.959722
vt 0.011116 0.961269
vt 0.010035 0.953222
vt 0.008847 0.959023
vt 0.013953 0.959023
vt 0.012764 0.953222
vt 0.009563 0.953689
vt 0.011684 0.961269
vt 0.014170 0.958247
vt 0.009162 0.954283
vt 0.008519 0.956582
vt 0.431810 0.033023
vt 0.432364 0.033023
vt 0.432364 0.033390
vt 0.431799 0.033390
vt 0.392046 0.263962
vt 0.392600 0.263962
vt 0.392600 0.264329
vt 0.392035 0.264329
vt 0.511241 0.095603
vt 0.510709 0.095603
vt 0.510687 0.095970
vt 0.511230 0.095970
vt 0.467733 0.317980
vt 0.467303 0.317980
vt 0.467335 0.318346
vt 0.467774 0.318346
vt 0.431278 0.033023
vt 0.431256 0.033390
vt 0.465174 0.317980
vt 0.464641 0.317980
vt 0.464619 0.318346
vt 0.465162 0.318346
vt 0.511795 0.095603
vt 0.511795 0.095970
vt 0.391514 0.263962
vt 0.391492 0.264329
vt 0.513371 0.095603
vt 0.512880 0.095603
vt 0.512903 0.095970
vt 0.513403 0.095970
vt 0.430788 0.033023
vt 0.430755 0.033390
vt 0.433939 0.033023
vt 0.434369 0.033023
vt 0.434411 0.033390
vt 0.433972 0.033390
vt 0.513801 0.095603
vt 0.513842 0.095970
vt 0.512348 0.095603
vt 0.512360 0.095970
vt 0.465727 0.317980
vt 0.465727 0.318346
vt 0.393685 0.263962
vt 0.394176 0.263962
vt 0.394208 0.264329
vt 0.393708 0.264329
vt 0.430358 0.033023
vt 0.430316 0.033390
vt 0.391024 0.263962
vt 0.390991 0.264329
vt 0.393153 0.263962
vt 0.393165 0.264329
vt 0.433449 0.033023
vt 0.433471 0.033390
vt 0.466280 0.317980
vt 0.466292 0.318346
vt 0.394606 0.263962
vt 0.394647 0.264329
vt 0.390594 0.263962
vt 0.390553 0.264329
vt 0.466812 0.317980
vt 0.466835 0.318346
vt 0.432917 0.033023
vt 0.432928 0.033390
vt 0.464151 0.317980
vt 0.463721 0.317980
vt 0.463680 0.318346
vt 0.464119 0.318346
vt 0.510219 0.095603
vt 0.509789 0.095603
vt 0.509748 0.095970
vt 0.510186 0.095970
vt 0.511161 0.096542
vt 0.511795 0.096542
vt 0.391966 0.264901
vt 0.391357 0.264901
vt 0.086074 0.994894
vt 0.086238 0.994090
vt 0.085913 0.993891
vt 0.085729 0.994792
vt 0.095218 0.996567
vt 0.095053 0.997371
vt 0.095378 0.997570
vt 0.095563 0.996668
vt 0.081138 0.994894
vt 0.081193 0.995730
vt 0.081545 0.995730
vt 0.081483 0.994792
vt 0.086018 0.995730
vt 0.085666 0.995730
vt 0.512428 0.096542
vt 0.465093 0.318918
vt 0.465727 0.318918
vt 0.095053 0.994090
vt 0.095218 0.994894
vt 0.095563 0.994792
vt 0.095378 0.993891
vt 0.095274 0.995730
vt 0.095625 0.995730
vt 0.090767 0.994894
vt 0.090932 0.994090
vt 0.090607 0.993890
vt 0.090422 0.994792
vt 0.393842 0.264901
vt 0.393233 0.264901
vt 0.513037 0.096542
vt 0.080973 0.994090
vt 0.081298 0.993891
vt 0.466360 0.318918
vt 0.090712 0.995730
vt 0.090360 0.995730
vt 0.466969 0.318918
vt 0.433606 0.033962
vt 0.432997 0.033962
vt 0.086074 0.996567
vt 0.085729 0.996668
vt 0.090767 0.996567
vt 0.090422 0.996668
vt 0.392600 0.264901
vt 0.432364 0.033962
vt 0.081138 0.996567
vt 0.080973 0.997371
vt 0.081298 0.997570
vt 0.081483 0.996668
vt 0.090932 0.997371
vt 0.090607 0.997570
vt 0.086238 0.997371
vt 0.085913 0.997570
vt 0.431730 0.033962
vt 0.510552 0.096542
vt 0.431121 0.033962
vt 0.464484 0.318918
vt 0.394404 0.264901
vt 0.394676 0.266066
vt 0.394030 0.266066
vt 0.430068 0.033962
vt 0.430560 0.033962
vt 0.430287 0.035127
vt 0.429721 0.035127
vt 0.390796 0.264901
vt 0.391170 0.266066
vt 0.390524 0.266066
vt 0.393329 0.266066
vt 0.512524 0.097707
vt 0.513225 0.097707
vt 0.434167 0.033962
vt 0.434440 0.035127
vt 0.433794 0.035127
vt 0.465727 0.320083
vt 0.466456 0.320083
vt 0.394896 0.264901
vt 0.395242 0.266066
vt 0.390304 0.264901
vt 0.389958 0.266066
vt 0.467157 0.320083
vt 0.433093 0.035127
vt 0.463923 0.318918
vt 0.463431 0.318918
vt 0.463085 0.320083
vt 0.463651 0.320083
vt 0.509991 0.096542
vt 0.509499 0.096542
vt 0.509152 0.097707
vt 0.509719 0.097707
vt 0.392600 0.266066
vt 0.432364 0.035127
vt 0.467531 0.318918
vt 0.467803 0.320083
vt 0.510365 0.097707
vt 0.464297 0.320083
vt 0.431635 0.035127
vt 0.391871 0.266066
vt 0.511066 0.097707
vt 0.468023 0.318918
vt 0.468369 0.320083
vt 0.430934 0.035127
vt 0.464998 0.320083
vt 0.511795 0.097707
vt 0.513599 0.096542
vt 0.513871 0.097707
vt 0.434659 0.033962
vt 0.435006 0.035127
vt 0.514091 0.096542
vt 0.514437 0.097707
vt 0.465726 0.321866
vt 0.466542 0.321865
vt 0.395590 0.267849
vt 0.394950 0.267849
vt 0.390266 0.267848
vt 0.389678 0.267841
vt 0.467325 0.321862
vt 0.433959 0.036906
vt 0.433180 0.036910
vt 0.462777 0.321868
vt 0.463415 0.321865
vt 0.508870 0.099482
vt 0.509512 0.099480
vt 0.393425 0.267849
vt 0.392600 0.267849
vt 0.432363 0.036910
vt 0.468043 0.321858
vt 0.510224 0.099491
vt 0.464130 0.321866
vt 0.431542 0.036909
vt 0.391774 0.267849
vt 0.510990 0.099501
vt 0.468671 0.321855
vt 0.430752 0.036909
vt 0.464911 0.321867
vt 0.511796 0.099495
vt 0.390981 0.267849
vt 0.513397 0.099494
vt 0.514118 0.099494
vt 0.430020 0.036910
vt 0.435308 0.036898
vt 0.434674 0.036900
vt 0.514744 0.099492
vt 0.512613 0.099493
vt 0.394219 0.267849
vt 0.429373 0.036910
vt 0.393399 0.269539
vt 0.392597 0.269564
vt 0.433162 0.038683
vt 0.432365 0.038687
vt 0.467283 0.323532
vt 0.467969 0.323475
vt 0.509577 0.101089
vt 0.510266 0.101136
vt 0.463443 0.323550
vt 0.464151 0.323573
vt 0.431569 0.038671
vt 0.391788 0.269603
vt 0.511012 0.101180
vt 0.468554 0.323435
vt 0.430805 0.038647
vt 0.464919 0.323599
vt 0.511798 0.101202
vt 0.391007 0.269605
vt 0.513364 0.101194
vt 0.514075 0.101178
vt 0.430092 0.038626
vt 0.435186 0.038478
vt 0.434593 0.038535
vt 0.514691 0.101171
vt 0.512595 0.101205
vt 0.465722 0.323595
vt 0.394904 0.269575
vt 0.394179 0.269550
vt 0.429454 0.038615
vt 0.390312 0.269554
vt 0.433915 0.038630
vt 0.466521 0.323571
vt 0.395508 0.269554
vt 0.389760 0.269462
vt 0.462824 0.323547
vt 0.508952 0.101102
vt 0.392599 0.271075
vt 0.391838 0.271071
vt 0.510308 0.102655
vt 0.511033 0.102716
vt 0.467864 0.324813
vt 0.468444 0.324756
vt 0.431608 0.040142
vt 0.430882 0.040109
vt 0.464237 0.324987
vt 0.464964 0.325068
vt 0.511794 0.102722
vt 0.391107 0.271021
vt 0.513289 0.102634
vt 0.513957 0.102539
vt 0.430220 0.040076
vt 0.434990 0.039799
vt 0.434473 0.039925
vt 0.514507 0.102464
vt 0.512556 0.102691
vt 0.465725 0.325089
vt 0.394760 0.270960
vt 0.394096 0.270993
vt 0.429665 0.040003
vt 0.390445 0.270932
vt 0.393363 0.271030
vt 0.433844 0.040092
vt 0.466488 0.325040
vt 0.395357 0.270942
vt 0.389912 0.270807
vt 0.467217 0.324947
vt 0.433124 0.040180
vt 0.463029 0.324841
vt 0.463577 0.324893
vt 0.509118 0.102448
vt 0.509660 0.102512
vt 0.432366 0.040180
vt 0.391865 0.272233
vt 0.391163 0.272110
vt 0.513230 0.103640
vt 0.513855 0.103419
vt 0.430946 0.041218
vt 0.430339 0.041116
vt 0.434792 0.040610
vt 0.434376 0.040880
vt 0.514293 0.103186
vt 0.511789 0.103852
vt 0.512519 0.103806
vt 0.464993 0.326209
vt 0.465722 0.326268
vt 0.394684 0.271999
vt 0.394030 0.272101
vt 0.429896 0.040873
vt 0.390542 0.271878
vt 0.393334 0.272198
vt 0.433779 0.041134
vt 0.466464 0.326202
vt 0.395166 0.271813
vt 0.390110 0.271601
vt 0.467177 0.326033
vt 0.433093 0.041290
vt 0.463258 0.325563
vt 0.463690 0.325796
vt 0.509333 0.103242
vt 0.509765 0.103500
vt 0.392600 0.272254
vt 0.432370 0.041307
vt 0.467850 0.325806
vt 0.510379 0.103721
vt 0.464299 0.326028
vt 0.431637 0.041260
vt 0.511067 0.103822
vt 0.468304 0.325567
vt 0.172092 0.281408
vt 0.172632 0.281488
vt 0.172754 0.282286
vt 0.172311 0.282038
vt 0.173275 0.281671
vt 0.173375 0.282572
vt 0.174002 0.281832
vt 0.174080 0.282791
vt 0.464954 0.327165
vt 0.465727 0.327275
vt 0.466511 0.327143
vt 0.467312 0.326860
vt 0.467998 0.326417
vt 0.177019 0.281020
vt 0.177552 0.280862
vt 0.177344 0.281497
vt 0.176903 0.281818
vt 0.171815 0.280504
vt 0.172409 0.280531
vt 0.173079 0.280650
vt 0.173859 0.280761
vt 0.174734 0.280756
vt 0.174777 0.281849
vt 0.175607 0.280602
vt 0.175555 0.281660
vt 0.176479 0.280308
vt 0.176344 0.281331
vt 0.177172 0.280070
vt 0.177783 0.279956
vt 0.512551 0.104727
vt 0.513283 0.104429
vt 0.172176 0.279467
vt 0.172869 0.279515
vt 0.173730 0.279529
vt 0.174682 0.279473
vt 0.175705 0.279354
vt 0.176567 0.279164
vt 0.177285 0.279010
vt 0.177936 0.278925
vt 0.511794 0.104855
vt 0.172039 0.278354
vt 0.172746 0.278295
vt 0.173655 0.278215
vt 0.174629 0.278131
vt 0.175687 0.278038
vt 0.176568 0.277957
vt 0.177283 0.277900
vt 0.177933 0.277852
vt 0.511039 0.104780
vt 0.172056 0.277234
vt 0.172749 0.277056
vt 0.173624 0.276897
vt 0.174576 0.276789
vt 0.175585 0.276743
vt 0.176442 0.276761
vt 0.177166 0.276789
vt 0.177805 0.276777
vt 0.510317 0.104556
vt 0.172172 0.276153
vt 0.172843 0.275883
vt 0.173640 0.275628
vt 0.174524 0.275521
vt 0.175377 0.275554
vt 0.176262 0.275626
vt 0.176990 0.275731
vt 0.177605 0.275768
vt 0.509669 0.104138
vt 0.172333 0.275178
vt 0.172971 0.274846
vt 0.173701 0.274550
vt 0.174481 0.274424
vt 0.175258 0.274474
vt 0.176045 0.274593
vt 0.176760 0.274778
vt 0.177322 0.274893
vt 0.171999 0.274708
vt 0.172418 0.274371
vt 0.171815 0.275365
vt 0.173024 0.273952
vt 0.391815 0.273225
vt 0.391075 0.272950
vt 0.392599 0.273259
vt 0.174444 0.273470
vt 0.175181 0.273505
vt 0.175885 0.273697
vt 0.176552 0.273986
vt 0.177046 0.274261
vt 0.464619 0.317258
vt 0.464119 0.317258
vt 0.464151 0.317624
vt 0.464641 0.317624
vt 0.510687 0.094881
vt 0.510186 0.094881
vt 0.510219 0.095248
vt 0.510709 0.095248
vt 0.467335 0.317258
vt 0.466835 0.317258
vt 0.466812 0.317624
vt 0.467303 0.317624
vt 0.432364 0.032301
vt 0.432928 0.032301
vt 0.432917 0.032667
vt 0.432364 0.032667
vt 0.392600 0.263240
vt 0.393165 0.263240
vt 0.393153 0.263607
vt 0.392600 0.263607
vt 0.509748 0.094881
vt 0.509789 0.095248
vt 0.463680 0.317258
vt 0.463721 0.317624
vt 0.433471 0.032301
vt 0.433449 0.032667
vt 0.466292 0.317258
vt 0.466280 0.317624
vt 0.390553 0.263240
vt 0.390991 0.263240
vt 0.391024 0.263607
vt 0.390594 0.263607
vt 0.394208 0.263240
vt 0.394647 0.263240
vt 0.394606 0.263607
vt 0.394176 0.263607
vt 0.465727 0.317258
vt 0.465727 0.317624
vt 0.433972 0.032301
vt 0.433939 0.032667
vt 0.512903 0.094881
vt 0.512360 0.094881
vt 0.512348 0.095248
vt 0.512880 0.095248
vt 0.393708 0.263240
vt 0.393685 0.263607
vt 0.391492 0.263240
vt 0.391514 0.263607
vt 0.430316 0.032301
vt 0.430755 0.032301
vt 0.430788 0.032667
vt 0.430358 0.032667
vt 0.465162 0.317258
vt 0.465174 0.317624
vt 0.511795 0.094881
vt 0.511795 0.095248
vt 0.513842 0.094881
vt 0.513403 0.094881
vt 0.513371 0.095248
vt 0.513801 0.095248
vt 0.434411 0.032301
vt 0.434369 0.032667
vt 0.431256 0.032301
vt 0.431278 0.032667
vt 0.392035 0.263240
vt 0.392046 0.263607
vt 0.511230 0.094881
vt 0.511241 0.095248
vt 0.431799 0.032301
vt 0.431810 0.032667
vt 0.467774 0.317258
vt 0.467733 0.317624
vt 0.156353 0.924567
vt 0.159224 0.924567
vt 0.161669 0.925661
vt 0.365641 0.028037
vt 0.362980 0.026943
vt 0.359864 0.026943
vt 0.492269 0.927250
vt 0.494749 0.926156
vt 0.357182 0.028037
vt 0.497620 0.926156
vt 0.479773 0.927250
vt 0.482434 0.926156
vt 0.500065 0.927250
vt 0.485549 0.926156
vt 0.353145 0.028037
vt 0.350665 0.026943
vt 0.488232 0.927250
vt 0.347793 0.026943
vt 0.200415 0.925661
vt 0.197753 0.924567
vt 0.345348 0.028037
vt 0.194638 0.924567
vt 0.191955 0.925661
vt 0.141376 0.925661
vt 0.144038 0.924567
vt 0.147153 0.924567
vt 0.187918 0.925661
vt 0.185438 0.924567
vt 0.149836 0.925661
vt 0.182567 0.924567
vt 0.180122 0.925661
vt 0.153873 0.925661
vt 0.353150 0.033142
vt 0.357182 0.033142
vt 0.500042 0.932354
vt 0.500414 0.932397
vt 0.187924 0.930766
vt 0.149835 0.930766
vt 0.200396 0.930766
vt 0.161646 0.930766
vt 0.162018 0.930808
vt 0.153867 0.930766
vt 0.488231 0.932354
vt 0.365622 0.033142
vt 0.180145 0.930766
vt 0.179773 0.930808
vt 0.492263 0.932354
vt 0.345372 0.033142
vt 0.345000 0.033184
vt 0.479791 0.932354
vt 0.141395 0.930766
vt 0.191956 0.930766
vt 0.353322 0.035700
vt 0.199898 0.933324
vt 0.499409 0.934913
vt 0.499762 0.935019
vt 0.161013 0.933324
vt 0.161366 0.933430
vt 0.153695 0.933324
vt 0.149833 0.933324
vt 0.488229 0.934913
vt 0.365125 0.035700
vt 0.180778 0.933324
vt 0.180425 0.933430
vt 0.492091 0.934913
vt 0.346005 0.035700
vt 0.345651 0.035807
vt 0.480289 0.934913
vt 0.141893 0.933324
vt 0.357185 0.035700
vt 0.191958 0.933324
vt 0.188096 0.933324
vt 0.157947 0.933677
vt 0.155526 0.933677
vt 0.155497 0.934154
vt 0.157870 0.934154
vt 0.159827 0.935272
vt 0.159951 0.935753
vt 0.174945 0.069980
vt 0.176022 0.066864
vt 0.176347 0.066552
vt 0.175267 0.070067
vt 0.174945 0.073871
vt 0.175267 0.073881
vt 0.493922 0.935266
vt 0.491766 0.936860
vt 0.491317 0.937342
vt 0.493893 0.935742
vt 0.176022 0.077238
vt 0.176347 0.077847
vt 0.496343 0.935266
vt 0.496267 0.935742
vt 0.025606 0.157032
vt 0.026683 0.160148
vt 0.027008 0.160460
vt 0.025928 0.156945
vt 0.498223 0.936860
vt 0.498347 0.937342
vt 0.025606 0.153142
vt 0.025928 0.153131
vt 0.351492 0.036053
vt 0.353647 0.037648
vt 0.354097 0.038129
vt 0.351521 0.036530
vt 0.026683 0.149774
vt 0.027008 0.149165
vt 0.349070 0.036053
vt 0.349147 0.036530
vt 0.033550 0.160537
vt 0.034627 0.157421
vt 0.034952 0.157109
vt 0.033872 0.160624
vt 0.347191 0.037648
vt 0.347067 0.038129
vt 0.033550 0.164427
vt 0.033872 0.164437
vt 0.034627 0.167795
vt 0.034952 0.168404
vt 0.019251 0.139556
vt 0.020328 0.142672
vt 0.020653 0.142984
vt 0.019573 0.139469
vt 0.019251 0.135666
vt 0.019573 0.135655
vt 0.186265 0.933677
vt 0.188421 0.935272
vt 0.188870 0.935753
vt 0.186295 0.934154
vt 0.020328 0.132298
vt 0.020653 0.131689
vt 0.183844 0.933677
vt 0.183921 0.934154
vt 0.181964 0.935272
vt 0.181840 0.935753
vt 0.153370 0.935272
vt 0.152921 0.935753
vt 0.464190 0.343918
vt 0.463701 0.346291
vt 0.479973 0.313667
vt 0.481451 0.312500
vt 0.481334 0.329373
vt 0.482937 0.330095
vt 0.481451 0.335405
vt 0.479973 0.334237
vt 0.460904 0.306001
vt 0.460116 0.303812
vt 0.463701 0.301613
vt 0.464190 0.303986
vt 0.452764 0.330095
vt 0.454367 0.329373
vt 0.474796 0.341903
vt 0.475584 0.344092
vt 0.471999 0.346291
vt 0.471511 0.343918
vt 0.455727 0.334237
vt 0.454249 0.335405
vt 0.454249 0.312500
vt 0.455727 0.313667
vt 0.475584 0.303812
vt 0.474796 0.306001
vt 0.471511 0.303986
vt 0.471999 0.301613
vt 0.454367 0.318532
vt 0.452764 0.317809
vt 0.482937 0.317809
vt 0.481334 0.318532
vt 0.460116 0.344092
vt 0.460904 0.341903
vt 0.452731 0.329476
vt 0.454022 0.328891
vt 0.351462 0.035577
vt 0.454074 0.321919
vt 0.457138 0.310965
vt 0.174623 0.073860
vt 0.174623 0.069894
vt 0.175697 0.067177
vt 0.464119 0.301564
vt 0.464515 0.303476
vt 0.186236 0.933200
vt 0.469223 0.303553
vt 0.476621 0.308090
vt 0.033228 0.164417
vt 0.033228 0.160451
vt 0.034302 0.157733
vt 0.482969 0.318428
vt 0.481678 0.319013
vt 0.493951 0.934789
vt 0.481627 0.325985
vt 0.478562 0.336939
vt 0.025284 0.153152
vt 0.025284 0.157118
vt 0.026358 0.159835
vt 0.471581 0.346340
vt 0.471186 0.344428
vt 0.466477 0.344352
vt 0.155555 0.933200
vt 0.459079 0.339814
vt 0.018929 0.135676
vt 0.018929 0.139642
vt 0.020003 0.142360
vt 0.486572 0.901571
vt 0.484585 0.901571
vt 0.187495 0.899982
vt 0.189482 0.899982
vt 0.496129 0.901571
vt 0.494524 0.901571
vt 0.148176 0.899982
vt 0.146188 0.899982
vt 0.354708 0.002358
vt 0.356775 0.002358
vt 0.191549 0.899982
vt 0.482753 0.901571
vt 0.144357 0.899982
vt 0.492692 0.901571
vt 0.193616 0.899982
vt 0.358842 0.002358
vt 0.142751 0.899982
vt 0.481148 0.901571
vt 0.195603 0.899982
vt 0.490705 0.901571
vt 0.349284 0.002358
vt 0.350890 0.002358
vt 0.362661 0.002358
vt 0.364266 0.002358
vt 0.488639 0.901571
vt 0.197434 0.899982
vt 0.154296 0.899982
vt 0.152309 0.899982
vt 0.360829 0.002358
vt 0.352721 0.002358
vt 0.184058 0.899982
vt 0.185663 0.899982
vt 0.150242 0.899982
vt 0.157733 0.899982
vt 0.156128 0.899982
vt 0.199040 0.899982
vt 0.099492 0.926719
vt 0.099045 0.923388
vt 0.107292 0.905112
vt 0.109541 0.904450
vt 0.107292 0.938268
vt 0.105173 0.936968
vt 0.118110 0.935081
vt 0.116203 0.936968
vt 0.119732 0.910700
vt 0.121006 0.913524
vt 0.111835 0.904450
vt 0.099045 0.919992
vt 0.114084 0.938268
vt 0.103266 0.935082
vt 0.114084 0.905112
vt 0.122331 0.919992
vt 0.122331 0.923388
vt 0.101644 0.932680
vt 0.111835 0.938930
vt 0.100370 0.913524
vt 0.101644 0.910700
vt 0.121884 0.916661
vt 0.116203 0.906412
vt 0.121884 0.926719
vt 0.100370 0.929856
vt 0.103266 0.908299
vt 0.099492 0.916661
vt 0.109541 0.938930
vt 0.121006 0.929856
vt 0.118110 0.908298
vt 0.105173 0.906412
vt 0.119732 0.932680
vt 0.221871 0.818172
vt 0.210245 0.843938
vt 0.210245 0.839150
vt 0.225042 0.865850
vt 0.242443 0.834454
vt 0.225042 0.817238
vt 0.243073 0.839150
vt 0.243073 0.843938
vt 0.228276 0.817238
vt 0.231447 0.864916
vt 0.228276 0.865850
vt 0.210875 0.848634
vt 0.530747 0.095814
vt 0.536136 0.096600
vt 0.536136 0.097309
vt 0.530653 0.096509
vt 0.541526 0.095814
vt 0.541619 0.096509
vt 0.525564 0.093486
vt 0.525381 0.094141
vt 0.525349 0.094256
vt 0.525565 0.093484
vt 0.520789 0.089704
vt 0.520788 0.089706
vt 0.520522 0.090295
vt 0.516602 0.084617
vt 0.516602 0.084618
vt 0.516263 0.085120
vt 0.513167 0.078418
vt 0.513166 0.078419
vt 0.512768 0.078813
vt 0.510093 0.071666
vt 0.510614 0.071346
vt 0.510613 0.071347
vt 0.510171 0.071618
vt 0.508489 0.063836
vt 0.509042 0.063673
vt 0.509041 0.063673
vt 0.508571 0.063811
vt 0.507947 0.055692
vt 0.508511 0.055692
vt 0.508510 0.055692
vt 0.508031 0.055692
vt 0.508489 0.047549
vt 0.509042 0.047712
vt 0.509041 0.047712
vt 0.508571 0.047573
vt 0.510093 0.039719
vt 0.510614 0.040038
vt 0.510613 0.040038
vt 0.510171 0.039766
vt 0.513167 0.032966
vt 0.513166 0.032965
vt 0.512768 0.032571
vt 0.516602 0.026768
vt 0.516602 0.026766
vt 0.516263 0.026265
vt 0.520789 0.021680
vt 0.520788 0.021679
vt 0.520522 0.021089
vt 0.525349 0.017129
vt 0.525565 0.017900
vt 0.525564 0.017899
vt 0.525381 0.017244
vt 0.530637 0.014753
vt 0.530747 0.015573
vt 0.530747 0.015571
vt 0.530653 0.014875
vt 0.536136 0.013951
vt 0.536136 0.014787
vt 0.536136 0.014785
vt 0.536136 0.014076
vt 0.541636 0.014753
vt 0.541526 0.015573
vt 0.541526 0.015571
vt 0.541619 0.014875
vt 0.546924 0.017129
vt 0.546708 0.017900
vt 0.546708 0.017899
vt 0.546892 0.017244
vt 0.551484 0.021680
vt 0.551485 0.021679
vt 0.551751 0.021089
vt 0.555670 0.026768
vt 0.555671 0.026766
vt 0.556010 0.026265
vt 0.559106 0.032966
vt 0.559107 0.032965
vt 0.559505 0.032571
vt 0.562180 0.039719
vt 0.561659 0.040038
vt 0.561660 0.040038
vt 0.562102 0.039766
vt 0.563784 0.047549
vt 0.563231 0.047712
vt 0.563232 0.047712
vt 0.563701 0.047573
vt 0.564325 0.055692
vt 0.563761 0.055692
vt 0.563762 0.055692
vt 0.564241 0.055692
vt 0.563784 0.063836
vt 0.563231 0.063673
vt 0.563232 0.063673
vt 0.563701 0.063811
vt 0.562180 0.071666
vt 0.561659 0.071346
vt 0.561660 0.071347
vt 0.562102 0.071618
vt 0.559106 0.078418
vt 0.559107 0.078419
vt 0.559505 0.078813
vt 0.555670 0.084617
vt 0.555671 0.084618
vt 0.556010 0.085120
vt 0.551484 0.089704
vt 0.551485 0.089706
vt 0.551751 0.090295
vt 0.546924 0.094256
vt 0.546708 0.093484
vt 0.546708 0.093486
vt 0.546892 0.094141
vt 0.541636 0.096631
vt 0.541526 0.095812
vt 0.038999 0.775172
vt 0.039718 0.775172
vt 0.039718 0.782367
vt 0.038999 0.782367
vt 0.530637 0.096631
vt 0.536136 0.097433
vt 0.536136 0.096598
vt 0.530747 0.095812
vt 0.530762 0.095699
vt 0.536136 0.096482
vt 0.525595 0.093377
vt 0.520832 0.089608
vt 0.516658 0.084535
vt 0.513232 0.078354
vt 0.510686 0.071302
vt 0.509119 0.063650
vt 0.508590 0.055692
vt 0.509119 0.047735
vt 0.510686 0.040083
vt 0.513232 0.033031
vt 0.516658 0.026849
vt 0.520832 0.021777
vt 0.525595 0.018007
vt 0.530762 0.015686
vt 0.536136 0.014902
vt 0.541510 0.015686
vt 0.546678 0.018007
vt 0.551441 0.021777
vt 0.555615 0.026849
vt 0.559041 0.033031
vt 0.561586 0.040083
vt 0.563154 0.047735
vt 0.563683 0.055692
vt 0.563154 0.063650
vt 0.561586 0.071302
vt 0.559041 0.078354
vt 0.555615 0.084535
vt 0.551441 0.089608
vt 0.546678 0.093377
vt 0.541510 0.095699
vt 0.258242 0.774423
vt 0.258961 0.774423
vt 0.258961 0.767229
vt 0.258242 0.767229
vt 0.038999 0.768866
vt 0.039718 0.768866
vt 0.258242 0.782230
vt 0.258961 0.782230
vt 0.820647 0.764220
vt 0.821366 0.764220
vt 0.821366 0.770527
vt 0.820647 0.770527
vt 0.258242 0.790349
vt 0.258961 0.790349
vt 0.820647 0.757025
vt 0.821366 0.757025
vt 0.258242 0.798468
vt 0.258961 0.798468
vt 0.820647 0.749218
vt 0.821366 0.749218
vt 0.258242 0.806275
vt 0.258961 0.806275
vt 0.820647 0.741099
vt 0.821366 0.741099
vt 0.258242 0.813470
vt 0.258961 0.813470
vt 0.820647 0.732980
vt 0.821366 0.732980
vt 0.258242 0.819777
vt 0.258961 0.819777
vt 0.820647 0.725173
vt 0.821366 0.725173
vt 0.038999 0.821414
vt 0.039718 0.821414
vt 0.039718 0.827720
vt 0.038999 0.827720
vt 0.820647 0.717978
vt 0.821366 0.717978
vt 0.038999 0.814219
vt 0.039718 0.814219
vt 0.776882 0.785408
vt 0.776163 0.785408
vt 0.820647 0.711672
vt 0.821366 0.711672
vt 0.038999 0.806412
vt 0.039718 0.806412
vt 0.776163 0.809453
vt 0.776882 0.809453
vt 0.776163 0.770406
vt 0.776882 0.770406
vt 0.776882 0.764100
vt 0.776163 0.764100
vt 0.038999 0.798293
vt 0.039718 0.798293
vt 0.776163 0.816648
vt 0.776882 0.816648
vt 0.776163 0.777601
vt 0.776882 0.777601
vt 0.038999 0.790174
vt 0.039718 0.790174
vt 0.776163 0.822954
vt 0.776882 0.822954
vt 0.258961 0.760922
vt 0.258242 0.760922
vt 0.090432 0.109242
vt 0.085484 0.103229
vt 0.087962 0.076172
vt 0.085042 0.071378
vt 0.081416 0.066979
vt 0.077281 0.063190
vt 0.072857 0.060204
vt 0.068372 0.058184
vt 0.064058 0.057253
vt 0.087474 0.082740
vt 0.083958 0.078246
vt 0.079689 0.073814
vt 0.074933 0.069694
vt 0.069978 0.066128
vt 0.065118 0.063335
vt 0.060641 0.061502
vt 0.086257 0.089322
vt 0.082272 0.085295
vt 0.077545 0.081017
vt 0.072386 0.076752
vt 0.067125 0.072770
vt 0.062096 0.069327
vt 0.057621 0.066657
vt 0.084359 0.095666
vt 0.080049 0.092255
vt 0.075066 0.088311
vt 0.069736 0.084092
vt 0.064406 0.079874
vt 0.059423 0.075930
vt 0.055114 0.072519
vt 0.081851 0.101528
vt 0.077376 0.098858
vt 0.072348 0.095415
vt 0.067087 0.091432
vt 0.061927 0.087168
vt 0.057201 0.082889
vt 0.053215 0.078863
vt 0.078831 0.106682
vt 0.074354 0.104850
vt 0.069494 0.102057
vt 0.064539 0.098490
vt 0.059783 0.094370
vt 0.055515 0.089939
vt 0.051998 0.085445
vt 0.075415 0.110932
vt 0.071100 0.110001
vt 0.066616 0.107981
vt 0.062191 0.104995
vt 0.058056 0.101206
vt 0.054430 0.096807
vt 0.051510 0.092012
vt 0.774837 0.793527
vt 0.774837 0.801646
vt 0.091462 0.110494
vt 0.094523 0.103710
vt 0.774837 0.809453
vt 0.087566 0.116262
vt 0.774837 0.816648
vt 0.082985 0.120795
vt 0.774837 0.822954
vt 0.077895 0.123917
vt 0.256916 0.760922
vt 0.256916 0.767229
vt 0.072491 0.125508
vt 0.256916 0.774423
vt 0.066981 0.125508
vt 0.256916 0.782230
vt 0.061578 0.123917
vt 0.256916 0.790349
vt 0.056488 0.120795
vt 0.256916 0.798468
vt 0.051906 0.116262
vt 0.256916 0.806275
vt 0.048011 0.110494
vt 0.256916 0.813470
vt 0.044950 0.103710
vt 0.256916 0.819777
vt 0.042841 0.096173
vt 0.037673 0.827720
vt 0.037673 0.821414
vt 0.041766 0.088171
vt 0.037673 0.814219
vt 0.041766 0.080013
vt 0.037673 0.806412
vt 0.042841 0.072012
vt 0.037673 0.798293
vt 0.044950 0.064474
vt 0.037673 0.790174
vt 0.048011 0.057691
vt 0.037673 0.782367
vt 0.051907 0.051922
vt 0.037673 0.775172
vt 0.056488 0.047390
vt 0.037673 0.768866
vt 0.061578 0.044268
vt 0.819321 0.770527
vt 0.819321 0.764220
vt 0.066981 0.042676
vt 0.819321 0.757025
vt 0.072491 0.042676
vt 0.819321 0.749218
vt 0.077895 0.044268
vt 0.819321 0.741099
vt 0.082985 0.047390
vt 0.819321 0.732980
vt 0.087566 0.051922
vt 0.819321 0.725173
vt 0.091462 0.057691
vt 0.819321 0.717978
vt 0.094523 0.064474
vt 0.819321 0.711672
vt 0.096631 0.072012
vt 0.774837 0.764100
vt 0.774837 0.770406
vt 0.097706 0.080013
vt 0.774837 0.777601
vt 0.097706 0.088171
vt 0.774837 0.785408
vt 0.096631 0.096173
s 1
usemtl White_player.001
f 2667/1/1 9/2/2 8/3/3 2664/4/4
f 2709/5/5 23/6/6 22/7/7 2706/8/8
f 2670/9/9 10/10/10 9/2/2 2667/1/1
f 2712/11/11 24/12/12 23/6/6 2709/5/5
f 2673/13/13 11/14/14 10/10/10 2670/9/9
f 2715/15/15 25/16/16 24/12/12 2712/11/11
f 2676/17/17 12/18/18 11/14/14 2673/13/13
f 2718/19/19 26/20/20 25/16/16 2715/15/15
f 2679/21/21 13/22/22 12/23/18 2676/24/17
f 2721/25/23 27/26/24 26/20/20 2718/19/19
f 2682/27/25 14/28/26 13/22/22 2679/21/21
f 2724/29/27 28/30/28 27/26/24 2721/25/23
f 2685/31/29 15/32/30 14/33/26 2682/34/25
f 2727/35/31 29/36/32 28/37/28 2724/38/27
f 2688/39/33 16/40/34 15/32/30 2685/31/29
f 2642/41/35 1/42/36 32/43/37 2736/44/38
f 2730/45/39 30/46/40 29/36/32 2727/35/31
f 2691/47/41 17/48/42 16/40/34 2688/39/33
f 2652/49/43 4/50/44 3/51/45 2649/52/46
f 2733/53/47 31/54/48 30/55/40 2730/56/39
f 2694/57/49 18/58/50 17/48/42 2691/47/41
f 2655/59/51 5/60/52 4/61/44 2652/62/43
f 2736/44/38 32/43/37 31/54/48 2733/53/47
f 2697/63/53 19/64/54 18/58/50 2694/57/49
f 2658/65/55 6/66/56 5/60/52 2655/59/51
f 2700/67/57 20/68/58 19/64/54 2697/63/53
f 2661/69/59 7/70/60 6/71/56 2658/72/55
f 2884/73/61 2976/74/61 2644/75/61 2737/76/61
f 2703/77/62 21/78/63 20/79/58 2700/80/57
f 2664/4/4 8/3/3 7/70/60 2661/69/59
f 2706/81/8 22/82/7 21/78/63 2703/77/62
f 2931/83/61 2928/84/61 2692/85/61 2689/86/61
f 2892/87/61 2889/88/61 2731/89/61 2728/90/61
f 2973/91/61 2970/92/61 2650/93/61 2647/94/61
f 2934/95/61 2931/83/61 2689/86/61 2686/96/61
f 2895/97/61 2892/87/61 2728/90/61 2725/98/61
f 2976/74/61 2973/91/61 2647/94/61 2644/75/61
f 2937/99/61 2934/95/61 2686/96/61 2683/100/61
f 2898/101/61 2895/97/61 2725/98/61 2722/102/61
f 2940/103/61 2937/99/61 2683/100/61 2680/104/61
f 2901/105/61 2898/101/61 2722/102/61 2719/106/61
f 2649/52/46 3/51/45 2/107/64 2646/108/65
f 2943/109/61 2940/103/61 2680/104/61 2677/110/61
f 2904/111/61 2901/105/61 2719/106/61 2716/112/61
f 2946/113/61 2943/109/61 2677/110/61 2674/114/61
f 2907/115/61 2904/111/61 2716/112/61 2713/116/61
f 2949/117/61 2946/113/61 2674/114/61 2671/118/61
f 2910/119/61 2907/115/61 2713/116/61 2710/120/61
f 2952/121/61 2949/117/61 2671/118/61 2668/122/61
f 2913/123/61 2910/119/61 2710/120/61 2707/124/61
f 2955/125/61 2952/121/61 2668/122/61 2665/126/61
f 2916/127/61 2913/123/61 2707/124/61 2704/128/61
f 2958/129/61 2955/125/61 2665/126/61 2662/130/61
f 2919/131/61 2916/127/61 2704/128/61 2701/132/61
f 2961/133/61 2958/129/61 2662/130/61 2659/134/61
f 2922/135/61 2919/131/61 2701/132/61 2698/136/61
f 2964/137/61 2961/133/61 2659/134/61 2656/138/61
f 2925/139/61 2922/135/61 2698/136/61 2695/140/61
f 2967/141/61 2964/137/61 2656/138/61 2653/142/61
f 2928/84/61 2925/139/61 2695/140/61 2692/85/61
f 2887/143/66 2645/144/67 2643/145/68 2883/146/69
f 2970/92/61 2967/141/61 2653/142/61 2650/93/61
f 19/147/54 51/148/70 50/149/71 18/150/50
f 6/66/56 38/151/72 37/152/73 5/60/52
f 1/42/36 33/153/74 64/154/75 32/43/37
f 20/79/58 52/155/76 51/148/70 19/147/54
f 7/156/60 39/157/77 38/151/72 6/66/56
f 21/78/63 53/158/78 52/155/76 20/79/58
f 8/159/3 40/160/79 39/157/77 7/156/60
f 22/82/7 54/161/80 53/158/78 21/78/63
f 9/2/2 41/162/81 40/163/79 8/3/3
f 23/164/6 55/165/82 54/161/80 22/82/7
f 10/10/10 42/166/83 41/162/81 9/2/2
f 24/167/12 56/168/84 55/165/82 23/164/6
f 11/169/14 43/170/85 42/171/83 10/172/10
f 25/16/16 57/173/86 56/174/84 24/12/12
f 12/23/18 44/175/87 43/170/85 11/169/14
f 26/20/20 58/176/88 57/173/86 25/16/16
f 13/22/22 45/177/89 44/175/87 12/23/18
f 27/178/24 59/179/90 58/180/88 26/181/20
f 14/28/26 46/182/91 45/177/89 13/22/22
f 28/37/28 60/183/92 59/179/90 27/178/24
f 15/184/30 47/185/93 46/182/91 14/28/26
f 2/107/64 34/186/94 33/153/74 1/42/36
f 29/36/32 61/187/95 60/183/92 28/37/28
f 16/188/34 48/189/96 47/185/93 15/184/30
f 3/190/45 35/191/97 34/192/94 2/193/64
f 30/46/40 62/194/98 61/187/95 29/36/32
f 17/48/42 49/195/99 48/196/96 16/40/34
f 4/61/44 36/197/100 35/191/97 3/190/45
f 31/198/48 63/199/101 62/194/98 30/46/40
f 18/58/50 50/200/71 49/195/99 17/48/42
f 5/60/52 37/152/73 36/197/100 4/61/44
f 32/201/37 64/202/75 63/199/101 31/198/48
f 54/203/80 86/204/102 85/205/103 53/206/78
f 41/162/81 73/207/104 72/208/105 40/163/79
f 55/209/82 87/210/106 86/204/102 54/203/80
f 42/166/83 74/211/107 73/207/104 41/162/81
f 56/174/84 88/212/108 87/210/106 55/209/82
f 43/213/85 75/214/109 74/211/107 42/166/83
f 57/173/86 89/215/110 88/212/108 56/174/84
f 44/216/87 76/217/111 75/214/109 43/213/85
f 58/176/88 90/218/112 89/215/110 57/173/86
f 45/219/89 77/220/113 76/217/111 44/216/87
f 59/221/90 91/222/114 90/218/112 58/176/88
f 46/223/91 78/224/115 77/225/113 45/226/89
f 60/227/92 92/228/116 91/222/114 59/221/90
f 47/229/93 79/230/117 78/224/115 46/223/91
f 34/186/94 66/231/118 65/232/119 33/153/74
f 61/233/95 93/234/120 92/228/116 60/227/92
f 48/196/96 80/235/121 79/230/117 47/229/93
f 35/236/97 67/237/122 66/231/118 34/186/94
f 62/238/98 94/239/123 93/240/120 61/241/95
f 49/195/99 81/242/124 80/235/121 48/196/96
f 36/243/100 68/244/125 67/237/122 35/236/97
f 63/245/101 95/246/126 94/239/123 62/238/98
f 50/200/71 82/247/127 81/242/124 49/195/99
f 37/248/73 69/249/128 68/244/125 36/243/100
f 64/154/75 96/250/129 95/246/126 63/245/101
f 51/251/70 83/252/130 82/247/127 50/200/71
f 38/253/72 70/254/131 69/255/128 37/256/73
f 33/153/74 65/232/119 96/250/129 64/154/75
f 52/257/76 84/258/132 83/252/130 51/251/70
f 39/259/77 71/260/133 70/254/131 38/253/72
f 53/261/78 85/262/103 84/258/132 52/257/76
f 40/163/79 72/208/105 71/260/133 39/259/77
f 89/215/110 121/263/134 120/264/135 88/212/108
f 76/265/111 108/266/136 107/267/137 75/268/109
f 90/218/112 122/269/138 121/263/134 89/215/110
f 77/270/113 109/271/139 108/266/136 76/265/111
f 91/222/114 123/272/140 122/269/138 90/218/112
f 78/273/115 110/274/141 109/271/139 77/270/113
f 92/275/116 124/276/142 123/277/140 91/278/114
f 79/279/117 111/280/143 110/274/141 78/273/115
f 66/231/118 98/281/144 97/282/145 65/232/119
f 93/283/120 125/284/146 124/276/142 92/275/116
f 80/235/121 112/285/147 111/286/143 79/230/117
f 67/237/122 99/287/148 98/281/144 66/231/118
f 94/288/123 126/289/149 125/284/146 93/283/120
f 81/242/124 113/290/150 112/285/147 80/235/121
f 68/291/125 100/292/151 99/293/148 67/294/122
f 95/295/126 127/296/152 126/289/149 94/288/123
f 82/247/127 114/297/153 113/290/150 81/242/124
f 69/298/128 101/299/154 100/292/151 68/291/125
f 96/250/129 128/300/155 127/301/152 95/246/126
f 83/252/130 115/302/156 114/297/153 82/247/127
f 70/303/131 102/304/157 101/299/154 69/298/128
f 65/232/119 97/282/145 128/300/155 96/250/129
f 84/305/132 116/306/158 115/307/156 83/308/130
f 71/309/133 103/310/159 102/304/157 70/303/131
f 85/311/103 117/312/160 116/306/158 84/305/132
f 72/208/105 104/313/161 103/314/159 71/260/133
f 86/315/102 118/316/162 117/312/160 85/311/103
f 73/207/104 105/317/163 104/313/161 72/208/105
f 87/318/106 119/319/164 118/316/162 86/315/102
f 74/211/107 106/320/165 105/317/163 73/207/104
f 88/212/108 120/264/135 119/321/164 87/210/106
f 75/214/109 107/322/137 106/320/165 74/211/107
f 124/276/142 156/323/166 155/324/167 123/277/140
f 111/280/143 143/325/168 142/326/169 110/274/141
f 98/327/144 130/328/170 129/329/171 97/330/145
f 125/284/146 157/331/172 156/323/166 124/276/142
f 112/332/147 144/333/173 143/325/168 111/280/143
f 99/293/148 131/334/174 130/328/170 98/327/144
f 126/289/149 158/335/175 157/331/172 125/284/146
f 113/336/150 145/337/176 144/333/173 112/332/147
f 100/292/151 132/338/177 131/334/174 99/293/148
f 127/296/152 159/339/178 158/335/175 126/289/149
f 114/340/153 146/341/179 145/337/176 113/336/150
f 101/299/154 133/342/180 132/338/177 100/292/151
f 128/343/155 160/344/181 159/339/178 127/296/152
f 115/307/156 147/345/182 146/341/179 114/340/153
f 102/304/157 134/346/183 133/342/180 101/299/154
f 97/330/145 129/329/171 160/344/181 128/343/155
f 116/306/158 148/347/184 147/345/182 115/307/156
f 103/310/159 135/348/185 134/346/183 102/304/157
f 117/312/160 149/349/186 148/347/184 116/306/158
f 104/350/161 136/351/187 135/348/185 103/310/159
f 118/316/162 150/352/188 149/349/186 117/312/160
f 105/353/163 137/354/189 136/351/187 104/350/161
f 119/319/164 151/355/190 150/352/188 118/316/162
f 106/356/165 138/357/191 137/354/189 105/353/163
f 120/358/135 152/359/192 151/355/190 119/319/164
f 107/267/137 139/360/193 138/357/191 106/356/165
f 121/361/134 153/362/194 152/359/192 120/358/135
f 108/266/136 140/363/195 139/360/193 107/267/137
f 122/364/138 154/365/196 153/362/194 121/361/134
f 109/271/139 141/366/197 140/363/195 108/266/136
f 123/277/140 155/324/167 154/365/196 122/364/138
f 110/274/141 142/326/169 141/366/197 109/271/139
f 158/335/175 159/339/178 191/339/198 190/335/199
f 145/337/176 146/341/179 178/341/200 177/337/201
f 132/338/177 133/342/180 165/342/202 164/338/203
f 159/339/178 160/344/181 192/344/204 191/339/198
f 146/341/179 147/345/182 179/345/205 178/341/200
f 133/342/180 134/346/183 166/346/206 165/342/202
f 160/344/181 129/329/171 161/329/207 192/344/204
f 147/345/182 148/347/184 180/347/208 179/345/205
f 134/346/183 135/348/185 167/348/209 166/346/206
f 148/347/184 149/349/186 181/349/210 180/347/208
f 135/348/185 136/351/187 168/351/211 167/348/209
f 149/349/186 150/352/188 182/352/212 181/349/210
f 136/351/187 137/354/189 169/354/213 168/351/211
f 150/352/188 151/355/190 183/355/214 182/352/212
f 137/354/189 138/357/191 170/357/215 169/354/213
f 151/355/190 152/359/192 184/359/216 183/355/214
f 138/357/191 139/360/193 171/360/217 170/357/215
f 152/359/192 153/362/194 185/362/218 184/359/216
f 139/360/193 140/363/195 172/363/219 171/360/217
f 153/362/194 154/365/196 186/365/220 185/362/218
f 140/363/195 141/366/197 173/366/221 172/363/219
f 154/365/196 155/324/167 187/324/222 186/365/220
f 141/366/197 142/326/169 174/326/223 173/366/221
f 155/324/167 156/323/166 188/323/224 187/324/222
f 142/326/169 143/325/168 175/325/225 174/326/223
f 129/329/171 130/328/170 162/328/226 161/329/207
f 156/323/166 157/331/172 189/331/227 188/323/224
f 143/325/168 144/333/173 176/333/228 175/325/225
f 130/328/170 131/334/174 163/334/229 162/328/226
f 157/331/172 158/335/175 190/335/199 189/331/227
f 144/333/173 145/337/176 177/337/201 176/333/228
f 131/334/174 132/338/177 164/338/203 163/334/229
f 180/347/208 181/349/210 213/367/230 212/368/231
f 167/348/209 168/351/211 200/369/232 199/370/233
f 181/349/210 182/352/212 214/371/234 213/367/230
f 168/351/211 169/354/213 201/372/235 200/369/232
f 182/352/212 183/355/214 215/373/236 214/371/234
f 169/354/213 170/357/215 202/374/237 201/372/235
f 183/355/214 184/359/216 216/375/238 215/373/236
f 170/357/215 171/360/217 203/376/239 202/374/237
f 184/359/216 185/362/218 217/377/240 216/375/238
f 171/360/217 172/363/219 204/378/241 203/376/239
f 185/362/218 186/365/220 218/379/242 217/377/240
f 172/363/219 173/366/221 205/380/243 204/378/241
f 186/365/220 187/324/222 219/381/244 218/379/242
f 173/366/221 174/326/223 206/382/245 205/380/243
f 187/324/222 188/323/224 220/383/246 219/381/244
f 174/326/223 175/325/225 207/384/247 206/382/245
f 161/329/207 162/328/226 194/385/248 193/386/249
f 188/323/224 189/331/227 221/387/250 220/383/246
f 175/325/225 176/333/228 208/388/251 207/384/247
f 162/328/226 163/334/229 195/389/252 194/385/248
f 189/331/227 190/335/199 222/390/253 221/387/250
f 176/333/228 177/337/201 209/391/254 208/388/251
f 163/334/229 164/338/203 196/392/255 195/389/252
f 190/335/199 191/339/198 223/393/256 222/390/253
f 177/337/201 178/341/200 210/394/257 209/391/254
f 164/338/203 165/342/202 197/395/258 196/392/255
f 191/339/198 192/344/204 224/396/259 223/393/256
f 178/341/200 179/345/205 211/397/260 210/394/257
f 165/342/202 166/346/206 198/398/261 197/395/258
f 192/344/204 161/329/207 193/386/249 224/396/259
f 179/345/205 180/347/208 212/368/231 211/397/260
f 166/346/206 167/348/209 199/370/233 198/398/261
f 215/399/236 216/400/238 248/401/262 247/402/263
f 202/403/237 203/404/239 235/405/264 234/406/265
f 216/400/238 217/407/240 249/408/266 248/401/262
f 203/404/239 204/409/241 236/410/267 235/405/264
f 217/407/240 218/411/242 250/412/268 249/408/266
f 204/409/241 205/413/243 237/414/269 236/410/267
f 218/411/242 219/415/244 251/416/270 250/412/268
f 205/417/243 206/418/245 238/419/271 237/420/269
f 219/415/244 220/421/246 252/422/272 251/416/270
f 206/418/245 207/423/247 239/424/273 238/419/271
f 193/425/249 194/426/248 226/427/274 225/428/275
f 220/421/246 221/429/250 253/430/276 252/422/272
f 207/423/247 208/431/251 240/432/277 239/424/273
f 194/426/248 195/433/252 227/434/278 226/427/274
f 221/435/250 222/436/253 254/437/279 253/438/276
f 208/431/251 209/439/254 241/440/280 240/432/277
f 195/433/252 196/441/255 228/442/281 227/434/278
f 222/436/253 223/443/256 255/444/282 254/437/279
f 209/439/254 210/445/257 242/446/283 241/440/280
f 196/441/255 197/447/258 229/448/284 228/442/281
f 223/443/256 224/449/259 256/450/285 255/444/282
f 210/445/257 211/451/260 243/452/286 242/446/283
f 197/453/258 198/454/261 230/455/287 229/456/284
f 224/449/259 193/425/249 225/428/275 256/450/285
f 211/451/260 212/457/231 244/458/288 243/452/286
f 198/454/261 199/459/233 231/460/289 230/455/287
f 212/457/231 213/461/230 245/462/290 244/458/288
f 199/459/233 200/463/232 232/464/291 231/460/289
f 213/465/230 214/466/234 246/467/292 245/468/290
f 200/463/232 201/469/235 233/470/293 232/464/291
f 214/466/234 215/399/236 247/402/263 246/467/292
f 201/469/235 202/403/237 234/406/265 233/470/293
f 250/412/268 251/416/270 283/471/294 282/472/295
f 237/420/269 238/419/271 270/473/296 269/474/297
f 251/416/270 252/422/272 284/475/298 283/471/294
f 238/419/271 239/424/273 271/476/299 270/473/296
f 225/428/275 226/427/274 258/477/300 257/478/301
f 252/422/272 253/430/276 285/479/302 284/475/298
f 239/424/273 240/432/277 272/480/303 271/476/299
f 226/427/274 227/434/278 259/481/304 258/477/300
f 253/438/276 254/437/279 286/482/305 285/483/302
f 240/432/277 241/440/280 273/484/306 272/480/303
f 227/434/278 228/442/281 260/485/307 259/481/304
f 254/437/279 255/444/282 287/486/308 286/482/305
f 241/440/280 242/446/283 274/487/309 273/484/306
f 228/442/281 229/448/284 261/488/310 260/485/307
f 255/444/282 256/450/285 288/489/311 287/486/308
f 242/446/283 243/452/286 275/490/312 274/487/309
f 229/456/284 230/455/287 262/491/313 261/492/310
f 256/450/285 225/428/275 257/478/301 288/489/311
f 243/452/286 244/458/288 276/493/314 275/490/312
f 230/455/287 231/460/289 263/494/315 262/491/313
f 244/458/288 245/462/290 277/495/316 276/493/314
f 231/460/289 232/464/291 264/496/317 263/494/315
f 245/468/290 246/467/292 278/497/318 277/498/316
f 232/464/291 233/470/293 265/499/319 264/496/317
f 246/467/292 247/402/263 279/500/320 278/497/318
f 233/470/293 234/406/265 266/501/321 265/499/319
f 247/402/263 248/401/262 280/502/322 279/500/320
f 234/406/265 235/405/264 267/503/323 266/501/321
f 248/401/262 249/408/266 281/504/324 280/502/322
f 235/405/264 236/410/267 268/505/325 267/503/323
f 249/408/266 250/412/268 282/472/295 281/504/324
f 236/410/267 237/414/269 269/506/297 268/505/325
f 258/477/300 259/481/304 291/507/326 290/508/327
f 285/483/302 286/482/305 318/509/328 317/510/329
f 272/480/303 273/484/306 305/511/330 304/512/331
f 259/481/304 260/485/307 292/513/332 291/507/326
f 286/482/305 287/486/308 319/514/333 318/509/328
f 273/484/306 274/487/309 306/515/334 305/511/330
f 260/485/307 261/488/310 293/516/335 292/513/332
f 287/486/308 288/489/311 320/517/336 319/514/333
f 274/487/309 275/490/312 307/518/337 306/515/334
f 261/492/310 262/491/313 294/519/338 293/520/335
f 288/489/311 257/478/301 289/521/339 320/517/336
f 275/490/312 276/493/314 308/522/340 307/518/337
f 262/491/313 263/494/315 295/523/341 294/519/338
f 276/493/314 277/495/316 309/524/342 308/522/340
f 263/494/315 264/496/317 296/525/343 295/523/341
f 277/498/316 278/497/318 310/526/344 309/527/342
f 264/496/317 265/499/319 297/528/345 296/525/343
f 278/497/318 279/500/320 311/529/346 310/526/344
f 265/499/319 266/501/321 298/530/347 297/528/345
f 279/500/320 280/502/322 312/531/348 311/529/346
f 266/501/321 267/503/323 299/532/349 298/530/347
f 280/502/322 281/504/324 313/533/350 312/531/348
f 267/503/323 268/505/325 300/534/351 299/532/349
f 281/504/324 282/472/295 314/535/352 313/533/350
f 268/505/325 269/506/297 301/536/353 300/534/351
f 282/472/295 283/471/294 315/537/354 314/535/352
f 269/474/297 270/473/296 302/538/355 301/539/353
f 283/471/294 284/475/298 316/540/356 315/537/354
f 270/473/296 271/476/299 303/541/357 302/538/355
f 257/478/301 258/477/300 290/508/327 289/521/339
f 284/475/298 285/479/302 317/542/329 316/540/356
f 271/476/299 272/480/303 304/512/331 303/541/357
f 293/520/335 294/519/338 326/543/358 325/544/359
f 320/517/336 289/521/339 321/545/360 352/546/361
f 307/518/337 308/522/340 340/547/362 339/548/363
f 294/519/338 295/523/341 327/549/364 326/543/358
f 308/522/340 309/524/342 341/550/365 340/547/362
f 295/523/341 296/525/343 328/551/366 327/549/364
f 309/527/342 310/526/344 342/552/367 341/553/365
f 296/525/343 297/528/345 329/554/368 328/551/366
f 310/526/344 311/529/346 343/555/369 342/552/367
f 297/528/345 298/530/347 330/556/370 329/554/368
f 311/529/346 312/531/348 344/557/371 343/555/369
f 298/530/347 299/532/349 331/558/372 330/556/370
f 312/531/348 313/533/350 345/559/373 344/557/371
f 299/532/349 300/534/351 332/560/374 331/558/372
f 313/533/350 314/535/352 346/561/375 345/559/373
f 300/534/351 301/536/353 333/562/376 332/560/374
f 314/535/352 315/537/354 347/563/377 346/561/375
f 301/539/353 302/538/355 334/564/378 333/565/376
f 315/537/354 316/540/356 348/566/379 347/563/377
f 302/538/355 303/541/357 335/567/380 334/564/378
f 289/521/339 290/508/327 322/568/381 321/545/360
f 316/540/356 317/542/329 349/569/382 348/566/379
f 303/541/357 304/512/331 336/570/383 335/567/380
f 290/508/327 291/507/326 323/571/384 322/568/381
f 317/510/329 318/509/328 350/572/385 349/573/382
f 304/512/331 305/511/330 337/574/386 336/570/383
f 291/507/326 292/513/332 324/575/387 323/571/384
f 318/509/328 319/514/333 351/576/388 350/572/385
f 305/511/330 306/515/334 338/577/389 337/574/386
f 292/513/332 293/516/335 325/578/359 324/575/387
f 319/514/333 320/517/336 352/546/361 351/576/388
f 306/515/334 307/518/337 339/548/363 338/577/389
f 328/551/366 329/554/368 361/579/390 360/580/391
f 342/552/367 343/555/369 375/581/392 374/582/393
f 329/554/368 330/556/370 362/583/394 361/579/390
f 343/555/369 344/557/371 376/584/395 375/581/392
f 330/556/370 331/558/372 363/585/396 362/583/394
f 344/557/371 345/559/373 377/586/397 376/584/395
f 331/558/372 332/560/374 364/587/398 363/585/396
f 345/559/373 346/561/375 378/588/399 377/586/397
f 332/560/374 333/562/376 365/589/400 364/587/398
f 346/561/375 347/563/377 379/590/401 378/588/399
f 333/565/376 334/564/378 366/591/402 365/592/400
f 347/563/377 348/566/379 380/593/403 379/590/401
f 334/564/378 335/567/380 367/594/404 366/591/402
f 321/545/360 322/568/381 354/595/405 353/596/406
f 348/566/379 349/569/382 381/597/407 380/593/403
f 335/567/380 336/570/383 368/598/408 367/594/404
f 322/568/381 323/571/384 355/599/409 354/595/405
f 349/573/382 350/572/385 382/600/410 381/601/407
f 336/570/383 337/574/386 369/602/411 368/598/408
f 323/571/384 324/575/387 356/603/412 355/599/409
f 350/572/385 351/576/388 383/604/413 382/600/410
f 337/574/386 338/577/389 370/605/414 369/602/411
f 324/575/387 325/578/359 357/606/415 356/603/412
f 351/576/388 352/546/361 384/607/416 383/604/413
f 338/577/389 339/548/363 371/608/417 370/605/414
f 325/544/359 326/543/358 358/609/418 357/610/415
f 352/546/361 321/545/360 353/596/406 384/607/416
f 339/548/363 340/547/362 372/611/419 371/608/417
f 326/543/358 327/549/364 359/612/420 358/609/418
f 340/547/362 341/550/365 373/613/421 372/611/419
f 327/549/364 328/551/366 360/580/391 359/612/420
f 341/553/365 342/552/367 374/582/393 373/614/421
f 363/615/396 364/616/398 396/617/422 395/618/423
f 377/619/397 378/620/399 410/621/424 409/622/425
f 364/616/398 365/623/400 397/624/426 396/617/422
f 378/620/399 379/625/401 411/626/427 410/621/424
f 365/623/400 366/627/402 398/628/428 397/624/426
f 379/625/401 380/629/403 412/630/429 411/626/427
f 366/627/402 367/631/404 399/632/430 398/628/428
f 353/633/406 354/634/405 386/635/431 385/636/432
f 380/629/403 381/637/407 413/638/433 412/630/429
f 367/631/404 368/639/408 400/640/434 399/632/430
f 354/634/405 355/641/409 387/642/435 386/635/431
f 381/637/407 382/643/410 414/644/436 413/638/433
f 368/639/408 369/645/411 401/646/437 400/640/434
f 355/641/409 356/647/412 388/648/438 387/642/435
f 382/643/410 383/649/413 415/650/439 414/644/436
f 369/645/411 370/651/414 402/652/440 401/646/437
f 356/647/412 357/653/415 389/654/441 388/648/438
f 383/649/413 384/655/416 416/656/442 415/650/439
f 370/651/414 371/657/417 403/658/443 402/652/440
f 357/653/415 358/659/418 390/660/444 389/654/441
f 384/655/416 353/633/406 385/636/432 416/656/442
f 371/657/417 372/661/419 404/662/445 403/658/443
f 358/659/418 359/663/420 391/664/446 390/660/444
f 372/661/419 373/665/421 405/666/447 404/662/445
f 359/663/420 360/667/391 392/668/448 391/664/446
f 373/665/421 374/669/393 406/670/449 405/666/447
f 360/667/391 361/671/390 393/672/450 392/668/448
f 374/669/393 375/673/392 407/674/451 406/670/449
f 361/671/390 362/675/394 394/676/452 393/672/450
f 375/673/392 376/677/395 408/678/453 407/674/451
f 362/675/394 363/615/396 395/618/423 394/676/452
f 376/677/395 377/619/397 409/622/425 408/678/453
f 398/628/428 399/632/430 431/679/454 430/680/455
f 385/636/432 386/635/431 418/681/456 417/682/457
f 412/630/429 413/638/433 445/683/458 444/684/459
f 399/632/430 400/640/434 432/685/460 431/679/454
f 386/635/431 387/642/435 419/686/461 418/681/456
f 413/638/433 414/644/436 446/687/462 445/683/458
f 400/640/434 401/646/437 433/688/463 432/685/460
f 387/642/435 388/648/438 420/689/464 419/686/461
f 414/644/436 415/650/439 447/690/465 446/687/462
f 401/646/437 402/652/440 434/691/466 433/688/463
f 388/648/438 389/654/441 421/692/467 420/689/464
f 415/650/439 416/656/442 448/693/468 447/690/465
f 402/652/440 403/658/443 435/694/469 434/691/466
f 389/654/441 390/660/444 422/695/470 421/692/467
f 416/656/442 385/636/432 417/682/457 448/693/468
f 403/658/443 404/662/445 436/696/471 435/694/469
f 390/660/444 391/664/446 423/697/472 422/695/470
f 404/662/445 405/666/447 437/698/473 436/696/471
f 391/664/446 392/668/448 424/699/474 423/697/472
f 405/666/447 406/670/449 438/700/475 437/698/473
f 392/668/448 393/672/450 425/701/476 424/699/474
f 406/670/449 407/674/451 439/702/477 438/700/475
f 393/672/450 394/676/452 426/703/478 425/701/476
f 407/674/451 408/678/453 440/704/479 439/702/477
f 394/676/452 395/618/423 427/705/480 426/703/478
f 408/706/453 409/707/425 441/708/481 440/709/479
f 395/618/423 396/617/422 428/710/482 427/705/480
f 409/707/425 410/711/424 442/712/483 441/708/481
f 396/617/422 397/624/426 429/713/484 428/710/482
f 410/621/424 411/626/427 443/714/485 442/715/483
f 397/624/426 398/628/428 430/680/455 429/713/484
f 411/626/427 412/630/429 444/684/459 443/714/485
f 433/716/463 434/717/466 466/718/486 465/719/487
f 420/720/464 421/721/467 453/722/488 452/723/489
f 447/724/465 448/725/468 480/726/490 479/727/491
f 434/717/466 435/728/469 467/729/492 466/718/486
f 421/730/467 422/731/470 454/732/493 453/733/488
f 448/725/468 417/734/457 449/735/494 480/726/490
f 435/728/469 436/736/471 468/737/495 467/729/492
f 422/731/470 423/738/472 455/739/496 454/732/493
f 436/736/471 437/740/473 469/741/497 468/737/495
f 423/738/472 424/742/474 456/743/498 455/739/496
f 437/744/473 438/745/475 470/746/499 469/747/497
f 424/742/474 425/748/476 457/749/500 456/743/498
f 438/745/475 439/750/477 471/751/501 470/746/499
f 425/748/476 426/752/478 458/753/502 457/749/500
f 439/750/477 440/709/479 472/754/503 471/751/501
f 426/752/478 427/755/480 459/756/504 458/753/502
f 440/709/479 441/708/481 473/757/505 472/754/503
f 427/755/480 428/758/482 460/759/506 459/756/504
f 441/708/481 442/712/483 474/760/507 473/757/505
f 428/758/482 429/761/484 461/762/508 460/759/506
f 442/712/483 443/763/485 475/764/509 474/760/507
f 429/765/484 430/766/455 462/767/510 461/768/508
f 443/763/485 444/769/459 476/770/511 475/764/509
f 430/766/455 431/771/454 463/772/512 462/767/510
f 417/734/457 418/773/456 450/774/513 449/735/494
f 444/769/459 445/775/458 477/776/514 476/770/511
f 431/771/454 432/777/460 464/778/515 463/772/512
f 418/773/456 419/779/461 451/780/516 450/774/513
f 445/781/458 446/782/462 478/783/517 477/784/514
f 432/777/460 433/716/463 465/719/487 464/778/515
f 419/779/461 420/720/464 452/723/489 451/780/516
f 446/782/462 447/724/465 479/727/491 478/783/517
f 477/776/514 541/785/518 540/786/519 476/770/511
f 464/778/515 528/787/520 527/788/521 463/772/512
f 451/780/516 515/789/522 514/790/523 450/774/513
f 478/783/517 542/791/524 541/792/518 477/784/514
f 465/719/487 529/793/525 528/787/520 464/778/515
f 452/723/489 516/794/526 515/789/522 451/780/516
f 479/727/491 543/795/527 542/791/524 478/783/517
f 466/718/486 530/796/528 529/793/525 465/719/487
f 453/722/488 517/797/529 516/794/526 452/723/489
f 480/726/490 544/798/530 543/795/527 479/727/491
f 467/729/492 531/799/531 530/796/528 466/718/486
f 454/732/493 518/800/532 517/801/529 453/733/488
f 449/735/494 513/802/533 544/798/530 480/726/490
f 468/737/495 532/803/534 531/799/531 467/729/492
f 455/739/496 519/804/535 518/800/532 454/732/493
f 518/800/532 519/804/535 506/805/536 507/806/537
f 469/741/497 533/807/538 532/803/534 468/737/495
f 456/743/498 520/808/539 519/804/535 455/739/496
f 470/746/499 534/809/540 533/810/538 469/747/497
f 457/749/500 521/811/541 520/808/539 456/743/498
f 471/751/501 535/812/542 534/809/540 470/746/499
f 458/753/502 522/813/543 521/811/541 457/749/500
f 472/754/503 536/814/544 535/812/542 471/751/501
f 459/756/504 523/815/545 522/813/543 458/753/502
f 473/757/505 537/816/546 536/814/544 472/754/503
f 460/759/506 524/817/547 523/815/545 459/756/504
f 474/760/507 538/818/548 537/816/546 473/757/505
f 461/762/508 525/819/549 524/817/547 460/759/506
f 475/764/509 539/820/550 538/818/548 474/760/507
f 462/767/510 526/821/551 525/822/549 461/768/508
f 476/770/511 540/786/519 539/820/550 475/764/509
f 463/772/512 527/788/521 526/821/551 462/767/510
f 544/798/530 513/802/533 512/823/552 481/824/553
f 533/810/538 534/809/540 491/825/554 492/826/555
f 526/821/551 527/788/521 498/827/556 499/828/557
f 517/801/529 518/800/532 507/806/537 508/829/558
f 519/804/535 520/808/539 505/830/559 506/805/536
f 539/820/550 540/786/519 485/831/560 486/832/561
f 530/796/528 531/799/531 494/833/562 495/834/563
f 532/803/534 533/807/538 492/835/555 493/836/564
f 525/822/549 526/821/551 499/828/557 500/837/565
f 543/795/527 544/798/530 481/824/553 482/838/566
f 538/818/548 539/820/550 486/832/561 487/839/567
f 516/794/526 517/797/529 508/840/558 509/841/568
f 524/817/547 525/819/549 500/842/565 501/843/569
f 529/793/525 530/796/528 495/834/563 496/844/570
f 537/816/546 538/818/548 487/839/567 488/845/571
f 542/791/524 543/795/527 482/838/566 483/846/572
f 523/815/545 524/817/547 501/843/569 502/847/573
f 515/789/522 516/794/526 509/841/568 510/848/574
f 536/814/544 537/816/546 488/845/571 489/849/575
f 528/787/520 529/793/525 496/844/570 497/850/576
f 522/813/543 523/815/545 502/847/573 503/851/577
f 541/792/518 542/791/524 483/846/572 484/852/578
f 535/812/542 536/814/544 489/849/575 490/853/579
f 514/790/523 515/789/522 510/848/574 511/854/580
f 521/811/541 522/813/543 503/851/577 504/855/581
f 527/788/521 528/787/520 497/850/576 498/827/556
f 497/856/576 496/857/570 560/858/582 561/859/583
f 534/809/540 535/812/542 490/853/579 491/825/554
f 540/786/519 541/785/518 484/860/578 485/831/560
f 531/799/531 532/803/534 493/836/564 494/833/562
f 520/808/539 521/811/541 504/855/581 505/830/559
f 513/802/533 514/790/523 511/854/580 512/823/552
f 450/774/513 514/790/523 513/802/533 449/735/494
f 503/861/577 502/862/573 566/863/584 567/864/585
f 484/865/578 483/866/572 547/867/586 548/868/587
f 490/869/579 489/870/575 553/871/588 554/872/589
f 511/873/580 510/874/574 574/875/590 575/876/591
f 504/877/581 503/861/577 567/864/585 568/878/592
f 498/879/556 497/856/576 561/859/583 562/880/593
f 507/881/537 506/882/536 570/883/594 571/884/595
f 491/885/554 490/869/579 554/872/589 555/886/596
f 485/887/560 484/865/578 548/868/587 549/888/597
f 508/889/558 507/881/537 571/884/595 572/890/598
f 505/891/559 504/877/581 568/878/592 569/892/599
f 512/893/552 511/873/580 575/876/591 576/894/600
f 494/895/562 493/896/564 557/897/601 558/898/602
f 492/899/555 491/885/554 555/886/596 556/900/603
f 499/901/557 498/879/556 562/880/593 563/902/604
f 495/903/563 494/895/562 558/898/602 559/904/605
f 506/882/536 505/891/559 569/892/599 570/883/594
f 486/905/561 485/887/560 549/888/597 550/906/606
f 481/907/553 512/893/552 576/894/600 545/908/607
f 493/896/564 492/899/555 556/900/603 557/897/601
f 500/909/565 499/901/557 563/902/604 564/910/608
f 482/911/566 481/907/553 545/908/607 546/912/609
f 487/913/567 486/905/561 550/906/606 551/914/610
f 509/915/568 508/889/558 572/890/598 573/916/611
f 501/917/569 500/909/565 564/910/608 565/918/612
f 496/857/570 495/903/563 559/904/605 560/858/582
f 488/919/571 487/913/567 551/914/610 552/920/613
f 483/866/572 482/911/566 546/912/609 547/867/586
f 502/862/573 501/917/569 565/918/612 566/863/584
f 510/874/574 509/915/568 573/916/611 574/875/590
f 489/870/575 488/919/571 552/920/613 553/871/588
f 547/867/586 546/912/609 578/921/614 579/922/615
f 566/863/584 565/918/612 597/923/616 598/924/617
f 574/875/590 573/916/611 605/925/618 606/926/619
f 553/927/588 552/928/613 584/929/620 585/930/621
f 561/931/583 560/932/582 592/933/622 593/934/623
f 567/935/585 566/936/584 598/937/617 599/938/624
f 548/868/587 547/867/586 579/922/615 580/939/625
f 554/940/589 553/927/588 585/930/621 586/941/626
f 575/942/591 574/943/590 606/944/619 607/945/627
f 568/946/592 567/935/585 599/938/624 600/947/628
f 562/948/593 561/931/583 593/934/623 594/949/629
f 571/884/595 570/883/594 602/950/630 603/951/631
f 555/886/596 554/872/589 586/952/626 587/953/632
f 549/888/597 548/868/587 580/939/625 581/954/633
f 572/890/598 571/884/595 603/951/631 604/955/634
f 569/956/599 568/946/592 600/947/628 601/957/635
f 576/958/600 575/942/591 607/945/627 608/959/636
f 558/898/602 557/897/601 589/960/637 590/961/638
f 556/900/603 555/886/596 587/953/632 588/962/639
f 563/902/604 562/880/593 594/963/629 595/964/640
f 559/965/605 558/966/602 590/967/638 591/968/641
f 570/969/594 569/956/599 601/957/635 602/970/630
f 550/906/606 549/888/597 581/954/633 582/971/642
f 545/972/607 576/958/600 608/959/636 577/973/643
f 557/897/601 556/900/603 588/962/639 589/960/637
f 564/910/608 563/902/604 595/964/640 596/974/644
f 546/975/609 545/972/607 577/973/643 578/976/614
f 551/977/610 550/978/606 582/979/642 583/980/645
f 573/916/611 572/890/598 604/955/634 605/925/618
f 565/918/612 564/910/608 596/974/644 597/923/616
f 560/932/582 559/965/605 591/968/641 592/933/622
f 552/928/613 551/977/610 583/980/645 584/929/620
f 580/981/625 579/982/615 611/983/646 612/984/647
f 586/941/626 585/930/621 617/985/648 618/986/649
f 607/945/627 606/944/619 638/987/650 639/988/651
f 600/947/628 599/938/624 631/989/652 632/990/653
f 594/949/629 593/934/623 625/991/654 626/992/655
f 603/993/631 602/970/630 634/994/656 635/995/657
f 587/996/632 586/941/626 618/986/649 619/997/658
f 581/998/633 580/999/625 612/1000/647 613/1001/659
f 604/1002/634 603/993/631 635/995/657 636/1003/660
f 601/957/635 600/947/628 632/990/653 633/1004/661
f 608/959/636 607/945/627 639/988/651 640/1005/662
f 590/967/638 589/1006/637 621/1007/663 622/1008/664
f 588/1009/639 587/996/632 619/997/658 620/1010/665
f 595/1011/640 594/949/629 626/992/655 627/1012/666
f 591/968/641 590/967/638 622/1008/664 623/1013/667
f 602/970/630 601/957/635 633/1004/661 634/994/656
f 582/979/642 581/998/633 613/1001/659 614/1014/668
f 577/973/643 608/959/636 640/1005/662 609/1015/669
f 589/1006/637 588/1016/639 620/1017/665 621/1007/663
f 596/1018/644 595/1011/640 627/1012/666 628/1019/670
f 578/976/614 577/973/643 609/1015/669 610/1020/671
f 583/980/645 582/979/642 614/1014/668 615/1021/672
f 605/1022/618 604/1023/634 636/1024/660 637/1025/673
f 597/1026/616 596/1027/644 628/1028/670 629/1029/674
f 592/933/622 591/968/641 623/1013/667 624/1030/675
f 584/929/620 583/980/645 615/1021/672 616/1031/676
f 579/982/615 578/976/614 610/1020/671 611/983/646
f 598/937/617 597/1026/616 629/1029/674 630/1032/677
f 606/944/619 605/1022/618 637/1025/673 638/987/650
f 585/930/621 584/929/620 616/1031/676 617/985/648
f 593/934/623 592/933/622 624/1030/675 625/991/654
f 599/938/624 598/937/617 630/1032/677 631/989/652
f 613/1033/659 612/1034/647 644/1035/678 645/1036/679
f 636/1037/660 635/1038/657 667/1039/680 668/1040/681
f 633/1041/661 632/1042/653 664/1043/682 665/1044/683
f 640/1045/662 639/1046/651 671/1047/684 672/1048/685
f 622/1049/664 621/1050/663 653/1051/686 654/1052/687
f 620/1053/665 619/1054/658 651/1055/688 652/1056/689
f 627/1057/666 626/1058/655 658/1059/690 659/1060/691
f 623/1061/667 622/1049/664 654/1052/687 655/1062/692
f 634/1063/656 633/1041/661 665/1044/683 666/1064/693
f 614/1065/668 613/1033/659 645/1036/679 646/1066/694
f 609/1067/669 640/1045/662 672/1048/685 641/1068/695
f 621/1050/663 620/1053/665 652/1056/689 653/1051/686
f 628/1069/670 627/1057/666 659/1060/691 660/1070/696
f 610/1071/671 609/1067/669 641/1068/695 642/1072/697
f 615/1073/672 614/1065/668 646/1066/694 647/1074/698
f 637/1075/673 636/1037/660 668/1040/681 669/1076/699
f 629/1077/674 628/1069/670 660/1070/696 661/1078/700
f 624/1079/675 623/1061/667 655/1062/692 656/1080/701
f 616/1081/676 615/1073/672 647/1074/698 648/1082/702
f 611/1083/646 610/1071/671 642/1072/697 643/1084/703
f 630/1085/677 629/1077/674 661/1078/700 662/1086/704
f 638/1087/650 637/1075/673 669/1076/699 670/1088/705
f 617/1089/648 616/1081/676 648/1082/702 649/1090/706
f 625/1091/654 624/1079/675 656/1080/701 657/1092/707
f 631/1093/652 630/1085/677 662/1086/704 663/1094/708
f 612/1034/647 611/1083/646 643/1084/703 644/1035/678
f 618/1095/649 617/1089/648 649/1090/706 650/1096/709
f 639/1046/651 638/1087/650 670/1088/705 671/1047/684
f 632/1042/653 631/1093/652 663/1094/708 664/1043/682
f 626/1058/655 625/1091/654 657/1092/707 658/1059/690
f 635/1038/657 634/1063/656 666/1064/693 667/1039/680
f 619/1054/658 618/1095/649 650/1096/709 651/1055/688
f 646/1066/694 645/1036/679 677/1097/710 678/1098/711
f 641/1068/695 672/1048/685 704/1099/712 673/1100/713
f 653/1051/686 652/1056/689 684/1101/714 685/1102/715
f 660/1070/696 659/1060/691 691/1103/716 692/1104/717
f 642/1072/697 641/1068/695 673/1100/713 674/1105/718
f 647/1074/698 646/1066/694 678/1098/711 679/1106/719
f 669/1076/699 668/1040/681 700/1107/720 701/1108/721
f 661/1078/700 660/1070/696 692/1104/717 693/1109/722
f 656/1080/701 655/1062/692 687/1110/723 688/1111/724
f 648/1082/702 647/1074/698 679/1106/719 680/1112/725
f 643/1084/703 642/1072/697 674/1105/718 675/1113/726
f 662/1086/704 661/1078/700 693/1109/722 694/1114/727
f 670/1088/705 669/1076/699 701/1108/721 702/1115/728
f 649/1090/706 648/1082/702 680/1112/725 681/1116/729
f 657/1092/707 656/1080/701 688/1111/724 689/1117/730
f 663/1094/708 662/1086/704 694/1114/727 695/1118/731
f 644/1035/678 643/1084/703 675/1113/726 676/1119/732
f 650/1096/709 649/1090/706 681/1116/729 682/1120/733
f 671/1047/684 670/1088/705 702/1115/728 703/1121/734
f 664/1043/682 663/1094/708 695/1118/731 696/1122/735
f 658/1059/690 657/1092/707 689/1117/730 690/1123/736
f 667/1039/680 666/1064/693 698/1124/737 699/1125/738
f 651/1055/688 650/1096/709 682/1120/733 683/1126/739
f 645/1036/679 644/1035/678 676/1119/732 677/1097/710
f 668/1040/681 667/1039/680 699/1125/738 700/1107/720
f 665/1044/683 664/1043/682 696/1122/735 697/1127/740
f 672/1048/685 671/1047/684 703/1121/734 704/1099/712
f 654/1052/687 653/1051/686 685/1102/715 686/1128/741
f 652/1056/689 651/1055/688 683/1126/739 684/1101/714
f 659/1060/691 658/1059/690 690/1123/736 691/1103/716
f 655/1062/692 654/1052/687 686/1128/741 687/1110/723
f 666/1064/693 665/1044/683 697/1127/740 698/1124/737
f 693/1109/722 692/1104/717 724/1129/742 725/1130/743
f 688/1111/724 687/1110/723 719/1131/744 720/1132/745
f 680/1112/725 679/1106/719 711/1133/746 712/1134/747
f 675/1113/726 674/1105/718 706/1135/748 707/1136/749
f 694/1114/727 693/1109/722 725/1130/743 726/1137/750
f 702/1115/728 701/1108/721 733/1138/751 734/1139/752
f 681/1116/729 680/1112/725 712/1134/747 713/1140/753
f 689/1117/730 688/1111/724 720/1132/745 721/1141/754
f 695/1118/731 694/1114/727 726/1137/750 727/1142/755
f 676/1119/732 675/1113/726 707/1136/749 708/1143/756
f 682/1120/733 681/1116/729 713/1140/753 714/1144/757
f 703/1121/734 702/1115/728 734/1139/752 735/1145/758
f 696/1122/735 695/1118/731 727/1142/755 728/1146/759
f 690/1123/736 689/1117/730 721/1141/754 722/1147/760
f 699/1125/738 698/1124/737 730/1148/761 731/1149/762
f 683/1126/739 682/1120/733 714/1144/757 715/1150/763
f 677/1097/710 676/1119/732 708/1143/756 709/1151/764
f 700/1107/720 699/1125/738 731/1149/762 732/1152/765
f 697/1127/740 696/1122/735 728/1146/759 729/1153/766
f 704/1099/712 703/1121/734 735/1145/758 736/1154/767
f 686/1128/741 685/1102/715 717/1155/768 718/1156/769
f 684/1101/714 683/1126/739 715/1150/763 716/1157/770
f 691/1103/716 690/1123/736 722/1147/760 723/1158/771
f 687/1110/723 686/1128/741 718/1156/769 719/1131/744
f 698/1124/737 697/1127/740 729/1153/766 730/1148/761
f 678/1098/711 677/1097/710 709/1151/764 710/1159/772
f 673/1100/713 704/1099/712 736/1154/767 705/1160/773
f 685/1102/715 684/1101/714 716/1157/770 717/1155/768
f 692/1104/717 691/1103/716 723/1158/771 724/1129/742
f 674/1105/718 673/1100/713 705/1160/773 706/1135/748
f 679/1106/719 678/1098/711 710/1159/772 711/1133/746
f 701/1108/721 700/1107/720 732/1152/765 733/1138/751
f 713/1161/753 712/1162/747 744/1163/774 745/1164/775
f 721/1165/754 720/1166/745 752/1167/776 753/1168/777
f 727/1169/755 726/1170/750 758/1171/778 759/1172/779
f 708/1173/756 707/1174/749 739/1175/780 740/1176/781
f 714/1177/757 713/1161/753 745/1164/775 746/1178/782
f 735/1179/758 734/1180/752 766/1181/783 767/1182/784
f 728/1183/759 727/1169/755 759/1172/779 760/1184/785
f 722/1185/760 721/1165/754 753/1168/777 754/1186/786
f 731/1187/762 730/1188/761 762/1189/787 763/1190/788
f 715/1191/763 714/1177/757 746/1178/782 747/1192/789
f 709/1193/764 708/1194/756 740/1195/781 741/1196/790
f 732/1197/765 731/1187/762 763/1190/788 764/1198/791
f 729/1199/766 728/1183/759 760/1184/785 761/1200/792
f 736/1201/767 735/1179/758 767/1182/784 768/1202/793
f 718/1203/769 717/1204/768 749/1205/794 750/1206/795
f 716/1207/770 715/1191/763 747/1192/789 748/1208/796
f 723/1209/771 722/1185/760 754/1186/786 755/1210/797
f 719/1211/744 718/1203/769 750/1206/795 751/1212/798
f 730/1188/761 729/1199/766 761/1200/792 762/1189/787
f 710/1213/772 709/1193/764 741/1196/790 742/1214/799
f 705/1215/773 736/1201/767 768/1202/793 737/1216/800
f 717/1204/768 716/1217/770 748/1218/796 749/1205/794
f 724/1219/742 723/1209/771 755/1210/797 756/1220/801
f 706/1221/748 705/1215/773 737/1216/800 738/1222/802
f 711/1223/746 710/1213/772 742/1214/799 743/1224/803
f 733/1225/751 732/1226/765 764/1227/791 765/1228/804
f 725/1229/743 724/1230/742 756/1231/801 757/1232/805
f 720/1166/745 719/1211/744 751/1212/798 752/1167/776
f 712/1162/747 711/1223/746 743/1224/803 744/1163/774
f 707/1174/749 706/1221/748 738/1222/802 739/1175/780
f 726/1170/750 725/1229/743 757/1232/805 758/1171/778
f 734/1180/752 733/1225/751 765/1228/804 766/1181/783
f 749/1205/794 748/1218/796 780/1233/806 781/1234/807
f 756/1220/801 755/1210/797 787/1235/808 788/1236/809
f 738/1222/802 737/1216/800 769/1237/810 770/1238/811
f 743/1224/803 742/1214/799 774/1239/812 775/1240/813
f 765/1228/804 764/1227/791 796/1241/814 797/1242/815
f 757/1232/805 756/1231/801 788/1243/809 789/1244/816
f 752/1167/776 751/1212/798 783/1245/817 784/1246/818
f 744/1163/774 743/1224/803 775/1240/813 776/1247/819
f 739/1175/780 738/1222/802 770/1238/811 771/1248/820
f 758/1171/778 757/1232/805 789/1244/816 790/1249/821
f 766/1181/783 765/1228/804 797/1242/815 798/1250/822
f 745/1164/775 744/1163/774 776/1247/819 777/1251/823
f 753/1168/777 752/1167/776 784/1246/818 785/1252/824
f 759/1172/779 758/1171/778 790/1249/821 791/1253/825
f 740/1176/781 739/1175/780 771/1248/820 772/1254/826
f 746/1178/782 745/1164/775 777/1251/823 778/1255/827
f 767/1182/784 766/1181/783 798/1250/822 799/1256/828
f 760/1184/785 759/1172/779 791/1253/825 792/1257/829
f 754/1186/786 753/1168/777 785/1252/824 786/1258/830
f 763/1190/788 762/1189/787 794/1259/831 795/1260/832
f 747/1192/789 746/1178/782 778/1255/827 779/1261/833
f 741/1196/790 740/1195/781 772/1262/826 773/1263/834
f 764/1198/791 763/1190/788 795/1260/832 796/1264/814
f 761/1200/792 760/1184/785 792/1257/829 793/1265/835
f 768/1202/793 767/1182/784 799/1256/828 800/1266/836
f 750/1206/795 749/1205/794 781/1234/807 782/1267/837
f 748/1208/796 747/1192/789 779/1261/833 780/1268/806
f 755/1210/797 754/1186/786 786/1258/830 787/1235/808
f 751/1212/798 750/1206/795 782/1267/837 783/1245/817
f 762/1189/787 761/1200/792 793/1265/835 794/1259/831
f 742/1214/799 741/1196/790 773/1263/834 774/1239/812
f 737/1216/800 768/1202/793 800/1266/836 769/1237/810
f 790/1249/821 789/1244/816 821/1269/838 822/1270/839
f 798/1250/822 797/1242/815 829/1271/840 830/1272/841
f 777/1251/823 776/1247/819 808/1273/842 809/1274/843
f 785/1252/824 784/1246/818 816/1275/844 817/1276/845
f 791/1253/825 790/1249/821 822/1270/839 823/1277/846
f 772/1254/826 771/1248/820 803/1278/847 804/1279/848
f 778/1255/827 777/1251/823 809/1274/843 810/1280/849
f 799/1256/828 798/1250/822 830/1272/841 831/1281/850
f 792/1257/829 791/1253/825 823/1277/846 824/1282/851
f 786/1258/830 785/1252/824 817/1276/845 818/1283/852
f 779/1261/833 778/1255/827 810/1280/849 811/1284/853
f 773/1263/834 772/1262/826 804/1285/848 805/1286/854
f 795/1260/832 794/1259/831 826/1287/855 827/1288/856
f 793/1265/835 792/1257/829 824/1282/851 825/1289/857
f 800/1266/836 799/1256/828 831/1281/850 832/1290/858
f 796/1264/814 795/1260/832 827/1288/856 828/1291/859
f 780/1268/806 779/1261/833 811/1284/853 812/1292/860
f 787/1235/808 786/1258/830 818/1283/852 819/1293/861
f 782/1267/837 781/1234/807 813/1294/862 814/1295/863
f 794/1259/831 793/1265/835 825/1289/857 826/1287/855
f 774/1239/812 773/1263/834 805/1286/854 806/1296/864
f 783/1245/817 782/1267/837 814/1295/863 815/1297/865
f 781/1234/807 780/1233/806 812/1298/860 813/1294/862
f 788/1236/809 787/1235/808 819/1293/861 820/1299/866
f 769/1237/810 800/1266/836 832/1290/858 801/1300/867
f 775/1240/813 774/1239/812 806/1296/864 807/1301/868
f 797/1242/815 796/1241/814 828/1302/859 829/1271/840
f 770/1238/811 769/1237/810 801/1300/867 802/1303/869
f 789/1244/816 788/1243/809 820/1304/866 821/1269/838
f 784/1246/818 783/1245/817 815/1297/865 816/1275/844
f 776/1247/819 775/1240/813 807/1301/868 808/1273/842
f 771/1248/820 770/1238/811 802/1303/869 803/1278/847
f 810/1280/849 809/1274/843 841/1305/870 842/1306/871
f 831/1281/850 830/1272/841 862/1307/872 863/1308/873
f 824/1282/851 823/1277/846 855/1309/874 856/1310/875
f 818/1283/852 817/1276/845 849/1311/876 850/1312/877
f 827/1288/856 826/1287/855 858/1313/878 859/1314/879
f 811/1284/853 810/1280/849 842/1306/871 843/1315/880
f 805/1286/854 804/1285/848 836/1316/881 837/1317/882
f 828/1291/859 827/1288/856 859/1314/879 860/1318/883
f 825/1289/857 824/1282/851 856/1310/875 857/1319/884
f 832/1290/858 831/1281/850 863/1308/873 864/1320/885
f 814/1295/863 813/1294/862 845/1321/886 846/1322/887
f 812/1292/860 811/1284/853 843/1315/880 844/1323/888
f 819/1293/861 818/1283/852 850/1312/877 851/1324/889
f 815/1297/865 814/1295/863 846/1322/887 847/1325/890
f 826/1287/855 825/1289/857 857/1319/884 858/1313/878
f 806/1296/864 805/1286/854 837/1317/882 838/1326/891
f 801/1300/867 832/1290/858 864/1320/885 833/1327/892
f 813/1294/862 812/1298/860 844/1328/888 845/1321/886
f 820/1299/866 819/1293/861 851/1324/889 852/1329/893
f 802/1303/869 801/1300/867 833/1327/892 834/1330/894
f 807/1301/868 806/1296/864 838/1326/891 839/1331/895
f 829/1271/840 828/1302/859 860/1332/883 861/1333/896
f 821/1269/838 820/1304/866 852/1334/893 853/1335/897
f 816/1275/844 815/1297/865 847/1325/890 848/1336/898
f 808/1273/842 807/1301/868 839/1331/895 840/1337/899
f 803/1278/847 802/1303/869 834/1330/894 835/1338/900
f 822/1270/839 821/1269/838 853/1335/897 854/1339/901
f 830/1272/841 829/1271/840 861/1333/896 862/1307/872
f 809/1274/843 808/1273/842 840/1337/899 841/1305/870
f 817/1276/845 816/1275/844 848/1336/898 849/1311/876
f 823/1277/846 822/1270/839 854/1339/901 855/1309/874
f 804/1279/848 803/1278/847 835/1338/900 836/1340/881
f 860/1318/883 859/1314/879 891/1341/902 892/1342/903
f 857/1319/884 856/1310/875 888/1343/904 889/1344/905
f 864/1320/885 863/1308/873 895/1345/906 896/1346/907
f 846/1322/887 845/1321/886 877/1347/908 878/1348/909
f 844/1323/888 843/1315/880 875/1349/910 876/1350/911
f 851/1324/889 850/1312/877 882/1351/912 883/1352/913
f 847/1325/890 846/1322/887 878/1348/909 879/1353/914
f 858/1313/878 857/1319/884 889/1344/905 890/1354/915
f 838/1326/891 837/1317/882 869/1355/916 870/1356/917
f 833/1327/892 864/1320/885 896/1346/907 865/1357/918
f 845/1321/886 844/1328/888 876/1358/911 877/1347/908
f 852/1329/893 851/1324/889 883/1352/913 884/1359/919
f 834/1330/894 833/1327/892 865/1357/918 866/1360/920
f 839/1331/895 838/1326/891 870/1356/917 871/1361/921
f 861/1333/896 860/1332/883 892/1362/903 893/1363/922
f 853/1335/897 852/1334/893 884/1364/919 885/1365/923
f 848/1336/898 847/1325/890 879/1353/914 880/1366/924
f 840/1337/899 839/1331/895 871/1361/921 872/1367/925
f 835/1338/900 834/1330/894 866/1360/920 867/1368/926
f 854/1339/901 853/1335/897 885/1365/923 886/1369/927
f 862/1307/872 861/1333/896 893/1363/922 894/1370/928
f 841/1305/870 840/1337/899 872/1367/925 873/1371/929
f 849/1311/876 848/1336/898 880/1366/924 881/1372/930
f 855/1309/874 854/1339/901 886/1369/927 887/1373/931
f 836/1340/881 835/1338/900 867/1368/926 868/1374/932
f 842/1306/871 841/1305/870 873/1371/929 874/1375/933
f 863/1308/873 862/1307/872 894/1370/928 895/1345/906
f 856/1310/875 855/1309/874 887/1373/931 888/1343/904
f 850/1312/877 849/1311/876 881/1372/930 882/1351/912
f 859/1314/879 858/1313/878 890/1354/915 891/1341/902
f 843/1315/880 842/1306/871 874/1375/933 875/1349/910
f 837/1317/882 836/1316/881 868/1376/932 869/1355/916
f 894/1370/928 893/1363/922 925/1377/934 926/1378/935
f 873/1371/929 872/1367/925 904/1379/936 905/1380/937
f 881/1372/930 880/1366/924 912/1381/938 913/1382/939
f 887/1373/931 886/1369/927 918/1383/940 919/1384/941
f 868/1374/932 867/1368/926 899/1385/942 900/1386/943
f 874/1375/933 873/1371/929 905/1380/937 906/1387/944
f 895/1345/906 894/1370/928 926/1378/935 927/1388/945
f 888/1343/904 887/1373/931 919/1384/941 920/1389/946
f 882/1351/912 881/1372/930 913/1382/939 914/1390/947
f 891/1341/902 890/1354/915 922/1391/948 923/1392/949
f 875/1349/910 874/1375/933 906/1387/944 907/1393/950
f 869/1355/916 868/1376/932 900/1394/943 901/1395/951
f 892/1342/903 891/1341/902 923/1392/949 924/1396/952
f 889/1344/905 888/1343/904 920/1389/946 921/1397/953
f 896/1346/907 895/1345/906 927/1388/945 928/1398/954
f 878/1348/909 877/1347/908 909/1399/955 910/1400/956
f 876/1350/911 875/1349/910 907/1393/950 908/1401/957
f 883/1352/913 882/1351/912 914/1390/947 915/1402/958
f 879/1353/914 878/1348/909 910/1400/956 911/1403/959
f 890/1354/915 889/1344/905 921/1397/953 922/1391/948
f 870/1356/917 869/1355/916 901/1395/951 902/1404/960
f 865/1357/918 896/1346/907 928/1398/954 897/1405/961
f 877/1347/908 876/1358/911 908/1406/957 909/1399/955
f 884/1359/919 883/1352/913 915/1402/958 916/1407/962
f 866/1360/920 865/1357/918 897/1405/961 898/1408/963
f 871/1361/921 870/1356/917 902/1404/960 903/1409/964
f 893/1363/922 892/1362/903 924/1410/952 925/1377/934
f 885/1365/923 884/1364/919 916/1411/962 917/1412/965
f 880/1366/924 879/1353/914 911/1403/959 912/1381/938
f 872/1367/925 871/1361/921 903/1409/964 904/1379/936
f 867/1368/926 866/1360/920 898/1408/963 899/1385/942
f 886/1369/927 885/1365/923 917/1412/965 918/1383/940
f 927/1388/945 926/1378/935 958/1413/966 959/1414/967
f 920/1389/946 919/1384/941 951/1415/968 952/1416/969
f 914/1390/947 913/1382/939 945/1417/970 946/1418/971
f 923/1392/949 922/1391/948 954/1419/972 955/1420/973
f 907/1393/950 906/1387/944 938/1421/974 939/1422/975
f 901/1395/951 900/1394/943 932/1423/976 933/1424/977
f 924/1396/952 923/1392/949 955/1420/973 956/1425/978
f 921/1397/953 920/1389/946 952/1416/969 953/1426/979
f 928/1398/954 927/1388/945 959/1414/967 960/1427/980
f 910/1400/956 909/1399/955 941/1428/981 942/1429/982
f 908/1401/957 907/1393/950 939/1422/975 940/1430/983
f 915/1402/958 914/1390/947 946/1418/971 947/1431/984
f 911/1403/959 910/1400/956 942/1429/982 943/1432/985
f 922/1391/948 921/1397/953 953/1426/979 954/1419/972
f 902/1404/960 901/1395/951 933/1424/977 934/1433/986
f 897/1405/961 928/1398/954 960/1427/980 929/1434/987
f 909/1399/955 908/1406/957 940/1435/983 941/1428/981
f 916/1407/962 915/1402/958 947/1431/984 948/1436/988
f 898/1408/963 897/1405/961 929/1434/987 930/1437/989
f 903/1409/964 902/1404/960 934/1433/986 935/1438/990
f 925/1377/934 924/1410/952 956/1439/978 957/1440/991
f 917/1412/965 916/1411/962 948/1441/988 949/1442/992
f 912/1381/938 911/1403/959 943/1432/985 944/1443/993
f 904/1379/936 903/1409/964 935/1438/990 936/1444/994
f 899/1385/942 898/1408/963 930/1437/989 931/1445/995
f 918/1383/940 917/1412/965 949/1442/992 950/1446/996
f 926/1378/935 925/1377/934 957/1440/991 958/1413/966
f 905/1380/937 904/1379/936 936/1444/994 937/1447/997
f 913/1382/939 912/1381/938 944/1443/993 945/1417/970
f 919/1384/941 918/1383/940 950/1446/996 951/1415/968
f 900/1386/943 899/1385/942 931/1445/995 932/1448/976
f 906/1387/944 905/1380/937 937/1447/997 938/1421/974
f 960/1449/980 959/1450/967 991/1451/998 992/1452/999
f 942/1453/982 941/1454/981 973/1455/1000 974/1456/1001
f 940/1457/983 939/1458/975 971/1459/1002 972/1460/1003
f 947/1461/984 946/1462/971 978/1463/1004 979/1464/1005
f 943/1465/985 942/1453/982 974/1456/1001 975/1466/1006
f 954/1467/972 953/1468/979 985/1469/1007 986/1470/1008
f 934/1471/986 933/1472/977 965/1473/1009 966/1474/1010
f 929/1475/987 960/1449/980 992/1452/999 961/1476/1011
f 941/1454/981 940/1457/983 972/1460/1003 973/1455/1000
f 948/1477/988 947/1461/984 979/1464/1005 980/1478/1012
f 930/1479/989 929/1475/987 961/1476/1011 962/1480/1013
f 935/1481/990 934/1471/986 966/1474/1010 967/1482/1014
f 957/1483/991 956/1484/978 988/1485/1015 989/1486/1016
f 949/1487/992 948/1477/988 980/1478/1012 981/1488/1017
f 944/1489/993 943/1465/985 975/1466/1006 976/1490/1018
f 936/1491/994 935/1481/990 967/1482/1014 968/1492/1019
f 931/1493/995 930/1479/989 962/1480/1013 963/1494/1020
f 950/1495/996 949/1487/992 981/1488/1017 982/1496/1021
f 958/1497/966 957/1483/991 989/1486/1016 990/1498/1022
f 937/1499/997 936/1491/994 968/1492/1019 969/1500/1023
f 945/1501/970 944/1489/993 976/1490/1018 977/1502/1024
f 951/1503/968 950/1495/996 982/1496/1021 983/1504/1025
f 932/1505/976 931/1493/995 963/1494/1020 964/1506/1026
f 938/1507/974 937/1499/997 969/1500/1023 970/1508/1027
f 959/1450/967 958/1497/966 990/1498/1022 991/1451/998
f 952/1509/969 951/1503/968 983/1504/1025 984/1510/1028
f 946/1462/971 945/1501/970 977/1502/1024 978/1463/1004
f 955/1511/973 954/1467/972 986/1470/1008 987/1512/1029
f 939/1458/975 938/1507/974 970/1508/1027 971/1459/1002
f 933/1472/977 932/1505/976 964/1506/1026 965/1473/1009
f 956/1484/978 955/1511/973 987/1512/1029 988/1485/1015
f 953/1468/979 952/1509/969 984/1510/1028 985/1469/1007
f 980/1513/1012 979/1514/1005 1011/1515/1030 1012/1516/1031
f 962/1517/1013 961/1518/1011 993/1519/1032 994/1520/1033
f 967/1521/1014 966/1522/1010 998/1523/1034 999/1524/1035
f 989/1525/1016 988/1526/1015 1020/1527/1036 1021/1528/1037
f 981/1529/1017 980/1530/1012 1012/1531/1031 1013/1532/1038
f 976/1533/1018 975/1534/1006 1007/1535/1039 1008/1536/1040
f 968/1537/1019 967/1521/1014 999/1524/1035 1000/1538/1041
f 963/1539/1020 962/1517/1013 994/1520/1033 995/1540/1042
f 982/1541/1021 981/1529/1017 1013/1532/1038 1014/1542/1043
f 990/1543/1022 989/1525/1016 1021/1528/1037 1022/1544/1044
f 969/1545/1023 968/1537/1019 1000/1538/1041 1001/1546/1045
f 977/1547/1024 976/1533/1018 1008/1536/1040 1009/1548/1046
f 983/1549/1025 982/1541/1021 1014/1542/1043 1015/1550/1047
f 964/1551/1026 963/1539/1020 995/1540/1042 996/1552/1048
f 970/1553/1027 969/1545/1023 1001/1546/1045 1002/1554/1049
f 991/1555/998 990/1543/1022 1022/1544/1044 1023/1556/1050
f 984/1557/1028 983/1549/1025 1015/1550/1047 1016/1558/1051
f 978/1559/1004 977/1547/1024 1009/1548/1046 1010/1560/1052
f 987/1561/1029 986/1562/1008 1018/1563/1053 1019/1564/1054
f 971/1565/1002 970/1553/1027 1002/1554/1049 1003/1566/1055
f 965/1567/1009 964/1568/1026 996/1569/1048 997/1570/1056
f 988/1571/1015 987/1561/1029 1019/1564/1054 1020/1572/1036
f 985/1573/1007 984/1557/1028 1016/1558/1051 1017/1574/1057
f 992/1575/999 991/1555/998 1023/1556/1050 1024/1576/1058
f 974/1577/1001 973/1578/1000 1005/1579/1059 1006/1580/1060
f 972/1581/1003 971/1565/1002 1003/1566/1055 1004/1582/1061
f 979/1514/1005 978/1559/1004 1010/1560/1052 1011/1515/1030
f 975/1534/1006 974/1577/1001 1006/1580/1060 1007/1535/1039
f 986/1562/1008 985/1573/1007 1017/1574/1057 1018/1563/1053
f 966/1522/1010 965/1567/1009 997/1570/1056 998/1523/1034
f 961/1518/1011 992/1575/999 1024/1576/1058 993/1519/1032
f 973/1578/1000 972/1583/1003 1004/1584/1061 1005/1579/1059
f 1000/1538/1041 999/1524/1035 1031/1585/1062 1032/1586/1063
f 995/1540/1042 994/1520/1033 1026/1587/1064 1027/1588/1065
f 1014/1542/1043 1013/1532/1038 1045/1589/1066 1046/1590/1067
f 1022/1544/1044 1021/1528/1037 1053/1591/1068 1054/1592/1069
f 1001/1546/1045 1000/1538/1041 1032/1586/1063 1033/1593/1070
f 1009/1548/1046 1008/1536/1040 1040/1594/1071 1041/1595/1072
f 1015/1550/1047 1014/1542/1043 1046/1590/1067 1047/1596/1073
f 996/1552/1048 995/1540/1042 1027/1588/1065 1028/1597/1074
f 1002/1554/1049 1001/1546/1045 1033/1593/1070 1034/1598/1075
f 1023/1556/1050 1022/1544/1044 1054/1592/1069 1055/1599/1076
f 1016/1558/1051 1015/1550/1047 1047/1596/1073 1048/1600/1077
f 1010/1560/1052 1009/1548/1046 1041/1595/1072 1042/1601/1078
f 1019/1564/1054 1018/1563/1053 1050/1602/1079 1051/1603/1080
f 1003/1566/1055 1002/1554/1049 1034/1598/1075 1035/1604/1081
f 997/1570/1056 996/1569/1048 1028/1605/1074 1029/1606/1082
f 1020/1572/1036 1019/1564/1054 1051/1603/1080 1052/1607/1083
f 1017/1574/1057 1016/1558/1051 1048/1600/1077 1049/1608/1084
f 1024/1576/1058 1023/1556/1050 1055/1599/1076 1056/1609/1085
f 1006/1580/1060 1005/1579/1059 1037/1610/1086 1038/1611/1087
f 1004/1582/1061 1003/1566/1055 1035/1604/1081 1036/1612/1088
f 1011/1515/1030 1010/1560/1052 1042/1601/1078 1043/1613/1089
f 1007/1535/1039 1006/1580/1060 1038/1611/1087 1039/1614/1090
f 1018/1563/1053 1017/1574/1057 1049/1608/1084 1050/1602/1079
f 998/1523/1034 997/1570/1056 1029/1606/1082 1030/1615/1091
f 993/1519/1032 1024/1576/1058 1056/1609/1085 1025/1616/1092
f 1005/1579/1059 1004/1584/1061 1036/1617/1088 1037/1610/1086
f 1012/1516/1031 1011/1515/1030 1043/1613/1089 1044/1618/1093
f 994/1520/1033 993/1519/1032 1025/1616/1092 1026/1587/1064
f 999/1524/1035 998/1523/1034 1030/1615/1091 1031/1585/1062
f 1021/1528/1037 1020/1527/1036 1052/1619/1083 1053/1591/1068
f 1013/1532/1038 1012/1531/1031 1044/1620/1093 1045/1589/1066
f 1008/1536/1040 1007/1535/1039 1039/1614/1090 1040/1594/1071
f 1047/1596/1073 1046/1590/1067 1078/1621/1094 1079/1622/1095
f 1028/1623/1074 1027/1624/1065 1059/1625/1096 1060/1626/1097
f 1034/1598/1075 1033/1593/1070 1065/1627/1098 1066/1628/1099
f 1055/1599/1076 1054/1592/1069 1086/1629/1100 1087/1630/1101
f 1048/1600/1077 1047/1596/1073 1079/1622/1095 1080/1631/1102
f 1042/1601/1078 1041/1595/1072 1073/1632/1103 1074/1633/1104
f 1051/1634/1080 1050/1635/1079 1082/1636/1105 1083/1637/1106
f 1035/1638/1081 1034/1639/1075 1066/1640/1099 1067/1641/1107
f 1029/1642/1082 1028/1623/1074 1060/1626/1097 1061/1643/1108
f 1052/1644/1083 1051/1634/1080 1083/1637/1106 1084/1645/1109
f 1049/1608/1084 1048/1600/1077 1080/1631/1102 1081/1646/1110
f 1056/1609/1085 1055/1599/1076 1087/1630/1101 1088/1647/1111
f 1038/1648/1087 1037/1649/1086 1069/1650/1112 1070/1651/1113
f 1036/1652/1088 1035/1638/1081 1067/1641/1107 1068/1653/1114
f 1043/1654/1089 1042/1655/1078 1074/1656/1104 1075/1657/1115
f 1039/1614/1090 1038/1611/1087 1070/1658/1113 1071/1659/1116
f 1050/1602/1079 1049/1608/1084 1081/1646/1110 1082/1660/1105
f 1030/1661/1091 1029/1642/1082 1061/1643/1108 1062/1662/1117
f 1025/1616/1092 1056/1609/1085 1088/1647/1111 1057/1663/1118
f 1037/1649/1086 1036/1652/1088 1068/1653/1114 1069/1650/1112
f 1044/1664/1093 1043/1654/1089 1075/1657/1115 1076/1665/1119
f 1026/1587/1064 1025/1616/1092 1057/1663/1118 1058/1666/1120
f 1031/1585/1062 1030/1615/1091 1062/1667/1117 1063/1668/1121
f 1053/1669/1068 1052/1644/1083 1084/1645/1109 1085/1670/1122
f 1045/1671/1066 1044/1664/1093 1076/1665/1119 1077/1672/1123
f 1040/1594/1071 1039/1614/1090 1071/1659/1116 1072/1673/1124
f 1032/1586/1063 1031/1585/1062 1063/1668/1121 1064/1674/1125
f 1027/1624/1065 1026/1675/1064 1058/1676/1120 1059/1625/1096
f 1046/1677/1067 1045/1671/1066 1077/1672/1123 1078/1678/1094
f 1054/1679/1069 1053/1669/1068 1085/1670/1122 1086/1680/1100
f 1033/1593/1070 1032/1586/1063 1064/1674/1125 1065/1627/1098
f 1041/1595/1072 1040/1594/1071 1072/1673/1124 1073/1632/1103
f 2610/1681/1126 2611/1682/1127 1114/1683/1128 1115/1684/1129
f 2612/1685/1130 2613/1686/1131 1098/1687/1132 1099/1688/1133
f 2614/1689/1134 2615/1690/1135 1092/1691/1136 1093/1692/1137
f 2616/1693/1138 2610/1681/1126 1115/1684/1129 1116/1694/1139
f 2617/1695/1140 2618/1696/1141 1112/1697/1142 1113/1698/1143
f 2619/1699/1144 2620/1700/1145 1119/1701/1146 1120/1702/1147
f 2621/1703/1148 2622/1704/1149 1101/1705/1150 1102/1706/1151
f 2623/1707/1152 2612/1685/1130 1099/1688/1133 1100/1708/1153
f 2624/1709/1154 2625/1710/1155 1106/1711/1156 1107/1712/1157
f 2626/1713/1158 2621/1703/1148 1102/1706/1151 1103/1714/1159
f 2611/1682/1127 2617/1695/1140 1113/1698/1143 1114/1683/1128
f 2627/1715/1160 2614/1689/1134 1093/1692/1137 1094/1716/1161
f 2628/1717/1162 2619/1699/1144 1120/1702/1147 1089/1718/1163
f 2622/1704/1149 2623/1707/1152 1100/1708/1153 1101/1705/1150
f 2629/1719/1164 2624/1709/1154 1107/1712/1157 1108/1720/1165
f 2630/1721/1166 2628/1717/1162 1089/1718/1163 1090/1722/1167
f 2631/1723/1168 2627/1715/1160 1094/1716/1161 1095/1724/1169
f 2632/1725/1170 2616/1693/1138 1116/1694/1139 1117/1726/1171
f 2633/1727/1172 2629/1719/1164 1108/1720/1165 1109/1728/1173
f 2634/1729/1174 2626/1713/1158 1103/1714/1159 1104/1730/1175
f 2635/1731/1176 2631/1723/1168 1095/1724/1169 1096/1732/1177
f 2636/1733/1178 2630/1721/1166 1090/1722/1167 1091/1734/1179
f 2637/1735/1180 2633/1727/1172 1109/1728/1173 1110/1736/1181
f 2638/1737/1182 2632/1725/1170 1117/1726/1171 1118/1738/1183
f 2639/1739/1184 2635/1731/1176 1096/1732/1177 1097/1740/1185
f 2640/1741/1186 2634/1729/1174 1104/1730/1175 1105/1742/1187
f 2641/1743/1188 2637/1735/1180 1110/1736/1181 1111/1744/1189
f 2615/1690/1135 2636/1733/1178 1091/1734/1179 1092/1691/1136
f 2613/1686/1131 2639/1739/1184 1097/1740/1185 1098/1687/1132
f 2620/1700/1145 2638/1737/1182 1118/1738/1183 1119/1701/1146
f 2618/1696/1141 2641/1743/1188 1111/1744/1189 1112/1697/1142
f 2625/1710/1155 2640/1741/1186 1105/1742/1187 1106/1711/1156
f 1103/1714/1159 1102/1706/1151 1134/1745/1190 1135/1746/1191
f 1114/1683/1128 1113/1698/1143 1145/1747/1192 1146/1748/1193
f 1094/1716/1161 1093/1692/1137 1125/1749/1194 1126/1750/1195
f 1089/1718/1163 1120/1702/1147 1152/1751/1196 1121/1752/1197
f 1101/1705/1150 1100/1708/1153 1132/1753/1198 1133/1754/1199
f 1108/1720/1165 1107/1712/1157 1139/1755/1200 1140/1756/1201
f 1090/1722/1167 1089/1718/1163 1121/1752/1197 1122/1757/1202
f 1095/1724/1169 1094/1716/1161 1126/1750/1195 1127/1758/1203
f 1117/1726/1171 1116/1694/1139 1148/1759/1204 1149/1760/1205
f 1109/1728/1173 1108/1720/1165 1140/1756/1201 1141/1761/1206
f 1104/1730/1175 1103/1714/1159 1135/1746/1191 1136/1762/1207
f 1096/1732/1177 1095/1724/1169 1127/1758/1203 1128/1763/1208
f 1091/1734/1179 1090/1722/1167 1122/1757/1202 1123/1764/1209
f 1110/1736/1181 1109/1728/1173 1141/1761/1206 1142/1765/1210
f 1118/1738/1183 1117/1726/1171 1149/1760/1205 1150/1766/1211
f 1097/1740/1185 1096/1732/1177 1128/1763/1208 1129/1767/1212
f 1105/1742/1187 1104/1730/1175 1136/1762/1207 1137/1768/1213
f 1111/1744/1189 1110/1736/1181 1142/1765/1210 1143/1769/1214
f 1092/1691/1136 1091/1734/1179 1123/1764/1209 1124/1770/1215
f 1098/1687/1132 1097/1740/1185 1129/1767/1212 1130/1771/1216
f 1119/1701/1146 1118/1738/1183 1150/1766/1211 1151/1772/1217
f 1112/1697/1142 1111/1744/1189 1143/1769/1214 1144/1773/1218
f 1106/1711/1156 1105/1742/1187 1137/1768/1213 1138/1774/1219
f 1115/1684/1129 1114/1683/1128 1146/1748/1193 1147/1775/1220
f 1099/1688/1133 1098/1687/1132 1130/1771/1216 1131/1776/1221
f 1093/1692/1137 1092/1691/1136 1124/1770/1215 1125/1749/1194
f 1116/1694/1139 1115/1684/1129 1147/1775/1220 1148/1759/1204
f 1113/1698/1143 1112/1697/1142 1144/1773/1218 1145/1747/1192
f 1120/1702/1147 1119/1701/1146 1151/1772/1217 1152/1751/1196
f 1102/1706/1151 1101/1705/1150 1133/1754/1199 1134/1745/1190
f 1100/1708/1153 1099/1688/1133 1131/1776/1221 1132/1753/1198
f 1107/1712/1157 1106/1711/1156 1138/1774/1219 1139/1755/1200
f 1149/1760/1205 1148/1759/1204 1180/1777/1222 1181/1778/1223
f 1141/1761/1206 1140/1756/1201 1172/1779/1224 1173/1780/1225
f 1136/1762/1207 1135/1746/1191 1167/1781/1226 1168/1782/1227
f 1128/1763/1208 1127/1758/1203 1159/1783/1228 1160/1784/1229
f 1123/1764/1209 1122/1757/1202 1154/1785/1230 1155/1786/1231
f 1142/1765/1210 1141/1761/1206 1173/1780/1225 1174/1787/1232
f 1150/1766/1211 1149/1760/1205 1181/1778/1223 1182/1788/1233
f 1129/1767/1212 1128/1763/1208 1160/1784/1229 1161/1789/1234
f 1137/1768/1213 1136/1762/1207 1168/1782/1227 1169/1790/1235
f 1143/1769/1214 1142/1765/1210 1174/1787/1232 1175/1791/1236
f 1124/1770/1215 1123/1764/1209 1155/1786/1231 1156/1792/1237
f 1130/1771/1216 1129/1767/1212 1161/1789/1234 1162/1793/1238
f 1151/1772/1217 1150/1766/1211 1182/1788/1233 1183/1794/1239
f 1144/1773/1218 1143/1769/1214 1175/1791/1236 1176/1795/1240
f 1138/1774/1219 1137/1768/1213 1169/1790/1235 1170/1796/1241
f 1147/1775/1220 1146/1748/1193 1178/1797/1242 1179/1798/1243
f 1131/1776/1221 1130/1771/1216 1162/1793/1238 1163/1799/1244
f 1125/1749/1194 1124/1770/1215 1156/1792/1237 1157/1800/1245
f 1148/1759/1204 1147/1775/1220 1179/1798/1243 1180/1777/1222
f 1145/1747/1192 1144/1773/1218 1176/1795/1240 1177/1801/1246
f 1152/1751/1196 1151/1772/1217 1183/1794/1239 1184/1802/1247
f 1134/1745/1190 1133/1754/1199 1165/1803/1248 1166/1804/1249
f 1132/1753/1198 1131/1776/1221 1163/1799/1244 1164/1805/1250
f 1139/1755/1200 1138/1774/1219 1170/1796/1241 1171/1806/1251
f 1135/1746/1191 1134/1745/1190 1166/1804/1249 1167/1781/1226
f 1146/1748/1193 1145/1747/1192 1177/1801/1246 1178/1797/1242
f 1126/1750/1195 1125/1749/1194 1157/1800/1245 1158/1807/1252
f 1121/1752/1197 1152/1751/1196 1184/1802/1247 1153/1808/1253
f 1133/1754/1199 1132/1753/1198 1164/1805/1250 1165/1803/1248
f 1140/1756/1201 1139/1755/1200 1171/1806/1251 1172/1779/1224
f 1122/1757/1202 1121/1752/1197 1153/1808/1253 1154/1785/1230
f 1127/1758/1203 1126/1750/1195 1158/1807/1252 1159/1783/1228
f 1182/1809/1233 1181/1810/1223 1213/1811/1254 1214/1812/1255
f 1161/1813/1234 1160/1814/1229 1192/1815/1256 1193/1816/1257
f 1169/1817/1235 1168/1818/1227 1200/1819/1258 1201/1820/1259
f 1175/1821/1236 1174/1822/1232 1206/1823/1260 1207/1824/1261
f 1156/1825/1237 1155/1826/1231 1187/1827/1262 1188/1828/1263
f 1162/1829/1238 1161/1813/1234 1193/1816/1257 1194/1830/1264
f 1183/1831/1239 1182/1809/1233 1214/1812/1255 1215/1832/1265
f 1176/1833/1240 1175/1821/1236 1207/1824/1261 1208/1834/1266
f 1170/1835/1241 1169/1817/1235 1201/1820/1259 1202/1836/1267
f 1179/1837/1243 1178/1838/1242 1210/1839/1268 1211/1840/1269
f 1163/1841/1244 1162/1829/1238 1194/1830/1264 1195/1842/1270
f 1157/1843/1245 1156/1844/1237 1188/1845/1263 1189/1846/1271
f 1180/1847/1222 1179/1837/1243 1211/1840/1269 1212/1848/1272
f 1177/1849/1246 1176/1833/1240 1208/1834/1266 1209/1850/1273
f 1184/1851/1247 1183/1831/1239 1215/1832/1265 1216/1852/1274
f 1166/1853/1249 1165/1854/1248 1197/1855/1275 1198/1856/1276
f 1164/1857/1250 1163/1841/1244 1195/1842/1270 1196/1858/1277
f 1171/1859/1251 1170/1835/1241 1202/1836/1267 1203/1860/1278
f 1167/1861/1226 1166/1853/1249 1198/1856/1276 1199/1862/1279
f 1178/1838/1242 1177/1849/1246 1209/1850/1273 1210/1839/1268
f 1158/1863/1252 1157/1843/1245 1189/1846/1271 1190/1864/1280
f 1153/1865/1253 1184/1851/1247 1216/1852/1274 1185/1866/1281
f 1165/1854/1248 1164/1867/1250 1196/1868/1277 1197/1855/1275
f 1172/1869/1224 1171/1859/1251 1203/1860/1278 1204/1870/1282
f 1154/1871/1230 1153/1865/1253 1185/1866/1281 1186/1872/1283
f 1159/1873/1228 1158/1863/1252 1190/1864/1280 1191/1874/1284
f 1181/1810/1223 1180/1875/1222 1212/1876/1272 1213/1811/1254
f 1173/1877/1225 1172/1878/1224 1204/1879/1282 1205/1880/1285
f 1168/1818/1227 1167/1861/1226 1199/1862/1279 1200/1819/1258
f 1160/1814/1229 1159/1873/1228 1191/1874/1284 1192/1815/1256
f 1155/1826/1231 1154/1871/1230 1186/1872/1283 1187/1827/1262
f 1174/1822/1232 1173/1877/1225 1205/1880/1285 1206/1823/1260
f 1215/1832/1265 1214/1812/1255 1246/1881/1286 1247/1882/1287
f 1208/1834/1266 1207/1824/1261 1239/1883/1288 1240/1884/1289
f 1202/1836/1267 1201/1820/1259 1233/1885/1290 1234/1886/1291
f 1211/1840/1269 1210/1839/1268 1242/1887/1292 1243/1888/1293
f 1195/1842/1270 1194/1830/1264 1226/1889/1294 1227/1890/1295
f 1189/1846/1271 1188/1845/1263 1220/1891/1296 1221/1892/1297
f 1212/1848/1272 1211/1840/1269 1243/1888/1293 1244/1893/1298
f 1209/1850/1273 1208/1834/1266 1240/1884/1289 1241/1894/1299
f 1216/1852/1274 1215/1832/1265 1247/1882/1287 1248/1895/1300
f 1198/1856/1276 1197/1855/1275 1229/1896/1301 1230/1897/1302
f 1196/1858/1277 1195/1842/1270 1227/1890/1295 1228/1898/1303
f 1203/1860/1278 1202/1836/1267 1234/1886/1291 1235/1899/1304
f 1199/1862/1279 1198/1856/1276 1230/1897/1302 1231/1900/1305
f 1210/1839/1268 1209/1850/1273 1241/1894/1299 1242/1887/1292
f 1190/1864/1280 1189/1846/1271 1221/1892/1297 1222/1901/1306
f 1185/1866/1281 1216/1852/1274 1248/1895/1300 1217/1902/1307
f 1197/1855/1275 1196/1868/1277 1228/1903/1303 1229/1896/1301
f 1204/1870/1282 1203/1860/1278 1235/1899/1304 1236/1904/1308
f 1186/1872/1283 1185/1866/1281 1217/1902/1307 1218/1905/1309
f 1191/1874/1284 1190/1864/1280 1222/1901/1306 1223/1906/1310
f 1213/1811/1254 1212/1876/1272 1244/1907/1298 1245/1908/1311
f 1205/1880/1285 1204/1879/1282 1236/1909/1308 1237/1910/1312
f 1200/1819/1258 1199/1862/1279 1231/1900/1305 1232/1911/1313
f 1192/1815/1256 1191/1874/1284 1223/1906/1310 1224/1912/1314
f 1187/1827/1262 1186/1872/1283 1218/1905/1309 1219/1913/1315
f 1206/1823/1260 1205/1880/1285 1237/1910/1312 1238/1914/1316
f 1214/1812/1255 1213/1811/1254 1245/1908/1311 1246/1881/1286
f 1193/1816/1257 1192/1815/1256 1224/1912/1314 1225/1915/1317
f 1201/1820/1259 1200/1819/1258 1232/1911/1313 1233/1885/1290
f 1207/1824/1261 1206/1823/1260 1238/1914/1316 1239/1883/1288
f 1188/1828/1263 1187/1827/1262 1219/1913/1315 1220/1916/1296
f 1194/1830/1264 1193/1816/1257 1225/1915/1317 1226/1889/1294
f 1248/1917/1300 1247/1918/1287 1279/1919/1318 1280/1920/1319
f 1230/1921/1302 1229/1922/1301 1261/1923/1320 1262/1924/1321
f 1228/1925/1303 1227/1926/1295 1259/1927/1322 1260/1928/1323
f 1235/1929/1304 1234/1930/1291 1266/1931/1324 1267/1932/1325
f 1231/1933/1305 1230/1921/1302 1262/1924/1321 1263/1934/1326
f 1242/1935/1292 1241/1936/1299 1273/1937/1327 1274/1938/1328
f 1222/1939/1306 1221/1940/1297 1253/1941/1329 1254/1942/1330
f 1217/1943/1307 1248/1917/1300 1280/1920/1319 1249/1944/1331
f 1229/1922/1301 1228/1925/1303 1260/1928/1323 1261/1923/1320
f 1236/1945/1308 1235/1929/1304 1267/1932/1325 1268/1946/1332
f 1218/1947/1309 1217/1943/1307 1249/1944/1331 1250/1948/1333
f 1223/1949/1310 1222/1939/1306 1254/1942/1330 1255/1950/1334
f 1245/1951/1311 1244/1952/1298 1276/1953/1335 1277/1954/1336
f 1237/1955/1312 1236/1945/1308 1268/1946/1332 1269/1956/1337
f 1232/1957/1313 1231/1933/1305 1263/1934/1326 1264/1958/1338
f 1224/1959/1314 1223/1949/1310 1255/1950/1334 1256/1960/1339
f 1219/1961/1315 1218/1947/1309 1250/1948/1333 1251/1962/1340
f 1238/1963/1316 1237/1955/1312 1269/1956/1337 1270/1964/1341
f 1246/1965/1286 1245/1951/1311 1277/1954/1336 1278/1966/1342
f 1225/1967/1317 1224/1959/1314 1256/1960/1339 1257/1968/1343
f 1233/1969/1290 1232/1957/1313 1264/1958/1338 1265/1970/1344
f 1239/1971/1288 1238/1963/1316 1270/1964/1341 1271/1972/1345
f 1220/1973/1296 1219/1961/1315 1251/1962/1340 1252/1974/1346
f 1226/1975/1294 1225/1967/1317 1257/1968/1343 1258/1976/1347
f 1247/1918/1287 1246/1965/1286 1278/1966/1342 1279/1919/1318
f 1240/1977/1289 1239/1971/1288 1271/1972/1345 1272/1978/1348
f 1234/1930/1291 1233/1969/1290 1265/1970/1344 1266/1931/1324
f 1243/1979/1293 1242/1935/1292 1274/1938/1328 1275/1980/1349
f 1227/1926/1295 1226/1975/1294 1258/1976/1347 1259/1927/1322
f 1221/1940/1297 1220/1973/1296 1252/1974/1346 1253/1941/1329
f 1244/1952/1298 1243/1979/1293 1275/1980/1349 1276/1953/1335
f 1241/1936/1299 1240/1977/1289 1272/1978/1348 1273/1937/1327
f 2546/1981/1350 2547/1982/1351 1299/1983/1352 1300/1984/1353
f 2548/1985/1354 2549/1986/1355 1281/1987/1356 1282/1988/1357
f 2550/1989/1358 2551/1990/1359 1286/1991/1360 1287/1992/1361
f 2552/1993/1362 2553/1994/1363 1308/1995/1364 1309/1996/1365
f 2554/1997/1366 2546/1981/1350 1300/1984/1353 1301/1998/1367
f 2555/1999/1368 2556/2000/1369 1295/2001/1370 1296/2002/1371
f 2557/2003/1372 2550/1989/1358 1287/1992/1361 1288/2004/1373
f 2558/2005/1374 2548/1985/1354 1282/1988/1357 1283/2006/1375
f 2559/2007/1376 2554/1997/1366 1301/1998/1367 1302/2008/1377
f 2560/2009/1378 2552/1993/1362 1309/1996/1365 1310/2010/1379
f 2561/2011/1380 2557/2003/1372 1288/2004/1373 1289/2012/1381
f 2562/2013/1382 2555/1999/1368 1296/2002/1371 1297/2014/1383
f 2563/2015/1384 2559/2007/1376 1302/2008/1377 1303/2016/1385
f 2564/2017/1386 2558/2005/1374 1283/2006/1375 1284/2018/1387
f 2565/2019/1388 2561/2011/1380 1289/2012/1381 1290/2020/1389
f 2566/2021/1390 2560/2009/1378 1310/2010/1379 1311/2022/1391
f 2567/2023/1392 2563/2015/1384 1303/2016/1385 1304/2024/1393
f 2568/2025/1394 2562/2013/1382 1297/2014/1383 1298/2026/1395
f 2569/2027/1396 2570/2028/1397 1306/2029/1398 1307/2030/1399
f 2571/2031/1400 2565/2019/1388 1290/2020/1389 1291/2032/1401
f 2572/2033/1402 2564/2017/1386 1284/2018/1387 1285/2034/1403
f 2553/1994/1363 2569/2027/1396 1307/2030/1399 1308/1995/1364
f 2573/2035/1404 2567/2023/1392 1304/2024/1393 1305/2036/1405
f 2574/2037/1406 2566/2021/1390 1311/2022/1391 1312/2038/1407
f 2575/2039/1408 2576/2040/1409 1293/2041/1410 1294/2042/1411
f 2577/2043/1412 2571/2031/1400 1291/2032/1401 1292/2044/1413
f 2547/1982/1351 2568/2025/1394 1298/2026/1395 1299/1983/1352
f 2556/2000/1369 2575/2039/1408 1294/2042/1411 1295/2001/1370
f 2570/2028/1397 2573/2035/1404 1305/2036/1405 1306/2029/1398
f 2551/1990/1359 2572/2033/1402 1285/2034/1403 1286/1991/1360
f 2549/1986/1355 2574/2037/1406 1312/2038/1407 1281/1987/1356
f 2576/2040/1409 2577/2043/1412 1292/2044/1413 1293/2041/1410
f 2578/2045/1414 2579/2046/1415 1334/2047/1416 1335/2048/1417
f 2580/2049/1418 2581/2050/1419 1315/2051/1420 1316/2052/1421
f 2582/2053/1422 2583/2054/1423 1321/2055/1424 1322/2056/1425
f 2584/2057/1426 2585/2058/1427 1342/2059/1428 1343/2060/1429
f 2586/2061/1430 2578/2045/1414 1335/2048/1417 1336/2062/1431
f 2587/2063/1432 2588/2064/1433 1329/2065/1434 1330/2066/1435
f 2589/2067/1436 2590/2068/1437 1338/2069/1438 1339/2070/1439
f 2591/2071/1440 2582/2053/1422 1322/2056/1425 1323/2072/1441
f 2592/2073/1442 2580/2049/1418 1316/2052/1421 1317/2074/1443
f 2593/2075/1444 2589/2067/1436 1339/2070/1439 1340/2076/1445
f 2594/2077/1446 2586/2061/1430 1336/2062/1431 1337/2078/1447
f 2595/2079/1448 2584/2057/1426 1343/2060/1429 1344/2080/1449
f 2596/2081/1450 2597/2082/1451 1325/2083/1452 1326/2084/1453
f 2598/2085/1454 2591/2071/1440 1323/2072/1441 1324/2086/1455
f 2599/2087/1456 2587/2063/1432 1330/2066/1435 1331/2088/1457
f 2600/2089/1458 2596/2081/1450 1326/2084/1453 1327/2090/1459
f 2590/2068/1437 2594/2077/1446 1337/2078/1447 1338/2069/1438
f 2601/2091/1460 2592/2073/1442 1317/2074/1443 1318/2092/1461
f 2602/2093/1462 2595/2079/1448 1344/2080/1449 1313/2094/1463
f 2597/2082/1451 2598/2085/1454 1324/2086/1455 1325/2083/1452
f 2603/2095/1464 2599/2087/1456 1331/2088/1457 1332/2096/1465
f 2604/2097/1466 2602/2093/1462 1313/2094/1463 1314/2098/1467
f 2605/2099/1468 2601/2091/1460 1318/2092/1461 1319/2100/1469
f 2606/2101/1470 2593/2075/1444 1340/2076/1445 1341/2102/1471
f 2607/2103/1472 2603/2095/1464 1332/2096/1465 1333/2104/1473
f 2608/2105/1474 2600/2089/1458 1327/2090/1459 1328/2106/1475
f 2609/2107/1476 2605/2099/1468 1319/2100/1469 1320/2108/1477
f 2581/2050/1419 2604/2097/1466 1314/2098/1467 1315/2051/1420
f 2579/2046/1415 2607/2103/1472 1333/2104/1473 1334/2047/1416
f 2585/2058/1427 2606/2101/1470 1341/2102/1471 1342/2059/1428
f 2583/2054/1423 2609/2107/1476 1320/2108/1477 1321/2055/1424
f 2588/2064/1433 2608/2105/1474 1328/2106/1475 1329/2065/1434
f 1323/2109/1441 1322/2110/1425 1354/2111/1478 1355/2112/1479
f 1317/2113/1443 1316/2114/1421 1348/2115/1480 1349/2116/1481
f 1340/2117/1445 1339/2118/1439 1371/2119/1482 1372/2120/1483
f 1337/2121/1447 1336/2122/1431 1368/2123/1484 1369/2124/1485
f 1344/2125/1449 1343/2126/1429 1375/2127/1486 1376/2128/1487
f 1326/2129/1453 1325/2130/1452 1357/2131/1488 1358/2132/1489
f 1324/2133/1455 1323/2109/1441 1355/2112/1479 1356/2134/1490
f 1331/2135/1457 1330/2136/1435 1362/2137/1491 1363/2138/1492
f 1327/2139/1459 1326/2129/1453 1358/2132/1489 1359/2140/1493
f 1338/2141/1438 1337/2121/1447 1369/2124/1485 1370/2142/1494
f 1318/2143/1461 1317/2113/1443 1349/2116/1481 1350/2144/1495
f 1313/2145/1463 1344/2125/1449 1376/2128/1487 1345/2146/1496
f 1325/2130/1452 1324/2147/1455 1356/2148/1490 1357/2131/1488
f 1332/2149/1465 1331/2135/1457 1363/2138/1492 1364/2150/1497
f 1314/2151/1467 1313/2145/1463 1345/2146/1496 1346/2152/1498
f 1319/2153/1469 1318/2143/1461 1350/2144/1495 1351/2154/1499
f 1341/2155/1471 1340/2156/1445 1372/2157/1483 1373/2158/1500
f 1333/2159/1473 1332/2160/1465 1364/2161/1497 1365/2162/1501
f 1328/2163/1475 1327/2139/1459 1359/2140/1493 1360/2164/1502
f 1320/2165/1477 1319/2153/1469 1351/2154/1499 1352/2166/1503
f 1315/2167/1420 1314/2151/1467 1346/2152/1498 1347/2168/1504
f 1334/2169/1416 1333/2159/1473 1365/2162/1501 1366/2170/1505
f 1342/2171/1428 1341/2155/1471 1373/2158/1500 1374/2172/1506
f 1321/2173/1424 1320/2165/1477 1352/2166/1503 1353/2174/1507
f 1329/2175/1434 1328/2163/1475 1360/2164/1502 1361/2176/1508
f 1335/2177/1417 1334/2169/1416 1366/2170/1505 1367/2178/1509
f 1316/2179/1421 1315/2167/1420 1347/2168/1504 1348/2180/1480
f 1322/2110/1425 1321/2173/1424 1353/2174/1507 1354/2111/1478
f 1343/2126/1429 1342/2171/1428 1374/2172/1506 1375/2127/1486
f 1336/2122/1431 1335/2177/1417 1367/2178/1509 1368/2123/1484
f 1330/2136/1435 1329/2175/1434 1361/2176/1508 1362/2137/1491
f 1339/2118/1439 1338/2141/1438 1370/2142/1494 1371/2119/1482
f 1370/2142/1494 1369/2124/1485 1401/2181/1510 1402/2182/1511
f 1350/2144/1495 1349/2116/1481 1381/2183/1512 1382/2184/1513
f 1345/2146/1496 1376/2128/1487 1408/2185/1514 1377/2186/1515
f 1357/2131/1488 1356/2148/1490 1388/2187/1516 1389/2188/1517
f 1364/2150/1497 1363/2138/1492 1395/2189/1518 1396/2190/1519
f 1346/2152/1498 1345/2146/1496 1377/2186/1515 1378/2191/1520
f 1351/2154/1499 1350/2144/1495 1382/2184/1513 1383/2192/1521
f 1373/2158/1500 1372/2157/1483 1404/2193/1522 1405/2194/1523
f 1365/2162/1501 1364/2161/1497 1396/2195/1519 1397/2196/1524
f 1360/2164/1502 1359/2140/1493 1391/2197/1525 1392/2198/1526
f 1352/2166/1503 1351/2154/1499 1383/2192/1521 1384/2199/1527
f 1347/2168/1504 1346/2152/1498 1378/2191/1520 1379/2200/1528
f 1366/2170/1505 1365/2162/1501 1397/2196/1524 1398/2201/1529
f 1374/2172/1506 1373/2158/1500 1405/2194/1523 1406/2202/1530
f 1353/2174/1507 1352/2166/1503 1384/2199/1527 1385/2203/1531
f 1361/2176/1508 1360/2164/1502 1392/2198/1526 1393/2204/1532
f 1367/2178/1509 1366/2170/1505 1398/2201/1529 1399/2205/1533
f 1348/2180/1480 1347/2168/1504 1379/2200/1528 1380/2206/1534
f 1354/2111/1478 1353/2174/1507 1385/2203/1531 1386/2207/1535
f 1375/2127/1486 1374/2172/1506 1406/2202/1530 1407/2208/1536
f 1368/2123/1484 1367/2178/1509 1399/2205/1533 1400/2209/1537
f 1362/2137/1491 1361/2176/1508 1393/2204/1532 1394/2210/1538
f 1371/2119/1482 1370/2142/1494 1402/2182/1511 1403/2211/1539
f 1355/2112/1479 1354/2111/1478 1386/2207/1535 1387/2212/1540
f 1349/2116/1481 1348/2115/1480 1380/2213/1534 1381/2183/1512
f 1372/2120/1483 1371/2119/1482 1403/2211/1539 1404/2214/1522
f 1369/2124/1485 1368/2123/1484 1400/2209/1537 1401/2181/1510
f 1376/2128/1487 1375/2127/1486 1407/2208/1536 1408/2185/1514
f 1358/2132/1489 1357/2131/1488 1389/2188/1517 1390/2215/1541
f 1356/2134/1490 1355/2112/1479 1387/2212/1540 1388/2216/1516
f 1363/2138/1492 1362/2137/1491 1394/2210/1538 1395/2189/1518
f 1359/2140/1493 1358/2132/1489 1390/2215/1541 1391/2197/1525
f 1397/2196/1524 1396/2195/1519 1428/2217/1542 1429/2218/1543
f 1392/2198/1526 1391/2197/1525 1423/2219/1544 1424/2220/1545
f 1384/2199/1527 1383/2192/1521 1415/2221/1546 1416/2222/1547
f 1379/2200/1528 1378/2191/1520 1410/2223/1548 1411/2224/1549
f 1398/2201/1529 1397/2196/1524 1429/2218/1543 1430/2225/1550
f 1406/2202/1530 1405/2194/1523 1437/2226/1551 1438/2227/1552
f 1385/2203/1531 1384/2199/1527 1416/2222/1547 1417/2228/1553
f 1393/2204/1532 1392/2198/1526 1424/2220/1545 1425/2229/1554
f 1399/2205/1533 1398/2201/1529 1430/2225/1550 1431/2230/1555
f 1380/2206/1534 1379/2200/1528 1411/2224/1549 1412/2231/1556
f 1386/2207/1535 1385/2203/1531 1417/2228/1553 1418/2232/1557
f 1407/2208/1536 1406/2202/1530 1438/2227/1552 1439/2233/1558
f 1400/2209/1537 1399/2205/1533 1431/2230/1555 1432/2234/1559
f 1394/2210/1538 1393/2204/1532 1425/2229/1554 1426/2235/1560
f 1403/2211/1539 1402/2182/1511 1434/2236/1561 1435/2237/1562
f 1387/2212/1540 1386/2207/1535 1418/2232/1557 1419/2238/1563
f 1381/2183/1512 1380/2213/1534 1412/2239/1556 1413/2240/1564
f 1404/2214/1522 1403/2211/1539 1435/2237/1562 1436/2241/1565
f 1401/2181/1510 1400/2209/1537 1432/2234/1559 1433/2242/1566
f 1408/2185/1514 1407/2208/1536 1439/2233/1558 1440/2243/1567
f 1390/2215/1541 1389/2188/1517 1421/2244/1568 1422/2245/1569
f 1388/2216/1516 1387/2212/1540 1419/2238/1563 1420/2246/1570
f 1395/2189/1518 1394/2210/1538 1426/2235/1560 1427/2247/1571
f 1391/2197/1525 1390/2215/1541 1422/2245/1569 1423/2219/1544
f 1402/2182/1511 1401/2181/1510 1433/2242/1566 1434/2236/1561
f 1382/2184/1513 1381/2183/1512 1413/2240/1564 1414/2248/1572
f 1377/2186/1515 1408/2185/1514 1440/2243/1567 1409/2249/1573
f 1389/2188/1517 1388/2187/1516 1420/2250/1570 1421/2244/1568
f 1396/2190/1519 1395/2189/1518 1427/2247/1571 1428/2251/1542
f 1378/2191/1520 1377/2186/1515 1409/2249/1573 1410/2223/1548
f 1383/2192/1521 1382/2184/1513 1414/2248/1572 1415/2221/1546
f 1405/2194/1523 1404/2193/1522 1436/2252/1565 1437/2226/1551
f 2514/2253/1574 2515/2254/1575 1448/2255/1576 1449/2256/1577
f 2516/2257/1578 2517/2258/1579 1456/2259/1580 1457/2260/1581
f 2518/2261/1582 2519/2262/1583 1462/2263/1584 1463/2264/1585
f 2520/2265/1586 2521/2266/1587 1443/2267/1588 1444/2268/1589
f 2522/2269/1590 2514/2253/1574 1449/2256/1577 1450/2270/1591
f 2523/2271/1592 2524/2272/1593 1470/2273/1594 1471/2274/1595
f 2525/2275/1596 2518/2261/1582 1463/2264/1585 1464/2276/1597
f 2526/2277/1598 2516/2257/1578 1457/2260/1581 1458/2278/1599
f 2527/2279/1600 2528/2280/1601 1466/2281/1602 1467/2282/1603
f 2529/2283/1604 2522/2269/1590 1450/2270/1591 1451/2284/1605
f 2530/2285/1606 2520/2265/1586 1444/2268/1589 1445/2286/1607
f 2531/2287/1608 2527/2279/1600 1467/2282/1603 1468/2288/1609
f 2532/2289/1610 2525/2275/1596 1464/2276/1597 1465/2290/1611
f 2533/2291/1612 2523/2271/1592 1471/2274/1595 1472/2292/1613
f 2534/2293/1614 2535/2294/1615 1453/2295/1616 1454/2296/1617
f 2536/2297/1618 2529/2283/1604 1451/2284/1605 1452/2298/1619
f 2537/2299/1620 2526/2277/1598 1458/2278/1599 1459/2300/1621
f 2538/2301/1622 2534/2293/1614 1454/2296/1617 1455/2302/1623
f 2528/2280/1601 2532/2289/1610 1465/2290/1611 1466/2281/1602
f 2539/2303/1624 2530/2285/1606 1445/2286/1607 1446/2304/1625
f 2540/2305/1626 2533/2291/1612 1472/2292/1613 1441/2306/1627
f 2535/2294/1615 2536/2297/1618 1452/2298/1619 1453/2295/1616
f 2541/2307/1628 2537/2299/1620 1459/2300/1621 1460/2308/1629
f 2542/2309/1630 2540/2305/1626 1441/2306/1627 1442/2310/1631
f 2543/2311/1632 2539/2303/1624 1446/2304/1625 1447/2312/1633
f 2544/2313/1634 2531/2287/1608 1468/2288/1609 1469/2314/1635
f 2545/2315/1636 2541/2307/1628 1460/2308/1629 1461/2316/1637
f 2517/2258/1579 2538/2301/1622 1455/2302/1623 1456/2259/1580
f 2515/2254/1575 2543/2311/1632 1447/2312/1633 1448/2255/1576
f 2521/2266/1587 2542/2309/1630 1442/2310/1631 1443/2267/1588
f 2519/2262/1583 2545/2315/1636 1461/2316/1637 1462/2263/1584
f 2524/2272/1593 2544/2313/1634 1469/2314/1635 1470/2273/1594
f 2482/2317/1638 2483/2318/1639 1495/2319/1640 1496/2320/1641
f 2484/2321/1642 2485/2322/1643 1489/2323/1644 1490/2324/1645
f 2486/2325/1646 2487/2326/1647 1498/2327/1648 1499/2328/1649
f 2488/2329/1650 2489/2330/1651 1482/2331/1652 1483/2332/1653
f 2490/2333/1654 2491/2334/1655 1476/2335/1656 1477/2336/1657
f 2492/2337/1658 2486/2325/1646 1499/2328/1649 1500/2338/1659
f 2493/2339/1660 2482/2317/1638 1496/2320/1641 1497/2340/1661
f 2494/2341/69 2495/2342/66 1503/2343/1662 1504/2344/1663
f 2496/2345/1664 2497/2346/1665 1485/2347/1666 1486/2348/1667
f 2498/2349/1668 2488/2329/1650 1483/2332/1653 1484/2350/1669
f 2499/2351/1670 2484/2321/1642 1490/2324/1645 1491/2352/1671
f 2500/2353/1672 2496/2345/1664 1486/2348/1667 1487/2354/1673
f 2487/2326/1647 2493/2339/1660 1497/2340/1661 1498/2327/1648
f 2501/2355/1674 2490/2333/1654 1477/2336/1657 1478/2356/1675
f 2502/2357/1676 2494/2341/69 1504/2344/1663 1473/2358/1677
f 2497/2346/1665 2498/2359/1668 1484/2360/1669 1485/2347/1666
f 2503/2361/1678 2499/2351/1670 1491/2352/1671 1492/2362/1679
f 2504/2363/1680 2502/2357/1676 1473/2358/1677 1474/2364/1681
f 2505/2365/1682 2501/2355/1674 1478/2356/1675 1479/2366/1683
f 2506/2367/1684 2492/2368/1658 1500/2369/1659 1501/2370/1685
f 2507/2371/1686 2503/2372/1678 1492/2373/1679 1493/2374/1687
f 2508/2375/1688 2500/2353/1672 1487/2354/1673 1488/2376/1689
f 2509/2377/1690 2505/2365/1682 1479/2366/1683 1480/2378/1691
f 2510/2379/1692 2504/2363/1680 1474/2364/1681 1475/2380/1693
f 2511/2381/1694 2507/2371/1686 1493/2374/1687 1494/2382/1695
f 2512/2383/1696 2506/2367/1684 1501/2370/1685 1502/2384/1697
f 2513/2385/1698 2509/2377/1690 1480/2378/1691 1481/2386/1699
f 2485/2322/1643 2508/2375/1688 1488/2376/1689 1489/2323/1644
f 2483/2318/1639 2511/2381/1694 1494/2382/1695 1495/2319/1640
f 2491/2387/1655 2510/2379/1692 1475/2380/1693 1476/2388/1656
f 2489/2330/1651 2513/2385/1698 1481/2386/1699 1482/2331/1652
f 2495/2342/66 2512/2383/1696 1502/2384/1697 1503/2343/1662
f 1486/2348/1667 1485/2347/1666 1517/2389/1700 1518/2390/1701
f 1484/2350/1669 1483/2332/1653 1515/2391/1702 1516/2392/1703
f 1491/2352/1671 1490/2324/1645 1522/2393/1704 1523/2394/1705
f 1487/2354/1673 1486/2348/1667 1518/2390/1701 1519/2395/1706
f 1498/2327/1648 1497/2340/1661 1529/2396/1707 1530/2397/1708
f 1478/2356/1675 1477/2336/1657 1509/2398/1709 1510/2399/1710
f 1473/2358/1677 1504/2344/1663 1536/2400/1711 1505/2401/1712
f 1485/2347/1666 1484/2360/1669 1516/2402/1703 1517/2389/1700
f 1492/2362/1679 1491/2352/1671 1523/2394/1705 1524/2403/1713
f 1474/2364/1681 1473/2358/1677 1505/2401/1712 1506/2404/1714
f 1479/2366/1683 1478/2356/1675 1510/2399/1710 1511/2405/1715
f 1501/2370/1685 1500/2369/1659 1532/2406/1716 1533/2407/1717
f 1493/2374/1687 1492/2373/1679 1524/2408/1713 1525/2409/1718
f 1488/2376/1689 1487/2354/1673 1519/2395/1706 1520/2410/1719
f 1480/2378/1691 1479/2366/1683 1511/2405/1715 1512/2411/1720
f 1475/2380/1693 1474/2364/1681 1506/2404/1714 1507/2412/1721
f 1494/2382/1695 1493/2374/1687 1525/2409/1718 1526/2413/1722
f 1502/2384/1697 1501/2370/1685 1533/2407/1717 1534/2414/1723
f 1481/2386/1699 1480/2378/1691 1512/2411/1720 1513/2415/1724
f 1489/2323/1644 1488/2376/1689 1520/2410/1719 1521/2416/1725
f 1495/2319/1640 1494/2382/1695 1526/2413/1722 1527/2417/1726
f 1476/2388/1656 1475/2380/1693 1507/2412/1721 1508/2418/1727
f 1482/2331/1652 1481/2386/1699 1513/2415/1724 1514/2419/1728
f 1503/2343/1662 1502/2384/1697 1534/2414/1723 1535/2420/1729
f 1496/2320/1641 1495/2319/1640 1527/2417/1726 1528/2421/1730
f 1490/2324/1645 1489/2323/1644 1521/2416/1725 1522/2393/1704
f 1499/2328/1649 1498/2327/1648 1530/2397/1708 1531/2422/1731
f 1483/2332/1653 1482/2331/1652 1514/2419/1728 1515/2391/1702
f 1477/2336/1657 1476/2335/1656 1508/2423/1727 1509/2398/1709
f 1500/2338/1659 1499/2328/1649 1531/2422/1731 1532/2424/1716
f 1497/2340/1661 1496/2320/1641 1528/2421/1730 1529/2396/1707
f 1504/2344/1663 1503/2343/1662 1535/2420/1729 1536/2400/1711
f 1506/2404/1714 1505/2401/1712 1537/2425/1732 1538/2426/1733
f 1511/2405/1715 1510/2399/1710 1542/2427/1734 1543/2428/1735
f 1533/2407/1717 1532/2406/1716 1564/2429/1736 1565/2430/1737
f 1525/2409/1718 1524/2408/1713 1556/2431/1738 1557/2432/1739
f 1520/2410/1719 1519/2395/1706 1551/2433/1740 1552/2434/1741
f 1512/2411/1720 1511/2405/1715 1543/2428/1735 1544/2435/1742
f 1507/2412/1721 1506/2404/1714 1538/2426/1733 1539/2436/1743
f 1526/2413/1722 1525/2409/1718 1557/2432/1739 1558/2437/1744
f 1534/2414/1723 1533/2407/1717 1565/2430/1737 1566/2438/1745
f 1513/2415/1724 1512/2411/1720 1544/2435/1742 1545/2439/1746
f 1521/2416/1725 1520/2410/1719 1552/2434/1741 1553/2440/1747
f 1527/2417/1726 1526/2413/1722 1558/2437/1744 1559/2441/1748
f 1508/2418/1727 1507/2412/1721 1539/2436/1743 1540/2442/1749
f 1514/2419/1728 1513/2415/1724 1545/2439/1746 1546/2443/1750
f 1535/2420/1729 1534/2414/1723 1566/2438/1745 1567/2444/1751
f 1528/2421/1730 1527/2417/1726 1559/2441/1748 1560/2445/1752
f 1522/2393/1704 1521/2416/1725 1553/2440/1747 1554/2446/1753
f 1531/2422/1731 1530/2397/1708 1562/2447/1754 1563/2448/1755
f 1515/2391/1702 1514/2419/1728 1546/2443/1750 1547/2449/1756
f 1509/2398/1709 1508/2423/1727 1540/2450/1749 1541/2451/1757
f 1532/2424/1716 1531/2422/1731 1563/2448/1755 1564/2452/1736
f 1529/2396/1707 1528/2421/1730 1560/2445/1752 1561/2453/1758
f 1536/2400/1711 1535/2420/1729 1567/2444/1751 1568/2454/1759
f 1518/2390/1701 1517/2389/1700 1549/2455/1760 1550/2456/1761
f 1516/2392/1703 1515/2391/1702 1547/2449/1756 1548/2457/1762
f 1523/2394/1705 1522/2393/1704 1554/2446/1753 1555/2458/1763
f 1519/2395/1706 1518/2390/1701 1550/2456/1761 1551/2433/1740
f 1530/2397/1708 1529/2396/1707 1561/2453/1758 1562/2447/1754
f 1510/2399/1710 1509/2398/1709 1541/2451/1757 1542/2427/1734
f 1505/2401/1712 1536/2400/1711 1568/2454/1759 1537/2425/1732
f 1517/2389/1700 1516/2402/1703 1548/2459/1762 1549/2455/1760
f 1524/2403/1713 1523/2394/1705 1555/2458/1763 1556/2460/1738
f 1539/2436/1743 1538/2426/1733 1570/2461/1764 1571/2462/1765
f 1558/2437/1744 1557/2432/1739 1589/2463/1766 1590/2464/1767
f 1566/2438/1745 1565/2430/1737 1597/2465/1768 1598/2466/1769
f 1545/2439/1746 1544/2435/1742 1576/2467/1770 1577/2468/1771
f 1553/2440/1747 1552/2434/1741 1584/2469/1772 1585/2470/1773
f 1559/2441/1748 1558/2437/1744 1590/2464/1767 1591/2471/1774
f 1540/2442/1749 1539/2436/1743 1571/2462/1765 1572/2472/1775
f 1546/2443/1750 1545/2439/1746 1577/2468/1771 1578/2473/1776
f 1567/2444/1751 1566/2438/1745 1598/2466/1769 1599/2474/1777
f 1560/2445/1752 1559/2441/1748 1591/2471/1774 1592/2475/1778
f 1554/2446/1753 1553/2440/1747 1585/2470/1773 1586/2476/1779
f 1563/2448/1755 1562/2447/1754 1594/2477/1780 1595/2478/1781
f 1547/2449/1756 1546/2443/1750 1578/2473/1776 1579/2479/1782
f 1541/2451/1757 1540/2450/1749 1572/2480/1775 1573/2481/1783
f 1564/2452/1736 1563/2448/1755 1595/2478/1781 1596/2482/1784
f 1561/2453/1758 1560/2445/1752 1592/2475/1778 1593/2483/1785
f 1568/2454/1759 1567/2444/1751 1599/2474/1777 1600/2484/1786
f 1550/2456/1761 1549/2455/1760 1581/2485/1787 1582/2486/1788
f 1548/2457/1762 1547/2449/1756 1579/2479/1782 1580/2487/1789
f 1555/2458/1763 1554/2446/1753 1586/2476/1779 1587/2488/1790
f 1551/2433/1740 1550/2456/1761 1582/2486/1788 1583/2489/1791
f 1562/2447/1754 1561/2453/1758 1593/2483/1785 1594/2477/1780
f 1542/2427/1734 1541/2451/1757 1573/2481/1783 1574/2490/1792
f 1537/2425/1732 1568/2454/1759 1600/2484/1786 1569/2491/1793
f 1549/2455/1760 1548/2459/1762 1580/2492/1789 1581/2485/1787
f 1556/2460/1738 1555/2458/1763 1587/2488/1790 1588/2493/1794
f 1538/2426/1733 1537/2425/1732 1569/2491/1793 1570/2461/1764
f 1543/2428/1735 1542/2427/1734 1574/2490/1792 1575/2494/1795
f 1565/2430/1737 1564/2429/1736 1596/2495/1784 1597/2465/1768
f 1557/2432/1739 1556/2431/1738 1588/2496/1794 1589/2463/1766
f 1552/2434/1741 1551/2433/1740 1583/2489/1791 1584/2469/1772
f 1544/2435/1742 1543/2428/1735 1575/2494/1795 1576/2467/1770
f 1597/2465/1768 1596/2495/1784 2292/2497/1796 2300/2498/1797
f 1589/2463/1766 1588/2496/1794 2310/2499/1798 2313/2500/1799
f 1584/2469/1772 1583/2489/1791 2295/2501/1800 2298/2502/1801
f 1576/2467/1770 1575/2494/1795 2311/2503/1802 2312/2504/1803
f 1571/2462/1765 1570/2461/1764 2297/2505/1804 2299/2506/1805
f 1590/2464/1767 1589/2463/1766 2313/2500/1799 2314/2507/1806
f 1598/2466/1769 1597/2465/1768 2300/2498/1797 2301/2508/1807
f 1577/2468/1771 1576/2467/1770 2312/2504/1803 2316/2509/1808
f 1585/2470/1773 1584/2469/1772 2298/2502/1801 2304/2510/1809
f 1591/2471/1774 1590/2464/1767 2314/2507/1806 2315/2511/1810
f 1572/2472/1775 1571/2462/1765 2299/2506/1805 2302/2512/1811
f 1578/2473/1776 1577/2468/1771 2316/2509/1808 2317/2513/1812
f 1599/2474/1777 1598/2466/1769 2301/2508/1807 2303/2514/1813
f 1592/2475/1778 1591/2471/1774 2315/2511/1810 2318/2515/1814
f 1586/2476/1779 1585/2470/1773 2304/2510/1809 2305/2516/1815
f 1595/2478/1781 1594/2477/1780 2290/2517/1816 2291/2518/1817
f 1579/2479/1782 1578/2473/1776 2317/2513/1812 2319/2519/1818
f 1573/2481/1783 1572/2480/1775 2302/2520/1811 2308/2521/1819
f 1596/2482/1784 1595/2478/1781 2291/2518/1817 2292/2522/1796
f 1593/2483/1785 1592/2475/1778 2318/2515/1814 2321/2523/1820
f 1600/2484/1786 1599/2474/1777 2303/2514/1813 2306/2524/1821
f 1582/2486/1788 1581/2485/1787 2293/2525/1822 2294/2526/1823
f 1580/2487/1789 1579/2479/1782 2319/2519/1818 2320/2527/1824
f 1587/2488/1790 1586/2476/1779 2305/2516/1815 2307/2528/1825
f 1583/2489/1791 1582/2486/1788 2294/2526/1823 2295/2501/1800
f 1594/2477/1780 1593/2483/1785 2321/2523/1820 2290/2517/1816
f 1574/2490/1792 1573/2481/1783 2308/2521/1819 2309/2529/1826
f 1569/2491/1793 1600/2484/1786 2306/2524/1821 2296/2530/1827
f 1581/2485/1787 1580/2492/1789 2320/2531/1824 2293/2525/1822
f 1588/2493/1794 1587/2488/1790 2307/2528/1825 2310/2532/1798
f 1570/2461/1764 1569/2491/1793 2296/2530/1827 2297/2505/1804
f 1575/2494/1795 1574/2490/1792 2309/2529/1826 2311/2503/1802
f 2304/2510/1809 2298/2502/1801 1648/2533/1828 2322/2534/1829
f 1623/2535/1830 1622/2536/1831 1654/2537/1832 1655/2538/1833
f 1604/2539/1834 1603/2540/1835 1635/2541/1836 2324/2542/1837
f 1610/2543/1838 1609/2544/1839 1641/2545/1840 1642/2546/1841
f 1631/2547/1842 1630/2548/1843 1662/2549/1844 1663/2550/1845
f 1624/2551/1846 1623/2535/1830 1655/2538/1833 2326/2552/1847
f 1618/2553/1848 1617/2554/1849 1649/2555/1850 1650/2556/1851
f 1627/2557/1852 1626/2558/1853 1658/2559/1854 1659/2560/1855
f 1611/2561/1856 1610/2543/1838 1642/2546/1841 1643/2562/1857
f 2308/2521/1819 2302/2520/1811 1636/2563/1858 2327/2564/1859
f 1628/2565/1860 1627/2557/1852 1659/2560/1855 2328/2566/1861
f 2321/2523/1820 2318/2515/1814 1656/2567/1862 2329/2568/1863
f 1632/2569/1864 1631/2547/1842 1663/2550/1845 1664/2570/1865
f 1614/2571/1866 1613/2572/1867 2331/2573/1868 1646/2574/1869
f 1612/2575/1870 1611/2561/1856 1643/2562/1857 2332/2576/1871
f 1619/2577/1872 1618/2553/1848 1650/2556/1851 1651/2578/1873
f 1615/2579/1874 1614/2571/1866 1646/2574/1869 1647/2580/1875
f 1626/2558/1853 1625/2581/1876 1657/2582/1877 1658/2559/1854
f 1606/2583/1878 1605/2584/1879 1637/2585/1880 1638/2586/1881
f 2296/2530/1827 2306/2524/1821 2330/2587/1882 2333/2588/1883
f 2293/2525/1822 2320/2531/1824 1644/2589/1884 1645/2590/1885
f 1620/2591/1886 1619/2577/1872 1651/2578/1873 2334/2592/1887
f 1602/2593/1888 1601/2594/1889 1633/2595/1890 1634/2596/1891
f 1607/2597/1892 1606/2583/1878 1638/2586/1881 1639/2598/1893
f 2300/2498/1797 2292/2497/1796 1660/2599/1894 2335/2600/1895
f 2313/2500/1799 2310/2499/1798 1652/2601/1896 2336/2602/1897
f 1616/2603/1898 1615/2579/1874 1647/2580/1875 2323/2604/1899
f 1608/2605/1900 1607/2597/1892 1639/2598/1893 2337/2606/1901
f 1603/2540/1835 1602/2593/1888 1634/2596/1891 1635/2541/1836
f 1622/2536/1831 1621/2607/1902 1653/2608/1903 1654/2537/1832
f 1630/2548/1843 1629/2609/1904 1661/2610/1905 1662/2549/1844
f 2316/2509/1808 2312/2504/1803 1640/2611/1906 2325/2612/1907
f 1650/2556/1851 1649/2555/1850 1681/2613/1908 1682/2614/1909
f 1659/2560/1855 1658/2559/1854 1690/2615/1910 1691/2616/1911
f 1643/2562/1857 1642/2546/1841 1674/2617/1912 1675/2618/1913
f 2327/2564/1859 1636/2563/1858 1668/2619/1914 2339/2620/1915
f 2328/2566/1861 1659/2560/1855 1691/2616/1911 2341/2621/1916
f 2329/2568/1863 1656/2567/1862 1688/2622/1917 2342/2623/1918
f 1664/2570/1865 1663/2550/1845 1695/2624/1919 1696/2625/1920
f 1646/2574/1869 2331/2573/1868 2345/2626/1921 1678/2627/1922
f 2332/2576/1871 1643/2562/1857 1675/2618/1913 2346/2628/1923
f 1651/2578/1873 1650/2556/1851 1682/2614/1909 1683/2629/1924
f 1647/2580/1875 1646/2574/1869 1678/2627/1922 1679/2630/1925
f 1658/2559/1854 1657/2582/1877 1689/2631/1926 1690/2615/1910
f 1638/2586/1881 1637/2585/1880 1669/2632/1927 1670/2633/1928
f 2333/2588/1883 2330/2587/1882 2344/2634/1929 2347/2635/1930
f 1645/2590/1885 1644/2589/1884 1676/2636/1931 1677/2637/1932
f 2334/2592/1887 1651/2578/1873 1683/2629/1924 2348/2638/1933
f 1634/2596/1891 1633/2595/1890 1665/2639/1934 1666/2640/1935
f 1639/2598/1893 1638/2586/1881 1670/2633/1928 1671/2641/1936
f 2335/2600/1895 1660/2599/1894 1692/2642/1937 2349/2643/1938
f 2336/2602/1897 1652/2601/1896 1684/2644/1939 2350/2645/1940
f 2323/2604/1899 1647/2580/1875 1679/2630/1925 2351/2646/1941
f 2337/2606/1901 1639/2598/1893 1671/2641/1936 2352/2647/1942
f 1635/2541/1836 1634/2596/1891 1666/2640/1935 1667/2648/1943
f 1654/2537/1832 1653/2608/1903 1685/2649/1944 1686/2650/1945
f 1662/2549/1844 1661/2610/1905 1693/2651/1946 1694/2652/1947
f 2325/2612/1907 1640/2611/1906 1672/2653/1948 2353/2654/1949
f 2322/2534/1829 1648/2533/1828 1680/2655/1950 2338/2656/1951
f 1655/2538/1833 1654/2537/1832 1686/2650/1945 1687/2657/1952
f 2324/2542/1837 1635/2541/1836 1667/2648/1943 2340/2658/1953
f 1642/2546/1841 1641/2545/1840 1673/2659/1954 1674/2617/1912
f 1663/2550/1845 1662/2549/1844 1694/2652/1947 1695/2624/1919
f 2326/2552/1847 1655/2538/1833 1687/2657/1952 2343/2660/1955
f 1683/2661/1924 1682/2662/1909 1714/2663/1956 1715/2664/1957
f 1679/2665/1925 1678/2666/1922 1710/2667/1958 1711/2668/1959
f 1690/2669/1910 1689/2670/1926 1721/2671/1960 1722/2672/1961
f 1670/2673/1928 1669/2674/1927 1701/2675/1962 1702/2676/1963
f 2347/2677/1930 2344/2678/1929 2370/2679/1964 2360/2680/1965
f 1677/2681/1932 1676/2682/1931 2384/2683/1966 2357/2684/1967
f 2348/2638/1933 1683/2629/1924 1715/2685/1957 1716/2686/1968
f 1666/2687/1935 1665/2688/1934 1697/2689/1969 1698/2690/1970
f 1671/2691/1936 1670/2673/1928 1702/2676/1963 1703/2692/1971
f 2349/2693/1938 1692/2694/1937 2356/2695/1972 2364/2696/1973
f 2350/2697/1940 1684/2698/1939 2374/2699/1974 2377/2700/1975
f 2351/2701/1941 1679/2665/1925 1711/2668/1959 1712/2702/1976
f 2352/2703/1942 1671/2691/1936 1703/2692/1971 1704/2704/1977
f 1667/2705/1943 1666/2687/1935 1698/2690/1970 1699/2706/1978
f 1686/2707/1945 1685/2708/1944 1717/2709/1979 1718/2710/1980
f 1694/2711/1947 1693/2712/1946 1725/2713/1981 1726/2714/1982
f 2353/2715/1949 1672/2716/1948 2376/2717/1983 2380/2718/1984
f 2338/2719/1951 1680/2720/1950 2362/2721/1985 2368/2722/1986
f 1687/2723/1952 1686/2707/1945 1718/2710/1980 1719/2724/1987
f 2340/2658/1953 1667/2648/1943 1699/2725/1978 1700/2726/1988
f 1674/2727/1912 1673/2728/1954 1705/2729/1989 1706/2730/1990
f 1695/2731/1919 1694/2711/1947 1726/2714/1982 1727/2732/1991
f 2343/2733/1955 1687/2723/1952 1719/2724/1987 1720/2734/1992
f 1682/2662/1909 1681/2735/1908 1713/2736/1993 1714/2663/1956
f 1691/2737/1911 1690/2669/1910 1722/2672/1961 1723/2738/1994
f 1675/2739/1913 1674/2727/1912 1706/2730/1990 1707/2740/1995
f 2339/2741/1915 1668/2742/1914 2366/2743/1996 2372/2744/1997
f 2341/2621/1916 1691/2616/1911 1723/2745/1994 1724/2746/1998
f 2342/2747/1918 1688/2748/1917 2382/2749/1999 2385/2750/2000
f 1696/2751/1920 1695/2731/1919 1727/2732/1991 1728/2752/2001
f 1678/2666/1922 2345/2753/1921 1709/2754/2002 1710/2667/1958
f 2346/2628/1923 1675/2618/1913 1707/2755/1995 1708/2756/2003
f 2375/2757/2004 2373/2758/2005 1734/2759/2006 1735/2760/2007
f 2364/2696/1973 2356/2695/1972 1756/2761/2008 1757/2762/2009
f 2377/2700/1975 2374/2699/1974 1748/2763/2010 1749/2764/2011
f 2362/2721/1985 2359/2765/2012 1743/2766/2013 1744/2767/2014
f 2376/2717/1983 2375/2757/2004 1735/2760/2007 1736/2768/2015
f 2363/2769/2016 2361/2770/2017 1730/2771/2018 1731/2772/2019
f 2378/2773/2020 2377/2700/1975 1749/2764/2011 1750/2774/2021
f 2365/2775/2022 2364/2696/1973 1757/2762/2009 1758/2776/2023
f 2380/2718/1984 2376/2717/1983 1736/2768/2015 1737/2777/2024
f 2368/2722/1986 2362/2721/1985 1744/2767/2014 1745/2778/2025
f 2379/2779/2026 2378/2773/2020 1750/2774/2021 1751/2780/2027
f 2366/2743/1996 2363/2769/2016 1731/2772/2019 1732/2781/2028
f 2381/2782/2029 2380/2718/1984 1737/2777/2024 1738/2783/2030
f 2367/2784/2031 2365/2775/2022 1758/2776/2023 1759/2785/2032
f 2382/2749/1999 2379/2779/2026 1751/2780/2027 1752/2786/2033
f 2369/2787/2034 2368/2722/1986 1745/2778/2025 1746/2788/2035
f 2355/2789/2036 2354/2790/2037 1754/2791/2038 1755/2792/2039
f 2383/2793/2040 2381/2782/2029 1738/2783/2030 1739/2794/2041
f 2372/2744/1997 2366/2743/1996 1732/2781/2028 1733/2795/2042
f 2356/2695/1972 2355/2789/2036 1755/2792/2039 1756/2761/2008
f 2385/2750/2000 2382/2749/1999 1752/2786/2033 1753/2796/2043
f 2370/2679/1964 2367/2784/2031 1759/2785/2032 1760/2797/2044
f 2358/2798/2045 2357/2684/1967 1741/2799/2046 1742/2800/2047
f 2384/2683/1966 2383/2793/2040 1739/2794/2041 1740/2801/2048
f 2371/2802/2049 2369/2787/2034 1746/2788/2035 1747/2803/2050
f 2359/2765/2012 2358/2798/2045 1742/2800/2047 1743/2766/2013
f 2354/2790/2037 2385/2750/2000 1753/2796/2043 1754/2791/2038
f 2373/2758/2005 2372/2744/1997 1733/2795/2042 1734/2759/2006
f 2360/2680/1965 2370/2679/1964 1760/2797/2044 1729/2804/2051
f 2357/2684/1967 2384/2683/1966 1740/2801/2048 1741/2799/2046
f 2374/2699/1974 2371/2802/2049 1747/2803/2050 1748/2763/2010
f 2361/2770/2017 2360/2680/1965 1729/2804/2051 1730/2771/2018
f 1793/2805/2052 1794/2806/2053 1786/2807/2054 1787/2808/2055
f 1795/2809/2056 1796/2810/2057 1770/2811/2058 1771/2812/2059
f 1797/2813/2060 1798/2814/2061 1764/2815/2062 1765/2816/2063
f 1799/2817/2064 1793/2805/2052 1787/2808/2055 1788/2818/2065
f 1800/2819/2066 1801/2820/2067 1784/2821/2068 1785/2822/2069
f 1802/2823/2070 1803/2824/2071 1791/2825/2072 1792/2826/2073
f 1804/2827/2074 1805/2828/2075 1773/2829/2076 1774/2830/2077
f 1806/2831/2078 1795/2809/2056 1771/2812/2059 1772/2832/2079
f 1807/2833/2080 1808/2834/2081 1778/2835/2082 1779/2836/2083
f 1809/2837/2084 1804/2827/2074 1774/2830/2077 1775/2838/2085
f 1794/2806/2053 1800/2819/2066 1785/2822/2069 1786/2807/2054
f 1810/2839/2086 1797/2813/2060 1765/2816/2063 1766/2840/2087
f 1811/2841/2088 1802/2823/2070 1792/2826/2073 1761/2842/2089
f 1805/2828/2075 1806/2843/2078 1772/2844/2079 1773/2829/2076
f 1812/2845/2090 1807/2833/2080 1779/2836/2083 1780/2846/2091
f 1813/2847/2092 1811/2841/2088 1761/2842/2089 1762/2848/2093
f 1814/2849/2094 1810/2839/2086 1766/2840/2087 1767/2850/2095
f 1815/2851/2096 1799/2852/2064 1788/2853/2065 1789/2854/2097
f 1816/2855/2098 1812/2856/2090 1780/2857/2091 1781/2858/2099
f 1817/2859/2100 1809/2837/2084 1775/2838/2085 1776/2860/2101
f 1818/2861/2102 1814/2849/2094 1767/2850/2095 1768/2862/2103
f 1819/2863/2104 1813/2847/2092 1762/2848/2093 1763/2864/2105
f 1820/2865/2106 1816/2855/2098 1781/2858/2099 1782/2866/2107
f 1821/2867/2108 1815/2851/2096 1789/2854/2097 1790/2868/2109
f 1822/2869/2110 1818/2861/2102 1768/2862/2103 1769/2870/2111
f 1823/2871/2112 1817/2859/2100 1776/2860/2101 1777/2872/2113
f 1824/2873/2114 1820/2865/2106 1782/2866/2107 1783/2874/2115
f 1798/2875/2061 1819/2863/2104 1763/2864/2105 1764/2876/2062
f 1796/2810/2057 1822/2869/2110 1769/2870/2111 1770/2811/2058
f 1803/2824/2071 1821/2867/2108 1790/2868/2109 1791/2825/2072
f 1801/2820/2067 1824/2873/2114 1783/2874/2115 1784/2821/2068
f 1808/2834/2081 1823/2871/2112 1777/2872/2113 1778/2835/2082
f 1746/2877/2035 1745/2878/2025 1823/2871/2112 1808/2834/2081
f 1752/2879/2033 1751/2880/2027 1824/2873/2114 1801/2820/2067
f 1759/2785/2032 1758/2776/2023 1821/2881/2108 1803/2882/2071
f 1738/2883/2030 1737/2884/2024 1822/2869/2110 1796/2810/2057
f 1732/2885/2028 1731/2886/2019 1819/2887/2104 1798/2814/2061
f 1751/2780/2027 1750/2774/2021 1820/2888/2106 1824/2889/2114
f 1745/2878/2025 1744/2890/2014 1817/2859/2100 1823/2871/2112
f 1737/2884/2024 1736/2891/2015 1818/2861/2102 1822/2869/2110
f 1758/2892/2023 1757/2893/2009 1815/2851/2096 1821/2867/2108
f 1750/2894/2021 1749/2895/2011 1816/2855/2098 1820/2865/2106
f 1731/2772/2019 1730/2771/2018 1813/2896/2092 1819/2897/2104
f 1736/2891/2015 1735/2898/2007 1814/2849/2094 1818/2861/2102
f 1744/2890/2014 1743/2899/2013 1809/2837/2084 1817/2859/2100
f 1749/2895/2011 1748/2900/2010 1812/2856/2090 1816/2855/2098
f 1757/2893/2009 1756/2901/2008 1799/2852/2064 1815/2851/2096
f 1735/2760/2007 1734/2759/2006 1810/2902/2086 1814/2903/2094
f 1730/2904/2018 1729/2905/2051 1811/2841/2088 1813/2847/2092
f 1748/2900/2010 1747/2906/2050 1807/2907/2080 1812/2856/2090
f 1741/2908/2046 1740/2909/2048 1806/2843/2078 1805/2828/2075
f 1729/2905/2051 1760/2910/2044 1802/2823/2070 1811/2841/2088
f 1734/2911/2006 1733/2912/2042 1797/2813/2060 1810/2839/2086
f 1754/2913/2038 1753/2914/2043 1800/2819/2066 1794/2806/2053
f 1743/2766/2013 1742/2800/2047 1804/2915/2074 1809/2916/2084
f 1747/2803/2050 1746/2788/2035 1808/2917/2081 1807/2918/2080
f 1740/2909/2048 1739/2919/2041 1795/2920/2056 1806/2843/2078
f 1742/2921/2047 1741/2908/2046 1805/2828/2075 1804/2827/2074
f 1760/2910/2044 1759/2922/2032 1803/2824/2071 1802/2823/2070
f 1753/2914/2043 1752/2879/2033 1801/2820/2067 1800/2819/2066
f 1756/2901/2008 1755/2923/2039 1793/2924/2052 1799/2852/2064
f 1733/2912/2042 1732/2885/2028 1798/2814/2061 1797/2813/2060
f 1739/2794/2041 1738/2783/2030 1796/2925/2057 1795/2926/2056
f 1755/2792/2039 1754/2791/2038 1794/2927/2053 1793/2928/2052
f 1775/2838/2085 1774/2830/2077 1838/2929/2116 1839/2930/2117
f 1786/2807/2054 1785/2822/2069 1849/2931/2118 1850/2932/2119
f 1766/2840/2087 1765/2816/2063 1829/2933/2120 1830/2934/2121
f 1761/2842/2089 1792/2826/2073 1856/2935/2122 1825/2936/2123
f 1773/2829/2076 1772/2844/2079 1836/2937/2124 1837/2938/2125
f 1780/2846/2091 1779/2836/2083 1843/2939/2126 1844/2940/2127
f 1762/2848/2093 1761/2842/2089 1825/2936/2123 1826/2941/2128
f 1767/2850/2095 1766/2840/2087 1830/2934/2121 1831/2942/2129
f 1789/2854/2097 1788/2853/2065 1852/2943/2130 1853/2944/2131
f 1781/2858/2099 1780/2857/2091 1844/2945/2127 1845/2946/2132
f 1776/2860/2101 1775/2838/2085 1839/2930/2117 1840/2947/2133
f 1768/2862/2103 1767/2850/2095 1831/2942/2129 1832/2948/2134
f 1763/2864/2105 1762/2848/2093 1826/2941/2128 1827/2949/2135
f 1782/2866/2107 1781/2858/2099 1845/2946/2132 1846/2950/2136
f 1790/2868/2109 1789/2854/2097 1853/2944/2131 1854/2951/2137
f 1769/2870/2111 1768/2862/2103 1832/2948/2134 1833/2952/2138
f 1777/2872/2113 1776/2860/2101 1840/2947/2133 1841/2953/2139
f 1783/2874/2115 1782/2866/2107 1846/2950/2136 1847/2954/2140
f 1764/2876/2062 1763/2864/2105 1827/2949/2135 1828/2955/2141
f 1770/2811/2058 1769/2870/2111 1833/2952/2138 1834/2956/2142
f 1791/2825/2072 1790/2868/2109 1854/2951/2137 1855/2957/2143
f 1784/2821/2068 1783/2874/2115 1847/2954/2140 1848/2958/2144
f 1778/2835/2082 1777/2872/2113 1841/2953/2139 1842/2959/2145
f 1787/2808/2055 1786/2807/2054 1850/2932/2119 1851/2960/2146
f 1771/2812/2059 1770/2811/2058 1834/2956/2142 1835/2961/2147
f 1765/2816/2063 1764/2815/2062 1828/2962/2141 1829/2933/2120
f 1788/2818/2065 1787/2808/2055 1851/2960/2146 1852/2963/2130
f 1785/2822/2069 1784/2821/2068 1848/2958/2144 1849/2931/2118
f 1792/2826/2073 1791/2825/2072 1855/2957/2143 1856/2935/2122
f 1774/2830/2077 1773/2829/2076 1837/2938/2125 1838/2929/2116
f 1772/2832/2079 1771/2812/2059 1835/2961/2147 1836/2964/2124
f 1779/2836/2083 1778/2835/2082 1842/2959/2145 1843/2939/2126
f 1854/2965/2137 1853/2966/2131 1885/2967/2148 1886/2968/2149
f 1833/2969/2138 1832/2970/2134 1864/2971/2150 1865/2972/2151
f 1841/2973/2139 1840/2974/2133 1872/2975/2152 1873/2976/2153
f 1847/2977/2140 1846/2978/2136 1878/2979/2154 1879/2980/2155
f 1828/2981/2141 1827/2982/2135 1859/2983/2156 1860/2984/2157
f 1834/2985/2142 1833/2969/2138 1865/2972/2151 1866/2986/2158
f 1855/2987/2143 1854/2965/2137 1886/2968/2149 1887/2988/2159
f 1848/2989/2144 1847/2977/2140 1879/2980/2155 1880/2990/2160
f 1842/2991/2145 1841/2973/2139 1873/2976/2153 1874/2992/2161
f 1851/2993/2146 1850/2994/2119 1882/2995/2162 1883/2996/2163
f 1835/2997/2147 1834/2985/2142 1866/2986/2158 1867/2998/2164
f 1829/2999/2120 1828/2981/2141 1860/2984/2157 1861/3000/2165
f 1852/3001/2130 1851/2993/2146 1883/2996/2163 1884/3002/2166
f 1849/3003/2118 1848/2989/2144 1880/2990/2160 1881/3004/2167
f 1856/3005/2122 1855/2987/2143 1887/2988/2159 1888/3006/2168
f 1838/3007/2116 1837/3008/2125 1869/3009/2169 1870/3010/2170
f 1836/3011/2124 1835/2997/2147 1867/2998/2164 1868/3012/2171
f 1843/3013/2126 1842/2991/2145 1874/2992/2161 1875/3014/2172
f 1839/3015/2117 1838/3007/2116 1870/3010/2170 1871/3016/2173
f 1850/2994/2119 1849/3003/2118 1881/3004/2167 1882/2995/2162
f 1830/3017/2121 1829/2999/2120 1861/3000/2165 1862/3018/2174
f 1825/3019/2123 1856/3005/2122 1888/3006/2168 1857/3020/2175
f 1837/3008/2125 1836/3011/2124 1868/3012/2171 1869/3009/2169
f 1844/3021/2127 1843/3013/2126 1875/3014/2172 1876/3022/2176
f 1826/3023/2128 1825/3019/2123 1857/3020/2175 1858/3024/2177
f 1831/3025/2129 1830/3017/2121 1862/3018/2174 1863/3026/2178
f 1853/2966/2131 1852/3001/2130 1884/3002/2166 1885/2967/2148
f 1845/3027/2132 1844/3021/2127 1876/3022/2176 1877/3028/2179
f 1840/2974/2133 1839/3015/2117 1871/3016/2173 1872/2975/2152
f 1832/2970/2134 1831/3025/2129 1863/3026/2178 1864/2971/2150
f 1827/2982/2135 1826/3023/2128 1858/3024/2177 1859/2983/2156
f 1846/2978/2136 1845/3027/2132 1877/3028/2179 1878/2979/2154
f 1887/2988/2159 1886/2968/2149 1918/3029/2180 1919/3030/2181
f 1880/2990/2160 1879/2980/2155 1911/3031/2182 1912/3032/2183
f 1874/2992/2161 1873/2976/2153 1905/3033/2184 1906/3034/2185
f 1883/2996/2163 1882/2995/2162 1914/3035/2186 1915/3036/2187
f 1867/2998/2164 1866/2986/2158 1898/3037/2188 1899/3038/2189
f 1861/3000/2165 1860/2984/2157 1892/3039/2190 1893/3040/2191
f 1884/3002/2166 1883/2996/2163 1915/3036/2187 1916/3041/2192
f 1881/3004/2167 1880/2990/2160 1912/3032/2183 1913/3042/2193
f 1888/3006/2168 1887/2988/2159 1919/3030/2181 1920/3043/2194
f 1870/3010/2170 1869/3009/2169 1901/3044/2195 1902/3045/2196
f 1868/3012/2171 1867/2998/2164 1899/3038/2189 1900/3046/2197
f 1875/3014/2172 1874/2992/2161 1906/3034/2185 1907/3047/2198
f 1871/3016/2173 1870/3010/2170 1902/3045/2196 1903/3048/2199
f 1882/2995/2162 1881/3004/2167 1913/3042/2193 1914/3035/2186
f 1862/3018/2174 1861/3000/2165 1893/3040/2191 1894/3049/2200
f 1857/3020/2175 1888/3006/2168 1920/3043/2194 1889/3050/2201
f 1869/3009/2169 1868/3012/2171 1900/3046/2197 1901/3044/2195
f 1876/3022/2176 1875/3014/2172 1907/3047/2198 1908/3051/2202
f 1858/3024/2177 1857/3020/2175 1889/3050/2201 1890/3052/2203
f 1863/3026/2178 1862/3018/2174 1894/3049/2200 1895/3053/2204
f 1885/2967/2148 1884/3002/2166 1916/3041/2192 1917/3054/2205
f 1877/3028/2179 1876/3022/2176 1908/3051/2202 1909/3055/2206
f 1872/2975/2152 1871/3016/2173 1903/3048/2199 1904/3056/2207
f 1864/2971/2150 1863/3026/2178 1895/3053/2204 1896/3057/2208
f 1859/2983/2156 1858/3024/2177 1890/3052/2203 1891/3058/2209
f 1878/2979/2154 1877/3028/2179 1909/3055/2206 1910/3059/2210
f 1886/2968/2149 1885/2967/2148 1917/3054/2205 1918/3029/2180
f 1865/2972/2151 1864/2971/2150 1896/3057/2208 1897/3060/2211
f 1873/2976/2153 1872/2975/2152 1904/3056/2207 1905/3033/2184
f 1879/2980/2155 1878/2979/2154 1910/3059/2210 1911/3031/2182
f 1860/2984/2157 1859/2983/2156 1891/3058/2209 1892/3039/2190
f 1866/2986/2158 1865/2972/2151 1897/3060/2211 1898/3037/2188
f 1920/3043/2194 1919/3030/2181 1951/3061/2212 1952/3062/2213
f 1902/3045/2196 1901/3044/2195 1933/3063/2214 1934/3064/2215
f 1900/3046/2197 1899/3038/2189 1931/3065/2216 1932/3066/2217
f 1907/3047/2198 1906/3034/2185 1938/3067/2218 1939/3068/2219
f 1903/3048/2199 1902/3045/2196 1934/3064/2215 1935/3069/2220
f 1914/3035/2186 1913/3042/2193 1945/3070/2221 1946/3071/2222
f 1894/3049/2200 1893/3040/2191 1925/3072/2223 1926/3073/2224
f 1889/3050/2201 1920/3043/2194 1952/3062/2213 1921/3074/2225
f 1901/3044/2195 1900/3046/2197 1932/3066/2217 1933/3063/2214
f 1908/3051/2202 1907/3047/2198 1939/3068/2219 1940/3075/2226
f 1890/3052/2203 1889/3050/2201 1921/3074/2225 1922/3076/2227
f 1895/3053/2204 1894/3049/2200 1926/3073/2224 1927/3077/2228
f 1917/3054/2205 1916/3041/2192 1948/3078/2229 1949/3079/2230
f 1909/3055/2206 1908/3051/2202 1940/3075/2226 1941/3080/2231
f 1904/3056/2207 1903/3048/2199 1935/3069/2220 1936/3081/2232
f 1896/3057/2208 1895/3053/2204 1927/3077/2228 1928/3082/2233
f 1891/3058/2209 1890/3052/2203 1922/3076/2227 1923/3083/2234
f 1910/3059/2210 1909/3055/2206 1941/3080/2231 1942/3084/2235
f 1918/3029/2180 1917/3054/2205 1949/3079/2230 1950/3085/2236
f 1897/3060/2211 1896/3057/2208 1928/3082/2233 1929/3086/2237
f 1905/3033/2184 1904/3056/2207 1936/3081/2232 1937/3087/2238
f 1911/3031/2182 1910/3059/2210 1942/3084/2235 1943/3088/2239
f 1892/3039/2190 1891/3058/2209 1923/3083/2234 1924/3089/2240
f 1898/3037/2188 1897/3060/2211 1929/3086/2237 1930/3090/2241
f 1919/3030/2181 1918/3029/2180 1950/3085/2236 1951/3061/2212
f 1912/3032/2183 1911/3031/2182 1943/3088/2239 1944/3091/2242
f 1906/3034/2185 1905/3033/2184 1937/3087/2238 1938/3067/2218
f 1915/3036/2187 1914/3035/2186 1946/3071/2222 1947/3092/2243
f 1899/3038/2189 1898/3037/2188 1930/3090/2241 1931/3065/2216
f 1893/3040/2191 1892/3039/2190 1924/3089/2240 1925/3072/2223
f 1916/3041/2192 1915/3036/2187 1947/3092/2243 1948/3078/2229
f 1913/3042/2193 1912/3032/2183 1944/3091/2242 1945/3070/2221
f 2226/3093/2244 2229/3094/2245 1960/3095/2246 1961/3096/2247
f 2230/3097/2248 2233/3098/2249 1968/3099/2250 1969/3100/2251
f 2234/3101/2252 2237/3102/2253 1974/3103/2254 1975/3104/2255
f 2238/3105/2256 2241/3106/2257 1955/3107/2258 1956/3108/2259
f 2242/3109/2260 2226/3093/2244 1961/3096/2247 1962/3110/2261
f 2244/3111/2262 2247/3112/2263 1982/3113/2264 1983/3114/2265
f 2248/3115/2266 2234/3101/2252 1975/3104/2255 1976/3116/2267
f 2250/3117/2268 2230/3097/2248 1969/3100/2251 1970/3118/2269
f 2252/3119/2270 2255/3120/2271 1978/3121/2272 1979/3122/2273
f 2256/3123/2274 2242/3109/2260 1962/3110/2261 1963/3124/2275
f 2258/3125/2276 2238/3126/2256 1956/3127/2259 1957/3128/2277
f 2260/3129/2278 2252/3119/2270 1979/3122/2273 1980/3130/2279
f 2262/3131/2280 2248/3115/2266 1976/3116/2267 1977/3132/2281
f 2264/3133/2282 2244/3111/2262 1983/3114/2265 1984/3134/2283
f 2266/3135/2284 2269/3136/2285 1965/3137/2286 1966/3138/2287
f 2270/3139/2288 2256/3123/2274 1963/3124/2275 1964/3140/2289
f 2272/3141/2290 2250/3117/2268 1970/3118/2269 1971/3142/2291
f 2274/3143/2292 2266/3135/2284 1966/3138/2287 1967/3144/2293
f 2255/3120/2271 2262/3131/2280 1977/3132/2281 1978/3121/2272
f 2276/3145/2294 2258/3125/2276 1957/3128/2277 1958/3146/2295
f 2278/3147/2296 2264/3133/2282 1984/3134/2283 1953/3148/2297
f 2269/3136/2285 2270/3149/2288 1964/3150/2289 1965/3137/2286
f 2280/3151/2298 2272/3141/2290 1971/3142/2291 1972/3152/2299
f 2282/3153/2300 2278/3147/2296 1953/3148/2297 1954/3154/2301
f 2284/3155/2302 2276/3145/2294 1958/3146/2295 1959/3156/2303
f 2286/3157/2304 2260/3158/2278 1980/3159/2279 1981/3160/2305
f 2288/3161/2306 2280/3162/2298 1972/3163/2299 1973/3164/2307
f 2233/3098/2249 2274/3143/2292 1967/3144/2293 1968/3099/2250
f 2229/3094/2245 2284/3155/2302 1959/3156/2303 1960/3095/2246
f 2241/3106/2257 2282/3153/2300 1954/3154/2301 1955/3107/2258
f 2237/3102/2253 2288/3161/2306 1973/3164/2307 1974/3103/2254
f 2247/3112/2263 2286/3157/2304 1981/3160/2305 1982/3113/2264
f 1976/3116/2267 1975/3104/2255 2007/3165/2308 2008/3166/2309
f 1970/3118/2269 1969/3100/2251 2001/3167/2310 2002/3168/2311
f 1979/3169/2273 1978/3170/2272 2010/3171/2312 2011/3172/2313
f 1963/3173/2275 1962/3174/2261 1994/3175/2314 1995/3176/2315
f 1957/3177/2277 1956/3178/2259 1988/3179/2316 1989/3180/2317
f 1980/3181/2279 1979/3169/2273 2011/3172/2313 2012/3182/2318
f 1977/3132/2281 1976/3116/2267 2008/3166/2309 2009/3183/2319
f 1984/3134/2283 1983/3114/2265 2015/3184/2320 2016/3185/2321
f 1966/3186/2287 1965/3187/2286 1997/3188/2322 1998/3189/2323
f 1964/3190/2289 1963/3173/2275 1995/3176/2315 1996/3191/2324
f 1971/3192/2291 1970/3193/2269 2002/3194/2311 2003/3195/2325
f 1967/3144/2293 1966/3138/2287 1998/3196/2323 1999/3197/2326
f 1978/3121/2272 1977/3132/2281 2009/3183/2319 2010/3198/2312
f 1958/3199/2295 1957/3177/2277 1989/3180/2317 1990/3200/2327
f 1953/3148/2297 1984/3134/2283 2016/3185/2321 1985/3201/2328
f 1965/3187/2286 1964/3190/2289 1996/3191/2324 1997/3188/2322
f 1972/3202/2299 1971/3192/2291 2003/3195/2325 2004/3203/2329
f 1954/3154/2301 1953/3148/2297 1985/3201/2328 1986/3204/2330
f 1959/3156/2303 1958/3146/2295 1990/3205/2327 1991/3206/2331
f 1981/3207/2305 1980/3181/2279 2012/3182/2318 2013/3208/2332
f 1973/3209/2307 1972/3202/2299 2004/3203/2329 2005/3210/2333
f 1968/3099/2250 1967/3144/2293 1999/3197/2326 2000/3211/2334
f 1960/3095/2246 1959/3156/2303 1991/3206/2331 1992/3212/2335
f 1955/3213/2258 1954/3214/2301 1986/3215/2330 1987/3216/2336
f 1974/3217/2254 1973/3209/2307 2005/3210/2333 2006/3218/2337
f 1982/3219/2264 1981/3207/2305 2013/3208/2332 2014/3220/2338
f 1961/3096/2247 1960/3095/2246 1992/3212/2335 1993/3221/2339
f 1969/3100/2251 1968/3099/2250 2000/3211/2334 2001/3167/2310
f 1975/3104/2255 1974/3103/2254 2006/3222/2337 2007/3165/2308
f 1956/3178/2259 1955/3213/2258 1987/3216/2336 1988/3179/2316
f 1962/3110/2261 1961/3096/2247 1993/3221/2339 1994/3223/2314
f 1983/3114/2265 1982/3113/2264 2014/3224/2338 2015/3184/2320
f 1998/3196/2323 1997/3225/2322 2029/3226/2340 2030/3227/2341
f 1996/3228/2324 1995/3229/2315 2027/3230/2342 2028/3231/2343
f 2003/3232/2325 2002/3168/2311 2034/3233/2344 2035/3234/2345
f 1999/3197/2326 1998/3196/2323 2030/3227/2341 2031/3235/2346
f 2010/3198/2312 2009/3183/2319 2041/3236/2347 2042/3237/2348
f 1990/3205/2327 1989/3238/2317 2021/3239/2349 2022/3240/2350
f 1985/3201/2328 2016/3185/2321 2048/3241/2351 2017/3242/2352
f 1997/3225/2322 1996/3243/2324 2028/3244/2343 2029/3226/2340
f 2004/3245/2329 2003/3232/2325 2035/3234/2345 2036/3246/2353
f 1986/3204/2330 1985/3201/2328 2017/3242/2352 2018/3247/2354
f 1991/3206/2331 1990/3205/2327 2022/3240/2350 2023/3248/2355
f 2013/3249/2332 2012/3250/2318 2044/3251/2356 2045/3252/2357
f 2005/3253/2333 2004/3254/2329 2036/3255/2353 2037/3256/2358
f 2000/3211/2334 1999/3197/2326 2031/3235/2346 2032/3257/2359
f 1992/3212/2335 1991/3206/2331 2023/3248/2355 2024/3258/2360
f 1987/3259/2336 1986/3204/2330 2018/3247/2354 2019/3260/2361
f 2006/3222/2337 2005/3253/2333 2037/3256/2358 2038/3261/2362
f 2014/3224/2338 2013/3249/2332 2045/3252/2357 2046/3262/2363
f 1993/3221/2339 1992/3212/2335 2024/3258/2360 2025/3263/2364
f 2001/3167/2310 2000/3211/2334 2032/3257/2359 2033/3264/2365
f 2007/3165/2308 2006/3222/2337 2038/3261/2362 2039/3265/2366
f 1988/3266/2316 1987/3259/2336 2019/3260/2361 2020/3267/2367
f 1994/3223/2314 1993/3221/2339 2025/3263/2364 2026/3268/2368
f 2015/3184/2320 2014/3224/2338 2046/3262/2363 2047/3269/2369
f 2008/3166/2309 2007/3165/2308 2039/3265/2366 2040/3270/2370
f 2002/3168/2311 2001/3167/2310 2033/3264/2365 2034/3233/2344
f 2011/3271/2313 2010/3198/2312 2042/3237/2348 2043/3272/2371
f 1995/3229/2315 1994/3223/2314 2026/3268/2368 2027/3230/2342
f 1989/3238/2317 1988/3273/2316 2020/3274/2367 2021/3239/2349
f 2012/3275/2318 2011/3271/2313 2043/3272/2371 2044/3276/2356
f 2009/3183/2319 2008/3166/2309 2040/3270/2370 2041/3236/2347
f 2016/3185/2321 2015/3184/2320 2047/3269/2369 2048/3241/2351
f 2017/3242/2352 2048/3241/2351 2080/3277/2372 2049/3278/2373
f 2029/3226/2340 2028/3244/2343 2060/3279/2374 2061/3280/2375
f 2036/3246/2353 2035/3234/2345 2067/3281/2376 2068/3282/2377
f 2018/3247/2354 2017/3242/2352 2049/3278/2373 2050/3283/2378
f 2023/3248/2355 2022/3240/2350 2054/3284/2379 2055/3285/2380
f 2045/3252/2357 2044/3251/2356 2076/3286/2381 2077/3287/2382
f 2037/3256/2358 2036/3255/2353 2068/3288/2377 2069/3289/2383
f 2032/3257/2359 2031/3235/2346 2063/3290/2384 2064/3291/2385
f 2024/3258/2360 2023/3248/2355 2055/3285/2380 2056/3292/2386
f 2019/3260/2361 2018/3247/2354 2050/3283/2378 2051/3293/2387
f 2038/3261/2362 2037/3256/2358 2069/3289/2383 2070/3294/2388
f 2046/3262/2363 2045/3252/2357 2077/3287/2382 2078/3295/2389
f 2025/3263/2364 2024/3258/2360 2056/3292/2386 2057/3296/2390
f 2033/3264/2365 2032/3257/2359 2064/3291/2385 2065/3297/2391
f 2039/3265/2366 2038/3261/2362 2070/3294/2388 2071/3298/2392
f 2020/3267/2367 2019/3260/2361 2051/3293/2387 2052/3299/2393
f 2026/3268/2368 2025/3263/2364 2057/3296/2390 2058/3300/2394
f 2047/3269/2369 2046/3262/2363 2078/3295/2389 2079/3301/2395
f 2040/3270/2370 2039/3265/2366 2071/3298/2392 2072/3302/2396
f 2034/3233/2344 2033/3264/2365 2065/3297/2391 2066/3303/2397
f 2043/3272/2371 2042/3237/2348 2074/3304/2398 2075/3305/2399
f 2027/3230/2342 2026/3268/2368 2058/3300/2394 2059/3306/2400
f 2021/3239/2349 2020/3274/2367 2052/3307/2393 2053/3308/2401
f 2044/3276/2356 2043/3272/2371 2075/3305/2399 2076/3309/2381
f 2041/3236/2347 2040/3270/2370 2072/3302/2396 2073/3310/2402
f 2048/3241/2351 2047/3269/2369 2079/3301/2395 2080/3277/2372
f 2030/3227/2341 2029/3226/2340 2061/3280/2375 2062/3311/2403
f 2028/3231/2343 2027/3230/2342 2059/3306/2400 2060/3312/2374
f 2035/3234/2345 2034/3233/2344 2066/3303/2397 2067/3281/2376
f 2031/3235/2346 2030/3227/2341 2062/3311/2403 2063/3290/2384
f 2042/3237/2348 2041/3236/2347 2073/3310/2402 2074/3304/2398
f 2022/3240/2350 2021/3239/2349 2053/3308/2401 2054/3284/2379
f 2064/3291/2385 2063/3290/2384 2095/3313/2404 2096/3314/2405
f 2056/3292/2386 2055/3285/2380 2087/3315/2406 2088/3316/2407
f 2051/3293/2387 2050/3283/2378 2082/3317/2408 2083/3318/2409
f 2070/3294/2388 2069/3289/2383 2101/3319/2410 2102/3320/2411
f 2078/3295/2389 2077/3287/2382 2109/3321/2412 2110/3322/2413
f 2057/3296/2390 2056/3292/2386 2088/3316/2407 2089/3323/2414
f 2065/3297/2391 2064/3291/2385 2096/3314/2405 2097/3324/2415
f 2071/3298/2392 2070/3294/2388 2102/3320/2411 2103/3325/2416
f 2052/3299/2393 2051/3293/2387 2083/3318/2409 2084/3326/2417
f 2058/3300/2394 2057/3296/2390 2089/3323/2414 2090/3327/2418
f 2079/3301/2395 2078/3295/2389 2110/3322/2413 2111/3328/2419
f 2072/3302/2396 2071/3298/2392 2103/3325/2416 2104/3329/2420
f 2066/3303/2397 2065/3297/2391 2097/3324/2415 2098/3330/2421
f 2075/3305/2399 2074/3304/2398 2106/3331/2422 2107/3332/2423
f 2059/3306/2400 2058/3300/2394 2090/3327/2418 2091/3333/2424
f 2053/3308/2401 2052/3307/2393 2084/3334/2417 2085/3335/2425
f 2076/3309/2381 2075/3305/2399 2107/3332/2423 2108/3336/2426
f 2073/3310/2402 2072/3302/2396 2104/3329/2420 2105/3337/2427
f 2080/3277/2372 2079/3301/2395 2111/3328/2419 2112/3338/2428
f 2062/3311/2403 2061/3280/2375 2093/3339/2429 2094/3340/2430
f 2060/3312/2374 2059/3306/2400 2091/3333/2424 2092/3341/2431
f 2067/3281/2376 2066/3303/2397 2098/3330/2421 2099/3342/2432
f 2063/3290/2384 2062/3311/2403 2094/3340/2430 2095/3313/2404
f 2074/3304/2398 2073/3310/2402 2105/3337/2427 2106/3331/2422
f 2054/3284/2379 2053/3308/2401 2085/3335/2425 2086/3343/2433
f 2049/3278/2373 2080/3277/2372 2112/3338/2428 2081/3344/2434
f 2061/3280/2375 2060/3279/2374 2092/3345/2431 2093/3339/2429
f 2068/3282/2377 2067/3281/2376 2099/3342/2432 2100/3346/2435
f 2050/3283/2378 2049/3278/2373 2081/3344/2434 2082/3317/2408
f 2055/3285/2380 2054/3284/2379 2086/3343/2433 2087/3315/2406
f 2077/3287/2382 2076/3286/2381 2108/3347/2426 2109/3321/2412
f 2069/3289/2383 2068/3288/2377 2100/3348/2435 2101/3319/2410
f 2097/3324/2415 2096/3314/2405 2128/3349/2436 2129/3350/2437
f 2103/3325/2416 2102/3320/2411 2134/3351/2438 2135/3352/2439
f 2084/3326/2417 2083/3318/2409 2115/3353/2440 2116/3354/2441
f 2090/3327/2418 2089/3323/2414 2121/3355/2442 2122/3356/2443
f 2111/3328/2419 2110/3322/2413 2142/3357/2444 2143/3358/2445
f 2104/3329/2420 2103/3325/2416 2135/3352/2439 2136/3359/2446
f 2098/3330/2421 2097/3324/2415 2129/3350/2437 2130/3360/2447
f 2107/3332/2423 2106/3331/2422 2138/3361/2448 2139/3362/2449
f 2091/3333/2424 2090/3327/2418 2122/3356/2443 2123/3363/2450
f 2085/3335/2425 2084/3334/2417 2116/3364/2441 2117/3365/2451
f 2108/3336/2426 2107/3332/2423 2139/3362/2449 2140/3366/2452
f 2105/3337/2427 2104/3329/2420 2136/3359/2446 2137/3367/2453
f 2112/3338/2428 2111/3328/2419 2143/3358/2445 2144/3368/2454
f 2094/3340/2430 2093/3339/2429 2125/3369/2455 2126/3370/2456
f 2092/3341/2431 2091/3333/2424 2123/3363/2450 2124/3371/2457
f 2099/3342/2432 2098/3330/2421 2130/3360/2447 2131/3372/2458
f 2095/3313/2404 2094/3340/2430 2126/3370/2456 2127/3373/2459
f 2106/3331/2422 2105/3337/2427 2137/3367/2453 2138/3361/2448
f 2086/3343/2433 2085/3335/2425 2117/3365/2451 2118/3374/2460
f 2081/3344/2434 2112/3338/2428 2144/3368/2454 2113/3375/2461
f 2093/3339/2429 2092/3345/2431 2124/3376/2457 2125/3369/2455
f 2100/3346/2435 2099/3342/2432 2131/3372/2458 2132/3377/2462
f 2082/3317/2408 2081/3344/2434 2113/3375/2461 2114/3378/2463
f 2087/3315/2406 2086/3343/2433 2118/3374/2460 2119/3379/2464
f 2109/3321/2412 2108/3347/2426 2140/3380/2452 2141/3381/2465
f 2101/3319/2410 2100/3348/2435 2132/3382/2462 2133/3383/2466
f 2096/3314/2405 2095/3313/2404 2127/3373/2459 2128/3349/2436
f 2088/3316/2407 2087/3315/2406 2119/3379/2464 2120/3384/2467
f 2083/3318/2409 2082/3317/2408 2114/3378/2463 2115/3353/2440
f 2102/3320/2411 2101/3319/2410 2133/3383/2466 2134/3351/2438
f 2110/3322/2413 2109/3321/2412 2141/3381/2465 2142/3357/2444
f 2089/3323/2414 2088/3316/2407 2120/3384/2467 2121/3355/2442
f 2130/3360/2447 2129/3350/2437 2161/3385/2468 2162/3386/2469
f 2139/3362/2449 2138/3361/2448 2170/3387/2470 2171/3388/2471
f 2123/3363/2450 2122/3356/2443 2154/3389/2472 2155/3390/2473
f 2117/3365/2451 2116/3364/2441 2148/3391/2474 2149/3392/2475
f 2140/3366/2452 2139/3362/2449 2171/3388/2471 2172/3393/2476
f 2137/3367/2453 2136/3359/2446 2168/3394/2477 2169/3395/2478
f 2144/3368/2454 2143/3358/2445 2175/3396/2479 2176/3397/2480
f 2126/3370/2456 2125/3369/2455 2157/3398/2481 2158/3399/2482
f 2124/3371/2457 2123/3363/2450 2155/3390/2473 2156/3400/2483
f 2131/3372/2458 2130/3360/2447 2162/3386/2469 2163/3401/2484
f 2127/3373/2459 2126/3370/2456 2158/3399/2482 2159/3402/2485
f 2138/3361/2448 2137/3367/2453 2169/3395/2478 2170/3387/2470
f 2118/3374/2460 2117/3365/2451 2149/3392/2475 2150/3403/2486
f 2113/3375/2461 2144/3368/2454 2176/3397/2480 2145/3404/2487
f 2125/3369/2455 2124/3376/2457 2156/3405/2483 2157/3398/2481
f 2132/3377/2462 2131/3372/2458 2163/3401/2484 2164/3406/2488
f 2114/3378/2463 2113/3375/2461 2145/3404/2487 2146/3407/2489
f 2119/3379/2464 2118/3374/2460 2150/3403/2486 2151/3408/2490
f 2141/3381/2465 2140/3380/2452 2172/3409/2476 2173/3410/2491
f 2133/3383/2466 2132/3382/2462 2164/3411/2488 2165/3412/2492
f 2128/3349/2436 2127/3373/2459 2159/3402/2485 2160/3413/2493
f 2120/3384/2467 2119/3379/2464 2151/3408/2490 2152/3414/2494
f 2115/3353/2440 2114/3378/2463 2146/3407/2489 2147/3415/2495
f 2134/3351/2438 2133/3383/2466 2165/3412/2492 2166/3416/2496
f 2142/3357/2444 2141/3381/2465 2173/3410/2491 2174/3417/2497
f 2121/3355/2442 2120/3384/2467 2152/3414/2494 2153/3418/2498
f 2129/3350/2437 2128/3349/2436 2160/3413/2493 2161/3385/2468
f 2135/3352/2439 2134/3351/2438 2166/3416/2496 2167/3419/2499
f 2116/3354/2441 2115/3353/2440 2147/3415/2495 2148/3420/2474
f 2122/3356/2443 2121/3355/2442 2153/3418/2498 2154/3389/2472
f 2143/3358/2445 2142/3357/2444 2174/3417/2497 2175/3396/2479
f 2136/3359/2446 2135/3352/2439 2167/3419/2499 2168/3394/2477
f 2171/3421/2471 2177/3422/2500 2173/3423/2491 2172/3424/2476
f 2177/3422/2500 2184/3425/2501 2174/3426/2497 2173/3423/2491
f 2184/3425/2501 2191/3427/2502 2175/3428/2479 2174/3426/2497
f 2191/3429/2502 2198/3430/2503 2176/3397/2480 2175/3396/2479
f 2198/3430/2503 2205/3431/2504 2145/3404/2487 2176/3397/2480
f 2205/3431/2504 2212/3432/2505 2146/3407/2489 2145/3404/2487
f 2212/3432/2505 2219/3433/2506 2147/3415/2495 2146/3407/2489
f 2219/3434/2506 2149/3435/2475 2148/3436/2474 2147/3437/2495
f 2170/3438/2470 2178/3439/2507 2177/3422/2500 2171/3421/2471
f 2178/3439/2507 2185/3440/2508 2184/3425/2501 2177/3422/2500
f 2185/3440/2508 2192/3441/2509 2191/3427/2502 2184/3425/2501
f 2192/3441/2509 2199/3442/2510 2198/3443/2503 2191/3427/2502
f 2199/3442/2510 2206/3444/2511 2205/3445/2504 2198/3443/2503
f 2206/3444/2511 2213/3446/2512 2212/3447/2505 2205/3445/2504
f 2213/3446/2512 2220/3448/2513 2219/3434/2506 2212/3447/2505
f 2220/3448/2513 2150/3449/2486 2149/3435/2475 2219/3434/2506
f 2169/3395/2478 2179/3450/2514 2178/3451/2507 2170/3387/2470
f 2179/3452/2514 2186/3453/2515 2185/3440/2508 2178/3439/2507
f 2186/3453/2515 2193/3454/2516 2192/3441/2509 2185/3440/2508
f 2193/3454/2516 2200/3455/2517 2199/3442/2510 2192/3441/2509
f 2200/3455/2517 2207/3456/2518 2206/3444/2511 2199/3442/2510
f 2207/3456/2518 2214/3457/2519 2213/3446/2512 2206/3444/2511
f 2214/3457/2519 2221/3458/2520 2220/3448/2513 2213/3446/2512
f 2221/3458/2520 2151/3459/2490 2150/3449/2486 2220/3448/2513
f 2168/3394/2477 2180/3460/2521 2179/3450/2514 2169/3395/2478
f 2180/3461/2521 2187/3462/2522 2186/3453/2515 2179/3452/2514
f 2187/3462/2522 2194/3463/2523 2193/3454/2516 2186/3453/2515
f 2194/3463/2523 2201/3464/2524 2200/3455/2517 2193/3454/2516
f 2201/3464/2524 2208/3465/2525 2207/3456/2518 2200/3455/2517
f 2208/3465/2525 2215/3466/2526 2214/3457/2519 2207/3456/2518
f 2215/3466/2526 2222/3467/2527 2221/3458/2520 2214/3457/2519
f 2222/3467/2527 2152/3468/2494 2151/3459/2490 2221/3458/2520
f 2167/3419/2499 2181/3469/2528 2180/3460/2521 2168/3394/2477
f 2181/3470/2528 2188/3471/2529 2187/3462/2522 2180/3461/2521
f 2188/3471/2529 2195/3472/2530 2194/3463/2523 2187/3462/2522
f 2195/3472/2530 2202/3473/2531 2201/3464/2524 2194/3463/2523
f 2202/3473/2531 2209/3474/2532 2208/3465/2525 2201/3464/2524
f 2209/3474/2532 2216/3475/2533 2215/3466/2526 2208/3465/2525
f 2216/3475/2533 2223/3476/2534 2222/3467/2527 2215/3466/2526
f 2223/3476/2534 2153/3477/2498 2152/3468/2494 2222/3467/2527
f 2166/3416/2496 2182/3478/2535 2181/3469/2528 2167/3419/2499
f 2182/3479/2535 2189/3480/2536 2188/3471/2529 2181/3470/2528
f 2189/3480/2536 2196/3481/2537 2195/3472/2530 2188/3471/2529
f 2196/3481/2537 2203/3482/2538 2202/3473/2531 2195/3472/2530
f 2203/3482/2538 2210/3483/2539 2209/3474/2532 2202/3473/2531
f 2210/3483/2539 2217/3484/2540 2216/3475/2533 2209/3474/2532
f 2217/3484/2540 2224/3485/2541 2223/3476/2534 2216/3475/2533
f 2224/3485/2541 2154/3486/2472 2153/3477/2498 2223/3476/2534
f 2165/3412/2492 2183/3487/2542 2182/3478/2535 2166/3416/2496
f 2183/3488/2542 2190/3489/2543 2189/3480/2536 2182/3479/2535
f 2190/3489/2543 2197/3490/2544 2196/3481/2537 2189/3480/2536
f 2197/3490/2544 2204/3491/2545 2203/3482/2538 2196/3481/2537
f 2204/3491/2545 2211/3492/2546 2210/3483/2539 2203/3482/2538
f 2211/3492/2546 2218/3493/2547 2217/3484/2540 2210/3483/2539
f 2218/3493/2547 2225/3494/2548 2224/3485/2541 2217/3484/2540
f 2225/3494/2548 2155/3495/2473 2154/3486/2472 2224/3485/2541
f 2164/3496/2488 2163/3497/2484 2183/3488/2542 2165/3498/2492
f 2163/3497/2484 2162/3499/2469 2190/3489/2543 2183/3488/2542
f 2162/3386/2469 2161/3385/2468 2197/3500/2544 2190/3501/2543
f 2161/3385/2468 2160/3413/2493 2204/3502/2545 2197/3500/2544
f 2160/3503/2493 2159/3504/2485 2211/3492/2546 2204/3491/2545
f 2159/3504/2485 2158/3505/2482 2218/3493/2547 2211/3492/2546
f 2158/3505/2482 2157/3506/2481 2225/3494/2548 2218/3493/2547
f 2157/3506/2481 2156/3507/2483 2155/3495/2473 2225/3494/2548
f 1950/3508/2236 1949/3509/2230 2287/3510/2549 2246/3511/2550
f 2246/3511/2550 2287/3510/2549 2286/3157/2304 2247/3112/2263
f 1942/3512/2235 1941/3513/2231 2289/3514/2551 2236/3515/2552
f 2236/3515/2552 2289/3514/2551 2288/3161/2306 2237/3102/2253
f 1923/3516/2234 1922/3517/2227 2283/3518/2553 2240/3519/2554
f 2240/3519/2554 2283/3518/2553 2282/3153/2300 2241/3106/2257
f 1928/3520/2233 1927/3521/2228 2285/3522/2555 2228/3523/2556
f 2228/3523/2556 2285/3522/2555 2284/3155/2302 2229/3094/2245
f 1936/3524/2232 1935/3525/2220 2275/3526/2557 2232/3527/2558
f 2232/3527/2558 2275/3526/2557 2274/3143/2292 2233/3098/2249
f 1941/3513/2231 1940/3528/2226 2281/3529/2559 2289/3514/2551
f 2289/3514/2551 2281/3529/2559 2280/3162/2298 2288/3161/2306
f 1949/3509/2230 1948/3530/2229 2261/3531/2560 2287/3510/2549
f 2287/3510/2549 2261/3531/2560 2260/3158/2278 2286/3157/2304
f 1927/3521/2228 1926/3532/2224 2277/3533/2561 2285/3522/2555
f 2285/3522/2555 2277/3533/2561 2276/3145/2294 2284/3155/2302
f 1922/3517/2227 1921/3534/2225 2279/3535/2562 2283/3518/2553
f 2283/3518/2553 2279/3535/2562 2278/3147/2296 2282/3153/2300
f 1940/3536/2226 1939/3537/2219 2273/3538/2563 2281/3539/2559
f 2281/3539/2559 2273/3538/2563 2272/3141/2290 2280/3151/2298
f 1933/3540/2214 1932/3541/2217 2271/3542/2564 2268/3543/2565
f 2268/3543/2565 2271/3542/2564 2270/3149/2288 2269/3136/2285
f 1921/3534/2225 1952/3544/2213 2265/3545/2566 2279/3535/2562
f 2279/3535/2562 2265/3545/2566 2264/3133/2282 2278/3147/2296
f 1926/3532/2224 1925/3546/2223 2259/3547/2567 2277/3533/2561
f 2277/3533/2561 2259/3547/2567 2258/3125/2276 2276/3145/2294
f 1946/3548/2222 1945/3549/2221 2263/3550/2568 2254/3551/2569
f 2254/3551/2569 2263/3550/2568 2262/3131/2280 2255/3120/2271
f 1935/3525/2220 1934/3552/2215 2267/3553/2570 2275/3526/2557
f 2275/3526/2557 2267/3553/2570 2266/3135/2284 2274/3143/2292
f 1939/3537/2219 1938/3554/2218 2251/3555/2571 2273/3538/2563
f 2273/3538/2563 2251/3555/2571 2250/3117/2268 2272/3141/2290
f 1932/3556/2217 1931/3557/2216 2257/3558/2572 2271/3559/2564
f 2271/3559/2564 2257/3558/2572 2256/3123/2274 2270/3139/2288
f 1934/3552/2215 1933/3540/2214 2268/3543/2565 2267/3553/2570
f 2267/3553/2570 2268/3543/2565 2269/3136/2285 2266/3135/2284
f 1952/3544/2213 1951/3560/2212 2245/3561/2573 2265/3545/2566
f 2265/3545/2566 2245/3561/2573 2244/3111/2262 2264/3133/2282
f 1945/3549/2221 1944/3562/2242 2249/3563/2574 2263/3550/2568
f 2263/3550/2568 2249/3563/2574 2248/3115/2266 2262/3131/2280
f 1948/3564/2229 1947/3565/2243 2253/3566/2575 2261/3567/2560
f 2261/3567/2560 2253/3566/2575 2252/3119/2270 2260/3129/2278
f 1925/3546/2223 1924/3568/2240 2239/3569/2576 2259/3547/2567
f 2259/3547/2567 2239/3569/2576 2238/3126/2256 2258/3125/2276
f 1931/3557/2216 1930/3570/2241 2243/3571/2577 2257/3558/2572
f 2257/3558/2572 2243/3571/2577 2242/3109/2260 2256/3123/2274
f 1947/3565/2243 1946/3548/2222 2254/3551/2569 2253/3566/2575
f 2253/3566/2575 2254/3551/2569 2255/3120/2271 2252/3119/2270
f 1938/3554/2218 1937/3572/2238 2231/3573/2578 2251/3555/2571
f 2251/3555/2571 2231/3573/2578 2230/3097/2248 2250/3117/2268
f 1944/3562/2242 1943/3574/2239 2235/3575/2579 2249/3563/2574
f 2249/3563/2574 2235/3575/2579 2234/3101/2252 2248/3115/2266
f 1951/3560/2212 1950/3508/2236 2246/3511/2550 2245/3561/2573
f 2245/3561/2573 2246/3511/2550 2247/3112/2263 2244/3111/2262
f 1930/3570/2241 1929/3576/2237 2227/3577/2580 2243/3571/2577
f 2243/3571/2577 2227/3577/2580 2226/3093/2244 2242/3109/2260
f 1924/3578/2240 1923/3516/2234 2240/3519/2554 2239/3579/2576
f 2239/3579/2576 2240/3519/2554 2241/3106/2257 2238/3105/2256
f 1943/3574/2239 1942/3512/2235 2236/3515/2552 2235/3575/2579
f 2235/3575/2579 2236/3515/2552 2237/3102/2253 2234/3101/2252
f 1937/3572/2238 1936/3524/2232 2232/3527/2558 2231/3573/2578
f 2231/3573/2578 2232/3527/2558 2233/3098/2249 2230/3097/2248
f 1929/3576/2237 1928/3520/2233 2228/3523/2556 2227/3577/2580
f 2227/3577/2580 2228/3523/2556 2229/3094/2245 2226/3093/2244
f 2458/3580/2581 2459/3581/2582 2291/2518/1817 2290/2517/1816
f 2459/3581/2582 2460/3582/2583 2292/2522/1796 2291/2518/1817
f 2398/3583/2584 2399/3584/2585 2294/2526/1823 2293/2525/1822
f 2399/3584/2585 2400/3585/2586 2295/2501/1800 2294/2526/1823
f 2434/3586/2587 2435/3587/2588 2297/2505/1804 2296/2530/1827
f 2400/3585/2586 2401/3588/2589 2298/2502/1801 2295/2501/1800
f 2435/3587/2588 2436/3589/2590 2299/2506/1805 2297/2505/1804
f 2446/3590/2591 2447/3591/2592 2301/2508/1807 2300/2498/1797
f 2436/3589/2590 2437/3592/2593 2302/2512/1811 2299/2506/1805
f 2447/3591/2592 2448/3593/2594 2303/2514/1813 2301/2508/1807
f 2386/3594/2595 2387/3595/2596 2305/2516/1815 2304/2510/1809
f 2448/3593/2594 2449/3596/2597 2306/2524/1821 2303/2514/1813
f 2387/3595/2596 2388/3597/2598 2307/2528/1825 2305/2516/1815
f 2422/3598/2599 2423/3599/2600 2309/2529/1826 2308/2521/1819
f 2388/3597/2598 2389/3600/2601 2310/2532/1798 2307/2528/1825
f 2423/3599/2600 2424/3601/2602 2311/2503/1802 2309/2529/1826
f 2424/3601/2602 2425/3602/2603 2312/2504/1803 2311/2503/1802
f 2470/3603/2604 2471/3604/2605 2314/2507/1806 2313/2500/1799
f 2471/3604/2605 2472/3605/2606 2315/2511/1810 2314/2507/1806
f 2410/3606/2607 2411/3607/2608 2317/2513/1812 2316/2509/1808
f 2472/3605/2606 2473/3608/2609 2318/2515/1814 2315/2511/1810
f 2411/3607/2608 2412/3609/2610 2319/2519/1818 2317/2513/1812
f 2412/3609/2610 2413/3610/2611 2320/2527/1824 2319/2519/1818
f 2461/3611/2612 2458/3580/2581 2290/2517/1816 2321/2523/1820
f 2390/3612/2613 2386/3594/2595 2304/2510/1809 2322/2534/1829
f 2401/3588/2589 2402/3613/2614 1648/2533/1828 2298/2502/1801
f 2437/3592/2593 2438/3614/2615 1636/3615/1858 2302/2512/1811
f 2414/3616/2616 2410/3606/2607 2316/2509/1808 2325/2612/1907
f 2473/3608/2609 2474/3617/2617 1656/2567/1862 2318/2515/1814
f 2426/3618/2618 2422/3598/2599 2308/2521/1819 2327/2564/1859
f 2460/3582/2583 2462/3619/2619 1660/3620/1894 2292/2522/1796
f 2463/3621/2620 2461/3611/2612 2321/2523/1820 2329/2568/1863
f 2449/3596/2597 2450/3622/2621 2330/2587/1882 2306/2524/1821
f 2403/3623/2622 2398/3583/2584 2293/2525/1822 1645/2590/1885
f 2413/3610/2611 2415/3624/2623 1644/3625/1884 2320/2527/1824
f 2439/3626/2624 2434/3586/2587 2296/2530/1827 2333/2588/1883
f 2389/3600/2601 2391/3627/2625 1652/3628/1896 2310/2532/1798
f 2451/3629/2626 2446/3590/2591 2300/2498/1797 2335/2600/1895
f 2475/3630/2627 2470/3603/2604 2313/2500/1799 2336/2602/1897
f 2425/3602/2603 2427/3631/2628 1640/2611/1906 2312/2504/1803
f 2392/3632/2629 2390/3612/2613 2322/2534/1829 2338/2656/1951
f 2428/3633/2630 2426/3618/2618 2327/2564/1859 2339/2620/1915
f 2438/3614/2615 2440/3634/2631 1668/3635/1914 1636/3615/1858
f 2462/3619/2619 2464/3636/2632 1692/3637/1937 1660/3620/1894
f 2465/3638/2633 2463/3621/2620 2329/2568/1863 2342/2623/1918
f 2474/3617/2617 2476/3639/2634 1688/2622/1917 1656/2567/1862
f 2450/3622/2621 2452/3640/2635 2344/2634/1929 2330/2587/1882
f 2404/3641/2636 2403/3623/2622 1645/2590/1885 1677/2637/1932
f 2415/3624/2623 2416/3642/2637 1676/3643/1931 1644/3625/1884
f 2441/3644/2638 2439/3626/2624 2333/2588/1883 2347/2635/1930
f 2391/3627/2625 2393/3645/2639 1684/3646/1939 1652/3628/1896
f 2453/3647/2640 2451/3629/2626 2335/2600/1895 2349/2643/1938
f 2477/3648/2641 2475/3630/2627 2336/2602/1897 2350/2645/1940
f 2402/3613/2614 2405/3649/2642 1680/2655/1950 1648/2533/1828
f 2427/3631/2628 2429/3650/2643 1672/2653/1948 1640/2611/1906
f 2417/3651/2644 2414/3616/2616 2325/2612/1907 2353/2654/1949
f 2466/3652/2645 2467/3653/2646 2354/3654/2037 2355/3655/2036
f 2468/3656/2647 2466/3652/2645 2355/3655/2036 2356/3657/1972
f 2406/3658/2648 2407/3659/2649 2357/3660/1967 2358/3661/2045
f 2408/3662/2650 2406/3658/2648 2358/3661/2045 2359/3663/2012
f 2442/3664/2651 2443/3665/2652 2360/3666/1965 2361/3667/2017
f 2409/3668/2653 2408/3662/2650 2359/3663/2012 2362/3669/1985
f 2444/3670/2654 2442/3664/2651 2361/3667/2017 2363/3671/2016
f 2454/3672/2655 2455/3673/2656 2364/3674/1973 2365/3675/2022
f 2445/3676/2657 2444/3670/2654 2363/3671/2016 2366/3677/1996
f 2456/3678/2658 2454/3672/2655 2365/3675/2022 2367/3679/2031
f 2394/3680/2659 2395/3681/2660 2368/3682/1986 2369/3683/2034
f 2457/3684/2661 2456/3678/2658 2367/3679/2031 2370/3685/1964
f 2396/3686/2662 2394/3680/2659 2369/3683/2034 2371/3687/2049
f 2430/3688/2663 2431/3689/2664 2372/3690/1997 2373/3691/2005
f 2397/3692/2665 2396/3686/2662 2371/3687/2049 2374/3693/1974
f 2432/3694/2666 2430/3688/2663 2373/3691/2005 2375/3695/2004
f 2433/3696/2667 2432/3694/2666 2375/3695/2004 2376/3697/1983
f 2478/3698/2668 2479/3699/2669 2377/3700/1975 2378/3701/2020
f 2480/3702/2670 2478/3698/2668 2378/3701/2020 2379/3703/2026
f 2418/3704/2671 2419/3705/2672 2380/3706/1984 2381/3707/2029
f 2481/3708/2673 2480/3702/2670 2379/3703/2026 2382/3709/1999
f 2420/3710/2674 2418/3704/2671 2381/3707/2029 2383/3711/2040
f 2421/3712/2675 2420/3710/2674 2383/3711/2040 2384/3713/1966
f 2467/3653/2646 2469/3714/2676 2385/3715/2000 2354/3654/2037
f 2469/3716/2676 2465/3717/2633 2342/2747/1918 2385/2750/2000
f 2431/3718/2664 2428/3719/2630 2339/2741/1915 2372/2744/1997
f 2443/3720/2652 2441/3721/2638 2347/2677/1930 2360/2680/1965
f 2452/3722/2635 2457/3723/2661 2370/2679/1964 2344/2678/1929
f 2407/3724/2649 2404/3725/2636 1677/2681/1932 2357/2684/1967
f 2416/3726/2637 2421/3727/2675 2384/2683/1966 1676/2682/1931
f 2393/3728/2639 2397/3729/2665 2374/2699/1974 1684/2698/1939
f 2455/3730/2656 2453/3731/2640 2349/2693/1938 2364/2696/1973
f 2464/3732/2632 2468/3733/2647 2356/2695/1972 1692/2694/1937
f 2479/3734/2669 2477/3735/2641 2350/2697/1940 2377/2700/1975
f 2405/3736/2642 2409/3737/2653 2362/2721/1985 1680/2720/1950
f 2429/3738/2643 2433/3739/2667 2376/2717/1983 1672/2716/1948
f 2419/3740/2672 2417/3741/2644 2353/2715/1949 2380/2718/1984
f 2395/3742/2660 2392/3743/2629 2338/2719/1951 2368/2722/1986
f 2440/3744/2631 2445/3745/2657 2366/2743/1996 1668/2742/1914
f 2476/3746/2634 2481/3747/2673 2382/2749/1999 1688/2748/1917
f 1713/2736/1993 1681/2735/1908 2392/3743/2629 2395/3742/2660
f 2348/3748/1933 1716/3749/1968 2397/3729/2665 2393/3728/2639
f 1716/2686/1968 1715/2685/1957 2396/3686/2662 2397/3692/2665
f 1715/2685/1957 1714/3750/1956 2394/3680/2659 2396/3686/2662
f 1714/2663/1956 1713/2736/1993 2395/3742/2660 2394/3751/2659
f 2334/2592/1887 2348/2638/1933 2393/3645/2639 2391/3627/2625
f 1681/2613/1908 1649/2555/1850 2390/3612/2613 2392/3632/2629
f 1620/2591/1886 2334/2592/1887 2391/3627/2625 2389/3600/2601
f 1649/2555/1850 1617/2554/1849 2386/3594/2595 2390/3612/2613
f 1619/2577/1872 1620/2591/1886 2389/3600/2601 2388/3597/2598
f 1618/2553/1848 1619/2577/1872 2388/3597/2598 2387/3595/2596
f 1617/2554/1849 1618/2553/1848 2387/3595/2596 2386/3594/2595
f 2351/2701/1941 1712/2702/1976 2409/3737/2653 2405/3736/2642
f 1709/2754/2002 2345/2753/1921 2404/3725/2636 2407/3724/2649
f 1712/2702/1976 1711/2668/1959 2408/3752/2650 2409/3737/2653
f 1711/3753/1959 1710/3754/1958 2406/3658/2648 2408/3662/2650
f 1710/3754/1958 1709/3755/2002 2407/3659/2649 2406/3658/2648
f 2323/2604/1899 2351/2646/1941 2405/3649/2642 2402/3613/2614
f 2345/2626/1921 2331/2573/1868 2403/3623/2622 2404/3641/2636
f 2331/2573/1868 1613/2572/1867 2398/3583/2584 2403/3623/2622
f 1616/2603/1898 2323/2604/1899 2402/3613/2614 2401/3588/2589
f 1615/2579/1874 1616/2603/1898 2401/3588/2589 2400/3585/2586
f 1614/2571/1866 1615/2579/1874 2400/3585/2586 2399/3584/2585
f 1613/2572/1867 1614/2571/1866 2399/3584/2585 2398/3583/2584
f 1705/2729/1989 1673/2728/1954 2417/3741/2644 2419/3740/2672
f 2346/3756/1923 1708/3757/2003 2421/3727/2675 2416/3726/2637
f 1708/2756/2003 1707/2755/1995 2420/3710/2674 2421/3712/2675
f 1707/2755/1995 1706/3758/1990 2418/3704/2671 2420/3710/2674
f 1706/2730/1990 1705/2729/1989 2419/3740/2672 2418/3759/2671
f 1673/2659/1954 1641/2545/1840 2414/3616/2616 2417/3651/2644
f 2332/2576/1871 2346/2628/1923 2416/3642/2637 2415/3624/2623
f 1612/2575/1870 2332/2576/1871 2415/3624/2623 2413/3610/2611
f 1641/2545/1840 1609/2544/1839 2410/3606/2607 2414/3616/2616
f 1611/2561/1856 1612/2575/1870 2413/3610/2611 2412/3609/2610
f 1610/2543/1838 1611/2561/1856 2412/3609/2610 2411/3607/2608
f 1609/2544/1839 1610/2543/1838 2411/3607/2608 2410/3606/2607
f 2352/2703/1942 1704/2704/1977 2433/3739/2667 2429/3738/2643
f 1701/2675/1962 1669/2674/1927 2428/3719/2630 2431/3718/2664
f 1704/2704/1977 1703/2692/1971 2432/3760/2666 2433/3739/2667
f 1703/3761/1971 1702/3762/1963 2430/3688/2663 2432/3694/2666
f 1702/3762/1963 1701/3763/1962 2431/3689/2664 2430/3688/2663
f 2337/2606/1901 2352/2647/1942 2429/3650/2643 2427/3631/2628
f 1669/2632/1927 1637/2585/1880 2426/3618/2618 2428/3633/2630
f 1608/2605/1900 2337/2606/1901 2427/3631/2628 2425/3602/2603
f 1637/2585/1880 1605/2584/1879 2422/3598/2599 2426/3618/2618
f 1607/2597/1892 1608/2605/1900 2425/3602/2603 2424/3601/2602
f 1606/2583/1878 1607/2597/1892 2424/3601/2602 2423/3599/2600
f 1605/2584/1879 1606/2583/1878 2423/3599/2600 2422/3598/2599
f 2340/3764/1953 1700/3765/1988 2445/3745/2657 2440/3744/2631
f 1697/2689/1969 1665/2688/1934 2441/3721/2638 2443/3720/2652
f 1700/2726/1988 1699/2725/1978 2444/3670/2654 2445/3676/2657
f 1699/2725/1978 1698/3766/1970 2442/3664/2651 2444/3670/2654
f 1698/2690/1970 1697/2689/1969 2443/3720/2652 2442/3767/2651
f 1665/2639/1934 1633/2595/1890 2439/3626/2624 2441/3644/2638
f 2324/2542/1837 2340/2658/1953 2440/3634/2631 2438/3614/2615
f 1633/2595/1890 1601/2594/1889 2434/3586/2587 2439/3626/2624
f 1604/2539/1834 2324/2542/1837 2438/3614/2615 2437/3592/2593
f 1603/2540/1835 1604/2539/1834 2437/3592/2593 2436/3589/2590
f 1602/2593/1888 1603/2540/1835 2436/3589/2590 2435/3587/2588
f 1601/2594/1889 1602/2593/1888 2435/3587/2588 2434/3586/2587
f 1725/2713/1981 1693/2712/1946 2453/3731/2640 2455/3730/2656
f 1696/2751/1920 1728/2752/2001 2457/3723/2661 2452/3722/2635
f 1728/2752/2001 1727/2732/1991 2456/3768/2658 2457/3723/2661
f 1727/3769/1991 1726/3770/1982 2454/3672/2655 2456/3678/2658
f 1726/3770/1982 1725/3771/1981 2455/3673/2656 2454/3672/2655
f 1693/2651/1946 1661/2610/1905 2451/3629/2626 2453/3647/2640
f 1664/2570/1865 1696/2625/1920 2452/3640/2635 2450/3622/2621
f 1661/2610/1905 1629/2609/1904 2446/3590/2591 2451/3629/2626
f 1632/2569/1864 1664/2570/1865 2450/3622/2621 2449/3596/2597
f 1631/2547/1842 1632/2569/1864 2449/3596/2597 2448/3593/2594
f 1630/2548/1843 1631/2547/1842 2448/3593/2594 2447/3591/2592
f 1629/2609/1904 1630/2548/1843 2447/3591/2592 2446/3590/2591
f 2341/3772/1916 1724/3773/1998 2468/3733/2647 2464/3732/2632
f 1721/2671/1960 1689/2670/1926 2465/3717/2633 2469/3716/2676
f 1722/2672/1961 1721/2671/1960 2469/3716/2676 2467/3774/2646
f 1724/2746/1998 1723/2745/1994 2466/3652/2645 2468/3656/2647
f 1723/2745/1994 1722/3775/1961 2467/3653/2646 2466/3652/2645
f 1689/2631/1926 1657/2582/1877 2463/3621/2620 2465/3638/2633
f 2328/2566/1861 2341/2621/1916 2464/3636/2632 2462/3619/2619
f 1657/2582/1877 1625/2581/1876 2461/3611/2612 2463/3621/2620
f 1628/2565/1860 2328/2566/1861 2462/3619/2619 2460/3582/2583
f 1625/2581/1876 1626/2558/1853 2458/3580/2581 2461/3611/2612
f 1627/2557/1852 1628/2565/1860 2460/3582/2583 2459/3581/2582
f 1626/2558/1853 1627/2557/1852 2459/3581/2582 2458/3580/2581
f 2343/2733/1955 1720/2734/1992 2481/3747/2673 2476/3746/2634
f 1717/2709/1979 1685/2708/1944 2477/3735/2641 2479/3734/2669
f 1720/2734/1992 1719/2724/1987 2480/3776/2670 2481/3747/2673
f 1719/3777/1987 1718/3778/1980 2478/3698/2668 2480/3702/2670
f 1718/3778/1980 1717/3779/1979 2479/3699/2669 2478/3698/2668
f 1685/2649/1944 1653/2608/1903 2475/3630/2627 2477/3648/2641
f 2326/2552/1847 2343/2660/1955 2476/3639/2634 2474/3617/2617
f 1653/2608/1903 1621/2607/1902 2470/3603/2604 2475/3630/2627
f 1624/2551/1846 2326/2552/1847 2474/3617/2617 2473/3608/2609
f 1623/2535/1830 1624/2551/1846 2473/3608/2609 2472/3605/2606
f 1622/2536/1831 1623/2535/1830 2472/3605/2606 2471/3604/2605
f 1621/2607/1902 1622/2536/1831 2471/3604/2605 2470/3603/2604
f 1471/3780/1595 1470/3781/1594 2512/2383/1696 2495/2342/66
f 1450/3782/1591 1449/3783/1577 2513/2385/1698 2489/2330/1651
f 1444/3784/1589 1443/3785/1588 2510/2379/1692 2491/2387/1655
f 1463/3786/1585 1462/3787/1584 2511/2381/1694 2483/2318/1639
f 1457/3788/1581 1456/3789/1580 2508/2375/1688 2485/2322/1643
f 1449/3783/1577 1448/3790/1576 2509/2377/1690 2513/2385/1698
f 1470/3781/1594 1469/3791/1635 2506/2367/1684 2512/2383/1696
f 1462/3787/1584 1461/3792/1637 2507/2371/1686 2511/2381/1694
f 1443/3785/1588 1442/3793/1631 2504/2363/1680 2510/2379/1692
f 1448/3790/1576 1447/3794/1633 2505/2365/1682 2509/2377/1690
f 1456/3789/1580 1455/3795/1623 2500/2353/1672 2508/2375/1688
f 1461/3792/1637 1460/3796/1629 2503/2372/1678 2507/2371/1686
f 1469/3791/1635 1468/3797/1609 2492/2368/1658 2506/2367/1684
f 1447/3794/1633 1446/3798/1625 2501/2355/1674 2505/2365/1682
f 1442/3793/1631 1441/3799/1627 2502/2357/1676 2504/2363/1680
f 1460/3800/1629 1459/3801/1621 2499/2351/1670 2503/2361/1678
f 1453/3802/1616 1452/3803/1619 2498/2359/1668 2497/2346/1665
f 1441/3799/1627 1472/3804/1613 2494/2341/69 2502/2357/1676
f 1446/3798/1625 1445/3805/1607 2490/2333/1654 2501/2355/1674
f 1466/3806/1602 1465/3807/1611 2493/2339/1660 2487/2326/1647
f 1455/3795/1623 1454/3808/1617 2496/2345/1664 2500/2353/1672
f 1459/3801/1621 1458/3809/1599 2484/2321/1642 2499/2351/1670
f 1452/3810/1619 1451/3811/1605 2488/2329/1650 2498/2349/1668
f 1454/3808/1617 1453/3802/1616 2497/2346/1665 2496/2345/1664
f 1472/3804/1613 1471/3780/1595 2495/2342/66 2494/2341/69
f 1465/3807/1611 1464/3812/1597 2482/2317/1638 2493/2339/1660
f 1468/3813/1609 1467/3814/1603 2486/2325/1646 2492/2337/1658
f 1445/3805/1607 1444/3815/1589 2491/2334/1655 2490/2333/1654
f 1451/3811/1605 1450/3782/1591 2489/2330/1651 2488/2329/1650
f 1467/3814/1603 1466/3806/1602 2487/2326/1647 2486/2325/1646
f 1458/3809/1599 1457/3788/1581 2485/2322/1643 2484/2321/1642
f 1464/3812/1597 1463/3786/1585 2483/2318/1639 2482/2317/1638
f 1438/3816/1552 1437/3817/1551 2544/2313/1634 2524/2272/1593
f 1430/3818/1550 1429/3819/1543 2545/2315/1636 2519/2262/1583
f 1411/3820/1549 1410/3821/1548 2542/2309/1630 2521/2266/1587
f 1416/3822/1547 1415/3823/1546 2543/2311/1632 2515/2254/1575
f 1424/3824/1545 1423/3825/1544 2538/2301/1622 2517/2258/1579
f 1429/3819/1543 1428/3826/1542 2541/2307/1628 2545/2315/1636
f 1437/3817/1551 1436/3827/1565 2531/2287/1608 2544/2313/1634
f 1415/3823/1546 1414/3828/1572 2539/2303/1624 2543/2311/1632
f 1410/3821/1548 1409/3829/1573 2540/2305/1626 2542/2309/1630
f 1428/3826/1542 1427/3830/1571 2537/2299/1620 2541/2307/1628
f 1421/3831/1568 1420/3832/1570 2536/2297/1618 2535/2294/1615
f 1409/3829/1573 1440/3833/1567 2533/2291/1612 2540/2305/1626
f 1414/3828/1572 1413/3834/1564 2530/2285/1606 2539/2303/1624
f 1434/3835/1561 1433/3836/1566 2532/2289/1610 2528/2280/1601
f 1423/3825/1544 1422/3837/1569 2534/2293/1614 2538/2301/1622
f 1427/3830/1571 1426/3838/1560 2526/2277/1598 2537/2299/1620
f 1420/3832/1570 1419/3839/1563 2529/2283/1604 2536/2297/1618
f 1422/3837/1569 1421/3831/1568 2535/2294/1615 2534/2293/1614
f 1440/3833/1567 1439/3840/1558 2523/2271/1592 2533/2291/1612
f 1433/3836/1566 1432/3841/1559 2525/2275/1596 2532/2289/1610
f 1436/3827/1565 1435/3842/1562 2527/2279/1600 2531/2287/1608
f 1413/3834/1564 1412/3843/1556 2520/2265/1586 2530/2285/1606
f 1419/3839/1563 1418/3844/1557 2522/2269/1590 2529/2283/1604
f 1435/3842/1562 1434/3835/1561 2528/2280/1601 2527/2279/1600
f 1426/3838/1560 1425/3845/1554 2516/2257/1578 2526/2277/1598
f 1432/3841/1559 1431/3846/1555 2518/2261/1582 2525/2275/1596
f 1439/3840/1558 1438/3816/1552 2524/2272/1593 2523/2271/1592
f 1418/3844/1557 1417/3847/1553 2514/2253/1574 2522/2269/1590
f 1412/3843/1556 1411/3820/1549 2521/2266/1587 2520/2265/1586
f 1431/3846/1555 1430/3818/1550 2519/2262/1583 2518/2261/1582
f 1425/3845/1554 1424/3824/1545 2517/2258/1579 2516/2257/1578
f 1417/3847/1553 1416/3822/1547 2515/2254/1575 2514/2253/1574
f 1261/1923/1320 1260/1928/1323 2577/2043/1412 2576/2040/1409
f 1249/1944/1331 1280/1920/1319 2574/2037/1406 2549/1986/1355
f 1254/1942/1330 1253/1941/1329 2572/2033/1402 2551/1990/1359
f 1274/1938/1328 1273/1937/1327 2573/2035/1404 2570/2028/1397
f 1263/1934/1326 1262/1924/1321 2575/2039/1408 2556/2000/1369
f 1267/1932/1325 1266/1931/1324 2568/2025/1394 2547/1982/1351
f 1260/1928/1323 1259/1927/1322 2571/2031/1400 2577/2043/1412
f 1262/1924/1321 1261/1923/1320 2576/2040/1409 2575/2039/1408
f 1280/1920/1319 1279/1919/1318 2566/2021/1390 2574/2037/1406
f 1273/1937/1327 1272/1978/1348 2567/2023/1392 2573/2035/1404
f 1276/1953/1335 1275/1980/1349 2569/2027/1396 2553/1994/1363
f 1253/1941/1329 1252/1974/1346 2564/2017/1386 2572/2033/1402
f 1259/1927/1322 1258/1976/1347 2565/2019/1388 2571/2031/1400
f 1275/1980/1349 1274/1938/1328 2570/2028/1397 2569/2027/1396
f 1266/1931/1324 1265/1970/1344 2562/2013/1382 2568/2025/1394
f 1272/1978/1348 1271/1972/1345 2563/2015/1384 2567/2023/1392
f 1279/1919/1318 1278/1966/1342 2560/2009/1378 2566/2021/1390
f 1258/1976/1347 1257/1968/1343 2561/2011/1380 2565/2019/1388
f 1252/1974/1346 1251/1962/1340 2558/2005/1374 2564/2017/1386
f 1271/1972/1345 1270/1964/1341 2559/2007/1376 2563/2015/1384
f 1265/1970/1344 1264/1958/1338 2555/1999/1368 2562/2013/1382
f 1257/1968/1343 1256/1960/1339 2557/2003/1372 2561/2011/1380
f 1278/1966/1342 1277/1954/1336 2552/1993/1362 2560/2009/1378
f 1270/1964/1341 1269/1956/1337 2554/1997/1366 2559/2007/1376
f 1251/1962/1340 1250/1948/1333 2548/1985/1354 2558/2005/1374
f 1256/1960/1339 1255/1950/1334 2550/1989/1358 2557/2003/1372
f 1264/1958/1338 1263/1934/1326 2556/2000/1369 2555/1999/1368
f 1269/1956/1337 1268/1946/1332 2546/1981/1350 2554/1997/1366
f 1277/1954/1336 1276/1953/1335 2553/1994/1363 2552/1993/1362
f 1255/1950/1334 1254/1942/1330 2551/1990/1359 2550/1989/1358
f 1250/1948/1333 1249/1944/1331 2549/1986/1355 2548/1985/1354
f 1268/1946/1332 1267/1932/1325 2547/1982/1351 2546/1981/1350
f 1297/2014/1383 1296/2002/1371 2608/2105/1474 2588/2064/1433
f 1289/2012/1381 1288/2004/1373 2609/2107/1476 2583/2054/1423
f 1310/2010/1379 1309/1996/1365 2606/2101/1470 2585/2058/1427
f 1302/2008/1377 1301/1998/1367 2607/2103/1472 2579/2046/1415
f 1283/2006/1375 1282/1988/1357 2604/2097/1466 2581/2050/1419
f 1288/2004/1373 1287/1992/1361 2605/2099/1468 2609/2107/1476
f 1296/2002/1371 1295/2001/1370 2600/2089/1458 2608/2105/1474
f 1301/1998/1367 1300/1984/1353 2603/2095/1464 2607/2103/1472
f 1309/1996/1365 1308/1995/1364 2593/2075/1444 2606/2101/1470
f 1287/1992/1361 1286/1991/1360 2601/2091/1460 2605/2099/1468
f 1282/1988/1357 1281/1987/1356 2602/2093/1462 2604/2097/1466
f 1300/1984/1353 1299/1983/1352 2599/2087/1456 2603/2095/1464
f 1293/2041/1410 1292/2044/1413 2598/2085/1454 2597/2082/1451
f 1281/1987/1356 1312/2038/1407 2595/2079/1448 2602/2093/1462
f 1286/1991/1360 1285/2034/1403 2592/2073/1442 2601/2091/1460
f 1306/2029/1398 1305/2036/1405 2594/2077/1446 2590/2068/1437
f 1295/2001/1370 1294/2042/1411 2596/2081/1450 2600/2089/1458
f 1299/1983/1352 1298/2026/1395 2587/2063/1432 2599/2087/1456
f 1292/2044/1413 1291/2032/1401 2591/2071/1440 2598/2085/1454
f 1294/2042/1411 1293/2041/1410 2597/2082/1451 2596/2081/1450
f 1312/2038/1407 1311/2022/1391 2584/2057/1426 2595/2079/1448
f 1305/2036/1405 1304/2024/1393 2586/2061/1430 2594/2077/1446
f 1308/1995/1364 1307/2030/1399 2589/2067/1436 2593/2075/1444
f 1285/2034/1403 1284/2018/1387 2580/2049/1418 2592/2073/1442
f 1291/2032/1401 1290/2020/1389 2582/2053/1422 2591/2071/1440
f 1307/2030/1399 1306/2029/1398 2590/2068/1437 2589/2067/1436
f 1298/2026/1395 1297/2014/1383 2588/2064/1433 2587/2063/1432
f 1304/2024/1393 1303/2016/1385 2578/2045/1414 2586/2061/1430
f 1311/2022/1391 1310/2010/1379 2585/2058/1427 2584/2057/1426
f 1290/2020/1389 1289/2012/1381 2583/2054/1423 2582/2053/1422
f 1284/2018/1387 1283/2006/1375 2581/2050/1419 2580/2049/1418
f 1303/2016/1385 1302/2008/1377 2579/2046/1415 2578/2045/1414
f 1074/1656/1104 1073/3848/1103 2640/1741/1186 2625/1710/1155
f 1080/3849/1102 1079/3850/1095 2641/1743/1188 2618/1696/1141
f 1087/3851/1101 1086/1680/1100 2638/1737/1182 2620/1700/1145
f 1066/1640/1099 1065/3852/1098 2639/1739/1184 2613/1686/1131
f 1060/1626/1097 1059/1625/1096 2636/1733/1178 2615/1690/1135
f 1079/3850/1095 1078/1678/1094 2637/1735/1180 2641/1743/1188
f 1073/3848/1103 1072/3853/1124 2634/1729/1174 2640/1741/1186
f 1065/3852/1098 1064/3854/1125 2635/1731/1176 2639/1739/1184
f 1086/1680/1100 1085/1670/1122 2632/1725/1170 2638/1737/1182
f 1078/1678/1094 1077/1672/1123 2633/1727/1172 2637/1735/1180
f 1059/1625/1096 1058/1676/1120 2630/1721/1166 2636/1733/1178
f 1064/3854/1125 1063/3855/1121 2631/1723/1168 2635/1731/1176
f 1072/3853/1124 1071/3856/1116 2626/1713/1158 2634/1729/1174
f 1077/1672/1123 1076/1665/1119 2629/1719/1164 2633/1727/1172
f 1085/1670/1122 1084/1645/1109 2616/1693/1138 2632/1725/1170
f 1063/3855/1121 1062/1662/1117 2627/1715/1160 2631/1723/1168
f 1058/1676/1120 1057/3857/1118 2628/1717/1162 2630/1721/1166
f 1076/1665/1119 1075/1657/1115 2624/1709/1154 2629/1719/1164
f 1069/1650/1112 1068/1653/1114 2623/1707/1152 2622/1704/1149
f 1057/3857/1118 1088/3858/1111 2619/1699/1144 2628/1717/1162
f 1062/1662/1117 1061/1643/1108 2614/1689/1134 2627/1715/1160
f 1082/1636/1105 1081/3859/1110 2617/1695/1140 2611/1682/1127
f 1071/3856/1116 1070/1651/1113 2621/1703/1148 2626/1713/1158
f 1075/1657/1115 1074/1656/1104 2625/1710/1155 2624/1709/1154
f 1068/1653/1114 1067/1641/1107 2612/1685/1130 2623/1707/1152
f 1070/1651/1113 1069/1650/1112 2622/1704/1149 2621/1703/1148
f 1088/3858/1111 1087/3851/1101 2620/1700/1145 2619/1699/1144
f 1081/3859/1110 1080/3849/1102 2618/1696/1141 2617/1695/1140
f 1084/1645/1109 1083/1637/1106 2610/1681/1126 2616/1693/1138
f 1061/1643/1108 1060/1626/1097 2615/1690/1135 2614/1689/1134
f 1067/1641/1107 1066/1640/1099 2613/1686/1131 2612/1685/1130
f 1083/1637/1106 1082/1636/1105 2611/1682/1127 2610/1681/1126
f 2741/3860/2677 2739/3861/2678 2643/3862/68 2645/3863/67
f 2739/3861/2678 2831/3864/2679 2735/3865/2680 2643/3862/68
f 2744/3866/2681 2741/3860/2677 2645/3863/67 2648/3867/2682
f 2652/62/43 2649/3868/46 2745/3869/2683 2748/3870/2684
f 2747/3871/2685 2744/3866/2681 2648/3867/2682 2651/3872/2686
f 2655/59/51 2652/62/43 2748/3870/2684 2751/3873/2687
f 2750/3874/2688 2747/3871/2685 2651/3872/2686 2654/3875/2689
f 2658/65/55 2655/59/51 2751/3873/2687 2754/3876/2690
f 2753/3877/2691 2750/3874/2688 2654/3875/2689 2657/3878/2692
f 2661/3879/59 2658/65/55 2754/3876/2690 2757/3880/2693
f 2756/3881/2694 2753/3877/2691 2657/3878/2692 2660/3882/2695
f 2664/3883/4 2661/3879/59 2757/3880/2693 2760/3884/2696
f 2759/3885/2697 2756/3881/2694 2660/3882/2695 2663/3886/2698
f 2667/3887/1 2664/3883/4 2760/3884/2696 2763/3888/2699
f 2762/3889/2700 2759/3885/2697 2663/3886/2698 2666/3890/2701
f 2670/3891/9 2667/3887/1 2763/3888/2699 2766/3892/2702
f 2765/3893/2703 2762/3889/2700 2666/3890/2701 2669/3894/2704
f 2673/3895/13 2670/3891/9 2766/3892/2702 2769/3896/2705
f 2768/3897/2706 2765/3893/2703 2669/3894/2704 2672/3898/2707
f 2676/24/17 2673/3895/13 2769/3896/2705 2772/3899/2708
f 2771/3900/2709 2768/3897/2706 2672/3898/2707 2675/3901/2710
f 2679/21/21 2676/24/17 2772/3899/2708 2775/3902/2711
f 2774/3903/2712 2771/3900/2709 2675/3901/2710 2678/3904/2713
f 2682/27/25 2679/21/21 2775/3902/2711 2778/3905/2714
f 2777/3906/2715 2774/3903/2712 2678/3904/2713 2681/3907/2716
f 2685/3908/29 2682/27/25 2778/3905/2714 2781/3909/2717
f 2780/3910/2718 2777/3906/2715 2681/3907/2716 2684/3911/2719
f 2688/3912/33 2685/3908/29 2781/3909/2717 2784/3913/2720
f 2783/3914/2721 2780/3910/2718 2684/3911/2719 2687/3915/2722
f 2691/3916/41 2688/3912/33 2784/3913/2720 2787/3917/2723
f 2786/3918/2724 2783/3914/2721 2687/3915/2722 2690/3919/2725
f 2694/3920/49 2691/3916/41 2787/3917/2723 2790/3921/2726
f 2789/3922/2727 2786/3918/2724 2690/3919/2725 2693/3923/2728
f 2697/3924/53 2694/3920/49 2790/3921/2726 2793/3925/2729
f 2792/3926/2730 2789/3922/2727 2693/3923/2728 2696/3927/2731
f 2700/80/57 2697/3924/53 2793/3925/2729 2796/3928/2732
f 2795/3929/2733 2792/3926/2730 2696/3927/2731 2699/3930/2734
f 2703/77/62 2700/80/57 2796/3928/2732 2799/3931/2735
f 2798/3932/2736 2795/3929/2733 2699/3930/2734 2702/3933/2737
f 2706/81/8 2703/77/62 2799/3931/2735 2802/3934/2738
f 2801/3935/2739 2798/3932/2736 2702/3933/2737 2705/3936/2740
f 2709/3937/5 2706/81/8 2802/3934/2738 2805/3938/2741
f 2804/3939/2742 2801/3935/2739 2705/3936/2740 2708/3940/2743
f 2712/3941/11 2709/3937/5 2805/3938/2741 2808/3942/2744
f 2807/3943/2745 2804/3939/2742 2708/3940/2743 2711/3944/2746
f 2715/3945/15 2712/3941/11 2808/3942/2744 2811/3946/2747
f 2810/3947/2748 2807/3943/2745 2711/3944/2746 2714/3948/2749
f 2718/3949/19 2715/3945/15 2811/3946/2747 2814/3950/2750
f 2813/3951/2751 2810/3947/2748 2714/3948/2749 2717/3952/2752
f 2721/3953/23 2718/3949/19 2814/3950/2750 2817/3954/2753
f 2816/3955/2754 2813/3951/2751 2717/3952/2752 2720/3956/2755
f 2724/38/27 2721/3953/23 2817/3954/2753 2820/3957/2756
f 2819/3958/2757 2816/3955/2754 2720/3956/2755 2723/3959/2758
f 2727/35/31 2724/38/27 2820/3957/2756 2823/3960/2759
f 2822/3961/2760 2819/3958/2757 2723/3959/2758 2726/3962/2761
f 2730/45/39 2727/35/31 2823/3960/2759 2826/3963/2762
f 2825/3964/2763 2822/3961/2760 2726/3962/2761 2729/3965/2764
f 2733/3966/47 2730/45/39 2826/3963/2762 2829/3967/2765
f 2828/3968/2766 2825/3964/2763 2729/3965/2764 2732/3969/2767
f 2736/3970/38 2733/3966/47 2829/3967/2765 2832/3971/2768
f 2831/3864/2679 2828/3968/2766 2732/3969/2767 2735/3865/2680
f 2941/3972/1665 2699/3973/2734 2696/3974/2731 2938/3975/1664
f 2646/3976/65 2642/3977/35 2738/3978/2769 2742/3979/2770
f 2649/3868/46 2646/3976/65 2742/3979/2770 2745/3869/2683
f 2646/108/65 2/107/64 1/42/36 2642/41/35
f 2739/3861/2678 2741/3860/2677 2743/3980/2771 2740/3981/2772
f 2740/3981/2772 2743/3980/2771 2742/3979/2770 2738/3978/2769
f 2741/3860/2677 2744/3866/2681 2746/3982/2773 2743/3980/2771
f 2743/3980/2771 2746/3982/2773 2745/3869/2683 2742/3979/2770
f 2744/3866/2681 2747/3871/2685 2749/3983/2774 2746/3982/2773
f 2746/3982/2773 2749/3983/2774 2748/3870/2684 2745/3869/2683
f 2747/3871/2685 2750/3874/2688 2752/3984/2775 2749/3983/2774
f 2749/3983/2774 2752/3984/2775 2751/3873/2687 2748/3870/2684
f 2750/3874/2688 2753/3877/2691 2755/3985/2776 2752/3984/2775
f 2752/3984/2775 2755/3985/2776 2754/3876/2690 2751/3873/2687
f 2753/3877/2691 2756/3881/2694 2758/3986/2777 2755/3985/2776
f 2755/3985/2776 2758/3986/2777 2757/3880/2693 2754/3876/2690
f 2756/3881/2694 2759/3885/2697 2761/3987/2778 2758/3986/2777
f 2758/3986/2777 2761/3987/2778 2760/3884/2696 2757/3880/2693
f 2759/3885/2697 2762/3889/2700 2764/3988/2779 2761/3987/2778
f 2761/3987/2778 2764/3988/2779 2763/3888/2699 2760/3884/2696
f 2762/3889/2700 2765/3893/2703 2767/3989/2780 2764/3988/2779
f 2764/3988/2779 2767/3989/2780 2766/3892/2702 2763/3888/2699
f 2765/3893/2703 2768/3897/2706 2770/3990/2781 2767/3989/2780
f 2767/3989/2780 2770/3990/2781 2769/3896/2705 2766/3892/2702
f 2768/3897/2706 2771/3900/2709 2773/3991/2782 2770/3990/2781
f 2770/3990/2781 2773/3991/2782 2772/3899/2708 2769/3896/2705
f 2771/3900/2709 2774/3903/2712 2776/3992/2783 2773/3991/2782
f 2773/3991/2782 2776/3992/2783 2775/3902/2711 2772/3899/2708
f 2774/3903/2712 2777/3906/2715 2779/3993/2784 2776/3992/2783
f 2776/3992/2783 2779/3993/2784 2778/3905/2714 2775/3902/2711
f 2777/3906/2715 2780/3910/2718 2782/3994/2785 2779/3993/2784
f 2779/3993/2784 2782/3994/2785 2781/3909/2717 2778/3905/2714
f 2780/3910/2718 2783/3914/2721 2785/3995/2786 2782/3994/2785
f 2782/3994/2785 2785/3995/2786 2784/3913/2720 2781/3909/2717
f 2783/3914/2721 2786/3918/2724 2788/3996/2787 2785/3995/2786
f 2785/3995/2786 2788/3996/2787 2787/3917/2723 2784/3913/2720
f 2786/3918/2724 2789/3922/2727 2791/3997/2788 2788/3996/2787
f 2788/3996/2787 2791/3997/2788 2790/3921/2726 2787/3917/2723
f 2789/3922/2727 2792/3926/2730 2794/3998/2789 2791/3997/2788
f 2791/3997/2788 2794/3998/2789 2793/3925/2729 2790/3921/2726
f 2792/3926/2730 2795/3929/2733 2797/3999/2790 2794/3998/2789
f 2794/3998/2789 2797/3999/2790 2796/3928/2732 2793/3925/2729
f 2795/3929/2733 2798/3932/2736 2800/4000/2791 2797/3999/2790
f 2797/3999/2790 2800/4000/2791 2799/3931/2735 2796/3928/2732
f 2798/3932/2736 2801/3935/2739 2803/4001/2792 2800/4000/2791
f 2800/4000/2791 2803/4001/2792 2802/3934/2738 2799/3931/2735
f 2801/3935/2739 2804/3939/2742 2806/4002/2793 2803/4001/2792
f 2803/4001/2792 2806/4002/2793 2805/3938/2741 2802/3934/2738
f 2804/3939/2742 2807/3943/2745 2809/4003/2794 2806/4002/2793
f 2806/4002/2793 2809/4003/2794 2808/3942/2744 2805/3938/2741
f 2807/3943/2745 2810/3947/2748 2812/4004/2795 2809/4003/2794
f 2809/4003/2794 2812/4004/2795 2811/3946/2747 2808/3942/2744
f 2810/3947/2748 2813/3951/2751 2815/4005/2796 2812/4004/2795
f 2812/4004/2795 2815/4005/2796 2814/3950/2750 2811/3946/2747
f 2813/3951/2751 2816/3955/2754 2818/4006/2797 2815/4005/2796
f 2815/4005/2796 2818/4006/2797 2817/3954/2753 2814/3950/2750
f 2816/3955/2754 2819/3958/2757 2821/4007/2798 2818/4006/2797
f 2818/4006/2797 2821/4007/2798 2820/3957/2756 2817/3954/2753
f 2819/3958/2757 2822/3961/2760 2824/4008/2799 2821/4007/2798
f 2821/4007/2798 2824/4008/2799 2823/3960/2759 2820/3957/2756
f 2822/3961/2760 2825/3964/2763 2827/4009/2800 2824/4008/2799
f 2824/4008/2799 2827/4009/2800 2826/3963/2762 2823/3960/2759
f 2825/3964/2763 2828/3968/2766 2830/4010/2801 2827/4009/2800
f 2827/4009/2800 2830/4010/2801 2829/3967/2765 2826/3963/2762
f 2828/3968/2766 2831/3864/2679 2833/4011/2802 2830/4010/2801
f 2830/4010/2801 2833/4011/2802 2832/3971/2768 2829/3967/2765
f 2831/3864/2679 2739/3861/2678 2740/3981/2772 2833/4011/2802
f 2833/4011/2802 2740/3981/2772 2738/3978/2769 2832/3971/2768
f 2642/3977/35 2736/3970/38 2832/3971/2768 2738/3978/2769
f 2902/4012/1647 2660/4013/2695 2657/4014/2692 2899/4015/1646
f 2944/4016/1668 2702/4017/2737 2699/3973/2734 2941/3972/1665
f 2905/4018/1660 2663/4019/2698 2660/4013/2695 2902/4012/1647
f 2947/4020/1650 2705/4021/2740 2702/4022/2737 2944/4023/1668
f 2908/4024/1638 2666/4025/2701 2663/4019/2698 2905/4018/1660
f 2950/4026/1651 2708/4027/2743 2705/4021/2740 2947/4020/1650
f 2911/4028/1639 2669/4029/2704 2666/4025/2701 2908/4024/1638
f 2953/4030/1698 2711/4031/2746 2708/4027/2743 2950/4026/1651
f 2914/4032/1694 2672/4033/2707 2669/4029/2704 2911/4028/1639
f 2956/4034/1690 2714/4035/2749 2711/4031/2746 2953/4030/1698
f 2917/4036/1686 2675/4037/2710 2672/4033/2707 2914/4032/1694
f 2959/4038/2803 2717/4039/2752 2714/4035/2749 2956/4034/1690
f 2920/4040/2804 2678/4041/2713 2675/4037/2710 2917/4036/1686
f 2962/4042/1674 2720/4043/2755 2717/4039/2752 2959/4038/2803
f 2923/4044/1670 2681/4045/2716 2678/4046/2713 2920/4047/2804
f 2965/4048/1654 2723/4049/2758 2720/4043/2755 2962/4042/1674
f 2926/4050/1642 2684/4051/2719 2681/4045/2716 2923/4044/1670
f 2883/146/69 2643/145/68 2735/4052/2680 2977/4053/1676
f 2968/4054/1655 2726/4055/2761 2723/4049/2758 2965/4048/1654
f 2929/4056/2805 2687/4057/2722 2684/4051/2719 2926/4050/1642
f 2890/4058/1696 2648/4059/2682 2645/144/67 2887/143/66
f 2971/4060/1692 2729/4061/2764 2726/4062/2761 2968/4063/1655
f 2932/4064/1688 2690/4065/2725 2687/4057/2722 2929/4056/2805
f 2893/4066/1684 2651/4067/2686 2648/4059/2682 2890/4058/1696
f 2974/4068/1680 2732/4069/2767 2729/4061/2764 2971/4060/1692
f 2935/4070/1672 2693/4071/2728 2690/4065/2725 2932/4064/1688
f 2896/4072/1658 2654/4073/2689 2651/4067/2686 2893/4066/1684
f 2977/4053/1676 2735/4052/2680 2732/4069/2767 2974/4068/1680
f 2938/3975/1664 2696/3974/2731 2693/4071/2728 2935/4070/1672
f 2899/4015/1646 2657/4014/2692 2654/4074/2689 2896/4075/1658
f 2889/88/61 2886/4076/61 2734/4077/61 2731/89/61
f 2653/142/61 2656/138/61 2834/4078/61 2650/93/61
f 2656/138/61 2659/134/61 2841/4079/61 2834/4078/61
f 2659/134/61 2662/130/61 2848/4080/61 2841/4079/61
f 2662/130/61 2665/126/61 2855/4081/61 2848/4080/61
f 2665/126/61 2668/122/61 2862/4082/61 2855/4081/61
f 2668/122/61 2671/118/61 2869/4083/61 2862/4082/61
f 2671/118/61 2674/114/61 2876/4084/61 2869/4083/61
f 2674/114/61 2677/110/61 2680/104/61 2876/4084/61
f 2650/93/61 2834/4078/61 2835/4085/61 2647/94/61
f 2834/4078/61 2841/4079/61 2842/4086/61 2835/4085/61
f 2841/4079/61 2848/4080/61 2849/4087/61 2842/4086/61
f 2848/4080/61 2855/4081/61 2856/4088/61 2849/4087/61
f 2855/4081/61 2862/4082/61 2863/4089/61 2856/4088/61
f 2862/4082/61 2869/4083/61 2870/4090/61 2863/4089/61
f 2869/4083/61 2876/4084/61 2877/4091/61 2870/4090/61
f 2876/4084/61 2680/104/61 2683/100/61 2877/4091/61
f 2647/94/61 2835/4085/61 2836/4092/61 2644/75/61
f 2835/4085/61 2842/4086/61 2843/4093/61 2836/4092/61
f 2842/4086/61 2849/4087/61 2850/4094/61 2843/4093/61
f 2849/4087/61 2856/4088/61 2857/4095/61 2850/4094/61
f 2856/4088/61 2863/4089/61 2864/4096/61 2857/4095/61
f 2863/4089/61 2870/4090/61 2871/4097/61 2864/4096/61
f 2870/4090/61 2877/4091/61 2878/4098/61 2871/4097/61
f 2877/4091/61 2683/100/61 2686/96/61 2878/4098/61
f 2644/75/61 2836/4092/61 2837/4099/61 2737/76/61
f 2836/4092/61 2843/4093/61 2844/4100/61 2837/4099/61
f 2843/4093/61 2850/4094/61 2851/4101/61 2844/4100/61
f 2850/4094/61 2857/4095/61 2858/4102/61 2851/4101/61
f 2857/4095/61 2864/4096/61 2865/4103/61 2858/4102/61
f 2864/4096/61 2871/4097/61 2872/4104/61 2865/4103/61
f 2871/4097/61 2878/4098/61 2879/4105/61 2872/4104/61
f 2878/4098/61 2686/96/61 2689/86/61 2879/4105/61
f 2737/76/61 2837/4099/61 2838/4106/61 2734/4077/61
f 2837/4099/61 2844/4100/61 2845/4107/61 2838/4106/61
f 2844/4100/61 2851/4101/61 2852/4108/61 2845/4107/61
f 2851/4101/61 2858/4102/61 2859/4109/61 2852/4108/61
f 2858/4102/61 2865/4103/61 2866/4110/61 2859/4109/61
f 2865/4103/61 2872/4104/61 2873/4111/61 2866/4110/61
f 2872/4104/61 2879/4105/61 2880/4112/61 2873/4111/61
f 2879/4105/61 2689/86/61 2692/85/61 2880/4112/61
f 2734/4077/61 2838/4106/61 2839/4113/61 2731/89/61
f 2838/4106/61 2845/4107/61 2846/4114/61 2839/4113/61
f 2845/4107/61 2852/4108/61 2853/4115/61 2846/4114/61
f 2852/4108/61 2859/4109/61 2860/4116/61 2853/4115/61
f 2859/4109/61 2866/4110/61 2867/4117/61 2860/4116/61
f 2866/4110/61 2873/4111/61 2874/4118/61 2867/4117/61
f 2873/4111/61 2880/4112/61 2881/4119/61 2874/4118/61
f 2880/4112/61 2692/85/61 2695/140/61 2881/4119/61
f 2731/89/61 2839/4113/61 2840/4120/61 2728/90/61
f 2839/4113/61 2846/4114/61 2847/4121/61 2840/4120/61
f 2846/4114/61 2853/4115/61 2854/4122/61 2847/4121/61
f 2853/4115/61 2860/4116/61 2861/4123/61 2854/4122/61
f 2860/4116/61 2867/4117/61 2868/4124/61 2861/4123/61
f 2867/4117/61 2874/4118/61 2875/4125/61 2868/4124/61
f 2874/4118/61 2881/4119/61 2882/4126/61 2875/4125/61
f 2881/4119/61 2695/140/61 2698/136/61 2882/4126/61
f 2728/90/61 2840/4120/61 2722/102/61 2725/98/61
f 2840/4120/61 2847/4121/61 2719/106/61 2722/102/61
f 2847/4121/61 2854/4122/61 2716/112/61 2719/106/61
f 2854/4122/61 2861/4123/61 2713/116/61 2716/112/61
f 2861/4123/61 2868/4124/61 2710/120/61 2713/116/61
f 2868/4124/61 2875/4125/61 2707/124/61 2710/120/61
f 2875/4125/61 2882/4126/61 2704/128/61 2707/124/61
f 2882/4126/61 2698/136/61 2701/132/61 2704/128/61
f 2887/143/66 2883/146/69 2885/4127/2806 2888/4128/2807
f 2888/4129/2807 2885/4130/2806 2884/73/61 2886/4076/61
f 2890/4058/1696 2887/143/66 2888/4128/2807 2891/4131/2808
f 2891/4132/2808 2888/4129/2807 2886/4076/61 2889/88/61
f 2893/4066/1684 2890/4058/1696 2891/4131/2808 2894/4133/2809
f 2894/4134/2809 2891/4132/2808 2889/88/61 2892/87/61
f 2896/4072/1658 2893/4066/1684 2894/4133/2809 2897/4135/2810
f 2897/4136/2810 2894/4134/2809 2892/87/61 2895/97/61
f 2899/4015/1646 2896/4075/1658 2897/4137/2810 2900/4138/2811
f 2900/4139/2811 2897/4136/2810 2895/97/61 2898/101/61
f 2902/4012/1647 2899/4015/1646 2900/4138/2811 2903/4140/2812
f 2903/4141/2812 2900/4139/2811 2898/101/61 2901/105/61
f 2905/4018/1660 2902/4012/1647 2903/4140/2812 2906/4142/2813
f 2906/4143/2813 2903/4141/2812 2901/105/61 2904/111/61
f 2908/4024/1638 2905/4018/1660 2906/4142/2813 2909/4144/2814
f 2909/4145/2814 2906/4143/2813 2904/111/61 2907/115/61
f 2911/4028/1639 2908/4024/1638 2909/4144/2814 2912/4146/2815
f 2912/4147/2815 2909/4145/2814 2907/115/61 2910/119/61
f 2914/4032/1694 2911/4028/1639 2912/4146/2815 2915/4148/2816
f 2915/4149/2816 2912/4147/2815 2910/119/61 2913/123/61
f 2917/4036/1686 2914/4032/1694 2915/4148/2816 2918/4150/2817
f 2918/4151/2817 2915/4149/2816 2913/123/61 2916/127/61
f 2920/4040/2804 2917/4036/1686 2918/4150/2817 2921/4152/2818
f 2921/4153/2818 2918/4151/2817 2916/127/61 2919/131/61
f 2923/4044/1670 2920/4047/2804 2921/4154/2818 2924/4155/2819
f 2924/4156/2819 2921/4153/2818 2919/131/61 2922/135/61
f 2926/4050/1642 2923/4044/1670 2924/4155/2819 2927/4157/2820
f 2927/4158/2820 2924/4156/2819 2922/135/61 2925/139/61
f 2929/4056/2805 2926/4050/1642 2927/4157/2820 2930/4159/2821
f 2930/4160/2821 2927/4158/2820 2925/139/61 2928/84/61
f 2932/4064/1688 2929/4056/2805 2930/4159/2821 2933/4161/2822
f 2933/4162/2822 2930/4160/2821 2928/84/61 2931/83/61
f 2935/4070/1672 2932/4064/1688 2933/4161/2822 2936/4163/2823
f 2936/4164/2823 2933/4162/2822 2931/83/61 2934/95/61
f 2938/3975/1664 2935/4070/1672 2936/4163/2823 2939/4165/2824
f 2939/4166/2824 2936/4164/2823 2934/95/61 2937/99/61
f 2941/3972/1665 2938/3975/1664 2939/4165/2824 2942/4167/2825
f 2942/4168/2825 2939/4166/2824 2937/99/61 2940/103/61
f 2944/4016/1668 2941/3972/1665 2942/4167/2825 2945/4169/2826
f 2945/4170/2826 2942/4168/2825 2940/103/61 2943/109/61
f 2947/4020/1650 2944/4023/1668 2945/4171/2826 2948/4172/2827
f 2948/4173/2827 2945/4170/2826 2943/109/61 2946/113/61
f 2950/4026/1651 2947/4020/1650 2948/4172/2827 2951/4174/2828
f 2951/4175/2828 2948/4173/2827 2946/113/61 2949/117/61
f 2953/4030/1698 2950/4026/1651 2951/4174/2828 2954/4176/2829
f 2954/4177/2829 2951/4175/2828 2949/117/61 2952/121/61
f 2956/4034/1690 2953/4030/1698 2954/4176/2829 2957/4178/2830
f 2957/4179/2830 2954/4177/2829 2952/121/61 2955/125/61
f 2959/4038/2803 2956/4034/1690 2957/4178/2830 2960/4180/2831
f 2960/4181/2831 2957/4179/2830 2955/125/61 2958/129/61
f 2962/4042/1674 2959/4038/2803 2960/4180/2831 2963/4182/2832
f 2963/4183/2832 2960/4181/2831 2958/129/61 2961/133/61
f 2965/4048/1654 2962/4042/1674 2963/4182/2832 2966/4184/2833
f 2966/4185/2833 2963/4183/2832 2961/133/61 2964/137/61
f 2968/4054/1655 2965/4048/1654 2966/4184/2833 2969/4186/2834
f 2969/4187/2834 2966/4185/2833 2964/137/61 2967/141/61
f 2971/4060/1692 2968/4063/1655 2969/4188/2834 2972/4189/2835
f 2972/4190/2835 2969/4187/2834 2967/141/61 2970/92/61
f 2974/4068/1680 2971/4060/1692 2972/4189/2835 2975/4191/2836
f 2975/4192/2836 2972/4190/2835 2970/92/61 2973/91/61
f 2977/4053/1676 2974/4068/1680 2975/4191/2836 2978/4193/2837
f 2978/4194/2837 2975/4192/2836 2973/91/61 2976/74/61
f 2883/146/69 2977/4053/1676 2978/4193/2837 2885/4127/2806
f 2885/4130/2806 2978/4194/2837 2976/74/61 2884/73/61
f 2886/4076/61 2884/73/61 2737/76/61 2734/4077/61
