# Blender 4.0.2
# www.blender.org
mtllib chess_horse.mtl
o Piece_03.004
v -0.005601 0.076044 -0.068138
v -0.022813 0.075069 -0.060440
v 0.000230 0.088556 -0.060431
v -0.006234 0.088647 -0.053072
v -0.040622 0.075177 -0.025771
v -0.029045 0.087605 -0.022038
v -0.016432 0.098703 0.026143
v -0.024390 0.099757 0.008501
v -0.031401 0.076957 0.002142
v -0.025731 0.087761 0.005700
v -0.022563 0.111944 0.010211
v -0.015794 0.110951 0.028610
v -0.038710 0.075614 -0.015723
v -0.028159 0.087380 -0.011228
v -0.016591 0.089478 0.023034
v -0.024434 0.077491 0.015259
v -0.018695 0.123391 0.010213
v -0.014731 0.120917 0.026310
v -0.011075 0.131628 0.010947
v -0.013019 0.128141 0.021488
v -0.016077 0.126108 -0.004564
v -0.008570 0.135374 -0.002761
v -0.022329 0.100600 -0.007034
v -0.020010 0.113617 -0.005191
v -0.012453 0.129305 -0.014513
v -0.003808 0.147268 -0.015827
v -0.018548 0.101432 -0.017821
v -0.016142 0.115218 -0.015885
v -0.003942 0.131151 -0.045996
v -0.002235 0.144867 -0.047217
v -0.006432 0.102576 -0.048876
v -0.005602 0.116907 -0.046094
v -0.000539 0.101949 -0.055406
v -0.000413 0.116208 -0.052459
v 0.000759 0.131025 -0.053398
v 0.001773 0.144399 -0.056956
v -0.023263 0.088169 -0.038570
v -0.035424 0.074981 -0.044534
v -0.007840 0.130988 -0.029676
v -0.006262 0.145366 -0.029722
v -0.012568 0.102278 -0.033511
v -0.010937 0.116901 -0.030217
v -0.000678 0.161206 -0.018640
v -0.001392 0.158037 -0.048839
v 0.002284 0.158041 -0.060271
v -0.004433 0.158941 -0.030608
v 0.002165 0.172178 -0.016198
v -0.000927 0.171115 -0.050699
v 0.002645 0.172009 -0.062613
v -0.003089 0.171673 -0.031282
v -0.017078 0.088415 -0.045416
v -0.003508 0.144954 -0.038683
v -0.008249 0.116849 -0.038365
v -0.031070 0.075197 -0.051508
v -0.006170 0.130969 -0.037771
v -0.009645 0.102526 -0.040849
v -0.002181 0.158170 -0.039913
v -0.002357 0.170803 -0.040534
v 0.001721 0.180109 -0.012820
v -0.002120 0.189899 -0.019556
v -0.000857 0.182559 -0.051947
v 0.002883 0.185184 -0.064754
v -0.003972 0.184343 -0.029911
v 0.001916 0.176286 -0.014306
v -0.004459 0.196885 -0.024098
v -0.004247 0.196153 -0.032702
v -0.002662 0.182163 -0.040705
v -0.005986 0.204663 -0.027751
v -0.004383 0.205231 -0.034675
v -0.002832 0.196881 -0.042782
v -0.001352 0.198412 -0.053296
v 0.002736 0.200783 -0.064179
v -0.005935 0.219287 -0.023815
v -0.004711 0.220626 -0.029392
v -0.006402 0.224095 -0.019968
v -0.004710 0.224449 -0.026366
v -0.001739 0.208087 -0.051599
v 0.002265 0.210240 -0.060373
v -0.003052 0.206379 -0.042831
v -0.004249 0.230997 -0.012617
v -0.002933 0.231093 -0.021670
v -0.003224 0.224691 -0.032882
v -0.001336 0.228827 -0.032039
v -0.003245 0.221798 -0.034877
v -0.002395 0.222689 -0.040076
v 0.000170 0.224551 -0.044487
v -0.000530 0.226959 -0.039144
v -0.002572 0.224587 -0.037535
v 0.000523 0.180090 -0.012965
v -0.007006 0.189707 -0.019869
v -0.009428 0.196610 -0.023147
v -0.009857 0.203442 -0.025398
v -0.008236 0.220062 -0.020838
v -0.007805 0.224693 -0.017248
v -0.006874 0.230770 -0.012917
v -0.008577 0.224636 -0.010429
v -0.007039 0.229402 -0.009185
v -0.008215 0.220353 -0.010792
v -0.000677 0.171840 -0.004977
v -0.000922 0.167712 -0.003133
v -0.007432 0.170030 0.001935
v -0.009967 0.173111 0.005359
v -0.012137 0.178341 0.007214
v -0.001529 0.158696 0.001231
v -0.007016 0.160423 0.006210
v -0.001545 0.149947 0.001861
v -0.006747 0.149122 0.006129
v -0.002851 0.143364 -0.002466
v -0.004889 0.142751 0.004513
v -0.002771 0.141800 -0.002876
v -0.002174 0.140659 0.004517
v -0.004536 0.208872 -0.034556
v -0.006177 0.208159 -0.028152
v -0.003224 0.210106 -0.042046
v 0.001950 0.213789 -0.057965
v -0.001975 0.211788 -0.050043
v -0.009591 0.207520 -0.026191
v -0.012734 0.205895 -0.015099
v -0.014548 0.203984 -0.007039
v -0.016739 0.199773 0.002761
v -0.016764 0.194276 0.004508
v -0.015844 0.189411 0.006915
v -0.013640 0.182845 0.007950
v -0.006346 0.183232 -0.006462
v -0.007423 0.190056 -0.010418
v -0.009386 0.196504 -0.012587
v -0.011007 0.198884 -0.011241
v -0.006810 0.177738 -0.002005
v -0.008513 0.178696 0.000706
v -0.010359 0.181364 0.002707
v -0.012023 0.197857 -0.006646
v -0.012418 0.195216 -0.003316
v -0.011814 0.191840 -0.000980
v -0.011835 0.187317 0.001602
v -0.011609 0.183381 0.003645
v -0.009635 0.191647 -0.003720
v -0.008077 0.191185 -0.007494
v -0.009715 0.186188 -0.000615
v -0.007825 0.184807 -0.003693
v -0.006118 0.213945 -0.027045
v -0.003386 0.216222 -0.039174
v -0.002302 0.217735 -0.045749
v -0.009109 0.213572 -0.024552
v -0.010147 0.212284 -0.013554
v -0.004703 0.214869 -0.032830
v 0.001199 0.219564 -0.052294
v -0.014566 0.211593 -0.005076
v -0.017071 0.209449 0.004505
v -0.016003 0.209082 0.014686
v -0.015006 0.220347 0.018925
v -0.014705 0.213530 0.020838
v -0.014409 0.222541 0.022731
v -0.010759 0.213373 0.028761
v -0.013051 0.222653 0.027709
v -0.009935 0.215409 0.032512
v -0.008418 0.225664 0.029025
v -0.009051 0.224665 0.033002
v -0.009055 0.232120 0.006435
v -0.008594 0.230606 0.000290
v -0.011895 0.228028 0.010309
v -0.009130 0.223449 0.033183
v -0.012691 0.224007 0.028104
v -0.017315 0.205038 0.024531
v -0.010376 0.209776 0.029813
v -0.015496 0.203590 0.027962
v -0.010495 0.207281 0.031503
v -0.011761 0.201580 0.031440
v -0.015352 0.198977 0.030295
v -0.011830 0.198369 0.032092
v -0.015451 0.195641 0.030538
v -0.012494 0.195017 0.032163
v -0.016234 0.193715 0.029772
v -0.013054 0.192599 0.031691
v -0.017368 0.207792 0.006895
v -0.015136 0.207345 0.014103
v -0.015957 0.203848 0.024321
v -0.015633 0.202748 0.027334
v -0.015596 0.198973 0.029559
v -0.015476 0.195867 0.029809
v -0.015444 0.194032 0.029331
v -0.016977 0.192584 0.027809
v -0.016950 0.191168 0.028866
v -0.015674 0.192983 0.027486
v -0.011875 0.187888 0.031719
v -0.015973 0.188089 0.028970
v -0.017398 0.192078 0.025218
v -0.017436 0.190524 0.024972
v -0.015751 0.192571 0.025213
v -0.017576 0.192280 0.022085
v -0.017632 0.190659 0.021426
v -0.015903 0.192784 0.022369
v -0.017772 0.194272 0.018537
v -0.017713 0.193216 0.017273
v -0.016369 0.194629 0.019038
v -0.018033 0.196506 0.017411
v -0.018360 0.196229 0.016268
v -0.016890 0.196659 0.018322
v -0.017801 0.200254 0.017363
v -0.018257 0.200934 0.016114
v -0.016972 0.199801 0.018203
v -0.018187 0.201789 0.018495
v -0.018001 0.203251 0.017576
v -0.016562 0.201311 0.019120
v -0.018072 0.203560 0.020290
v -0.017843 0.203699 0.017716
v -0.016357 0.203443 0.021066
v -0.017413 0.206164 0.013396
v -0.017863 0.204641 0.012706
v -0.015581 0.206674 0.013715
v -0.016329 0.202933 0.024257
v -0.016031 0.201711 0.026840
v -0.015983 0.198985 0.028146
v -0.015859 0.195922 0.028363
v -0.015681 0.194519 0.028449
v -0.015731 0.193646 0.026941
v -0.015828 0.193192 0.025046
v -0.016008 0.193354 0.022553
v -0.016322 0.194992 0.019649
v -0.016453 0.196673 0.019473
v -0.016581 0.199571 0.019316
v -0.016486 0.200852 0.019711
v -0.016416 0.202713 0.021407
v -0.016911 0.196540 0.021643
v -0.016826 0.195958 0.022853
v -0.016772 0.196345 0.024040
v -0.017030 0.198790 0.021569
v -0.016932 0.199176 0.022758
v -0.016830 0.198610 0.023976
v -0.011871 0.199854 0.031814
v -0.015443 0.201338 0.029331
v -0.015414 0.200645 0.029014
v -0.015994 0.200240 0.028017
v -0.012005 0.196763 0.032212
v -0.015323 0.197254 0.030673
v -0.015591 0.197378 0.029807
v -0.018223 0.198504 0.017276
v -0.017049 0.198365 0.018018
v -0.018735 0.198700 0.015985
v -0.015978 0.197415 0.028380
v -0.016628 0.198187 0.019135
v -0.017094 0.197717 0.021098
v -0.016770 0.197434 0.024501
v -0.017109 0.197809 0.020504
v -0.016935 0.195823 0.020874
v -0.016681 0.197437 0.025581
v -0.016612 0.195490 0.025740
v -0.016771 0.195452 0.023498
v -0.016952 0.199873 0.023207
v -0.016714 0.199346 0.025751
v -0.017094 0.199780 0.020484
v -0.005952 0.216555 -0.025694
v -0.003367 0.218982 -0.037134
v -0.002318 0.220295 -0.042964
v -0.008560 0.216706 -0.022812
v -0.008737 0.216071 -0.012108
v -0.004747 0.217572 -0.031418
v 0.000733 0.222104 -0.048803
v -0.014862 0.215683 0.019432
v -0.014160 0.217102 0.027275
v -0.014707 0.218900 0.029793
v -0.008731 0.225195 0.030967
v -0.012856 0.223650 0.030267
v -0.013966 0.216175 -0.004145
v -0.016611 0.214925 0.004432
v -0.016153 0.214088 0.012910
v -0.004641 0.211969 -0.033886
v 0.001598 0.216841 -0.055295
v -0.014653 0.207519 -0.006107
v -0.006190 0.210929 -0.027809
v -0.003361 0.213317 -0.040831
v -0.002232 0.214970 -0.048158
v -0.009319 0.210603 -0.025718
v -0.011754 0.209030 -0.014795
v -0.016762 0.204137 0.002590
v -0.017281 0.206119 0.006285
v -0.017260 0.190877 0.013409
v -0.016852 0.190222 0.009954
v -0.017350 0.193036 0.008947
v -0.009223 0.171144 0.031631
v -0.012501 0.171230 0.029081
v -0.008681 0.159837 0.032127
v -0.012259 0.159772 0.029096
v -0.012402 0.152960 0.026003
v -0.011558 0.149373 0.028437
v -0.008373 0.149227 0.031980
v -0.011399 0.151198 0.025707
v -0.011086 0.149047 0.026833
v -0.012892 0.153245 0.023744
v -0.011357 0.151499 0.024476
v -0.013117 0.150488 0.020548
v -0.010952 0.150144 0.022560
v -0.011678 0.146500 0.021939
v -0.010520 0.147771 0.023002
v -0.011576 0.145779 0.025535
v -0.010612 0.147179 0.025345
v -0.010755 0.150621 0.024352
v -0.010388 0.148391 0.025007
v -0.011201 0.151104 0.023298
v -0.013234 0.152328 0.021687
v -0.010832 0.147889 0.026371
v -0.012035 0.147243 0.027741
v -0.010494 0.147129 0.024083
v -0.011397 0.145862 0.023192
v -0.008190 0.146399 0.031201
v -0.007632 0.143885 0.027751
v -0.008590 0.156320 0.032410
v -0.012205 0.155100 0.027132
v -0.013097 0.155209 0.023578
v -0.010770 0.141662 0.019141
v -0.006620 0.138612 0.020752
v -0.010385 0.141350 0.016044
v -0.006073 0.137592 0.016751
v -0.011475 0.144580 0.018650
v -0.011422 0.144546 0.016016
v -0.012632 0.148337 0.018012
v -0.012624 0.148149 0.016060
v -0.013754 0.156312 0.016987
v -0.013277 0.154722 0.015545
v -0.012859 0.157784 0.014584
v -0.007121 0.141259 0.024253
v -0.010636 0.143251 0.022276
v -0.011328 0.144912 0.020717
v -0.011906 0.146538 0.019887
v -0.012033 0.146301 0.016226
v -0.012042 0.146413 0.018291
v -0.008429 0.151035 0.032125
v -0.011970 0.151505 0.027752
v -0.011299 0.150281 0.026588
v -0.010690 0.148900 0.022444
v -0.012428 0.148497 0.020896
v -0.010534 0.149429 0.024456
v -0.012569 0.148488 0.019356
v -0.013148 0.150038 0.016026
v -0.013199 0.150483 0.018041
v -0.013265 0.150678 0.019222
v -0.013502 0.154022 0.020478
v -0.013729 0.153055 0.015737
v -0.013804 0.154018 0.017529
v -0.018075 0.194476 0.012762
v -0.014913 0.206975 0.014103
v -0.015782 0.203998 0.023018
v -0.015649 0.202261 0.027234
v -0.015642 0.200840 0.028415
v -0.015781 0.198766 0.029162
v -0.015732 0.197652 0.029397
v -0.015540 0.195659 0.029400
v -0.015372 0.194471 0.029094
v -0.016939 0.206316 0.006324
v -0.017032 0.207419 0.006919
v -0.015399 0.193062 0.027125
v -0.015442 0.192712 0.025516
v -0.015618 0.193039 0.022067
v -0.015999 0.194460 0.019495
v -0.016504 0.196834 0.018456
v -0.016632 0.198136 0.018222
v -0.016528 0.199975 0.018523
v -0.016258 0.200998 0.019142
v -0.015925 0.203955 0.021604
v -0.015171 0.206539 0.013755
v -0.015770 0.203128 0.023703
v -0.015711 0.201689 0.027084
v -0.015677 0.200589 0.028016
v -0.015736 0.198759 0.028558
v -0.015704 0.197640 0.028735
v -0.015525 0.195627 0.028722
v -0.015377 0.194694 0.028682
v -0.015400 0.193455 0.026820
v -0.015457 0.193154 0.025408
v -0.015684 0.193500 0.022212
v -0.016029 0.194754 0.019958
v -0.016213 0.196866 0.019329
v -0.016345 0.198023 0.019071
v -0.016295 0.199836 0.019272
v -0.016241 0.200703 0.019537
v -0.015957 0.202989 0.021833
v -0.016082 0.197616 0.022927
v -0.015942 0.195970 0.022959
v -0.016022 0.199219 0.022868
v -0.016161 0.197723 0.021210
v -0.015993 0.197513 0.024578
v -0.016007 0.196538 0.021751
v -0.015976 0.196396 0.024129
v -0.016013 0.198687 0.024066
v -0.016117 0.198801 0.021679
v -0.018888 0.197598 0.012634
v -0.004918 0.182148 -0.008536
v -0.005744 0.182697 -0.007386
v -0.008261 0.190081 -0.012897
v -0.007938 0.190027 -0.011539
v -0.011366 0.197249 -0.014700
v -0.010953 0.197254 -0.013603
v -0.013329 0.201528 -0.013802
v -0.012818 0.199983 -0.012151
v -0.005879 0.174212 -0.001487
v -0.006399 0.176501 -0.001859
v -0.009002 0.175551 0.003070
v -0.008610 0.177190 0.001786
v -0.011301 0.179372 0.005244
v -0.010660 0.180247 0.003853
v -0.014333 0.200584 -0.007262
v -0.013694 0.199095 -0.007227
v -0.015482 0.197243 -0.001389
v -0.014189 0.195896 -0.002984
v -0.015612 0.192896 0.001242
v -0.013376 0.192124 -0.000215
v -0.014324 0.188507 0.004437
v -0.013000 0.187822 0.002716
v -0.012743 0.182971 0.005897
v -0.012053 0.183159 0.004511
v -0.015289 0.211428 0.018312
v -0.015214 0.222541 0.017440
v -0.015136 0.208779 0.026039
v -0.014901 0.206584 0.028456
v -0.010850 0.204643 0.031342
v -0.015376 0.214766 0.016664
v -0.002977 0.140010 0.007811
v -0.004020 0.139356 0.010804
v -0.006703 0.142995 0.007498
v -0.007359 0.142511 0.010226
v -0.007200 0.156134 0.007467
v -0.001784 0.154010 0.003394
v -0.007325 0.158526 0.007353
v -0.001678 0.156245 0.002416
v -0.001783 0.153684 0.003488
v -0.007167 0.154154 0.007353
v -0.008866 0.146833 0.010342
v -0.008092 0.144832 0.010212
v -0.006798 0.147444 0.005480
v -0.001358 0.148446 0.000386
v -0.008896 0.158067 0.009263
v -0.010459 0.158060 0.010892
v -0.010406 0.155889 0.011266
v -0.008774 0.156036 0.009410
v -0.009634 0.148633 0.010544
v -0.009649 0.150369 0.010858
v -0.010109 0.153920 0.011251
v -0.007444 0.145165 0.007641
v -0.008187 0.147101 0.007906
v -0.008156 0.148868 0.008348
v -0.008238 0.150569 0.008769
v -0.008622 0.154115 0.009304
v -0.006821 0.150743 0.006717
v -0.001692 0.151184 0.002923
v -0.002413 0.147145 -0.000755
v -0.006552 0.145607 0.004953
v -0.006967 0.230146 -0.011257
v -0.008166 0.224776 -0.013654
v -0.007480 0.220345 -0.015115
v -0.005728 0.168592 -0.000711
v -0.005545 0.159773 0.003763
v -0.005553 0.149402 0.003860
v -0.011406 0.206257 -0.019797
v -0.009790 0.212986 -0.018118
v -0.008475 0.216533 -0.016776
v -0.010749 0.209580 -0.019262
v -0.007729 0.189982 -0.016251
v -0.003542 0.181407 -0.010498
v -0.004647 0.173232 -0.003350
v -0.010243 0.196813 -0.018896
v -0.011813 0.202288 -0.019202
v -0.005761 0.155571 0.005340
v -0.005710 0.157558 0.004806
v -0.005905 0.153957 0.005409
v -0.005454 0.147835 0.002912
v -0.005630 0.150886 0.004714
v -0.004748 0.143450 -0.001263
v -0.003081 0.141307 -0.001395
v -0.003911 0.146783 0.000094
v -0.004236 0.138844 0.013049
v -0.007713 0.142279 0.012656
v -0.011727 0.157982 0.012477
v -0.011573 0.155613 0.012770
v -0.011279 0.153542 0.012987
v -0.010919 0.150176 0.012901
v -0.010113 0.148434 0.012806
v -0.009336 0.146692 0.012704
v -0.008551 0.144743 0.012636
v -0.009509 0.176106 0.031506
v -0.012770 0.176096 0.028975
v -0.011164 0.185060 0.031613
v -0.014980 0.184835 0.028858
v -0.008921 0.164941 0.031894
v -0.012515 0.164948 0.029112
v -0.012251 0.155056 0.013859
v -0.012993 0.154693 0.014770
v -0.012639 0.155542 0.014340
v -0.012581 0.154964 0.014365
v -0.004814 0.138275 0.015390
v -0.004400 0.138446 0.014795
v -0.004319 0.138352 0.015168
v -0.008813 0.141958 0.015167
v -0.008206 0.142171 0.014436
v -0.008381 0.142143 0.014895
v -0.009674 0.144908 0.015160
v -0.009061 0.144958 0.014440
v -0.009254 0.145013 0.014901
v -0.011836 0.153140 0.014190
v -0.012673 0.153002 0.015111
v -0.012141 0.152973 0.014728
v -0.011124 0.150017 0.014414
v -0.011838 0.149988 0.015260
v -0.011292 0.149970 0.014928
v -0.010423 0.148310 0.014460
v -0.011102 0.148243 0.015239
v -0.010574 0.148274 0.014950
v -0.010364 0.146564 0.015224
v -0.009734 0.146652 0.014462
v -0.009902 0.146640 0.014932
v -0.039457 0.074788 -0.036325
v -0.009800 0.130559 -0.023209
v -0.015262 0.101970 -0.026334
v -0.027421 0.087882 -0.031123
v -0.005261 0.146110 -0.022156
v -0.013089 0.116086 -0.024139
v -0.002921 0.160129 -0.024342
v -0.000450 0.172327 -0.022861
v -0.000560 0.185256 -0.016042
v -0.000373 0.180509 -0.021070
v -0.005040 0.185259 -0.016637
v -0.016384 0.191658 0.005837
v -0.006557 0.186437 -0.008458
v -0.011792 0.189419 0.000391
v -0.009539 0.188791 -0.002188
v -0.007674 0.187711 -0.005530
v -0.006353 0.186078 -0.009444
v -0.006077 0.185866 -0.010643
v -0.014899 0.190569 0.002995
v -0.013146 0.189826 0.001351
v -0.005477 0.185593 -0.013337
v -0.004250 0.201015 -0.033991
v -0.005711 0.200856 -0.025976
v 0.002535 0.205994 -0.062488
v -0.001545 0.203713 -0.052746
v -0.002916 0.202022 -0.043074
v -0.010234 0.200099 -0.024304
v -0.008244 0.172013 0.003025
v -0.010067 0.197858 -0.012018
v -0.007541 0.178039 -0.000755
v -0.007612 0.190588 -0.009015
v -0.006974 0.183871 -0.005178
v -0.011930 0.198762 -0.013078
v -0.012595 0.199306 -0.014773
v -0.007449 0.176461 0.000084
v -0.007468 0.174636 0.001027
v -0.011570 0.199614 -0.019228
v -0.007007 0.187049 -0.007089
v -0.011126 0.175754 0.006427
v -0.013586 0.204949 -0.011066
v -0.009448 0.180045 0.001761
v -0.011544 0.198769 -0.009080
v -0.008744 0.191453 -0.005641
v -0.008748 0.185591 -0.002180
v -0.012127 0.211973 -0.009259
v -0.009428 0.224596 -0.007484
v -0.007421 0.229225 -0.006378
v -0.009936 0.221080 -0.006879
v -0.011052 0.216135 -0.008178
v -0.013034 0.208260 -0.010427
v -0.009694 0.178668 0.002974
v -0.010266 0.177563 0.004308
v -0.013327 0.199852 -0.009813
v -0.013886 0.201150 -0.010313
v -0.008557 0.188294 -0.003837
v -0.014222 0.164752 0.018056
v -0.014015 0.162960 0.018627
v -0.014207 0.164192 0.016201
v -0.014051 0.161904 0.017167
v -0.014391 0.169935 0.017671
v -0.014304 0.169649 0.015375
v -0.016006 0.180918 0.018260
v -0.016123 0.181782 0.017069
v -0.016043 0.182071 0.019649
v -0.016523 0.183996 0.018775
v -0.015446 0.182452 0.023851
v -0.016122 0.184447 0.023761
v -0.013971 0.162030 0.020389
v -0.013798 0.159882 0.019604
v -0.013469 0.161817 0.023675
v -0.013341 0.159617 0.023610
v -0.014615 0.177336 0.013644
v -0.013922 0.175786 0.023529
v -0.013467 0.170761 0.023496
v -0.013463 0.167846 0.023692
v -0.013431 0.164657 0.023627
v -0.013870 0.177558 0.011479
v -0.014709 0.174846 0.015506
v -0.014835 0.174958 0.017710
v -0.014271 0.166926 0.015610
v -0.014366 0.167299 0.017699
v -0.013070 0.177933 0.009250
v -0.015100 0.179764 0.014132
v -0.014473 0.175390 0.019908
v -0.014079 0.170309 0.019984
v -0.013959 0.167560 0.020215
v -0.013797 0.164707 0.020380
v -0.013288 0.157327 0.023566
v -0.013645 0.156942 0.019922
v -0.008623 0.158070 0.032284
v -0.012462 0.157565 0.027839
v -0.014243 0.182821 0.028802
v -0.010735 0.182952 0.031606
v -0.009068 0.168139 0.031730
v -0.012594 0.168219 0.029043
v -0.014664 0.180022 0.011928
v -0.013714 0.180312 0.009722
v -0.012344 0.161830 0.029136
v -0.008774 0.161757 0.032060
v -0.013844 0.158908 0.017050
v -0.013149 0.160550 0.014946
v -0.010354 0.160540 0.010413
v -0.011920 0.160585 0.012404
v -0.008532 0.160590 0.008487
v -0.000185 0.175563 -0.008574
v -0.014365 0.184979 0.007888
v -0.006657 0.179489 -0.003542
v -0.011690 0.184452 0.003137
v -0.010094 0.183081 0.001457
v -0.008199 0.180903 -0.000933
v -0.005996 0.178586 -0.004149
v -0.005151 0.177464 -0.004841
v -0.013360 0.184839 0.005841
v -0.012465 0.184659 0.004224
v -0.004187 0.176647 -0.006519
v -0.007360 0.180118 -0.002307
v -0.009123 0.181972 0.000277
v -0.003528 0.190495 -0.030412
v -0.003257 0.193395 -0.021784
v -0.002750 0.190473 -0.041962
v 0.002859 0.194146 -0.065129
v -0.001060 0.191549 -0.052930
v -0.008234 0.193117 -0.021537
v -0.016777 0.197071 0.003437
v -0.008360 0.193370 -0.011775
v -0.011904 0.193690 -0.002234
v -0.010414 0.194969 -0.005146
v -0.009074 0.195208 -0.009585
v -0.009535 0.193713 -0.012752
v -0.009956 0.193774 -0.013924
v -0.013791 0.194067 -0.001567
v -0.015756 0.195105 -0.000046
v -0.009097 0.193393 -0.017608
v -0.008635 0.194237 -0.010684
v -0.009682 0.195095 -0.007352
v -0.015597 0.201866 -0.002297
v -0.012958 0.180601 0.007679
v -0.012118 0.196393 -0.004728
v -0.011081 0.182491 0.003291
v -0.010634 0.191776 -0.002232
v -0.010760 0.186738 0.000587
v -0.015870 0.210532 -0.000297
v -0.008841 0.232224 0.004128
v -0.015404 0.215541 0.000132
v -0.015730 0.205833 -0.001763
v -0.014079 0.197592 -0.004934
v -0.014886 0.199140 -0.004137
v -0.012101 0.181161 0.005757
v -0.011436 0.181753 0.004346
v -0.010595 0.189139 -0.000816
v -0.010915 0.183854 0.002315
v -0.011017 0.194220 -0.003545
v -0.007238 0.166022 0.003638
v -0.001163 0.164026 -0.001415
v -0.005730 0.165126 0.001105
v -0.008993 0.166213 0.006521
v -0.009579 0.169776 0.005536
v -0.001361 0.161193 -0.000015
v -0.005386 0.162230 0.002569
v -0.006931 0.162901 0.005034
v -0.008650 0.163259 0.007441
v -0.013243 0.163675 0.014042
v -0.011998 0.163519 0.011773
v -0.010406 0.163392 0.009646
v -0.010697 0.166363 0.008941
v -0.012207 0.166445 0.011239
v -0.013345 0.166612 0.013445
v -0.011112 0.169467 0.008350
v -0.012475 0.169422 0.010885
v -0.013487 0.169467 0.013202
v -0.012589 0.173696 0.029055
v -0.009355 0.173642 0.031547
v -0.014453 0.172309 0.015352
v -0.013634 0.173351 0.023431
v -0.014575 0.172523 0.017674
v -0.014226 0.172877 0.019944
v -0.011526 0.172625 0.008186
v -0.012797 0.172296 0.010832
v -0.013714 0.172227 0.013151
v -0.012376 0.175394 0.008758
v -0.013317 0.174990 0.011093
v -0.014140 0.174843 0.013328
v -0.016390 0.184790 0.015860
v -0.015909 0.185094 0.012906
v -0.015347 0.185138 0.010263
v -0.015781 0.182228 0.014710
v -0.015219 0.182538 0.012406
v -0.014575 0.182670 0.010050
v -0.010218 0.180454 0.031501
v -0.009818 0.178187 0.031461
v -0.013610 0.180204 0.028808
v -0.013147 0.177964 0.028872
v -0.015235 0.177140 0.017790
v -0.015640 0.179308 0.017965
v -0.015123 0.177257 0.015757
v -0.015609 0.179561 0.016229
v -0.014763 0.180160 0.023774
v -0.014342 0.177921 0.023667
v -0.015375 0.179833 0.019831
v -0.014797 0.177599 0.019887
v -0.007246 0.181997 -0.003707
v -0.013811 0.186682 0.005362
v -0.011777 0.185786 0.002451
v -0.006529 0.181280 -0.004946
v -0.016838 0.209530 0.009676
v -0.015219 0.187191 0.007561
v -0.016177 0.207705 0.009626
v -0.016928 0.214189 0.008442
v -0.016765 0.206360 0.009656
v -0.010168 0.230098 0.008897
v -0.018193 0.205305 0.008672
v -0.017976 0.202926 0.007644
v -0.015817 0.207262 0.010417
v -0.016158 0.206583 0.009960
v -0.014714 0.220401 0.020961
v -0.014429 0.213177 0.023108
v -0.016017 0.208070 0.017756
v -0.015025 0.206814 0.017458
v -0.017296 0.205705 0.015805
v -0.015444 0.206185 0.016179
v -0.017735 0.204288 0.014976
v -0.014197 0.216045 0.022631
v -0.014868 0.206240 0.017520
v -0.015067 0.205917 0.016636
v -0.015196 0.210750 0.020535
v -0.018165 0.203122 0.013625
v -0.017717 0.195952 0.008410
v -0.017845 0.199357 0.007915
v -0.019079 0.200892 0.012720
v -0.017221 0.188370 0.016274
v -0.016823 0.187684 0.024096
v -0.017144 0.187562 0.019272
v -0.011351 0.151046 0.027495
v -0.011208 0.149185 0.027993
v -0.012594 0.151897 0.022282
v -0.012253 0.152647 0.024054
v -0.011911 0.148550 0.021299
v -0.012640 0.150366 0.021231
v -0.011033 0.146074 0.023740
v -0.011274 0.146855 0.022247
v -0.011559 0.147363 0.027334
v -0.011206 0.146160 0.025691
v -0.011823 0.152353 0.026012
v -0.016031 0.187788 0.010170
v -0.016713 0.188242 0.013199
v -0.008963 0.183696 -0.000937
v 0.000146 0.177932 -0.010872
v -0.009910 0.184555 0.000405
v -0.008069 0.182811 -0.002303
v -0.005837 0.180566 -0.005875
v -0.004949 0.179812 -0.007004
v -0.012768 0.186198 0.003627
v -0.003897 0.179065 -0.008721
v -0.010837 0.185224 0.001453
v 0.003720 0.076300 -0.067794
v 0.001685 0.074834 -0.057192
v 0.002789 0.088969 -0.061010
v -0.013116 0.098577 0.028551
v -0.016636 0.075774 0.004082
v -0.012923 0.110843 0.030866
v -0.012903 0.089679 0.025436
v -0.013026 0.077482 0.016781
v -0.012156 0.120577 0.028780
v -0.007815 0.133231 0.011456
v -0.009568 0.128975 0.022040
v -0.005651 0.136482 -0.002275
v -0.002194 0.147482 -0.014856
v 0.001975 0.102214 -0.055998
v 0.001864 0.116270 -0.053095
v 0.002748 0.130859 -0.054104
v 0.003570 0.144125 -0.057744
v 0.000788 0.161193 -0.018213
v 0.004066 0.157801 -0.061555
v 0.004419 0.171998 -0.064157
v 0.004675 0.185268 -0.065879
v 0.001955 0.176411 -0.014600
v 0.004575 0.201001 -0.064866
v 0.004067 0.210738 -0.060990
v -0.002570 0.232005 -0.012341
v -0.001230 0.232098 -0.021518
v 0.000237 0.230244 -0.032346
v 0.001914 0.225436 -0.044805
v 0.001185 0.227896 -0.039411
v 0.002022 0.180036 -0.012812
v -0.002995 0.231765 -0.010919
v -0.003001 0.231745 -0.008327
v 0.000978 0.171888 -0.004687
v 0.000727 0.167738 -0.002869
v -0.000200 0.158713 0.001450
v -0.000271 0.150072 0.001929
v 0.000274 0.143518 -0.002195
v 0.000329 0.141710 -0.002619
v -0.000650 0.140455 0.004709
v 0.003740 0.214396 -0.058515
v 0.002966 0.220333 -0.052685
v -0.007548 0.213428 0.030596
v -0.006955 0.215342 0.033296
v -0.006263 0.224820 0.033583
v -0.004564 0.235878 0.007324
v -0.004062 0.234785 0.001516
v -0.008101 0.231371 0.010878
v -0.003831 0.233675 -0.001940
v -0.006347 0.223320 0.033807
v -0.007558 0.209936 0.031410
v -0.007545 0.207426 0.032267
v -0.008662 0.201718 0.032447
v -0.009678 0.198331 0.032851
v -0.009988 0.194557 0.033002
v -0.009194 0.192162 0.032884
v -0.008501 0.187950 0.033001
v -0.008637 0.199940 0.032739
v -0.009618 0.196520 0.033016
v 0.002492 0.222932 -0.049125
v -0.005935 0.225478 0.031374
v 0.003376 0.217538 -0.055769
v -0.006653 0.171085 0.032760
v -0.006137 0.159852 0.032831
v -0.005924 0.149167 0.032503
v -0.005792 0.146278 0.031679
v -0.005306 0.143655 0.028241
v -0.006060 0.156330 0.033028
v -0.004326 0.138346 0.021193
v -0.003764 0.137287 0.017052
v -0.004816 0.141027 0.024743
v -0.005967 0.150972 0.032721
v -0.008069 0.204717 0.032202
v -0.001092 0.139767 0.008019
v -0.001499 0.139053 0.011069
v -0.000477 0.153947 0.003497
v -0.000361 0.156256 0.002641
v -0.000478 0.153678 0.003500
v -0.000074 0.148565 0.000445
v -0.000407 0.151255 0.002951
v 0.000060 0.147227 -0.000566
v -0.002680 0.231674 -0.010379
v 0.000100 0.141080 -0.000903
v -0.006847 0.176103 0.032752
v -0.008041 0.185293 0.032899
v -0.006393 0.164960 0.032832
v -0.002399 0.137947 0.015640
v -0.002075 0.138075 0.015382
v 0.004352 0.206362 -0.063155
v -0.003379 0.231957 -0.005555
v -0.006091 0.158079 0.032924
v -0.007745 0.183121 0.032863
v -0.006542 0.168112 0.032791
v -0.006236 0.161794 0.032840
v 0.001451 0.175600 -0.008330
v 0.004699 0.194233 -0.065881
v -0.004302 0.235524 0.004927
v 0.000158 0.164055 -0.001201
v -0.000032 0.161218 0.000200
v -0.006752 0.173594 0.032741
v -0.007369 0.180546 0.032772
v -0.007087 0.178232 0.032745
v -0.004195 0.237155 0.009958
v 0.001749 0.177958 -0.010610
v 0.008939 0.076058 -0.067558
v 0.007459 0.074310 -0.056470
v -0.004120 0.098380 0.030470
v -0.000917 0.075036 0.006319
v -0.004413 0.110849 0.032745
v -0.003708 0.089335 0.027325
v -0.002556 0.076877 0.018616
v -0.004108 0.120900 0.030519
v -0.001689 0.133818 0.012463
v -0.003133 0.129468 0.023258
v 0.000132 0.137136 -0.001169
v 0.001832 0.147787 -0.013846
v 0.002369 0.161206 -0.017791
v 0.002174 0.172128 -0.016266
v 0.001741 0.181120 -0.012967
v 0.001663 0.180497 -0.012383
v 0.000582 0.172165 -0.004332
v 0.000327 0.167958 -0.002443
v -0.000262 0.158944 0.001912
v -0.000358 0.148843 0.002570
v 0.000189 0.142498 -0.001566
v 0.000250 0.141325 -0.002033
v -0.000683 0.140459 0.004958
v -0.004285 0.213680 0.032402
v -0.004483 0.215478 0.033893
v -0.004484 0.224952 0.033958
v -0.004509 0.222947 0.034137
v -0.004349 0.210531 0.032863
v -0.004423 0.207822 0.033398
v -0.004484 0.202357 0.033822
v -0.004535 0.198506 0.034181
v -0.004561 0.194247 0.034351
v -0.004549 0.191909 0.034246
v -0.004556 0.187998 0.034281
v -0.004513 0.200526 0.034030
v -0.004550 0.196403 0.034283
v -0.004175 0.225665 0.031648
v -0.004489 0.170953 0.033676
v -0.004448 0.159882 0.033295
v -0.004402 0.149130 0.032890
v -0.004290 0.146172 0.032034
v -0.003828 0.143505 0.028550
v -0.004468 0.156320 0.033430
v -0.002887 0.138178 0.021466
v -0.002321 0.137102 0.017221
v -0.003363 0.140877 0.025049
v -0.004430 0.150951 0.033112
v -0.004431 0.205030 0.033443
v -0.001499 0.139033 0.011065
v -0.000560 0.154157 0.004117
v -0.000423 0.156474 0.003107
v -0.000605 0.152967 0.004451
v -0.000154 0.147343 0.001034
v -0.000516 0.150206 0.003765
v -0.000026 0.146113 0.000065
v 0.000087 0.141071 -0.000811
v -0.001796 0.138532 0.013294
v -0.004508 0.176068 0.033842
v -0.004543 0.185507 0.034161
v -0.004468 0.165002 0.033479
v -0.002113 0.137915 0.015661
v -0.002029 0.138142 0.015034
v -0.002066 0.138111 0.015310
v -0.004457 0.158069 0.033351
v -0.004539 0.183338 0.034120
v -0.004479 0.168038 0.033580
v -0.004456 0.161904 0.033369
v 0.001075 0.175963 -0.008002
v 0.000095 0.164283 -0.000734
v -0.000093 0.161452 0.000663
v -0.004498 0.173481 0.033756
v -0.004524 0.180701 0.033992
v -0.004515 0.178302 0.033908
v 0.001381 0.178323 -0.010283
v -0.007256 0.224421 -0.018861
v -0.007211 0.219641 -0.022527
v -0.005602 0.230919 -0.012816
v -0.007908 0.204052 -0.026574
v -0.006857 0.196748 -0.023611
v -0.004464 0.189803 -0.019699
v 0.001742 0.180075 -0.012982
v -0.007876 0.207853 -0.027234
v -0.007619 0.213763 -0.025893
v -0.007337 0.216643 -0.024314
v -0.007749 0.210782 -0.026881
v -0.002714 0.185258 -0.016328
v -0.007955 0.200477 -0.025138
v -0.005654 0.193256 -0.021648
v -0.002735 0.231805 -0.011711
v 0.001737 0.180030 -0.012943
v -0.002810 0.142564 -0.002676
v -0.006212 0.140809 0.012826
v -0.006099 0.141331 0.010444
v -0.008743 0.139936 0.016313
v -0.010652 0.151329 0.029383
v -0.006423 0.140442 0.014604
v -0.003983 0.142469 -0.001323
v 0.000298 0.142716 -0.002383
v -0.006897 0.140210 0.015275
v -0.010682 0.146946 0.028960
v -0.009133 0.142406 0.023116
v -0.010679 0.149333 0.029417
v -0.009183 0.140508 0.019753
v -0.006351 0.140266 0.015033
v -0.009376 0.144728 0.026767
v -0.003912 0.142002 0.004515
v -0.005221 0.141818 0.007623
v -0.014097 0.227959 0.024068
v -0.015254 0.228098 0.025836
v -0.010870 0.228214 0.029109
v -0.013627 0.231314 0.013248
v -0.013513 0.227758 0.027853
v -0.014744 0.230284 0.014195
v -0.014836 0.227807 0.017389
v -0.008245 0.228803 0.029418
v -0.008095 0.234065 0.013109
v -0.005873 0.229109 0.029092
v -0.004631 0.236227 0.014543
v -0.013968 0.233475 0.025385
v -0.014089 0.235321 0.029541
v -0.010020 0.234794 0.031802
v -0.012968 0.237801 0.017592
v -0.012043 0.234929 0.031315
v -0.014969 0.237656 0.018701
v -0.014272 0.234048 0.019862
v -0.007989 0.234449 0.030703
v -0.008049 0.237720 0.017684
v -0.006238 0.234444 0.029795
v -0.005951 0.236992 0.018712
v -0.014873 0.241065 0.025941
v -0.014599 0.239823 0.027268
v -0.014034 0.239571 0.029921
v -0.011433 0.239686 0.031605
v -0.013854 0.243317 0.022198
v -0.012759 0.239391 0.030583
v -0.014586 0.243101 0.023579
v -0.014766 0.240522 0.024433
v -0.014798 0.240755 0.026894
v -0.009841 0.239633 0.031258
v -0.010340 0.243864 0.021702
v -0.008390 0.239020 0.030098
v -0.008064 0.241023 0.022037
v -0.009899 0.245117 0.027787
v -0.008056 0.243822 0.027535
v -0.011919 0.245106 0.027890
v -0.013563 0.243458 0.027934
v -0.012579 0.244469 0.025074
v -0.014102 0.243414 0.025826
v -0.009958 0.244582 0.024803
v -0.007858 0.243012 0.024643
v -0.010023 0.242463 0.030117
v -0.008342 0.241552 0.029675
v -0.011688 0.242823 0.030384
v -0.013070 0.241676 0.029527
v -0.003859 0.235063 0.016482
v -0.004485 0.231178 0.020798
v -0.005141 0.229719 0.025258
v -0.004565 0.237120 0.020923
v -0.004613 0.236755 0.024716
v -0.005454 0.235532 0.027768
v -0.007590 0.241327 0.024077
v -0.007056 0.242573 0.027835
v -0.007823 0.240182 0.029227
v -0.014005 0.237661 0.029363
v -0.012370 0.237381 0.030718
v -0.009200 0.240712 0.019690
v -0.013426 0.240859 0.019857
v -0.014400 0.238296 0.022409
v -0.010734 0.237246 0.031710
v -0.007012 0.238791 0.020368
v -0.014259 0.237816 0.026968
v -0.014857 0.240485 0.020972
v -0.008928 0.237041 0.030978
v -0.007329 0.236732 0.029944
v -0.006091 0.239171 0.022497
v -0.005847 0.239664 0.026274
v -0.006651 0.237857 0.028496
v -0.014674 0.219413 0.021123
v -0.014877 0.219539 0.018695
v -0.015314 0.219259 0.016437
v -0.013595 0.220553 0.024918
v -0.014794 0.228361 0.017501
v -0.014589 0.228013 0.024758
v -0.014393 0.235555 0.027471
v -0.014490 0.235760 0.020200
v -0.015015 0.241701 0.027825
v -0.015018 0.242109 0.026199
v -0.014901 0.241735 0.024453
v -0.014525 0.240008 0.028702
v -0.014717 0.239876 0.022271
v -0.014349 0.238125 0.028111
v -0.013668 0.228729 0.021403
v -0.013594 0.229021 0.019669
v -0.013827 0.228639 0.018468
v -0.013000 0.228883 0.023422
v -0.013884 0.221935 0.019339
v -0.013464 0.222120 0.020925
v -0.012251 0.235183 0.024320
v -0.012505 0.235524 0.022819
v -0.013250 0.234015 0.020766
v -0.012939 0.233621 0.024557
v -0.013274 0.238045 0.024007
v -0.013791 0.239656 0.025121
v -0.013147 0.237719 0.025305
v -0.013683 0.239347 0.025837
v -0.013154 0.236897 0.025772
v -0.013368 0.237369 0.022664
v -0.014146 0.223878 0.018094
v -0.013146 0.224340 0.022427
v -0.013669 0.239080 0.023987
v -0.013450 0.238526 0.026085
v -0.012749 0.231359 0.029588
v -0.010428 0.231512 0.030458
v -0.005284 0.236011 0.016613
v -0.008070 0.235709 0.015392
v -0.014475 0.231794 0.026117
v -0.013299 0.234325 0.015414
v -0.014867 0.233869 0.016444
v -0.008115 0.231627 0.030061
v -0.006057 0.231777 0.029443
v -0.014665 0.231719 0.027690
v -0.014635 0.232061 0.018851
v -0.004215 0.235224 0.018680
v -0.004553 0.233475 0.022744
v -0.005303 0.232598 0.026512
v -0.014028 0.230727 0.024727
v -0.014548 0.230927 0.018626
v -0.013023 0.232815 0.021270
v -0.012971 0.232461 0.022899
v -0.012971 0.231254 0.023990
v -0.013524 0.231327 0.019619
v -0.010239 0.224794 -0.004583
v -0.010018 0.224665 -0.005957
v -0.010283 0.224702 -0.005279
v -0.007872 0.229554 -0.004098
v -0.008108 0.229767 -0.002780
v -0.007527 0.230321 -0.003262
v -0.008010 0.229652 -0.003404
v -0.011972 0.221323 -0.003088
v -0.011568 0.222410 -0.002604
v -0.011851 0.221870 -0.002882
v -0.015335 0.219980 0.004734
v -0.014719 0.221087 0.004891
v -0.015178 0.220594 0.004772
v -0.015447 0.220619 0.011836
v -0.015869 0.219434 0.012099
v -0.015766 0.219951 0.012605
v -0.015774 0.220660 0.012135
v -0.015832 0.220053 0.012004
v -0.013503 0.221842 0.001339
v -0.014042 0.220759 0.001011
v -0.013884 0.221356 0.001112
v -0.016019 0.219299 0.008890
v -0.015424 0.220438 0.008935
v -0.015905 0.219917 0.008944
v 0.023123 0.076021 -0.064306
v 0.037714 0.075021 -0.052365
v 0.015496 0.088544 -0.058395
v 0.019804 0.088626 -0.049599
v 0.045812 0.075108 -0.014240
v 0.033681 0.087555 -0.013670
v 0.008897 0.098683 0.029522
v 0.021202 0.099721 0.014583
v 0.029599 0.076908 0.010280
v 0.023212 0.087722 0.012229
v 0.019011 0.111911 0.015757
v 0.007654 0.110932 0.031738
v 0.041333 0.075549 -0.005045
v 0.029992 0.087333 -0.003470
v 0.009850 0.089457 0.026561
v 0.019438 0.077456 0.021112
v 0.015295 0.123364 0.014747
v 0.007245 0.120899 0.029242
v 0.007762 0.131613 0.013460
v 0.006869 0.128125 0.024141
v 0.016647 0.126082 -0.000199
v 0.008944 0.135360 -0.000424
v 0.023287 0.100563 -0.000948
v 0.020586 0.113585 0.000225
v 0.015763 0.129282 -0.010749
v 0.007793 0.147259 -0.014279
v 0.022467 0.101399 -0.012349
v 0.019659 0.115190 -0.011109
v 0.015805 0.131135 -0.043361
v 0.014499 0.144854 -0.044984
v 0.018918 0.102556 -0.045495
v 0.017410 0.116888 -0.043024
v 0.014941 0.101936 -0.053341
v 0.014070 0.116196 -0.050527
v 0.013208 0.131015 -0.051737
v 0.013184 0.144389 -0.055434
v 0.032436 0.088124 -0.031140
v 0.045714 0.074916 -0.033710
v 0.015288 0.130970 -0.026591
v 0.013800 0.145350 -0.027046
v 0.020811 0.102251 -0.029058
v 0.018396 0.116877 -0.026304
v 0.005531 0.161201 -0.017812
v 0.014132 0.158025 -0.046768
v 0.013581 0.158032 -0.058764
v 0.012289 0.158927 -0.028377
v 0.014191 0.171103 -0.048682
v 0.013869 0.172000 -0.061116
v 0.011188 0.171662 -0.029378
v 0.028262 0.088378 -0.039368
v 0.013491 0.144940 -0.036415
v 0.017938 0.116828 -0.034871
v 0.043341 0.075138 -0.041581
v 0.015798 0.130951 -0.034840
v 0.019914 0.102502 -0.036906
v 0.012554 0.158158 -0.037948
v 0.012906 0.170791 -0.038498
v 0.007208 0.189892 -0.018311
v 0.014468 0.182546 -0.049902
v 0.014221 0.185174 -0.063241
v 0.011701 0.184330 -0.027820
v 0.010667 0.196873 -0.022080
v 0.012716 0.196139 -0.030439
v 0.013263 0.182151 -0.038581
v 0.013110 0.204647 -0.025204
v 0.013379 0.205216 -0.032306
v 0.013995 0.196867 -0.040537
v 0.015325 0.198398 -0.051071
v 0.014236 0.200774 -0.062645
v 0.012053 0.219273 -0.021416
v 0.012335 0.220612 -0.027118
v 0.011502 0.224081 -0.017580
v 0.011547 0.224436 -0.024197
v 0.015269 0.208074 -0.049330
v 0.013709 0.210231 -0.058847
v 0.014234 0.206365 -0.040525
v 0.007509 0.230988 -0.011048
v 0.008612 0.231084 -0.020129
v 0.011822 0.224679 -0.030875
v 0.009785 0.228818 -0.030556
v 0.012360 0.221786 -0.032795
v 0.012904 0.222676 -0.038035
v 0.011589 0.224542 -0.042964
v 0.010867 0.226950 -0.037624
v 0.012412 0.224575 -0.035536
v 0.002914 0.180088 -0.012646
v 0.012005 0.189692 -0.017332
v 0.015212 0.196590 -0.019860
v 0.016228 0.203421 -0.021918
v 0.013493 0.220045 -0.017939
v 0.012144 0.224677 -0.014586
v 0.010120 0.230756 -0.010650
v 0.011101 0.224620 -0.007804
v 0.009299 0.229389 -0.007005
v 0.010841 0.220338 -0.008250
v 0.001965 0.171838 -0.004625
v 0.001712 0.167710 -0.002782
v 0.006669 0.170019 0.003816
v 0.008223 0.173096 0.007785
v 0.009838 0.178323 0.010146
v 0.001140 0.158694 0.001587
v 0.005132 0.160414 0.007831
v 0.000976 0.149945 0.002197
v 0.004876 0.149112 0.007679
v 0.003360 0.143359 -0.001637
v 0.003497 0.142744 0.005632
v 0.003388 0.141795 -0.002055
v 0.000872 0.140656 0.004924
v 0.013501 0.208858 -0.032150
v 0.013405 0.208143 -0.025540
v 0.014201 0.210092 -0.039721
v 0.013386 0.213780 -0.056440
v 0.015094 0.211775 -0.047766
v 0.016185 0.207499 -0.022753
v 0.016308 0.205872 -0.011225
v 0.015942 0.203959 -0.002971
v 0.015482 0.199747 0.007059
v 0.015039 0.194251 0.008750
v 0.013512 0.189388 0.010831
v 0.011103 0.182825 0.011251
v 0.007843 0.183220 -0.004569
v 0.009931 0.190042 -0.008103
v 0.012404 0.196487 -0.009680
v 0.013619 0.198864 -0.007956
v 0.007114 0.177727 -0.000148
v 0.008048 0.178682 0.002915
v 0.009309 0.181348 0.005331
v 0.013394 0.197837 -0.003256
v 0.012897 0.195196 0.000061
v 0.011696 0.191821 0.002157
v 0.011033 0.187298 0.004653
v 0.010273 0.183363 0.006564
v 0.010312 0.191631 -0.001059
v 0.009796 0.191171 -0.005110
v 0.009566 0.186173 0.001957
v 0.008547 0.184794 -0.001509
v 0.013068 0.213930 -0.024485
v 0.013614 0.216208 -0.036906
v 0.014294 0.217722 -0.043535
v 0.015299 0.213552 -0.021296
v 0.013416 0.212265 -0.010411
v 0.013219 0.214855 -0.030440
v 0.012634 0.219555 -0.050769
v 0.015457 0.211569 -0.001071
v 0.015359 0.209423 0.008832
v 0.011659 0.209060 0.018376
v 0.009604 0.220327 0.022208
v 0.008801 0.213512 0.023974
v 0.008033 0.222523 0.025725
v 0.002916 0.213362 0.030585
v 0.005418 0.222638 0.030173
v 0.001141 0.215400 0.033990
v 0.000607 0.225657 0.030229
v 0.000174 0.224657 0.034232
v 0.007153 0.232107 0.008598
v 0.008317 0.230593 0.002546
v 0.008872 0.228011 0.013080
v 0.000201 0.223442 0.034428
v 0.004970 0.223993 0.030460
v 0.010338 0.205016 0.028220
v 0.002265 0.209766 0.031499
v 0.007681 0.203572 0.031054
v 0.001933 0.207271 0.033161
v 0.003162 0.201568 0.033431
v 0.006923 0.198959 0.033266
v 0.003053 0.198357 0.034077
v 0.006950 0.195623 0.033526
v 0.003669 0.195004 0.034320
v 0.007904 0.193696 0.032992
v 0.004330 0.192585 0.034010
v 0.015017 0.207766 0.011215
v 0.010972 0.207324 0.017586
v 0.009081 0.203828 0.027661
v 0.007977 0.202729 0.030484
v 0.007352 0.198955 0.032620
v 0.007166 0.195849 0.032830
v 0.007257 0.194014 0.032359
v 0.009134 0.192563 0.031292
v 0.008828 0.191147 0.032304
v 0.007961 0.192964 0.030639
v 0.003178 0.187876 0.033727
v 0.007853 0.188070 0.032148
v 0.010218 0.192056 0.028902
v 0.010317 0.190502 0.028675
v 0.008631 0.192552 0.028465
v 0.011212 0.192257 0.025926
v 0.011435 0.190636 0.025303
v 0.009523 0.192764 0.025761
v 0.012334 0.194247 0.022553
v 0.012607 0.193191 0.021318
v 0.010849 0.194607 0.022669
v 0.012884 0.196481 0.021536
v 0.013499 0.196204 0.020518
v 0.011542 0.196636 0.022115
v 0.012679 0.200230 0.021429
v 0.013448 0.200908 0.020343
v 0.011658 0.199778 0.022022
v 0.012758 0.201764 0.022623
v 0.012820 0.203226 0.021688
v 0.011024 0.201289 0.022800
v 0.012178 0.203536 0.024325
v 0.012632 0.203674 0.021781
v 0.010320 0.203421 0.024625
v 0.013354 0.206140 0.017500
v 0.013966 0.204616 0.016952
v 0.011502 0.206653 0.017328
v 0.009455 0.202912 0.027697
v 0.008488 0.201691 0.030111
v 0.008096 0.198966 0.031358
v 0.007914 0.195903 0.031535
v 0.007718 0.194500 0.031570
v 0.008161 0.193627 0.030128
v 0.008750 0.193172 0.028325
v 0.009577 0.193333 0.025966
v 0.010644 0.194970 0.023247
v 0.010819 0.196651 0.023111
v 0.010989 0.199549 0.022994
v 0.010796 0.200830 0.023350
v 0.010286 0.202691 0.024969
v 0.010692 0.196518 0.025325
v 0.010292 0.195936 0.026471
v 0.009930 0.196324 0.027602
v 0.010831 0.198768 0.025285
v 0.010424 0.199154 0.026407
v 0.010005 0.198588 0.027556
v 0.003168 0.199842 0.033820
v 0.007268 0.201320 0.032361
v 0.007322 0.200627 0.032047
v 0.008142 0.200220 0.031237
v 0.003188 0.196751 0.034239
v 0.006794 0.197236 0.033624
v 0.007279 0.197360 0.032858
v 0.013106 0.198479 0.021455
v 0.011778 0.198342 0.021863
v 0.013939 0.198674 0.020344
v 0.008028 0.197396 0.031583
v 0.011079 0.198165 0.022831
v 0.011013 0.197695 0.024847
v 0.009808 0.197413 0.028046
v 0.011184 0.197786 0.024279
v 0.010916 0.195801 0.024589
v 0.009440 0.197416 0.029066
v 0.009328 0.195469 0.029201
v 0.010069 0.195431 0.027079
v 0.010327 0.199851 0.026847
v 0.009430 0.199325 0.029239
v 0.011178 0.199758 0.024255
v 0.012557 0.216540 -0.023224
v 0.013065 0.218969 -0.034942
v 0.013583 0.220282 -0.040843
v 0.014318 0.216688 -0.019759
v 0.011682 0.216055 -0.009384
v 0.012897 0.217558 -0.029064
v 0.012172 0.222095 -0.047277
v 0.009325 0.215663 0.022659
v 0.006593 0.217085 0.030044
v 0.006464 0.218883 0.032618
v 0.000400 0.225188 0.032185
v 0.004561 0.223636 0.032591
v 0.014642 0.216152 -0.000329
v 0.014944 0.214899 0.008641
v 0.012278 0.214065 0.016703
v 0.013432 0.211954 -0.031474
v 0.013030 0.216832 -0.053769
v 0.015805 0.207494 -0.002044
v 0.013332 0.210913 -0.025204
v 0.014019 0.213303 -0.038512
v 0.014853 0.214956 -0.045879
v 0.015803 0.210583 -0.022367
v 0.015287 0.209008 -0.011187
v 0.015555 0.204111 0.006901
v 0.015090 0.206093 0.010604
v 0.013179 0.190852 0.017470
v 0.013689 0.190198 0.014029
v 0.014438 0.193011 0.013188
v 0.000615 0.171136 0.032944
v 0.004447 0.171217 0.031342
v -0.000056 0.159831 0.033278
v 0.004191 0.159758 0.031290
v 0.005129 0.152946 0.028341
v 0.003671 0.149361 0.030468
v -0.000331 0.149221 0.033052
v 0.004237 0.151186 0.027793
v 0.003636 0.149035 0.028797
v 0.006194 0.153230 0.026290
v 0.004519 0.151486 0.026594
v 0.007246 0.150472 0.023264
v 0.004628 0.150132 0.024639
v 0.005486 0.146486 0.024229
v 0.004092 0.147760 0.024951
v 0.004444 0.145766 0.027672
v 0.003566 0.147167 0.027236
v 0.003969 0.150609 0.026316
v 0.003440 0.148380 0.026851
v 0.004677 0.151091 0.025416
v 0.007063 0.152311 0.024394
v 0.003509 0.147878 0.028284
v 0.004311 0.147230 0.029922
v 0.003782 0.147118 0.025987
v 0.004885 0.145849 0.025364
v -0.000308 0.146393 0.032252
v 0.000054 0.143879 0.028776
v -0.000223 0.156313 0.033527
v 0.004646 0.155087 0.029380
v 0.006439 0.155194 0.026185
v 0.005336 0.141649 0.021290
v 0.000903 0.138606 0.021756
v 0.005775 0.141337 0.018200
v 0.001423 0.137586 0.017751
v 0.006150 0.144566 0.021001
v 0.006789 0.144531 0.018445
v 0.007439 0.148321 0.020690
v 0.007943 0.148133 0.018803
v 0.008803 0.156293 0.019996
v 0.008718 0.154704 0.018480
v 0.008571 0.157766 0.017443
v 0.000473 0.141253 0.025266
v 0.004387 0.143239 0.024280
v 0.005466 0.144899 0.022958
v 0.006244 0.146523 0.022308
v 0.007325 0.146285 0.018809
v 0.006793 0.146398 0.020803
v -0.000312 0.151028 0.033208
v 0.004251 0.151492 0.029915
v 0.003907 0.150269 0.028616
v 0.004403 0.148888 0.024458
v 0.006486 0.148482 0.023419
v 0.003727 0.149418 0.026358
v 0.007026 0.148472 0.021970
v 0.008460 0.150021 0.018908
v 0.007981 0.150466 0.020866
v 0.007736 0.150661 0.022024
v 0.007641 0.154005 0.023299
v 0.009101 0.153037 0.018783
v 0.008706 0.154000 0.020531
v 0.014140 0.194451 0.017059
v 0.010757 0.206954 0.017527
v 0.009254 0.203978 0.026358
v 0.008018 0.202242 0.030392
v 0.007699 0.200821 0.031529
v 0.007635 0.198747 0.032286
v 0.007523 0.197633 0.032499
v 0.007335 0.195640 0.032452
v 0.007251 0.194452 0.032112
v 0.014750 0.206290 0.010552
v 0.014686 0.207394 0.011150
v 0.007791 0.193043 0.030219
v 0.008254 0.192693 0.028678
v 0.009328 0.193019 0.025395
v 0.010372 0.194439 0.023013
v 0.011135 0.196812 0.022143
v 0.011322 0.198114 0.021951
v 0.011146 0.199953 0.022215
v 0.010725 0.200976 0.022741
v 0.009763 0.203934 0.025030
v 0.011097 0.206518 0.017259
v 0.009062 0.203109 0.027016
v 0.008115 0.201670 0.030263
v 0.007837 0.200570 0.031153
v 0.007749 0.198740 0.031691
v 0.007670 0.197621 0.031853
v 0.007498 0.195609 0.031793
v 0.007364 0.194676 0.031716
v 0.007872 0.193437 0.029925
v 0.008297 0.193135 0.028577
v 0.009354 0.193479 0.025552
v 0.010280 0.194733 0.023467
v 0.010625 0.196845 0.022909
v 0.010823 0.198001 0.022695
v 0.010724 0.199814 0.022876
v 0.010604 0.200681 0.023118
v 0.009732 0.202969 0.025260
v 0.009557 0.197595 0.026347
v 0.009411 0.195950 0.026342
v 0.009517 0.199199 0.026275
v 0.010084 0.197702 0.024712
v 0.009039 0.197493 0.027918
v 0.009792 0.196518 0.025193
v 0.009138 0.196376 0.027479
v 0.009194 0.198667 0.027429
v 0.009920 0.198780 0.025152
v 0.014964 0.197571 0.017150
v 0.007007 0.182139 -0.006946
v 0.007504 0.182686 -0.005618
v 0.011389 0.190065 -0.010275
v 0.010721 0.190012 -0.009050
v 0.014870 0.197228 -0.011200
v 0.014183 0.197233 -0.010249
v 0.016535 0.201504 -0.009819
v 0.015607 0.199960 -0.008359
v 0.006075 0.174203 0.000107
v 0.006677 0.176491 -0.000114
v 0.007896 0.175538 0.005324
v 0.007856 0.177176 0.003983
v 0.009550 0.179355 0.008026
v 0.009297 0.180231 0.006515
v 0.015788 0.200560 -0.003244
v 0.015159 0.199072 -0.003378
v 0.015352 0.197219 0.002725
v 0.014521 0.195873 0.000845
v 0.014781 0.192872 0.005296
v 0.013004 0.192102 0.003304
v 0.012694 0.188485 0.008041
v 0.011866 0.187802 0.006033
v 0.010777 0.182952 0.009034
v 0.010474 0.183141 0.007516
v 0.010023 0.211408 0.021688
v 0.010198 0.222521 0.020830
v 0.007846 0.208760 0.029105
v 0.006983 0.206566 0.031375
v 0.002314 0.204633 0.033098
v 0.010545 0.214745 0.020122
v 0.000782 0.140007 0.008312
v 0.001003 0.139352 0.011474
v 0.004464 0.142986 0.008988
v 0.004382 0.142502 0.011793
v 0.004973 0.156124 0.009091
v 0.000811 0.154008 0.003740
v 0.005128 0.158516 0.009014
v 0.000969 0.156242 0.002769
v 0.000784 0.153682 0.003831
v 0.004968 0.154144 0.008972
v 0.005813 0.146821 0.012300
v 0.005097 0.144821 0.011971
v 0.005092 0.147435 0.007067
v 0.001179 0.148444 0.000725
v 0.006142 0.158055 0.011269
v 0.007224 0.158046 0.013251
v 0.007071 0.155875 0.013597
v 0.005982 0.156025 0.011379
v 0.006504 0.148620 0.012697
v 0.006439 0.150356 0.013004
v 0.006785 0.153907 0.013505
v 0.005146 0.145154 0.009320
v 0.005797 0.147090 0.009771
v 0.005653 0.148857 0.010190
v 0.005625 0.150558 0.010619
v 0.005861 0.154104 0.011236
v 0.004795 0.150734 0.008267
v 0.000842 0.151182 0.003261
v 0.002494 0.147141 -0.000100
v 0.004990 0.145597 0.006492
v 0.009774 0.230132 -0.009024
v 0.011551 0.224760 -0.011024
v 0.011264 0.220330 -0.012614
v 0.005716 0.168583 0.000815
v 0.004353 0.159765 0.005083
v 0.004319 0.149394 0.005177
v 0.016258 0.206234 -0.016107
v 0.014270 0.212966 -0.014909
v 0.012654 0.216516 -0.013957
v 0.015490 0.209559 -0.015762
v 0.011755 0.189966 -0.013652
v 0.006193 0.181399 -0.009199
v 0.005372 0.173224 -0.002014
v 0.014885 0.196793 -0.015543
v 0.016488 0.202265 -0.015427
v 0.004141 0.155563 0.006661
v 0.004235 0.157551 0.006132
v 0.004260 0.153949 0.006765
v 0.004470 0.147827 0.004236
v 0.004172 0.150879 0.006021
v 0.004876 0.143442 0.000021
v 0.003299 0.141302 -0.000544
v 0.003718 0.146777 0.001112
v 0.000623 0.138840 0.013697
v 0.004087 0.142270 0.014230
v 0.008032 0.157966 0.015113
v 0.007803 0.155598 0.015354
v 0.007459 0.153527 0.015486
v 0.007128 0.150161 0.015309
v 0.006373 0.148421 0.015005
v 0.005647 0.146680 0.014703
v 0.004904 0.144732 0.014431
v 0.000931 0.176097 0.032898
v 0.004742 0.176082 0.031312
v 0.002515 0.185049 0.033438
v 0.006919 0.184817 0.031779
v 0.000245 0.164934 0.033117
v 0.004443 0.164934 0.031374
v 0.008170 0.155040 0.016583
v 0.008647 0.154676 0.017657
v 0.008419 0.155525 0.017149
v 0.008356 0.154948 0.017158
v 0.000566 0.138271 0.016108
v 0.000323 0.138443 0.015425
v 0.000146 0.138348 0.015764
v 0.004489 0.141947 0.016942
v 0.004095 0.142161 0.016077
v 0.004144 0.142132 0.016565
v 0.005326 0.144896 0.017161
v 0.004923 0.144947 0.016306
v 0.004989 0.145001 0.016801
v 0.007680 0.153125 0.016793
v 0.008246 0.152986 0.017902
v 0.007833 0.152957 0.017393
v 0.006930 0.150003 0.016823
v 0.007397 0.149973 0.017826
v 0.006957 0.149955 0.017363
v 0.006238 0.148296 0.016683
v 0.006689 0.148229 0.017613
v 0.006255 0.148261 0.017195
v 0.005978 0.146551 0.017404
v 0.005570 0.146640 0.016504
v 0.005609 0.146627 0.017001
v 0.047453 0.074719 -0.024731
v 0.015483 0.130539 -0.019836
v 0.021528 0.101940 -0.021426
v 0.034496 0.087832 -0.022863
v 0.010852 0.146097 -0.020007
v 0.018879 0.116060 -0.019874
v 0.009188 0.160119 -0.022726
v 0.006435 0.172321 -0.021942
v 0.004774 0.185252 -0.015330
v 0.005905 0.180503 -0.020233
v 0.009254 0.185248 -0.014730
v 0.014319 0.191634 0.009933
v 0.008575 0.186425 -0.006439
v 0.011312 0.189401 0.003473
v 0.009813 0.188775 0.000394
v 0.008887 0.187698 -0.003320
v 0.008636 0.186066 -0.007444
v 0.008684 0.185854 -0.008674
v 0.013629 0.190546 0.006801
v 0.012368 0.189806 0.004755
v 0.008810 0.185582 -0.011431
v 0.013065 0.201001 -0.031681
v 0.012374 0.200841 -0.023564
v 0.013995 0.205985 -0.060959
v 0.015375 0.203700 -0.050489
v 0.014161 0.202008 -0.040796
v 0.016299 0.200078 -0.020765
v 0.007170 0.172000 0.005081
v 0.012914 0.197840 -0.008952
v 0.007493 0.178027 0.001251
v 0.009746 0.190574 -0.006700
v 0.008114 0.183859 -0.003165
v 0.014991 0.198740 -0.009487
v 0.016078 0.199283 -0.010948
v 0.007181 0.176450 0.002036
v 0.006949 0.174625 0.002951
v 0.016257 0.199591 -0.015516
v 0.008652 0.187036 -0.005000
v 0.009065 0.175738 0.009120
v 0.016071 0.204925 -0.007109
v 0.008676 0.180031 0.004179
v 0.013570 0.198749 -0.005729
v 0.009955 0.191438 -0.003146
v 0.009042 0.185577 0.000193
v 0.014201 0.211951 -0.005747
v 0.011151 0.224579 -0.004739
v 0.008931 0.229212 -0.004197
v 0.011476 0.221063 -0.004023
v 0.012887 0.216116 -0.004984
v 0.015377 0.208238 -0.006637
v 0.008593 0.178654 0.005414
v 0.008794 0.177548 0.006850
v 0.015485 0.199828 -0.005969
v 0.016157 0.201125 -0.006305
v 0.009297 0.188279 -0.001456
v 0.008988 0.164733 0.021152
v 0.008635 0.162942 0.021648
v 0.009458 0.164173 0.019358
v 0.009051 0.161885 0.020249
v 0.009260 0.169916 0.020826
v 0.009777 0.169630 0.018588
v 0.010681 0.180897 0.021821
v 0.011107 0.181760 0.020702
v 0.010355 0.182050 0.023170
v 0.011050 0.183974 0.022453
v 0.008678 0.182433 0.027069
v 0.009356 0.184427 0.027160
v 0.008130 0.162012 0.023337
v 0.008165 0.159864 0.022534
v 0.006784 0.161800 0.026377
v 0.006673 0.159601 0.026280
v 0.010544 0.177316 0.017000
v 0.007281 0.175769 0.026358
v 0.006842 0.170745 0.026205
v 0.006783 0.167830 0.026393
v 0.006764 0.164641 0.026321
v 0.010392 0.177538 0.014716
v 0.010142 0.174826 0.018821
v 0.009686 0.174938 0.020981
v 0.009679 0.166907 0.018805
v 0.009224 0.167280 0.020846
v 0.010205 0.177915 0.012355
v 0.010887 0.179743 0.017598
v 0.008761 0.175371 0.023008
v 0.008353 0.170291 0.022977
v 0.008173 0.167542 0.023167
v 0.007968 0.164690 0.023284
v 0.006631 0.157311 0.026223
v 0.007930 0.156925 0.022800
v -0.000156 0.158063 0.033414
v 0.004713 0.157551 0.030131
v 0.006219 0.182805 0.031531
v 0.002099 0.182942 0.033318
v 0.000435 0.168131 0.032998
v 0.004541 0.168205 0.031329
v 0.011045 0.180001 0.015357
v 0.010706 0.180293 0.012980
v 0.004267 0.161817 0.031352
v 0.000054 0.161750 0.033238
v 0.008878 0.158889 0.020081
v 0.008761 0.160532 0.017869
v 0.007252 0.160526 0.012762
v 0.008241 0.160569 0.015094
v 0.005998 0.160579 0.010426
v 0.002439 0.175561 -0.008224
v 0.011822 0.184958 0.011382
v 0.007372 0.179477 -0.001670
v 0.010486 0.184434 0.006096
v 0.009384 0.183065 0.004056
v 0.008178 0.180890 0.001252
v 0.006892 0.178576 -0.002429
v 0.006256 0.177455 -0.003319
v 0.011390 0.184819 0.009143
v 0.010949 0.184640 0.007348
v 0.005764 0.176639 -0.005191
v 0.007727 0.180106 -0.000295
v 0.008755 0.181958 0.002662
v 0.011414 0.190483 -0.028419
v 0.008895 0.193385 -0.020163
v 0.013690 0.190460 -0.039768
v 0.014356 0.194137 -0.063596
v 0.014937 0.191536 -0.050796
v 0.013632 0.193100 -0.018620
v 0.015337 0.197045 0.007721
v 0.011196 0.193355 -0.009166
v 0.012115 0.193671 0.000971
v 0.011443 0.194951 -0.002231
v 0.011313 0.195192 -0.006865
v 0.012586 0.193695 -0.009801
v 0.013300 0.193755 -0.010822
v 0.013762 0.194045 0.002109
v 0.015261 0.195080 0.004092
v 0.013436 0.193375 -0.014602
v 0.011176 0.194221 -0.008041
v 0.011315 0.195078 -0.004551
v 0.015709 0.201841 0.001879
v 0.010513 0.180582 0.010810
v 0.012979 0.196373 -0.001380
v 0.009854 0.182475 0.006084
v 0.010886 0.191758 0.000639
v 0.010260 0.186721 0.003391
v 0.015461 0.210507 0.003882
v 0.007552 0.232211 0.006315
v 0.014906 0.215517 0.004175
v 0.015703 0.205808 0.002430
v 0.014927 0.197568 -0.001064
v 0.015500 0.199116 -0.000084
v 0.010190 0.181143 0.008731
v 0.009919 0.181736 0.007195
v 0.010473 0.189122 0.001994
v 0.009952 0.183837 0.005099
v 0.011603 0.194202 -0.000527
v 0.006029 0.166012 0.005408
v 0.001489 0.164024 -0.001062
v 0.005237 0.165118 0.002568
v 0.006968 0.166200 0.008650
v 0.007796 0.169762 0.007854
v 0.001308 0.161191 0.000341
v 0.004517 0.162222 0.003890
v 0.005362 0.162891 0.006674
v 0.006391 0.163247 0.009447
v 0.009094 0.163657 0.017022
v 0.008487 0.163503 0.014505
v 0.007507 0.163377 0.012036
v 0.007978 0.166348 0.011432
v 0.008833 0.166428 0.014046
v 0.009353 0.166594 0.016473
v 0.008538 0.169451 0.010971
v 0.009189 0.169404 0.013775
v 0.009558 0.169448 0.016276
v 0.004542 0.173682 0.031341
v 0.000768 0.173634 0.032898
v 0.009931 0.172289 0.018605
v 0.007024 0.173334 0.026187
v 0.009441 0.172504 0.020878
v 0.008509 0.172859 0.022977
v 0.008986 0.172608 0.010922
v 0.009518 0.172278 0.013809
v 0.009795 0.172208 0.016287
v 0.009660 0.175377 0.011698
v 0.009956 0.174971 0.014197
v 0.010164 0.174823 0.016570
v 0.011687 0.184768 0.019605
v 0.011998 0.185072 0.016629
v 0.012148 0.185116 0.013931
v 0.011397 0.182207 0.018335
v 0.011459 0.182516 0.015965
v 0.011455 0.182649 0.013522
v 0.001623 0.180445 0.033081
v 0.001245 0.178178 0.032937
v 0.005602 0.180189 0.031371
v 0.005135 0.177949 0.031311
v 0.010054 0.177119 0.021164
v 0.010403 0.179288 0.021439
v 0.010480 0.177236 0.019172
v 0.010829 0.179540 0.019755
v 0.008035 0.180141 0.026816
v 0.007653 0.177904 0.026601
v 0.009658 0.179813 0.023171
v 0.009083 0.177580 0.023072
v 0.007988 0.181984 -0.001674
v 0.011953 0.186661 0.008799
v 0.010752 0.185768 0.005456
v 0.007620 0.181269 -0.003059
v 0.013779 0.209505 0.013761
v 0.012736 0.187169 0.011290
v 0.013152 0.207681 0.013539
v 0.014197 0.214164 0.012595
v 0.013709 0.206336 0.013721
v 0.007579 0.230083 0.011265
v 0.015344 0.205278 0.013146
v 0.015400 0.202899 0.012096
v 0.012596 0.207239 0.014207
v 0.013044 0.206560 0.013856
v 0.008788 0.220382 0.024097
v 0.007939 0.213159 0.026092
v 0.010867 0.208049 0.021342
v 0.009986 0.206794 0.020795
v 0.012609 0.205681 0.019795
v 0.010724 0.206164 0.019670
v 0.013247 0.204264 0.019109
v 0.007845 0.216028 0.025571
v 0.009816 0.206220 0.020813
v 0.010240 0.205897 0.020012
v 0.009350 0.210730 0.023810
v 0.014015 0.203096 0.017918
v 0.014938 0.195925 0.012766
v 0.015197 0.199330 0.012323
v 0.015130 0.200864 0.017283
v 0.012386 0.188346 0.020224
v 0.009951 0.187663 0.027667
v 0.011524 0.187539 0.023096
v 0.003721 0.151034 0.029506
v 0.003450 0.149173 0.029948
v 0.006289 0.151882 0.024801
v 0.005496 0.152633 0.026422
v 0.005882 0.148536 0.023673
v 0.006606 0.150351 0.023799
v 0.004390 0.146062 0.025798
v 0.005015 0.146842 0.024420
v 0.003958 0.147350 0.029404
v 0.004046 0.146148 0.027726
v 0.004567 0.152340 0.028199
v 0.012837 0.187765 0.014021
v 0.012701 0.188219 0.017123
v 0.008921 0.183682 0.001448
v 0.002726 0.177930 -0.010527
v 0.009484 0.184539 0.002992
v 0.008415 0.182798 -0.000104
v 0.007194 0.180556 -0.004137
v 0.006632 0.179803 -0.005459
v 0.011401 0.186178 0.006852
v 0.006065 0.179057 -0.007392
v 0.010105 0.185207 0.004247
v 0.014038 0.076292 -0.066417
v 0.013221 0.074825 -0.055653
v 0.013179 0.088961 -0.059624
v 0.005065 0.098562 0.030976
v 0.014840 0.075748 0.008281
v 0.004291 0.110829 0.033162
v 0.005662 0.089664 0.027912
v 0.008030 0.077465 0.019590
v 0.004113 0.120564 0.030950
v 0.004485 0.133221 0.013097
v 0.003396 0.128965 0.023770
v 0.006001 0.136472 -0.000721
v 0.005981 0.147476 -0.013765
v 0.012671 0.102206 -0.054571
v 0.012039 0.116262 -0.051737
v 0.011474 0.130852 -0.052939
v 0.011656 0.144119 -0.056665
v 0.004004 0.161191 -0.017784
v 0.012197 0.157794 -0.060470
v 0.012561 0.171992 -0.063071
v 0.012786 0.185262 -0.064797
v 0.012642 0.200994 -0.063790
v 0.012132 0.210731 -0.059914
v 0.005800 0.231996 -0.011210
v 0.006930 0.232092 -0.020430
v 0.008350 0.230238 -0.031264
v 0.009989 0.225429 -0.043728
v 0.009283 0.227889 -0.038331
v 0.001427 0.180037 -0.012891
v 0.005509 0.231758 -0.010003
v 0.005180 0.231739 -0.007236
v 0.000292 0.171889 -0.004779
v 0.000051 0.167739 -0.002959
v 0.011805 0.214389 -0.057439
v 0.011032 0.220326 -0.051609
v -0.000664 0.213422 0.031514
v -0.001940 0.215338 0.033965
v -0.002669 0.224817 0.034063
v 0.002593 0.235872 0.008278
v 0.003629 0.234779 0.002542
v 0.005067 0.231361 0.012635
v 0.004310 0.233668 -0.000854
v -0.002649 0.223317 0.034300
v -0.000873 0.209930 0.032302
v -0.001114 0.207420 0.033125
v -0.000092 0.201711 0.033591
v 0.000777 0.198323 0.034246
v 0.001030 0.194549 0.034472
v 0.000291 0.192154 0.034149
v -0.000415 0.187943 0.034080
v -0.000195 0.199933 0.033865
v 0.000673 0.196511 0.034389
v 0.010561 0.222925 -0.048049
v -0.002405 0.225475 0.031845
v 0.011441 0.217532 -0.054693
v -0.002161 0.171082 0.033359
v -0.002696 0.159849 0.033290
v -0.002832 0.149165 0.032916
v -0.002748 0.146275 0.032086
v -0.002320 0.143652 0.028639
v -0.002827 0.156328 0.033459
v -0.001426 0.138344 0.021580
v -0.000885 0.137285 0.017436
v -0.001879 0.141024 0.025134
v -0.002845 0.150970 0.033138
v -0.000596 0.204711 0.033199
v 0.005420 0.231668 -0.009328
v -0.001964 0.176099 0.033404
v -0.000836 0.185288 0.033861
v -0.002441 0.164957 0.033360
v -0.001831 0.137947 0.015716
v 0.012417 0.206355 -0.062080
v 0.004819 0.231950 -0.004461
v -0.002767 0.158076 0.033368
v -0.001116 0.183116 0.033747
v -0.002282 0.168109 0.033359
v -0.002600 0.161791 0.033325
v 0.000796 0.175600 -0.008417
v 0.012778 0.194227 -0.064803
v 0.002967 0.235518 0.005896
v -0.002057 0.173590 0.033367
v -0.001459 0.180542 0.033560
v -0.001727 0.178228 0.033460
v 0.001548 0.237151 0.010725
v 0.001110 0.177959 -0.010696
v 0.012037 0.224406 -0.016288
v 0.012947 0.219625 -0.019838
v 0.008865 0.230908 -0.010886
v 0.014655 0.204034 -0.023564
v 0.012853 0.196732 -0.020982
v 0.009507 0.189792 -0.017835
v 0.014804 0.207835 -0.024209
v 0.014213 0.213745 -0.022981
v 0.013532 0.216626 -0.021530
v 0.014593 0.210764 -0.023900
v 0.006927 0.185250 -0.015041
v 0.014319 0.200460 -0.022167
v 0.011172 0.193242 -0.019404
v 0.005760 0.231799 -0.010814
v 0.003375 0.142559 -0.001851
v 0.002591 0.140802 0.014000
v 0.003107 0.141324 0.011672
v 0.004118 0.139925 0.018028
v 0.002552 0.151319 0.031145
v 0.002328 0.140435 0.015772
v 0.004151 0.142463 -0.000238
v 0.002609 0.140203 0.016544
v 0.002685 0.146935 0.030743
v 0.002715 0.142397 0.024697
v 0.002566 0.149322 0.031184
v 0.003642 0.140498 0.021464
v 0.002146 0.140259 0.016166
v 0.001996 0.144719 0.028284
v 0.002552 0.141997 0.005378
v 0.003000 0.141811 0.008720
v 0.007390 0.227941 0.026935
v 0.008044 0.228080 0.028944
v 0.002956 0.228203 0.030953
v 0.009779 0.231295 0.016370
v 0.005835 0.227742 0.030434
v 0.010606 0.230263 0.017577
v 0.009854 0.227787 0.020683
v 0.000342 0.228796 0.030564
v 0.004480 0.234055 0.014787
v -0.001861 0.229106 0.029627
v 0.000766 0.236222 0.015263
v 0.006930 0.233459 0.028172
v 0.005959 0.235305 0.032215
v 0.001440 0.234784 0.033331
v 0.008014 0.237784 0.020391
v 0.003519 0.234916 0.033391
v 0.009654 0.237636 0.021985
v 0.008671 0.234030 0.022923
v -0.000233 0.234443 0.031737
v 0.003243 0.237711 0.019190
v -0.001684 0.234441 0.030402
v 0.000947 0.236986 0.019632
v 0.007669 0.241047 0.028948
v 0.007055 0.239805 0.030157
v 0.005813 0.239556 0.032569
v 0.002862 0.239674 0.033512
v 0.007670 0.243299 0.025069
v 0.004409 0.239378 0.032873
v 0.008014 0.243083 0.026594
v 0.007960 0.240504 0.027465
v 0.007346 0.240737 0.029848
v 0.001417 0.239624 0.032759
v 0.004411 0.243852 0.023669
v 0.000319 0.239013 0.031259
v 0.002121 0.241015 0.023395
v 0.002391 0.245107 0.029427
v 0.000677 0.243815 0.028700
v 0.004314 0.245093 0.030056
v 0.005886 0.243442 0.030528
v 0.005688 0.244454 0.027511
v 0.006958 0.243397 0.028636
v 0.003229 0.244571 0.026563
v 0.001243 0.243005 0.025857
v 0.001896 0.242454 0.031708
v 0.000388 0.241545 0.030840
v 0.003433 0.242811 0.032402
v 0.004990 0.241662 0.031936
v -0.000490 0.235060 0.016931
v -0.001023 0.231175 0.021259
v -0.001561 0.229717 0.025735
v -0.000969 0.237117 0.021403
v -0.001918 0.236752 0.025076
v -0.001908 0.235529 0.028241
v 0.001130 0.241320 0.025240
v -0.000369 0.242567 0.028727
v 0.000003 0.240176 0.030271
v 0.005929 0.237645 0.032022
v 0.003995 0.237368 0.032902
v 0.003833 0.240701 0.021428
v 0.007867 0.240842 0.022698
v 0.008134 0.238278 0.025415
v 0.002156 0.237235 0.033430
v 0.001540 0.238784 0.021509
v 0.006802 0.237799 0.029778
v 0.008956 0.240466 0.024148
v 0.000605 0.237033 0.032250
v -0.000667 0.236727 0.030833
v 0.000094 0.239166 0.023322
v -0.001131 0.239660 0.026903
v -0.000940 0.237852 0.029258
v 0.008706 0.219395 0.024242
v 0.009539 0.219519 0.021952
v 0.010551 0.219238 0.019888
v 0.006672 0.220537 0.027622
v 0.009786 0.228341 0.020780
v 0.007685 0.227995 0.027729
v 0.006796 0.235538 0.030298
v 0.008796 0.235741 0.023306
v 0.007313 0.241683 0.030804
v 0.007743 0.242091 0.029236
v 0.008087 0.241716 0.027519
v 0.006608 0.239992 0.031521
v 0.008479 0.239857 0.025365
v 0.006590 0.238108 0.030904
v 0.007676 0.228712 0.024251
v 0.008059 0.229004 0.022558
v 0.008599 0.228621 0.021459
v 0.006502 0.228867 0.026024
v 0.008415 0.221917 0.022313
v 0.007594 0.222103 0.023734
v 0.005555 0.235169 0.026695
v 0.006194 0.235509 0.025313
v 0.007449 0.233999 0.023527
v 0.006154 0.233605 0.027104
v 0.006628 0.238029 0.026662
v 0.006838 0.239639 0.027873
v 0.006165 0.237704 0.027882
v 0.006545 0.239330 0.028536
v 0.006048 0.236882 0.028334
v 0.007069 0.237353 0.025390
v 0.008997 0.223859 0.021181
v 0.006897 0.224324 0.025101
v 0.007016 0.239063 0.026747
v 0.006254 0.238511 0.028714
v 0.004648 0.231345 0.031909
v 0.002180 0.231501 0.032140
v 0.000852 0.236006 0.017432
v 0.003860 0.235700 0.016984
v 0.007224 0.231777 0.029012
v 0.008899 0.234308 0.018375
v 0.010142 0.233849 0.019780
v 0.000053 0.231620 0.031150
v -0.001771 0.231773 0.030015
v 0.006995 0.231702 0.030579
v 0.009284 0.232041 0.022042
v -0.000722 0.235221 0.019146
v -0.001464 0.233473 0.023156
v -0.001729 0.232596 0.026988
v 0.007156 0.230710 0.027553
v 0.009257 0.230908 0.021802
v 0.007095 0.232798 0.023954
v 0.006618 0.232445 0.025513
v 0.006330 0.231239 0.026564
v 0.008009 0.231310 0.022491
v 0.011173 0.224777 -0.001727
v 0.011320 0.224648 -0.003111
v 0.011397 0.224684 -0.002387
v 0.008769 0.229541 -0.001878
v 0.008652 0.229753 -0.000544
v 0.008218 0.230308 -0.001162
v 0.008721 0.229638 -0.001172
v 0.012448 0.221304 0.000170
v 0.011932 0.222391 0.000531
v 0.012278 0.221850 0.000337
v 0.013641 0.219956 0.008600
v 0.013007 0.221065 0.008590
v 0.013480 0.220571 0.008595
v 0.011888 0.220597 0.015483
v 0.012224 0.219411 0.015846
v 0.011994 0.219929 0.016309
v 0.012125 0.220638 0.015857
v 0.012215 0.220031 0.015746
v 0.012765 0.221821 0.004843
v 0.013370 0.220737 0.004668
v 0.013192 0.221334 0.004724
v 0.013210 0.219276 0.012789
v 0.012626 0.220415 0.012677
v 0.013087 0.219893 0.012812
v -0.002322 0.227024 0.029519
v -0.005403 0.227027 0.029108
v -0.005676 0.225951 0.029458
v -0.004174 0.225794 0.031642
v -0.002152 0.225949 0.029928
v -0.003863 0.225999 0.029310
v -0.003734 0.237559 0.013305
v 0.000199 0.237554 0.013898
v -0.001678 0.237557 0.013574
v -0.002049 0.227283 0.025567
v -0.004630 0.227285 0.025222
v -0.003323 0.226193 0.025261
v -0.001423 0.229017 0.021130
v -0.004068 0.229019 0.020777
v -0.002734 0.227868 0.020859
v -0.002815 0.233602 0.016607
v -0.001532 0.233601 0.016778
v -0.002182 0.232280 0.016748
v 0.004045 0.091800 -0.067147
v 0.006369 0.080991 -0.083883
v 0.003039 0.116739 -0.059826
v 0.003214 0.104132 -0.062468
v 0.004450 0.142283 -0.064265
v 0.003738 0.129708 -0.060771
v 0.004940 0.156252 -0.068149
v 0.005312 0.170936 -0.070845
v 0.005586 0.184824 -0.072635
v 0.005613 0.194745 -0.072633
v 0.005203 0.208941 -0.069425
v 0.005468 0.202563 -0.071458
v -0.002049 0.239015 -0.016410
v -0.000860 0.238419 -0.024087
v 0.000464 0.236875 -0.033975
v 0.004468 0.218589 -0.063861
v 0.004860 0.214197 -0.066829
v 0.001527 0.234260 -0.041873
v 0.002345 0.231519 -0.047889
v -0.002971 0.238443 -0.009910
v -0.002798 0.238694 -0.013014
v 0.004033 0.222347 -0.060578
v 0.003000 0.228670 -0.052800
v 0.003550 0.225650 -0.056938
v -0.004537 0.240172 0.003995
v -0.004288 0.239834 0.001186
v -0.003581 0.239081 -0.005450
v -0.003338 0.238749 -0.007693
v -0.003823 0.239314 -0.003054
v -0.004300 0.239879 0.009954
v -0.004677 0.240068 0.006511
v 0.011101 0.080759 -0.083731
v 0.013580 0.091793 -0.065876
v 0.015707 0.080983 -0.082637
v 0.012671 0.116732 -0.058541
v 0.013175 0.104124 -0.061139
v 0.012513 0.142277 -0.063189
v 0.012265 0.129702 -0.059634
v 0.013080 0.156246 -0.067063
v 0.013451 0.170929 -0.069759
v 0.013677 0.184817 -0.071556
v 0.013667 0.194738 -0.071559
v 0.013244 0.208935 -0.068353
v 0.013511 0.202556 -0.070385
v 0.006387 0.238994 -0.015145
v 0.007256 0.238412 -0.023004
v 0.008569 0.236868 -0.032894
v 0.012510 0.218583 -0.062788
v 0.012902 0.214191 -0.065756
v 0.009609 0.234253 -0.040795
v 0.010392 0.231512 -0.046815
v 0.005670 0.238442 -0.009070
v 0.006019 0.238677 -0.012093
v 0.012075 0.222340 -0.059506
v 0.011043 0.228663 -0.051727
v 0.011592 0.225643 -0.055865
v 0.003446 0.240166 0.005060
v 0.003941 0.239828 0.002283
v 0.004998 0.239074 -0.004306
v 0.005350 0.238742 -0.006534
v 0.004603 0.239307 -0.001930
v 0.001664 0.239872 0.010748
v 0.002921 0.240062 0.007525
v -0.004081 0.239295 0.014762
v -0.001862 0.239321 0.015050
v 0.000181 0.239287 0.015395
v 0.005933 0.088331 -0.090161
v 0.006205 0.082275 -0.090343
v 0.003067 0.117501 -0.071079
v 0.003290 0.107286 -0.073297
v 0.004353 0.139331 -0.075620
v 0.003664 0.127792 -0.071886
v 0.004897 0.153784 -0.080187
v 0.005404 0.169711 -0.083818
v 0.005747 0.184900 -0.085935
v 0.005882 0.196287 -0.086652
v 0.005308 0.214608 -0.082182
v 0.005707 0.206493 -0.085221
v -0.003495 0.248533 -0.018054
v -0.002066 0.247929 -0.026939
v -0.000891 0.246667 -0.035951
v 0.004199 0.226996 -0.073788
v 0.004770 0.221023 -0.078108
v 0.000483 0.245260 -0.046098
v 0.001381 0.242584 -0.052588
v -0.004967 0.248390 -0.010938
v -0.004618 0.248317 -0.013756
v 0.003663 0.231684 -0.069744
v 0.002268 0.239157 -0.059249
v 0.002981 0.235916 -0.064609
v -0.006741 0.248576 0.003861
v -0.006319 0.248742 0.000073
v -0.005460 0.248816 -0.006588
v -0.005326 0.248492 -0.008889
v -0.005798 0.248968 -0.003349
v -0.006220 0.248492 0.010879
v -0.006861 0.248734 0.007508
v 0.011932 0.088588 -0.089919
v 0.011951 0.082063 -0.090097
v 0.009428 0.117501 -0.070970
v 0.009705 0.107473 -0.073108
v 0.010053 0.139139 -0.075529
v 0.009546 0.127633 -0.071797
v 0.010679 0.153611 -0.080132
v 0.011176 0.169622 -0.083763
v 0.011470 0.184871 -0.085875
v 0.011574 0.196337 -0.086586
v 0.010986 0.214863 -0.082068
v 0.011389 0.206647 -0.085139
v 0.002400 0.249241 -0.017190
v 0.003573 0.248609 -0.026247
v 0.004791 0.247344 -0.035434
v 0.009864 0.227414 -0.073581
v 0.010442 0.221367 -0.077950
v 0.006146 0.245899 -0.045600
v 0.007018 0.243191 -0.052153
v 0.001962 0.249307 -0.013398
v 0.001476 0.249450 -0.010210
v 0.009321 0.232164 -0.069482
v 0.007912 0.239730 -0.058874
v 0.008632 0.236447 -0.064292
v -0.000602 0.249658 0.005005
v -0.000083 0.249835 0.001118
v 0.000854 0.249778 -0.005903
v 0.001111 0.249550 -0.007991
v 0.000417 0.249847 -0.002630
v -0.001556 0.249203 0.012159
v -0.001035 0.249518 0.008250
v 0.017785 0.088322 -0.088580
v 0.017561 0.082266 -0.088828
v 0.015595 0.117491 -0.069408
v 0.015945 0.107276 -0.071609
v 0.015578 0.139322 -0.074122
v 0.015246 0.127783 -0.070341
v 0.016273 0.153775 -0.078669
v 0.016761 0.169702 -0.082303
v 0.017009 0.184891 -0.084433
v 0.017085 0.196278 -0.085158
v 0.016495 0.214599 -0.080690
v 0.016894 0.206484 -0.083728
v 0.008285 0.248499 -0.016291
v 0.009196 0.247919 -0.025430
v 0.010410 0.246658 -0.034443
v 0.015385 0.226987 -0.072296
v 0.015957 0.221014 -0.076616
v 0.011741 0.245251 -0.044596
v 0.012571 0.242575 -0.051095
v 0.007914 0.248379 -0.009488
v 0.008099 0.248278 -0.012329
v 0.014850 0.231675 -0.068251
v 0.013456 0.239148 -0.057756
v 0.014168 0.235907 -0.063117
v 0.005621 0.248566 0.005510
v 0.006208 0.248732 0.001744
v 0.007125 0.248806 -0.004909
v 0.007561 0.248497 -0.007092
v 0.006602 0.248958 -0.001695
v 0.003304 0.248482 0.012133
v 0.004781 0.248725 0.009061
v -0.006177 0.248148 0.019434
v -0.002449 0.248270 0.019918
v 0.001033 0.248139 0.020420
v -0.034594 0.074196 -0.041200
v -0.036980 0.073931 -0.028731
v -0.035395 0.073672 -0.016135
v -0.029995 0.073443 -0.004644
v -0.019210 0.074640 -0.061006
v -0.028471 0.074440 -0.052321
v -0.007718 0.074775 -0.066405
v -0.011500 0.071133 0.014633
v -0.008877 0.072912 -0.070469
v -0.033449 0.071443 -0.002346
v -0.020736 0.073267 0.004691
v 0.015781 0.071169 0.015468
v 0.038948 0.071538 -0.000030
v 0.004881 0.074833 -0.067990
v -0.023788 0.071249 0.007878
v -0.021554 0.072763 -0.064514
v -0.041154 0.071982 -0.028913
v -0.009800 0.073161 0.010788
v 0.028733 0.071318 0.009550
v 0.018776 0.072949 -0.069585
v 0.017353 0.074808 -0.065604
v 0.041764 0.073773 -0.013667
v 0.035641 0.073529 -0.002545
v 0.026380 0.073330 0.006140
v 0.013982 0.073195 0.011418
v 0.042565 0.074297 -0.038732
v 0.044150 0.074038 -0.026136
v 0.037164 0.074526 -0.050222
v -0.031769 0.072543 -0.054934
v -0.039406 0.071696 -0.015019
v -0.038522 0.072274 -0.042667
v 0.002094 0.073137 0.013097
v 0.045702 0.071807 -0.012298
v 0.005019 0.072976 -0.072217
v 0.028477 0.074702 -0.059481
v 0.046586 0.072386 -0.039945
v 0.048334 0.072099 -0.026051
v 0.040629 0.072638 -0.052619
v 0.002107 0.071105 0.017245
v 0.031046 0.072832 -0.062832
v 0.049017 0.069103 -0.026105
v 0.046346 0.068807 -0.012144
v -0.024273 0.068240 0.008326
v -0.011810 0.068122 0.015182
v 0.041196 0.069650 -0.053074
v 0.047242 0.069394 -0.040209
v -0.009058 0.069928 -0.071194
v 0.005049 0.069993 -0.072967
v 0.031468 0.069847 -0.063441
v 0.039490 0.068533 0.000308
v -0.021925 0.069777 -0.065149
v -0.032295 0.069553 -0.055424
v -0.034000 0.068437 -0.002042
v 0.029121 0.068310 0.010033
v 0.016206 0.068159 0.016072
v -0.039150 0.069280 -0.042971
v -0.041822 0.068984 -0.029010
v -0.040047 0.068693 -0.014907
v 0.019013 0.069965 -0.070296
v 0.002140 0.068094 0.017851
v 0.048077 0.066105 -0.026211
v 0.045462 0.065815 -0.012541
v -0.023684 0.065260 0.007502
v -0.011489 0.065144 0.014214
v 0.040419 0.066640 -0.052617
v 0.046340 0.066389 -0.040020
v -0.008786 0.066913 -0.070359
v 0.005026 0.066976 -0.072096
v 0.030895 0.066833 -0.062768
v 0.038749 0.065547 -0.000348
v -0.021385 0.066764 -0.064440
v -0.031538 0.066546 -0.054918
v -0.033208 0.065453 -0.002649
v 0.028596 0.065328 0.009174
v 0.015997 0.065180 0.015093
v -0.038251 0.066278 -0.042725
v -0.040867 0.065988 -0.029055
v -0.039129 0.065703 -0.015246
v 0.018699 0.066949 -0.069480
v 0.002185 0.065116 0.016829
v 0.041973 0.062873 -0.026488
v 0.039717 0.062623 -0.014696
v -0.019925 0.062144 0.002592
v -0.009406 0.062044 0.008381
v 0.035368 0.063335 -0.049264
v 0.040475 0.063118 -0.038399
v -0.007075 0.063570 -0.064568
v 0.004839 0.063625 -0.066066
v 0.027152 0.063501 -0.058020
v 0.033927 0.062392 -0.004179
v -0.017942 0.063442 -0.059462
v -0.026700 0.063253 -0.051249
v -0.028141 0.062310 -0.006164
v 0.025169 0.062203 0.004034
v 0.014302 0.062075 0.009139
v -0.032490 0.063022 -0.040732
v -0.034746 0.062772 -0.028941
v -0.033248 0.062527 -0.017030
v 0.016633 0.063601 -0.063810
v 0.002388 0.062020 0.010637
v 0.040244 0.060764 -0.026596
v 0.038090 0.060525 -0.015338
v -0.018855 0.060069 0.001168
v -0.008812 0.059973 0.006696
v 0.033937 0.061205 -0.048343
v 0.038813 0.060999 -0.037969
v -0.006586 0.061430 -0.062954
v 0.004789 0.061482 -0.064385
v 0.026093 0.061364 -0.056703
v 0.032562 0.060305 -0.005297
v -0.016962 0.061308 -0.058080
v -0.025324 0.061128 -0.050238
v -0.026699 0.060227 -0.007192
v 0.024200 0.060125 0.002545
v 0.013824 0.060003 0.007420
v -0.030852 0.060907 -0.040197
v -0.033006 0.060668 -0.028939
v -0.031575 0.060434 -0.017566
v 0.016049 0.061460 -0.062231
v 0.002449 0.059951 0.008850
v 0.042077 0.056712 -0.026622
v 0.039816 0.056461 -0.014803
v -0.019967 0.055982 0.002525
v -0.009423 0.055881 0.008328
v 0.035456 0.057175 -0.049453
v 0.040575 0.056958 -0.038562
v -0.007087 0.057411 -0.064792
v 0.004855 0.057466 -0.066294
v 0.027221 0.057342 -0.058229
v 0.034012 0.056230 -0.004262
v -0.017980 0.057282 -0.059675
v -0.026758 0.057093 -0.051442
v -0.028202 0.056148 -0.006251
v 0.025234 0.056041 0.003971
v 0.014340 0.055913 0.009088
v -0.032562 0.056862 -0.040900
v -0.034823 0.056611 -0.029082
v -0.033321 0.056365 -0.017142
v 0.016677 0.057442 -0.064032
v 0.002399 0.055858 0.010590
v 0.044815 0.053960 -0.026592
v 0.042392 0.053691 -0.013934
v -0.021638 0.053177 0.004626
v -0.010345 0.053070 0.010842
v 0.037723 0.054456 -0.051045
v 0.043206 0.054223 -0.039380
v -0.007842 0.054708 -0.067474
v 0.004948 0.054767 -0.069083
v 0.028903 0.054634 -0.060445
v 0.036176 0.053444 -0.002643
v -0.019510 0.054571 -0.061993
v -0.028911 0.054368 -0.053176
v -0.030458 0.053356 -0.004774
v 0.026774 0.053241 0.006175
v 0.015107 0.053104 0.011656
v -0.035128 0.054121 -0.041885
v -0.037550 0.053852 -0.029226
v -0.035941 0.053588 -0.016439
v 0.017610 0.054742 -0.066661
v 0.002317 0.053045 0.013264
v 0.052144 0.047976 -0.026483
v 0.049291 0.047660 -0.011575
v -0.026116 0.047055 0.010282
v -0.012816 0.046928 0.017602
v 0.043792 0.048560 -0.055281
v 0.050249 0.048287 -0.041543
v -0.009869 0.048857 -0.074629
v 0.005194 0.048927 -0.076523
v 0.033405 0.048771 -0.066351
v 0.041970 0.047368 0.001722
v -0.023610 0.048696 -0.068174
v -0.034682 0.048457 -0.057790
v -0.036503 0.047265 -0.000788
v 0.030898 0.047130 0.012106
v 0.017158 0.046968 0.018561
v -0.042003 0.048165 -0.044493
v -0.044855 0.047849 -0.029585
v -0.042960 0.047539 -0.014526
v 0.020105 0.048897 -0.073671
v 0.002095 0.046899 0.020455
v 0.059869 0.040045 -0.026402
v 0.056563 0.039678 -0.009124
v -0.030832 0.038977 0.016208
v -0.015417 0.038831 0.024691
v 0.050190 0.040722 -0.059778
v 0.057673 0.040405 -0.043856
v -0.012002 0.041067 -0.082202
v 0.005456 0.041147 -0.084397
v 0.038152 0.040966 -0.072608
v 0.048079 0.039340 0.006286
v -0.027926 0.040879 -0.074721
v -0.040759 0.040603 -0.062686
v -0.042870 0.039221 0.003378
v 0.035246 0.039064 0.018321
v 0.019322 0.038877 0.025802
v -0.049244 0.040264 -0.047275
v -0.052550 0.039898 -0.029997
v -0.050353 0.039538 -0.012544
v 0.022737 0.041112 -0.081091
v 0.001864 0.038796 0.027997
v 0.061936 0.033247 -0.026478
v 0.058509 0.032867 -0.008570
v -0.032078 0.032140 0.017688
v -0.016101 0.031989 0.026481
v 0.051903 0.033949 -0.061073
v 0.059659 0.033620 -0.044570
v -0.012560 0.034306 -0.084316
v 0.005535 0.034389 -0.086591
v 0.039425 0.034202 -0.074371
v 0.049715 0.032517 0.007404
v -0.029066 0.034112 -0.076562
v -0.042368 0.033825 -0.064087
v -0.044556 0.032393 0.004389
v 0.036413 0.032230 0.019878
v 0.019907 0.032036 0.027633
v -0.051162 0.033475 -0.048114
v -0.054589 0.033094 -0.030205
v -0.052312 0.032722 -0.012114
v 0.023448 0.034353 -0.083165
v 0.001812 0.031953 0.029908
v 0.060681 0.027899 -0.026630
v 0.057329 0.027527 -0.009110
v -0.031291 0.026816 0.016577
v -0.015661 0.026668 0.025179
v 0.050866 0.028585 -0.060473
v 0.058454 0.028264 -0.044329
v -0.012197 0.028935 -0.083212
v 0.005505 0.029016 -0.085438
v 0.038659 0.028832 -0.073484
v 0.048726 0.027184 0.006516
v -0.028345 0.028744 -0.075626
v -0.041358 0.028464 -0.063423
v -0.043498 0.027063 0.003567
v 0.035713 0.026904 0.018720
v 0.019565 0.026714 0.026306
v -0.049961 0.028121 -0.047796
v -0.053313 0.027749 -0.030276
v -0.051086 0.027385 -0.012577
v 0.023029 0.028981 -0.082086
v 0.001863 0.026633 0.028532
v 0.056632 0.023494 -0.026850
v 0.053519 0.023149 -0.010578
v -0.028793 0.022489 0.013281
v -0.014275 0.022351 0.021271
v 0.047516 0.024132 -0.058284
v 0.054564 0.023833 -0.043289
v -0.011058 0.024456 -0.079404
v 0.005384 0.024532 -0.081472
v 0.036178 0.024361 -0.070368
v 0.045528 0.022831 0.003937
v -0.026056 0.024280 -0.072358
v -0.038143 0.024019 -0.061024
v -0.040131 0.022718 0.001197
v 0.033441 0.022570 0.015272
v 0.018443 0.022394 0.022317
v -0.046133 0.023701 -0.046509
v -0.049247 0.023355 -0.030236
v -0.047179 0.023017 -0.013798
v 0.021660 0.024499 -0.078358
v 0.002001 0.022318 0.024385
v 0.002124 0.018468 0.020684
v 0.020436 0.020500 -0.075020
v -0.043687 0.019119 -0.014883
v -0.045613 0.019434 -0.030196
v -0.042713 0.019756 -0.045354
v 0.017440 0.018538 0.018758
v 0.031410 0.018703 0.012195
v -0.037122 0.018841 -0.000915
v -0.035270 0.020053 -0.058874
v -0.024012 0.020295 -0.069432
v 0.042668 0.018945 0.001636
v 0.033959 0.020371 -0.067578
v 0.005275 0.020530 -0.077921
v -0.010041 0.020460 -0.075995
v 0.051086 0.019879 -0.042354
v 0.044520 0.020158 -0.056322
v -0.013037 0.018498 0.017783
v -0.026560 0.018627 0.010341
v 0.050112 0.019242 -0.011884
v 0.053012 0.019564 -0.027042
v 0.052610 0.020163 -0.027039
v 0.049733 0.019844 -0.012004
v -0.026316 0.019233 0.010039
v -0.012903 0.019106 0.017421
v 0.044187 0.020752 -0.056082
v 0.050699 0.020476 -0.042227
v -0.009931 0.021051 -0.075595
v 0.005260 0.021121 -0.077505
v 0.033712 0.020964 -0.067246
v 0.042350 0.019549 0.001406
v -0.023788 0.020888 -0.069085
v -0.034954 0.020648 -0.058613
v -0.036791 0.019445 -0.001125
v 0.031184 0.019309 0.011878
v 0.017327 0.019146 0.018388
v -0.042337 0.020353 -0.045203
v -0.045214 0.020034 -0.030168
v -0.043303 0.019721 -0.014980
v 0.020299 0.021091 -0.074628
v 0.002135 0.019076 0.020298
v 0.020140 0.016132 0.027945
v 0.001826 0.016047 0.030247
v -0.051789 0.017588 -0.048718
v -0.055257 0.017203 -0.030592
v 0.052522 0.018068 -0.061833
v 0.039893 0.018323 -0.075293
v -0.012721 0.018429 -0.085358
v 0.005593 0.018513 -0.087660
v 0.059208 0.016973 -0.008695
v 0.050307 0.016618 0.007471
v -0.029426 0.018232 -0.077510
v -0.042888 0.017942 -0.064884
v 0.036845 0.016328 0.020096
v -0.016304 0.016084 0.026779
v 0.062676 0.017358 -0.026821
v -0.045103 0.016493 0.004420
v -0.032474 0.016237 0.017880
v 0.023723 0.018477 -0.084192
v 0.060372 0.017735 -0.045131
v -0.052953 0.016826 -0.012282
v 0.020637 0.013888 0.029818
v 0.001751 0.013802 0.032193
v -0.053537 0.015390 -0.049237
v -0.057114 0.014993 -0.030546
v 0.054030 0.015885 -0.062762
v 0.041007 0.016149 -0.076642
v -0.013249 0.016258 -0.087021
v 0.005636 0.016345 -0.089396
v 0.060925 0.014756 -0.007966
v 0.051746 0.014390 0.008706
v -0.030477 0.016055 -0.078928
v -0.044359 0.015756 -0.065909
v 0.037864 0.014091 0.021725
v -0.016944 0.013839 0.028616
v 0.064501 0.015153 -0.026657
v -0.046642 0.014261 0.005559
v -0.033620 0.013997 0.019439
v 0.024332 0.016307 -0.085819
v 0.062125 0.015542 -0.045538
v -0.054738 0.014604 -0.011664
v 0.020645 0.010778 0.029740
v 0.001759 0.010691 0.032114
v -0.053529 0.012279 -0.049316
v -0.057106 0.011883 -0.030624
v 0.054037 0.012775 -0.062840
v 0.041015 0.013038 -0.076720
v -0.013241 0.013147 -0.087099
v 0.005644 0.013234 -0.089474
v 0.060932 0.011646 -0.008044
v 0.051754 0.011280 0.008627
v -0.030469 0.012944 -0.079006
v -0.044351 0.012645 -0.065987
v 0.037872 0.010981 0.021647
v -0.016936 0.010729 0.028538
v 0.064509 0.012042 -0.026735
v -0.046634 0.011151 0.005481
v -0.033612 0.010887 0.019361
v 0.024340 0.013196 -0.085898
v 0.062133 0.012431 -0.045617
v -0.054730 0.011494 -0.011743
v 0.018999 0.006617 0.023920
v 0.001960 0.006539 0.026062
v -0.047922 0.007972 -0.047405
v -0.051149 0.007614 -0.030542
v 0.049126 0.008418 -0.059608
v 0.037377 0.008656 -0.072130
v -0.011574 0.008754 -0.081495
v 0.005465 0.008833 -0.083637
v 0.055347 0.007400 -0.010169
v 0.047066 0.007070 0.004872
v -0.027116 0.008571 -0.074193
v -0.039641 0.008302 -0.062447
v 0.034541 0.006800 0.016618
v -0.014907 0.006572 0.022835
v 0.058574 0.007758 -0.027033
v -0.041702 0.006953 0.002033
v -0.029952 0.006715 0.014556
v 0.022332 0.008799 -0.080410
v 0.056430 0.008109 -0.044068
v -0.049005 0.007263 -0.013507
v 0.018370 0.003373 0.021641
v 0.002041 0.003298 0.023694
v -0.045763 0.004671 -0.046713
v -0.048855 0.004328 -0.030552
v 0.047243 0.005099 -0.058407
v 0.035983 0.005327 -0.070407
v -0.010929 0.005421 -0.079381
v 0.005400 0.005496 -0.081435
v 0.053204 0.004123 -0.011028
v 0.045268 0.003807 0.003387
v -0.025824 0.005246 -0.072384
v -0.037827 0.004987 -0.061127
v 0.033265 0.003548 0.014644
v -0.014123 0.003330 0.020602
v 0.056297 0.004466 -0.027189
v -0.039801 0.003695 0.000666
v -0.028541 0.003467 0.012667
v 0.021565 0.005464 -0.078342
v 0.054242 0.004802 -0.043514
v -0.046801 0.003992 -0.014226
v 0.016535 -0.001987 0.015126
v 0.002267 -0.002052 0.016920
v -0.039501 -0.000852 -0.044598
v -0.042203 -0.001152 -0.030477
v 0.041762 -0.000478 -0.054816
v 0.031924 -0.000279 -0.065301
v -0.009065 -0.000197 -0.073143
v 0.005202 -0.000131 -0.074936
v 0.046971 -0.001331 -0.013419
v 0.040037 -0.001607 -0.000824
v -0.022079 -0.000350 -0.067028
v -0.032567 -0.000576 -0.057193
v 0.029549 -0.001833 0.009012
v -0.011856 -0.002024 0.014218
v 0.049673 -0.001031 -0.027539
v -0.034292 -0.001705 -0.003201
v -0.024454 -0.001904 0.007285
v 0.019326 -0.000159 -0.072235
v 0.047878 -0.000737 -0.041804
v -0.040408 -0.001446 -0.016213
v -0.027211 -0.001608 -0.007184
v -0.010916 -0.001712 -0.000647
v 0.006881 -0.001748 0.002758
v 0.024438 -0.001712 0.002697
v -0.026686 -0.001233 -0.025106
v -0.008157 -0.001297 -0.020297
v 0.011571 -0.001337 -0.016523
v 0.030567 -0.001348 -0.014153
v -0.023097 -0.000835 -0.043864
v -0.004101 -0.000847 -0.041493
v 0.015627 -0.000887 -0.037719
v 0.034156 -0.000950 -0.032911
v -0.016968 -0.000472 -0.060714
v 0.000589 -0.000436 -0.060775
v 0.018386 -0.000471 -0.057370
v 0.034681 -0.000575 -0.050833
v 0.018375 0.001505 0.021594
v 0.018373 0.002195 0.021611
v 0.002044 0.002119 0.023664
v 0.002046 0.001430 0.023647
v -0.045760 0.003493 -0.046742
v -0.045758 0.002803 -0.046760
v -0.048850 0.002460 -0.030599
v -0.048852 0.003150 -0.030581
v 0.047246 0.003921 -0.058436
v 0.047248 0.003232 -0.058454
v 0.035988 0.003459 -0.070454
v 0.035986 0.004149 -0.070437
v -0.010924 0.003554 -0.079428
v -0.010926 0.004243 -0.079411
v 0.005403 0.004318 -0.081464
v 0.005405 0.003629 -0.081482
v 0.053209 0.002255 -0.011075
v 0.053207 0.002945 -0.011058
v 0.045271 0.002628 0.003357
v 0.045273 0.001939 0.003340
v -0.025821 0.004068 -0.072414
v -0.025819 0.003378 -0.072431
v -0.037822 0.003120 -0.061174
v -0.037824 0.003809 -0.061157
v 0.033268 0.002370 0.014614
v 0.033270 0.001681 0.014596
v -0.014120 0.002152 0.020572
v -0.014119 0.001463 0.020555
v 0.056301 0.002598 -0.027236
v 0.056300 0.003288 -0.027218
v -0.039798 0.002517 0.000636
v -0.039796 0.001827 0.000619
v -0.028536 0.001599 0.012620
v -0.028538 0.002289 0.012637
v 0.021570 0.003596 -0.078389
v 0.021568 0.004286 -0.078372
v 0.054245 0.003624 -0.043544
v 0.054247 0.002935 -0.043561
v -0.046796 0.002124 -0.014273
v -0.046798 0.002813 -0.014256
v 0.018095 0.001833 0.020638
v 0.018095 0.001906 0.020640
v 0.018062 0.001872 0.020527
v 0.002077 0.001832 0.022654
v 0.002077 0.001759 0.022652
v 0.002081 0.001798 0.022536
v -0.044815 0.003180 -0.046410
v -0.044815 0.003106 -0.046411
v -0.044705 0.003142 -0.046371
v -0.047848 0.002770 -0.030559
v -0.047848 0.002843 -0.030557
v -0.047731 0.002806 -0.030554
v 0.046416 0.003599 -0.057880
v 0.046416 0.003526 -0.057882
v 0.046320 0.003561 -0.057816
v 0.035371 0.003750 -0.069654
v 0.035371 0.003823 -0.069652
v 0.035300 0.003784 -0.069561
v -0.010645 0.003842 -0.078457
v -0.010645 0.003916 -0.078455
v -0.010613 0.003876 -0.078344
v 0.005372 0.003989 -0.080469
v 0.005372 0.003916 -0.080471
v 0.005369 0.003950 -0.080354
v 0.052264 0.002569 -0.011407
v 0.052264 0.002642 -0.011406
v 0.052154 0.002606 -0.011446
v 0.044479 0.002332 0.002734
v 0.044480 0.002258 0.002732
v 0.044387 0.002296 0.002661
v -0.025256 0.003743 -0.071591
v -0.025256 0.003670 -0.071593
v -0.025190 0.003705 -0.071496
v -0.037030 0.003416 -0.060551
v -0.037030 0.003490 -0.060549
v -0.036938 0.003452 -0.060478
v 0.032705 0.002078 0.013776
v 0.032706 0.002005 0.013774
v 0.032640 0.002043 0.013679
v -0.013779 0.001864 0.019621
v -0.013779 0.001791 0.019619
v -0.013739 0.001830 0.019510
v 0.055298 0.002905 -0.027260
v 0.055297 0.002979 -0.027258
v 0.055181 0.002942 -0.027263
v -0.038967 0.002222 0.000065
v -0.038967 0.002149 0.000063
v -0.038870 0.002187 -0.000001
v -0.027922 0.001925 0.011835
v -0.027922 0.001999 0.011837
v -0.027850 0.001964 0.011744
v 0.021229 0.003884 -0.077438
v 0.021228 0.003957 -0.077436
v 0.021189 0.003918 -0.077327
v 0.053282 0.003308 -0.043272
v 0.053283 0.003235 -0.043274
v 0.053170 0.003271 -0.043241
v -0.045833 0.002440 -0.014545
v -0.045833 0.002513 -0.014543
v -0.045721 0.002477 -0.014576
v 0.017684 -0.002067 0.019088
v 0.018378 0.000367 0.021565
v 0.018384 -0.002116 0.021503
v 0.002049 0.000292 0.023618
v 0.002136 -0.002138 0.021043
v 0.002055 -0.002191 0.023556
v -0.045755 0.001666 -0.046788
v -0.043383 -0.000831 -0.045998
v -0.045749 -0.000818 -0.046851
v -0.046327 -0.001157 -0.030609
v -0.048847 0.001323 -0.030627
v -0.048841 -0.001161 -0.030690
v 0.047250 0.002094 -0.058482
v 0.045176 -0.000423 -0.057133
v 0.047257 -0.000390 -0.058545
v 0.034454 -0.000206 -0.068560
v 0.035991 0.002322 -0.070483
v 0.035997 -0.000162 -0.070546
v -0.010214 -0.000116 -0.077105
v -0.010921 0.002416 -0.079457
v -0.010915 -0.000067 -0.079520
v 0.005408 0.002491 -0.081510
v 0.005334 -0.000045 -0.079060
v 0.005414 0.000008 -0.081573
v 0.050853 -0.001353 -0.012019
v 0.053212 0.001118 -0.011104
v 0.053218 -0.001366 -0.011166
v 0.045276 0.000801 0.003311
v 0.043296 -0.001654 0.001706
v 0.045282 -0.001682 0.003248
v -0.025816 0.002240 -0.072460
v -0.024397 -0.000283 -0.070442
v -0.025810 -0.000243 -0.072522
v -0.035826 -0.000530 -0.059723
v -0.037819 0.001982 -0.061203
v -0.037813 -0.000501 -0.061265
v 0.033273 0.000543 0.014568
v 0.031867 -0.001900 0.012425
v 0.033279 -0.001940 0.014505
v -0.014116 0.000325 0.020526
v -0.013256 -0.002108 0.018098
v -0.014109 -0.002159 0.020464
v 0.053797 -0.001026 -0.027407
v 0.056304 0.001461 -0.027264
v 0.056311 -0.001023 -0.027327
v -0.039793 0.000690 0.000590
v -0.037706 -0.001760 -0.000884
v -0.039787 -0.001794 0.000528
v -0.026985 -0.001977 0.010543
v -0.028533 0.000462 0.012591
v -0.028527 -0.002022 0.012529
v 0.020726 -0.000076 -0.076115
v 0.021573 0.002458 -0.078418
v 0.021579 -0.000025 -0.078480
v 0.054250 0.001797 -0.043590
v 0.051841 -0.000706 -0.042952
v 0.054256 -0.000686 -0.043653
v -0.044371 -0.001478 -0.015064
v -0.046793 0.000986 -0.014302
v -0.046787 -0.001497 -0.014364
v -0.013089 0.073500 0.005107
v -0.022816 0.074631 -0.014030
v 0.011179 0.074560 -0.061201
v 0.021062 0.074450 -0.001159
v -0.015511 0.073906 -0.044612
v 0.027311 0.073699 -0.030651
v -0.004108 0.073082 0.008695
v -0.009500 0.074419 -0.054183
v 0.023728 0.074785 -0.053123
v 0.017102 0.074766 -0.058067
v -0.018781 0.073578 -0.036352
v -0.003540 0.074913 -0.061858
v 0.026369 0.073361 -0.021655
v 0.004696 0.074832 -0.062402
v 0.013419 0.075058 0.009732
v 0.005669 0.073429 0.010290
v 0.025872 0.074244 -0.042448
v 0.024130 0.073033 -0.013257
v -0.020754 0.073241 -0.027493
v -0.020336 0.075192 0.000131
v 0.044605 0.076320 -0.014051
v -0.039504 0.076387 -0.025272
v -0.005032 0.077266 -0.067385
v -0.023416 0.078681 0.016239
v -0.021194 0.076395 -0.059720
v -0.030830 0.078012 0.002492
v 0.022378 0.077244 -0.063728
v -0.034112 0.076275 -0.044118
v -0.037679 0.076763 -0.015284
v 0.003629 0.077538 -0.067131
v -0.029704 0.076488 -0.050913
v -0.038281 0.076067 -0.035817
v -0.012330 0.078673 0.017718
v -0.002668 0.078093 0.019466
v 0.018201 0.078648 0.021791
v 0.035965 0.076350 -0.052095
v 0.028958 0.077964 0.010468
v 0.044341 0.076212 -0.033652
v 0.040226 0.076700 -0.004891
v 0.006142 0.082047 -0.082248
v 0.013954 0.077529 -0.065754
v 0.041868 0.076431 -0.041365
v 0.046188 0.075999 -0.024549
v 0.007115 0.078657 0.020312
v 0.015500 0.082039 -0.081000
v 0.006178 0.082866 -0.090325
v 0.011949 0.082700 -0.090079
v 0.017583 0.082857 -0.088804
vn -0.2023 0.6110 -0.7653
vn -0.4076 0.7199 -0.5618
vn -0.5974 0.5042 -0.6236
vn -0.3477 0.4793 -0.8058
vn -0.6747 0.7091 -0.2049
vn -0.8997 -0.3296 -0.2862
vn -0.9412 -0.3375 0.0159
vn -0.7377 0.6751 0.0041
vn -0.7934 0.5809 0.1819
vn -0.8433 0.4205 0.3346
vn -0.9216 0.2691 0.2798
vn -0.8565 0.5129 0.0579
vn -0.9769 0.1015 0.1880
vn -0.7683 -0.1173 0.6293
vn -0.7905 0.0881 0.6061
vn -0.9738 0.1903 0.1244
vn -0.6347 -0.2453 0.7328
vn -0.8024 -0.4451 0.3974
vn -0.6316 -0.5280 0.5678
vn -0.5968 -0.1757 0.7830
vn -0.7619 0.6446 -0.0632
vn -0.7236 0.4279 0.5416
vn -0.8933 0.4402 0.0911
vn -0.6045 0.6962 0.3871
vn -0.6061 0.7801 0.1553
vn -0.6710 0.7240 0.1600
vn -0.8898 0.4447 -0.1027
vn -0.9475 0.2459 -0.2044
vn -0.9454 0.3006 -0.1262
vn -0.7860 0.4731 0.3979
vn -0.9183 0.3702 -0.1402
vn -0.9252 0.2363 -0.2969
vn -0.8814 0.4113 -0.2322
vn -0.9568 0.1473 -0.2506
vn -0.9712 0.1089 -0.2121
vn -0.9584 0.0501 -0.2810
vn -0.9190 0.0887 -0.3842
vn -0.8369 0.3254 -0.4401
vn -0.9395 0.1547 -0.3057
vn -0.8766 0.1224 -0.4654
vn -0.7803 0.2264 -0.5830
vn -0.5687 0.1023 -0.8162
vn -0.5250 0.2286 -0.8198
vn -0.7275 -0.1151 -0.6763
vn -0.6470 -0.0470 -0.7610
vn -0.5939 0.6341 -0.4951
vn -0.6939 0.6854 -0.2209
vn -0.8494 0.4392 -0.2927
vn -0.8379 0.4136 -0.3563
vn -0.6392 0.6802 -0.3590
vn -0.9278 0.2147 -0.3052
vn -0.9481 0.2649 -0.1759
vn -0.9590 0.1868 -0.2132
vn -0.9352 0.1907 -0.2984
vn -0.9661 0.2507 0.0607
vn -0.9822 0.1518 -0.1109
vn -0.5106 0.7465 -0.4266
vn -0.7470 -0.2929 -0.5968
vn -0.8197 -0.3255 -0.4713
vn -0.5986 0.7254 -0.3399
vn -0.7444 0.1644 0.6472
vn -0.9536 0.1715 0.2476
vn -0.9755 0.0080 -0.2197
vn -0.7963 -0.0948 -0.5974
vn -0.9938 0.1111 -0.0093
vn -0.9850 0.0499 -0.1655
vn 0.3689 -0.0525 0.9280
vn -0.9484 0.0226 0.3164
vn -0.9764 -0.0163 -0.2153
vn -0.8218 -0.0716 -0.5653
vn -0.9972 0.0132 0.0733
vn -0.9914 -0.0057 -0.1309
vn -0.5722 -0.3205 -0.7549
vn -0.9473 -0.1583 0.2783
vn 0.6730 -0.2389 0.7000
vn 0.4469 -0.8552 -0.2625
vn -0.6226 -0.5803 -0.5250
vn -0.9742 -0.0298 -0.2238
vn -0.7864 -0.0521 -0.6155
vn -0.9973 -0.0728 0.0030
vn -0.7157 -0.4418 -0.5410
vn -0.7259 -0.4282 -0.5382
vn -0.9894 -0.1220 -0.0793
vn -0.9922 -0.0225 -0.1228
vn -0.9948 -0.0612 0.0814
vn -0.9845 -0.0848 -0.1537
vn -0.7179 -0.3390 -0.6081
vn -0.7938 -0.1746 -0.5825
vn -0.9798 -0.0552 -0.1921
vn -0.9910 -0.0416 -0.1274
vn -0.7322 0.0184 -0.6808
vn -0.9713 -0.0329 -0.2354
vn -0.9679 -0.0093 -0.2513
vn -0.7062 0.1207 -0.6977
vn -0.9895 -0.0458 -0.1372
vn -0.9705 0.1400 -0.1962
vn -0.8462 0.2875 -0.4487
vn -0.8376 0.3028 -0.4548
vn -0.9675 0.1492 -0.2043
vn -0.7494 0.4758 -0.4605
vn -0.9383 0.2760 -0.2083
vn -0.7009 0.2200 -0.6785
vn -0.9640 0.0267 -0.2646
vn -0.9592 0.0592 -0.2763
vn -0.6976 0.3043 -0.6486
vn -0.9886 -0.0269 -0.1481
vn -0.9875 -0.0200 -0.1562
vn -0.4220 0.8410 -0.3385
vn -0.7414 0.6494 -0.1695
vn -0.7459 0.6214 -0.2397
vn -0.9303 0.3079 -0.1992
vn -0.9786 -0.0106 -0.2057
vn -0.9869 -0.0009 -0.1612
vn -0.9736 0.1453 -0.1760
vn -0.6782 0.5726 -0.4606
vn -0.9342 0.2589 -0.2456
vn -0.9277 0.2840 -0.2424
vn -0.6819 0.6066 -0.4087
vn -0.9760 0.1388 -0.1677
vn -0.9213 0.3270 -0.2103
vn -0.7032 0.6333 -0.3232
vn -0.5400 0.5771 -0.6126
vn -0.6675 0.4331 -0.6057
vn -0.9352 0.2601 -0.2404
vn -0.8902 0.3261 -0.3182
vn -0.2662 0.8588 -0.4378
vn -0.7135 0.6702 -0.2044
vn -0.2711 -0.3785 -0.8850
vn -0.1375 -0.4636 -0.8753
vn -0.6144 -0.4649 -0.6375
vn -0.7159 -0.2834 -0.6382
vn -0.5124 -0.0022 -0.8587
vn -0.4109 -0.2501 -0.8767
vn -0.7426 -0.1353 -0.6559
vn -0.7876 0.0472 -0.6144
vn 0.0966 -0.5330 -0.8406
vn -0.0454 -0.7140 -0.6987
vn -0.1861 -0.6563 -0.7312
vn -0.4619 -0.6781 -0.5717
vn -0.0231 -0.4966 -0.8677
vn 0.0597 -0.5296 -0.8461
vn -0.5088 -0.5864 -0.6303
vn -0.5680 -0.5224 -0.6360
vn -0.7724 0.6288 0.0900
vn -0.9941 0.0876 -0.0647
vn -0.9718 0.1467 -0.1848
vn -0.7706 0.6349 -0.0554
vn -0.7105 -0.4307 -0.5565
vn -0.1933 -0.6652 -0.7212
vn -0.1850 -0.5386 -0.8220
vn -0.7082 -0.3273 -0.6256
vn -0.7570 -0.5967 0.2664
vn -0.7819 -0.4315 0.4499
vn -0.8422 -0.2977 0.4495
vn -0.7938 -0.5730 0.2040
vn -0.8391 -0.3136 -0.4445
vn -0.8419 -0.2919 -0.4539
vn -0.8508 -0.2963 -0.4340
vn -0.8651 -0.2767 -0.4185
vn -0.9975 0.0609 -0.0348
vn -0.7332 0.6384 -0.2343
vn -0.9184 0.2358 -0.3178
vn -0.8835 0.3070 -0.3537
vn -0.7239 0.6137 -0.3151
vn -0.8167 0.3238 -0.4777
vn -0.8540 0.3251 -0.4063
vn -0.9179 0.1769 -0.3553
vn -0.8699 0.2841 -0.4032
vn -0.9717 0.1135 -0.2073
vn -0.9548 -0.2164 -0.2037
vn -0.9477 -0.2042 -0.2454
vn -0.9731 0.0206 -0.2293
vn -0.8424 -0.2631 -0.4703
vn -0.8426 -0.2365 -0.4838
vn -0.8571 -0.2482 -0.4515
vn -0.8582 -0.2671 -0.4383
vn -0.8443 -0.1804 -0.5046
vn -0.8421 -0.1219 -0.5254
vn -0.8449 -0.1493 -0.5138
vn -0.8323 -0.1898 -0.5208
vn -0.8413 -0.2291 -0.4896
vn -0.8339 -0.2432 -0.4955
vn -0.8353 -0.2551 -0.4870
vn -0.8511 -0.2399 -0.4669
vn -0.7060 -0.6678 -0.2356
vn -0.7830 -0.6207 -0.0402
vn -0.6777 -0.7353 0.0054
vn -0.6248 -0.7304 -0.2758
vn -0.7186 -0.3132 -0.6209
vn -0.2153 -0.4342 -0.8747
vn -0.2227 -0.4159 -0.8817
vn -0.7299 -0.2575 -0.6332
vn -0.8628 -0.2262 -0.4521
vn -0.9021 -0.3001 -0.3100
vn -0.7184 -0.2685 -0.6417
vn -0.7078 -0.2496 -0.6609
vn -0.6855 0.2252 -0.6924
vn -0.2296 0.4119 -0.8818
vn -0.2450 0.6092 -0.7542
vn -0.6925 0.3663 -0.6215
vn -0.6955 0.4359 -0.5712
vn -0.2512 0.5846 -0.7714
vn -0.2890 0.2192 -0.9319
vn -0.8323 -0.1436 -0.5353
vn -0.3811 -0.0084 -0.9245
vn -0.7639 -0.5177 -0.3853
vn -0.9521 0.2593 -0.1622
vn -0.9608 0.1283 -0.2459
vn -0.9623 0.1641 -0.2171
vn -0.9242 0.3314 -0.1895
vn -0.5658 0.2026 -0.7992
vn -0.8230 0.2256 -0.5212
vn -0.9536 0.0968 -0.2850
vn -0.6917 0.3797 -0.6144
vn -0.9775 0.0443 -0.2060
vn -0.9862 0.0448 -0.1591
vn -0.8075 -0.0111 -0.5898
vn -0.6750 -0.5452 -0.4971
vn -0.6988 -0.6069 -0.3787
vn -0.5615 -0.7000 -0.4413
vn -0.4943 -0.6582 -0.5679
vn -0.5554 -0.5190 -0.6497
vn -0.6431 -0.5137 -0.5680
vn -0.4354 -0.6301 -0.6429
vn -0.5171 -0.5383 -0.6654
vn -0.6476 -0.4717 -0.5984
vn -0.5546 -0.5109 -0.6569
vn -0.5797 -0.4547 -0.6761
vn -0.6560 -0.3895 -0.6465
vn -0.8005 -0.3616 -0.4780
vn -0.7455 -0.4158 -0.5208
vn -0.7213 -0.3581 -0.5928
vn -0.7662 -0.3372 -0.5469
vn -0.8777 -0.2287 -0.4212
vn -0.8776 -0.2668 -0.3983
vn -0.8541 -0.2807 -0.4379
vn -0.8474 -0.2467 -0.4701
vn -0.9618 -0.0173 -0.2732
vn -0.9743 -0.1412 -0.1757
vn -0.8362 -0.1975 -0.5116
vn -0.8509 -0.1789 -0.4939
vn -0.8660 -0.1998 -0.4583
vn -0.8399 -0.2196 -0.4964
vn -0.9203 -0.3088 -0.2401
vn -0.9566 -0.1925 -0.2186
vn -0.8173 -0.3843 -0.4294
vn -0.7968 -0.4457 -0.4080
vn -0.9714 -0.0361 -0.2345
vn -0.9342 -0.1955 -0.2984
vn -0.9173 -0.1933 -0.3481
vn -0.9713 -0.0366 -0.2350
vn -0.9703 -0.0755 -0.2297
vn -0.8704 -0.2642 -0.4155
vn -0.8793 -0.3460 -0.3272
vn -0.8929 -0.3502 -0.2829
vn -0.8127 -0.4170 -0.4070
vn -0.8313 -0.3673 -0.4172
vn -0.9001 -0.4031 -0.1650
vn -0.8781 -0.4598 -0.1322
vn -0.9037 -0.4279 0.0135
vn -0.9271 -0.3693 0.0644
vn -0.1697 -0.4095 -0.8964
vn -0.7094 -0.2646 -0.6533
vn -0.9354 -0.2532 -0.2468
vn -0.8968 -0.3979 -0.1937
vn -0.8948 -0.4460 0.0204
vn -0.9204 -0.3806 -0.0893
vn -0.7942 -0.5735 -0.2010
vn -0.7280 -0.5273 -0.4382
vn -0.8585 -0.3557 -0.3695
vn -0.8793 -0.4515 -0.1519
vn -0.8279 -0.2718 -0.4907
vn -0.8263 -0.2971 -0.4785
vn -0.8085 -0.2997 -0.5065
vn -0.8173 -0.2807 -0.5031
vn -0.6671 -0.5012 -0.5511
vn -0.7386 -0.3704 -0.5632
vn -0.7531 -0.3122 -0.5792
vn -0.7647 -0.2945 -0.5731
vn -0.8002 -0.2861 -0.5271
vn -0.7927 -0.3143 -0.5223
vn -0.8396 -0.4574 -0.2931
vn -0.8883 -0.3159 -0.3334
vn -0.8366 -0.3299 -0.4374
vn -0.7615 -0.4960 -0.4172
vn -0.8843 -0.2385 -0.4015
vn -0.8731 -0.2035 -0.4430
vn -0.8292 -0.2374 -0.5060
vn -0.8351 -0.2631 -0.4831
vn -0.8560 -0.2311 -0.4625
vn -0.8290 -0.2521 -0.4992
vn -0.9328 -0.3486 -0.0910
vn -0.9517 -0.2799 -0.1260
vn -0.9216 -0.3053 -0.2398
vn -0.8784 -0.4361 -0.1956
vn -0.9406 -0.2341 -0.2459
vn -0.9137 -0.1950 -0.3566
vn -0.8942 -0.1949 -0.4029
vn -0.9135 -0.2350 -0.3322
vn -0.8816 -0.2380 -0.4076
vn -0.8705 -0.2296 -0.4353
vn -0.9236 0.2576 -0.2839
vn -0.9528 0.1080 -0.2839
vn -0.9397 0.2133 -0.2673
vn -0.9673 0.0812 -0.2402
vn -0.9927 0.0364 -0.1147
vn -0.9768 0.1552 -0.1474
vn -0.9821 0.0987 -0.1604
vn -0.9749 0.0952 -0.2011
vn -0.6444 0.4235 -0.6367
vn -0.6175 0.3482 -0.7053
vn -0.8520 0.3284 -0.4077
vn -0.8858 0.3415 -0.3141
vn -0.9685 0.2487 -0.0092
vn -0.9472 0.3142 -0.0642
vn -0.9000 0.3890 -0.1966
vn -0.9140 0.3157 -0.2546
vn -0.9464 0.1606 -0.2801
vn -0.9395 0.2237 -0.2595
vn -0.6829 0.4546 -0.5719
vn -0.6756 0.5254 -0.5173
vn -0.9028 0.3014 -0.3068
vn -0.9525 0.2450 -0.1810
vn -0.9686 0.1353 -0.2086
vn -0.9955 0.0790 0.0526
vn -0.9904 0.0313 0.1345
vn -0.9687 -0.0334 0.2460
vn -0.9122 0.1923 -0.3618
vn -0.8163 0.1221 -0.5646
vn -0.8411 0.2223 -0.4931
vn -0.9733 0.0251 -0.2281
vn -0.9550 -0.2088 0.2108
vn -0.7450 -0.1825 0.6416
vn -0.4545 -0.4599 0.7628
vn -0.9159 -0.0592 0.3971
vn -0.7337 0.5365 0.4170
vn -0.4042 0.2243 0.8867
vn -0.3415 0.6948 0.6330
vn -0.2944 0.9161 0.2723
vn -0.6172 0.7279 -0.2987
vn -0.7978 0.5652 -0.2099
vn -0.7538 0.5971 -0.2743
vn -0.8987 0.3916 -0.1973
vn -0.8921 0.3953 -0.2190
vn -0.9840 0.0451 0.1723
vn -0.9838 0.1211 0.1323
vn -0.9832 0.1016 0.1514
vn -0.9851 0.0311 0.1692
vn -0.9945 0.0962 0.0419
vn -0.9884 -0.0774 0.1304
vn -0.9794 -0.1815 0.0886
vn -0.9858 0.0579 0.1573
vn -0.9504 0.2800 0.1358
vn -0.9508 0.1029 0.2923
vn -0.8736 0.1868 -0.4493
vn -0.8666 0.2963 -0.4015
vn -0.9847 -0.1489 -0.0904
vn -0.8799 -0.4379 -0.1845
vn -0.8974 -0.4290 -0.1032
vn -0.9887 -0.1448 0.0375
vn -0.7129 0.2392 0.6592
vn -0.4439 0.1277 0.8869
vn -0.4367 0.2459 0.8654
vn -0.5266 0.3152 0.7895
vn -0.3788 0.2507 0.8909
vn -0.8158 0.2060 0.5404
vn -0.7584 0.1573 0.6325
vn -0.3642 0.1758 0.9146
vn -0.3695 0.0825 0.9256
vn -0.7495 0.0682 0.6584
vn -0.8451 0.0687 0.5301
vn -0.3990 -0.0329 0.9164
vn -0.8712 0.3300 0.3634
vn -0.4656 -0.0997 0.8793
vn -0.9988 0.0408 0.0254
vn -0.8234 0.4725 -0.3142
vn -0.8962 -0.4407 0.0510
vn -0.8646 0.0196 0.5021
vn -0.9731 -0.2170 0.0778
vn -0.9658 0.1181 0.2307
vn -0.8434 0.3510 0.4067
vn -0.9496 0.1021 0.2964
vn -0.9642 -0.0089 0.2649
vn -0.7478 0.2159 0.6279
vn -0.6774 0.7060 0.2064
vn -0.9646 0.2616 0.0329
vn -0.9718 0.2349 -0.0193
vn -0.9931 0.1048 -0.0522
vn -0.7239 0.6648 0.1845
vn -0.9167 0.3624 0.1683
vn -0.9982 -0.0195 -0.0562
vn -0.5859 0.7747 -0.2380
vn -0.8382 0.5321 0.1199
vn -0.8356 -0.1252 0.5349
vn -0.8037 -0.2288 0.5493
vn -0.4525 -0.1231 0.8832
vn -0.4053 0.9142 -0.0017
vn -0.8243 0.5638 0.0517
vn -0.9759 0.0285 -0.2165
vn -0.9338 0.3550 0.0454
vn -0.9630 -0.1443 0.2278
vn -0.4022 0.8836 0.2397
vn -0.8513 0.4871 0.1949
vn -0.5049 0.4745 0.7210
vn -0.8829 0.2280 0.4104
vn -0.9945 -0.1006 0.0297
vn -0.9922 -0.1219 0.0241
vn -0.5278 0.1586 0.8344
vn -0.8395 0.0118 0.5432
vn -0.9776 -0.1557 0.1416
vn -0.8090 0.0374 0.5866
vn -0.5440 0.0094 0.8390
vn -0.5673 -0.1988 0.7992
vn -0.8566 -0.0758 0.5104
vn -0.9726 -0.0027 0.2326
vn -0.9813 0.0936 0.1680
vn -0.4463 -0.5285 0.7221
vn -0.8826 -0.2780 0.3792
vn -0.9848 0.1724 0.0226
vn -0.5954 0.0395 0.8025
vn -0.9783 -0.0459 0.2021
vn -0.0478 0.9620 0.2690
vn -0.1091 0.9899 0.0908
vn -0.7393 0.6673 0.0900
vn -0.9887 0.1414 0.0493
vn -0.5113 0.5177 -0.6860
vn -0.5645 0.6950 -0.4453
vn -0.8600 0.5081 -0.0475
vn -0.8755 0.2905 -0.3862
vn -0.8137 -0.3871 0.4336
vn -0.8312 -0.0357 0.5548
vn -0.6407 -0.0062 0.7678
vn -0.6402 -0.5604 0.5254
vn -0.9786 -0.0143 -0.2053
vn -0.9866 0.0386 -0.1587
vn -0.9935 -0.0426 0.1059
vn -0.6564 0.1662 -0.7359
vn -0.9031 0.1806 -0.3896
vn -0.9861 -0.1228 0.1119
vn -0.9421 0.3279 -0.0698
vn -0.6494 -0.0240 -0.7601
vn -0.9122 -0.0984 -0.3977
vn -0.8643 0.4925 -0.1026
vn -0.8306 0.5554 -0.0408
vn -0.4109 -0.4502 -0.7928
vn -0.5339 -0.2652 -0.8029
vn -0.8519 -0.2075 -0.4809
vn -0.7765 -0.5608 -0.2871
vn -0.7698 -0.6362 0.0521
vn -0.6276 -0.7775 -0.0396
vn -0.9638 -0.2333 -0.1290
vn -0.5017 -0.8528 -0.1449
vn -0.7588 -0.5097 -0.4055
vn -0.5966 -0.5648 -0.5702
vn -0.8055 0.3426 0.4835
vn -0.8173 0.5661 0.1070
vn -0.6716 0.7400 0.0370
vn -0.6901 0.4848 0.5373
vn -0.8768 -0.1007 0.4701
vn -0.9710 -0.1761 0.1616
vn -0.6395 -0.6802 0.3584
vn -0.6405 -0.5253 0.5602
vn -0.7505 -0.1639 0.6403
vn -0.8058 -0.2325 0.5446
vn -0.7382 -0.6470 -0.1911
vn -0.9829 -0.0612 -0.1736
vn -0.8578 0.0971 0.5047
vn -0.7926 0.2188 0.5692
vn -0.6535 0.6126 0.4445
vn -0.9809 0.0618 0.1843
vn -0.9770 -0.2053 0.0572
vn -0.5333 -0.8453 0.0321
vn -0.9760 0.1352 -0.1707
vn -0.8910 -0.0203 0.4535
vn -0.9857 -0.0247 0.1668
vn -0.6500 0.7180 0.2488
vn -0.9934 0.0829 0.0792
vn -0.4310 0.2135 0.8768
vn -0.8049 0.5098 0.3037
vn -0.7558 0.4336 0.4907
vn -0.8283 0.4388 -0.3483
vn -0.8038 -0.0159 -0.5947
vn -0.5972 -0.0395 -0.8011
vn -0.6275 0.5413 -0.5596
vn -0.8938 0.2535 0.3700
vn -0.8487 0.3862 0.3613
vn -0.8089 -0.5764 0.1155
vn -0.8385 -0.5046 0.2056
vn -0.9922 0.1057 0.0656
vn -0.7756 0.2786 0.5665
vn -0.9884 -0.0341 0.1478
vn -0.2818 0.5275 0.8015
vn -0.9978 0.0239 0.0622
vn -0.9512 0.1146 -0.2865
vn -0.9854 0.1699 -0.0127
vn -0.7842 0.4569 -0.4198
vn -0.8743 0.3894 -0.2897
vn -0.5484 0.4609 -0.6977
vn -0.4498 0.8926 -0.0318
vn -0.9625 -0.2222 -0.1553
vn -0.9516 -0.2677 -0.1512
vn -0.9726 -0.1333 -0.1902
vn -0.9933 0.0194 0.1138
vn -0.9761 0.1183 0.1824
vn -0.9167 -0.3261 0.2312
vn -0.9764 -0.2109 -0.0470
vn -0.9783 -0.1929 -0.0756
vn -0.8074 0.5507 -0.2118
vn -0.8117 0.5781 -0.0833
vn -0.7658 0.6388 -0.0739
vn -0.7299 0.6505 -0.2099
vn -0.8292 -0.2447 -0.5026
vn -0.7834 -0.2930 -0.5482
vn -0.5171 -0.0121 0.8558
vn -0.8481 -0.0465 0.5278
vn -0.8527 -0.0103 0.5222
vn -0.5105 -0.0013 0.8599
vn -0.4749 -0.0053 0.8800
vn -0.8557 -0.0278 0.5167
vn -0.8441 -0.0818 0.5298
vn -0.4837 -0.0358 0.8745
vn -0.4153 -0.3404 0.8436
vn -0.4285 0.2663 0.8634
vn -0.1290 0.2146 0.9681
vn -0.1233 -0.3673 0.9219
vn -0.5355 -0.0562 0.8426
vn -0.7975 -0.0008 0.6034
vn -0.7377 -0.0705 0.6714
vn -0.4945 -0.1533 0.8555
vn -0.9569 -0.2705 0.1053
vn -0.9245 -0.3380 0.1765
vn -0.8073 -0.5766 -0.1254
vn -0.8694 -0.3505 -0.3483
vn -0.9302 -0.3549 -0.0938
vn -0.9313 -0.3629 -0.0307
vn -0.9799 -0.1936 -0.0479
vn -0.9711 -0.2083 -0.1169
vn -0.7222 -0.5148 0.4619
vn -0.9313 -0.2422 0.2721
vn -0.9269 -0.2452 0.2842
vn -0.7116 -0.3127 0.6292
vn -0.6884 -0.0205 0.7250
vn -0.8957 -0.2080 0.3930
vn -0.9417 -0.0402 0.3342
vn -0.7785 0.3083 0.5467
vn -0.7844 0.6127 0.0962
vn -0.9800 0.1148 0.1626
vn -0.9885 -0.0758 0.1312
vn -0.7244 0.6012 -0.3372
vn -0.9920 -0.1118 0.0594
vn -0.7312 0.4244 -0.5341
vn -0.9186 0.1598 -0.3616
vn -0.9702 -0.0461 -0.2378
vn -0.9892 -0.0621 -0.1331
vn -0.9362 0.2710 -0.2237
vn -0.8335 -0.5482 0.0688
vn -0.7745 -0.5393 0.3306
vn -0.8109 -0.3355 0.4794
vn -0.8695 -0.0836 0.4869
vn -0.9318 0.1488 0.3310
vn -0.9510 0.3044 0.0537
vn -0.7542 -0.6298 0.1861
vn -0.9193 -0.3139 0.2375
vn -0.8665 0.0598 -0.4955
vn -0.9898 -0.0431 0.1355
vn -0.6683 -0.4627 0.5824
vn -0.4360 -0.5257 0.7305
vn -0.3908 -0.7694 0.5052
vn -0.5726 -0.7115 0.4074
vn -0.5146 -0.0485 0.8560
vn -0.9019 -0.1052 0.4189
vn -0.9073 -0.0743 0.4138
vn -0.5403 -0.0454 0.8403
vn -0.8357 -0.1027 0.5394
vn -0.9727 -0.1420 0.1835
vn -0.9804 -0.0773 0.1812
vn -0.4185 -0.7567 0.5022
vn -0.6085 -0.6861 0.3987
vn -0.6400 -0.7342 0.2266
vn -0.4171 -0.8445 0.3360
vn -0.5600 -0.7163 -0.4163
vn -0.3802 -0.8878 -0.2592
vn -0.7115 -0.5023 -0.4914
vn -0.8296 -0.5438 0.1266
vn -0.9602 -0.2754 0.0460
vn -0.8024 -0.2367 -0.5478
vn -0.8360 -0.2761 -0.4743
vn -0.9541 -0.2950 0.0525
vn -0.9587 -0.2812 0.0429
vn -0.8280 -0.2707 -0.4910
vn -0.9782 -0.1973 0.0644
vn -0.9924 -0.0670 0.1034
vn -0.9988 -0.0408 -0.0270
vn -0.9767 -0.2110 0.0401
vn -0.8941 -0.1131 -0.4334
vn -0.9876 0.0003 -0.1567
vn -0.9051 0.0128 -0.4250
vn -0.7618 -0.1130 -0.6379
vn -0.5880 -0.1850 -0.7874
vn -0.9601 -0.2636 0.0931
vn -0.8113 -0.5260 0.2554
vn -0.9527 -0.2879 0.0978
vn -0.2382 -0.0862 0.9674
vn -0.2432 -0.0025 0.9700
vn -0.9531 -0.2934 0.0744
vn -0.8571 -0.2305 -0.4607
vn -0.8535 -0.0420 -0.5195
vn -0.9124 -0.2003 -0.3571
vn -0.8499 -0.1499 -0.5052
vn -0.8015 -0.0757 -0.5932
vn -0.9807 -0.0749 0.1807
vn -0.9623 -0.1329 0.2373
vn -0.7325 -0.3281 0.5964
vn -0.6853 0.2866 0.6695
vn -0.7262 0.6671 0.1664
vn -0.9855 -0.0594 0.1592
vn -0.9946 -0.0325 0.0987
vn -0.9976 -0.0580 0.0384
vn -0.9866 -0.0502 0.1552
vn -0.9865 -0.0332 0.1602
vn -0.7227 0.0195 0.6909
vn -0.7682 0.0592 0.6375
vn -0.9973 0.0392 -0.0626
vn -0.9351 -0.1895 0.2996
vn -0.8420 0.5333 0.0810
vn -0.9863 -0.0288 0.1625
vn -0.9820 0.0582 0.1794
vn -0.9506 0.0573 0.3050
vn -0.9601 -0.0280 0.2782
vn -0.9959 -0.0890 0.0164
vn -0.9264 -0.1070 0.3611
vn -0.9989 -0.0272 0.0370
vn -0.9921 -0.1110 -0.0586
vn -0.5340 0.8216 0.1994
vn -0.8217 -0.1834 0.5397
vn -0.9186 -0.2593 0.2981
vn -0.9643 -0.2204 0.1468
vn -0.9128 -0.1883 0.3624
vn -0.9404 -0.3278 -0.0907
vn -0.8455 -0.2964 -0.4441
vn -0.8797 -0.3057 -0.3643
vn -0.8517 -0.2869 -0.4386
vn -0.8589 -0.1876 -0.4765
vn -0.9923 0.0967 0.0770
vn -0.9803 0.1971 0.0128
vn -0.9609 -0.2458 -0.1276
vn -0.4051 -0.8831 -0.2367
vn -0.4386 -0.8765 -0.1984
vn -0.6696 -0.7122 -0.2107
vn -0.6689 -0.7130 -0.2103
vn -0.3523 -0.9209 -0.1669
vn -0.3511 -0.8928 -0.2821
vn -0.5904 -0.7474 -0.3048
vn -0.6459 -0.7447 -0.1682
vn -0.4005 -0.8766 -0.2667
vn -0.6345 -0.7296 -0.2551
vn -0.4679 -0.1429 -0.8722
vn -0.4010 -0.3042 -0.8641
vn -0.7275 -0.2125 -0.6524
vn -0.2240 -0.3759 -0.8992
vn -0.2206 -0.2183 -0.9506
vn -0.6943 -0.1008 -0.7126
vn -0.8260 -0.0858 -0.5571
vn -0.7521 -0.1055 -0.6506
vn -0.7663 -0.1144 -0.6322
vn -0.8128 -0.1328 -0.5673
vn -0.2177 0.0515 -0.9747
vn -0.6802 0.0447 -0.7317
vn -0.1899 0.6732 -0.7147
vn -0.7691 0.2826 -0.5733
vn -0.8094 -0.5188 -0.2752
vn -0.9041 -0.3187 -0.2847
vn -0.9212 -0.3276 -0.2098
vn -0.8193 -0.5317 -0.2145
vn -0.7485 -0.1058 -0.6546
vn -0.7638 -0.0676 -0.6419
vn -0.8153 -0.1199 -0.5665
vn -0.8106 -0.0408 -0.5842
vn -0.8046 -0.5307 -0.2666
vn -0.8593 0.1699 -0.4824
vn -0.8880 0.0546 -0.4566
vn -0.8197 0.0174 -0.5725
vn -0.8357 -0.1842 -0.5174
vn -0.8544 -0.1606 -0.4942
vn -0.8425 0.0830 -0.5323
vn -0.8373 -0.2493 -0.4866
vn -0.8579 -0.2850 -0.4275
vn -0.9040 -0.1448 -0.4022
vn -0.7773 -0.5324 -0.3351
vn -0.8947 -0.2777 -0.3497
vn -0.9058 -0.1009 -0.4115
vn -0.8605 0.0681 -0.5048
vn -0.8084 -0.5376 -0.2396
vn -0.9193 -0.3182 -0.2315
vn -0.9070 -0.3668 -0.2070
vn -0.8937 -0.3625 -0.2642
vn -0.8911 -0.3774 -0.2522
vn -0.9103 -0.3302 -0.2497
vn 0.5910 0.0284 -0.8062
vn 0.6052 0.3897 -0.6942
vn -0.8265 -0.1696 -0.5367
vn -0.7958 -0.0203 -0.6052
vn -0.2408 -0.6719 -0.7004
vn -0.3590 -0.4713 -0.8056
vn -0.8232 0.0526 -0.5653
vn -0.9045 -0.1451 -0.4011
vn -0.5063 -0.1876 -0.8417
vn -0.4784 -0.1987 -0.8554
vn -0.9145 -0.2876 -0.2846
vn -0.4752 -0.1696 -0.8634
vn -0.9027 -0.0415 -0.4283
vn -0.8645 -0.0472 -0.5004
vn -0.4966 -0.1272 0.8586
vn -0.8054 -0.2403 0.5418
vn -0.8250 -0.1884 0.5329
vn -0.5093 -0.1118 0.8533
vn -0.9812 -0.1924 0.0146
vn -0.9850 -0.1727 0.0064
vn -0.9841 -0.1561 -0.0854
vn -0.9746 -0.1798 -0.1336
vn -0.5002 0.0061 0.8659
vn -0.8611 0.0035 0.5084
vn -0.8575 -0.0098 0.5144
vn -0.4868 0.0057 0.8735
vn -0.7286 -0.1813 -0.6605
vn -0.5536 -0.6219 -0.5539
vn -0.2456 -0.8702 -0.4272
vn -0.6344 -0.4132 -0.6533
vn -0.7358 -0.2537 -0.6278
vn -0.7282 -0.2871 -0.6224
vn -0.7244 -0.3018 -0.6198
vn -0.9104 -0.2361 -0.3397
vn -0.7038 -0.5210 -0.4830
vn -0.9971 -0.0390 0.0650
vn -0.9963 -0.0396 0.0759
vn -0.9778 -0.0990 -0.1849
vn -0.9883 -0.0918 -0.1215
vn -0.9758 -0.0577 -0.2110
vn -0.9977 -0.0282 0.0618
vn -0.9976 -0.0396 0.0560
vn -0.9784 -0.0522 -0.2000
vn -0.9797 -0.1841 0.0799
vn -0.9886 -0.1336 0.0696
vn -0.9746 -0.1361 0.1779
vn -0.9638 -0.1931 0.1841
vn -0.9726 -0.2199 0.0758
vn -0.9730 -0.2176 0.0772
vn -0.9519 -0.2450 0.1838
vn -0.9633 -0.2372 0.1254
vn -0.9817 -0.1710 -0.0839
vn -0.9906 -0.0054 0.1365
vn -0.9883 -0.0065 0.1522
vn -0.9880 -0.0090 0.1539
vn -0.9882 -0.0244 0.1515
vn -0.9852 -0.0235 0.1697
vn -0.9523 -0.2364 0.1931
vn -0.9635 -0.1937 0.1850
vn -0.8327 -0.1530 0.5322
vn -0.9632 -0.2356 0.1294
vn -0.9528 -0.2570 0.1614
vn -0.8024 -0.2525 0.5408
vn -0.9801 -0.0863 -0.1786
vn -0.9949 -0.0820 0.0594
vn -0.9785 -0.1312 -0.1588
vn -0.9415 -0.2772 0.1917
vn -0.9748 -0.1628 -0.1525
vn -0.9866 -0.0371 0.1588
vn -0.9823 -0.0817 0.1688
vn -0.9959 -0.0326 0.0841
vn -0.4760 -0.1392 0.8684
vn -0.8834 -0.1650 -0.4386
vn -0.8954 -0.1815 -0.4065
vn -0.9728 -0.1820 -0.1433
vn -0.9854 -0.0481 -0.1630
vn -0.9295 -0.0931 -0.3568
vn -0.8418 -0.1099 -0.5285
vn -0.7577 -0.1432 -0.6367
vn -0.7689 -0.1801 -0.6135
vn -0.8824 -0.2127 -0.4196
vn -0.8655 -0.2175 -0.4512
vn -0.8796 -0.2447 -0.4080
vn -0.8952 -0.2098 -0.3931
vn -0.7097 -0.4115 -0.5718
vn -0.8481 -0.3208 -0.4216
vn -0.8218 -0.3193 -0.4719
vn -0.8747 -0.3109 -0.3719
vn -0.2231 -0.6506 -0.7259
vn -0.8214 0.5667 -0.0640
vn -0.8113 0.5745 0.1089
vn -0.7168 -0.3286 -0.6150
vn -0.8425 -0.2666 -0.4681
vn -0.1926 -0.4339 -0.8802
vn -0.9067 -0.1033 -0.4089
vn -0.9225 -0.0838 -0.3768
vn -0.8127 -0.2579 -0.5226
vn -0.8399 -0.1850 -0.5103
vn -0.7905 -0.2473 -0.5602
vn -0.7794 -0.2062 -0.5916
vn -0.8405 -0.1559 -0.5189
vn -0.9037 -0.1349 -0.4063
vn -0.8162 -0.2118 -0.5375
vn -0.8531 -0.1716 -0.4927
vn -0.8598 -0.1511 -0.4877
vn -0.8874 -0.1263 -0.4433
vn -0.5177 -0.0393 0.8546
vn -0.8714 -0.1462 -0.4682
vn -0.9043 -0.1291 -0.4070
vn -0.9345 -0.1026 -0.3408
vn -0.9149 -0.1487 -0.3752
vn -0.9419 -0.1319 -0.3088
vn -0.9258 -0.2670 -0.2676
vn -0.9091 -0.2433 -0.3380
vn -0.9652 -0.1717 -0.1974
vn -0.9556 -0.2166 -0.1998
vn -0.9455 -0.2049 -0.2532
vn -0.5173 -0.0776 0.8523
vn -0.9219 -0.1714 -0.3476
vn -0.9481 -0.1583 -0.2757
vn -0.8998 -0.2136 -0.3805
vn -0.9305 -0.1971 -0.3088
vn -0.9544 -0.1766 -0.2408
vn -0.9953 0.0871 -0.0428
vn -0.9864 -0.0241 0.1627
vn -0.9377 -0.2839 -0.2002
vn -0.9671 -0.2124 -0.1403
vn -0.8458 0.4914 -0.2076
vn -0.8621 0.5010 -0.0757
vn -0.8153 0.0317 -0.5782
vn -0.8478 -0.0306 -0.5295
vn 0.9218 -0.3247 -0.2117
vn 0.9621 -0.2071 -0.1773
vn -0.1604 -0.9372 0.3096
vn -0.1094 -0.8504 0.5146
vn 0.9102 -0.2331 -0.3424
vn 0.4720 -0.8786 -0.0720
vn 0.0294 -0.9765 -0.2134
vn -0.1765 -0.5500 0.8163
vn -0.2510 0.0516 0.9666
vn -0.4720 -0.8405 -0.2661
vn -0.3310 -0.4779 -0.8137
vn 0.4551 -0.4464 -0.7705
vn -0.3923 -0.8861 -0.2467
vn 0.9912 -0.0008 0.1322
vn -0.4202 -0.8697 -0.2588
vn -0.3357 0.5530 0.7625
vn -0.2961 0.0738 0.9523
vn -0.4241 0.0307 0.9051
vn -0.3802 0.4218 0.8231
vn -0.9023 0.4307 -0.0189
vn -0.9037 0.4027 -0.1457
vn -0.8600 -0.0848 -0.5032
vn -0.8151 -0.1124 -0.5683
vn -0.2755 0.8066 0.5230
vn -0.2684 0.9310 0.2475
vn -0.4136 -0.0499 0.9091
vn -0.3951 -0.0728 0.9158
vn -0.2299 -0.1953 0.9534
vn 0.5485 -0.4011 -0.7337
vn 0.5504 -0.3972 -0.7343
vn 0.0268 -0.9757 -0.2175
vn 0.5216 0.6011 -0.6055
vn 0.5243 0.4727 -0.7083
vn 0.5618 -0.3628 -0.7435
vn 0.5929 -0.2353 -0.7701
vn -0.8068 0.1852 -0.5611
vn -0.8033 0.1123 -0.5849
vn -0.3031 0.8658 0.3982
vn -0.8703 0.4881 0.0666
vn -0.8685 -0.0590 -0.4922
vn 0.5393 0.6048 -0.5860
vn -0.3497 0.1764 0.9201
vn -0.3324 -0.0045 0.9431
vn -0.3694 -0.0050 0.9292
vn -0.8533 0.4574 -0.2504
vn -0.8816 0.4419 -0.1658
vn -0.3108 0.1459 0.9392
vn -0.3093 0.0762 0.9479
vn 0.5382 0.2955 -0.7893
vn -0.2953 0.1644 0.9411
vn -0.8329 0.4070 -0.3750
vn -0.8256 0.3788 -0.4182
vn 0.5586 0.2166 -0.8007
vn -0.8862 0.4078 -0.2199
vn -0.2766 0.0596 0.9591
vn -0.2872 0.1337 0.9485
vn -0.4194 -0.0301 0.9073
vn -0.3955 -0.0089 0.9184
vn -0.4123 -0.0153 0.9109
vn -0.2163 -0.5659 0.7956
vn -0.9539 0.2988 0.0277
vn -0.8456 0.5006 -0.1855
vn -0.3735 -0.0716 0.9249
vn -0.1937 -0.7967 0.5724
vn -0.8211 0.3419 -0.4570
vn -0.8164 0.2982 -0.4945
vn -0.2989 -0.0689 0.9518
vn -0.2888 -0.0378 0.9566
vn -0.1318 -0.0912 0.9871
vn -0.1322 -0.0054 0.9912
vn -0.8118 0.2464 -0.5294
vn -0.3521 -0.0741 0.9330
vn -0.2674 0.0178 0.9634
vn -0.2941 -0.0102 0.9557
vn -0.8416 0.4262 -0.3318
vn -0.2013 -0.7958 0.5712
vn -0.0645 -0.8742 -0.4812
vn -0.1149 -0.9843 -0.1336
vn -0.8650 0.4201 -0.2743
vn 0.0387 -0.9782 -0.2039
vn -0.1814 -0.8956 0.4062
vn -0.7184 0.0665 -0.6924
vn -0.7162 0.1713 -0.6766
vn 0.6762 0.6074 -0.4169
vn -0.1494 0.9563 0.2513
vn -0.0776 0.7634 0.6412
vn -0.6897 0.2765 -0.6693
vn -0.6577 0.3439 -0.6702
vn -0.3257 -0.0603 0.9436
vn -0.2020 -0.3412 -0.9180
vn -0.3874 -0.7659 -0.5131
vn 0.0579 0.0544 -0.9968
vn -0.7589 -0.0620 -0.6483
vn 0.3837 -0.4412 -0.8113
vn -0.2482 -0.4410 0.8625
vn 0.0796 -0.9162 -0.3927
vn -0.1926 0.6497 0.7354
vn -0.2106 0.0499 0.9763
vn 0.9559 -0.2152 -0.2001
vn 0.9116 -0.3438 -0.2255
vn -0.3035 -0.4198 0.8553
vn -0.3977 -0.2326 0.8875
vn -0.7835 0.6186 0.0594
vn -0.7437 0.5864 -0.3211
vn -0.0660 0.9087 0.4121
vn -0.0792 0.9269 0.3668
vn -0.0817 0.9638 0.2540
vn -0.0175 0.9582 0.2857
vn -0.1847 -0.8986 -0.3981
vn -0.6798 0.7127 -0.1732
vn 0.9553 0.0548 -0.2905
vn 0.9043 0.0551 0.4233
vn 0.2049 0.9738 0.0990
vn 0.2232 0.9743 0.0314
vn -0.1818 -0.2403 0.9535
vn -0.0717 -0.8435 0.5323
vn -0.1320 -0.0593 0.9895
vn -0.1321 -0.0551 0.9897
vn -0.1321 -0.0479 0.9901
vn -0.1322 -0.0301 0.9908
vn -0.1094 -0.5671 0.8164
vn -0.1321 -0.0576 0.9896
vn -0.1322 -0.0390 0.9905
vn -0.1322 0.0203 0.9910
vn -0.1178 0.4485 0.8860
vn -0.0266 0.9783 0.2054
vn -0.0927 0.7087 0.6994
vn -0.1314 0.1087 0.9854
vn -0.1308 0.1419 0.9812
vn -0.0762 0.8139 0.5759
vn -0.0389 0.9539 0.2976
vn -0.7864 0.2714 0.5550
vn -0.4653 0.7314 -0.4985
vn -0.1064 0.9889 0.1038
vn -0.1320 0.0490 0.9900
vn 0.9226 0.2450 -0.2981
vn 0.9259 0.1838 -0.3299
vn 0.9824 -0.0255 0.1853
vn 0.9825 -0.0340 0.1832
vn -0.0583 0.8950 0.4423
vn 0.5133 0.5485 0.6600
vn 0.7011 0.0513 0.7113
vn 0.0592 -0.1529 0.9865
vn -0.1100 0.5504 0.8276
vn -0.9952 0.0285 -0.0940
vn -0.9937 -0.0115 -0.1119
vn 0.9617 -0.0862 -0.2602
vn 0.9354 -0.1138 -0.3348
vn 0.9809 0.0260 0.1928
vn 0.9802 0.0145 0.1974
vn -0.6625 -0.4914 0.5653
vn -0.9845 -0.1533 0.0848
vn -0.1322 -0.0186 0.9910
vn -0.1322 -0.0197 0.9910
vn 0.5071 -0.7666 -0.3938
vn 0.0278 -0.9764 -0.2141
vn 0.0301 -0.9723 -0.2316
vn 0.6955 -0.7184 -0.0143
vn -0.1321 0.0435 0.9903
vn -0.1322 0.0046 0.9912
vn 0.9196 0.3902 0.0453
vn 0.9189 0.3938 0.0225
vn 0.9792 -0.1194 0.1639
vn 0.9753 -0.1397 0.1712
vn -0.5725 -0.1172 0.8114
vn -0.9013 0.0005 0.4332
vn -0.2494 0.9661 0.0673
vn -0.2556 0.9509 0.1743
vn -0.1297 -0.2015 0.9709
vn -0.1318 0.0709 0.9887
vn -0.9892 -0.1443 0.0250
vn -0.0796 -0.8018 0.5922
vn -0.0800 -0.8000 0.5946
vn -0.0104 -0.1439 0.9895
vn 0.0145 -0.9933 -0.1144
vn -0.0576 -0.9029 0.4260
vn 0.8714 0.4900 0.0215
vn 0.8526 0.4982 0.1578
vn 0.9804 -0.1208 0.1554
vn 0.9784 -0.1171 0.1701
vn -0.8169 0.0650 -0.5731
vn -0.9028 0.0385 -0.4283
vn -0.1350 0.9766 -0.1676
vn -0.1813 0.9767 -0.1151
vn 0.8688 0.1700 -0.4651
vn 0.8414 0.2752 -0.4650
vn 0.9905 -0.0199 0.1357
vn 0.9882 -0.0131 0.1525
vn -0.1317 0.0840 0.9877
vn -0.1307 0.1465 0.9805
vn -0.9912 0.0008 -0.1323
vn -0.6685 -0.7173 -0.1963
vn 0.9022 -0.0633 -0.4267
vn 0.8749 0.0653 -0.4798
vn 0.9850 0.0269 0.1702
vn 0.9826 0.0418 0.1811
vn -0.9927 -0.0604 -0.1044
vn -0.9935 -0.0556 -0.0991
vn 0.9109 0.4012 0.0964
vn 0.9689 -0.1574 0.1910
vn -0.9903 -0.1059 -0.0904
vn -0.9816 -0.1177 -0.1504
vn 0.8010 0.5471 0.2430
vn 0.9856 -0.1208 0.1187
vn -0.9912 0.0008 -0.1322
vn -0.9913 -0.0685 -0.1125
vn -0.0938 0.7009 0.7071
vn -0.1088 0.5635 0.8189
vn -0.1322 -0.0239 0.9909
vn -0.1322 -0.0324 0.9907
vn -0.1224 0.3721 0.9201
vn -0.1322 -0.0260 0.9909
vn -0.1322 -0.0212 0.9910
vn 0.9930 -0.0344 0.1131
vn 0.0626 -0.8782 -0.4742
vn 0.7090 0.1001 0.6981
vn 0.7146 -0.0304 0.6988
vn 0.1823 0.9527 0.2431
vn 0.1920 0.9694 0.1529
vn -0.9899 -0.0783 -0.1183
vn -0.9958 -0.0378 -0.0834
vn -0.9962 -0.0324 -0.0807
vn -0.9760 -0.1075 -0.1896
vn -0.1220 -0.3919 0.9119
vn -0.1005 0.6451 0.7574
vn -0.0379 0.9564 0.2896
vn -0.1322 0.0292 0.9908
vn 0.9027 0.4056 -0.1435
vn 0.9070 0.3774 -0.1870
vn 0.9842 -0.0516 0.1695
vn 0.9847 -0.0572 0.1648
vn -0.1525 -0.0496 0.9871
vn 0.5932 0.2666 0.7597
vn 0.4819 -0.4957 0.7225
vn -0.1199 -0.5666 0.8152
vn 0.9146 0.2950 0.2766
vn 0.9280 -0.1572 0.3377
vn -0.9874 -0.0850 -0.1331
vn 0.3175 0.1390 -0.9380
vn 0.9128 0.3405 -0.2257
vn 0.9180 0.2968 -0.2631
vn 0.9828 -0.0394 0.1806
vn 0.9834 -0.0453 0.1755
vn -0.9858 -0.1196 -0.1179
vn 0.0208 0.9995 0.0249
vn -0.0028 0.9999 0.0153
vn 0.0774 0.9756 -0.2053
vn 0.0087 0.9753 -0.2208
vn 0.7742 0.1613 0.6120
vn -0.1180 -0.4565 0.8818
vn -0.1280 -0.2557 0.9582
vn -0.0011 0.9241 0.3822
vn 0.0937 0.9252 0.3676
vn -0.1309 0.1383 0.9817
vn -0.1321 -0.0431 0.9903
vn -0.9983 0.0568 0.0098
vn -0.2109 0.9761 -0.0522
vn -0.2053 -0.2259 0.9523
vn -0.5778 -0.1703 0.7982
vn -0.8054 0.1716 -0.5673
vn -0.9094 0.0060 -0.4159
vn -0.7720 0.0907 -0.6291
vn -0.8430 0.1982 -0.5000
vn 0.6432 0.6628 0.3834
vn 0.4828 0.5278 0.6988
vn -0.9780 -0.0483 0.2031
vn -0.9851 0.0217 -0.1707
vn -0.7654 0.1812 -0.6175
vn -0.9169 0.1598 -0.3658
vn 0.9767 0.0909 0.1944
vn 0.8066 0.5378 0.2453
vn -0.9151 -0.3787 0.1381
vn -0.8358 -0.3624 0.4124
vn -0.7322 -0.4239 0.5331
vn -0.7872 -0.5077 0.3500
vn -0.5232 -0.2837 0.8036
vn -0.0668 -0.3427 0.9371
vn 0.0749 -0.1216 0.9897
vn -0.4792 -0.1234 0.8690
vn 0.3738 0.9004 -0.2225
vn -0.0973 0.8001 -0.5920
vn 0.2484 0.7086 -0.6604
vn 0.5585 0.7217 -0.4090
vn -0.9677 0.1717 -0.1846
vn -0.8396 0.1361 -0.5259
vn -0.9432 0.1228 -0.3086
vn -0.9350 0.1623 -0.3152
vn -0.9532 -0.2308 -0.1954
vn -0.8874 -0.1571 -0.4333
vn -0.4084 0.5678 -0.7147
vn -0.9128 0.2336 -0.3350
vn -0.8988 0.2507 -0.3596
vn -0.2682 0.5640 -0.7810
vn 0.2407 -0.2439 0.9395
vn 0.7254 -0.1028 0.6806
vn 0.7349 0.0422 0.6769
vn 0.4124 -0.0699 0.9083
vn -0.9501 0.1504 -0.2733
vn -0.9447 -0.0416 0.3252
vn -0.8593 -0.0272 0.5107
vn -0.9983 0.0410 -0.0422
vn -0.9153 -0.1224 0.3838
vn -0.9729 -0.1213 0.1969
vn -0.9398 0.0108 0.3416
vn -0.9607 0.1381 0.2410
vn -0.8369 0.0906 0.5399
vn -0.8344 -0.0817 0.5450
vn -0.8556 -0.0471 0.5155
vn -0.5542 -0.0175 0.8322
vn -0.6089 0.0751 0.7897
vn -0.7524 0.1014 0.6509
vn 0.3484 0.6433 -0.6817
vn -0.3381 0.5669 -0.7512
vn -0.4508 0.7406 -0.4983
vn 0.2313 0.8029 -0.5495
vn -0.6894 -0.2618 0.6755
vn -0.7982 -0.2283 0.5574
vn -0.0475 0.0432 0.9979
vn -0.2093 0.1670 0.9635
vn 0.6216 0.6611 -0.4201
vn 0.7173 0.5897 -0.3711
vn -0.9795 0.1742 0.1010
vn -0.9315 0.3426 -0.1220
vn -0.9478 -0.3081 -0.0823
vn -0.8966 -0.3951 -0.1999
vn -0.9160 0.2612 -0.3045
vn -0.8139 0.5662 -0.1300
vn 0.4880 0.1308 0.8630
vn 0.6703 0.2154 0.7102
vn 0.6567 0.2064 0.7253
vn 0.4007 0.2157 0.8905
vn -0.9925 -0.0771 0.0950
vn -0.9175 0.0505 0.3945
vn -0.9955 -0.0784 0.0524
vn -0.9957 0.0919 -0.0124
vn 0.3425 0.4996 0.7957
vn 0.6005 0.3491 0.7194
vn 0.2932 0.9179 -0.2675
vn -0.3405 0.9312 -0.1304
vn -0.7332 0.6785 0.0456
vn -0.2401 0.5257 0.8161
vn -0.2877 0.9052 0.3129
vn -0.6963 0.5984 0.3963
vn -0.6246 0.3620 0.6920
vn 0.3126 0.9089 0.2759
vn 0.7269 0.6471 0.2300
vn 0.7826 0.5687 -0.2531
vn -0.9660 0.2534 0.0511
vn -0.9112 0.2180 0.3495
vn -0.0920 0.7634 0.6393
vn -0.3160 -0.1526 0.9364
vn -0.8629 0.0526 0.5026
vn -0.6675 0.5495 0.5025
vn 0.9758 -0.0380 0.2154
vn 0.8189 0.2306 0.5256
vn 0.9232 0.1135 0.3671
vn 0.7610 0.6082 -0.2258
vn 0.8803 0.4489 -0.1531
vn 0.9038 0.3916 0.1723
vn 0.9665 0.2036 0.1564
vn 0.9428 0.3328 -0.0185
vn 0.9913 -0.0248 0.1290
vn 0.9451 0.1524 0.2890
vn 0.0884 0.9871 0.1332
vn -0.6579 0.5242 0.5408
vn -0.7173 0.6650 0.2081
vn -0.8577 0.4573 0.2350
vn -0.9876 0.1539 0.0312
vn 0.8671 0.3926 0.3065
vn 0.8560 0.4558 -0.2438
vn 0.7751 0.1809 0.6054
vn -0.9678 0.1253 0.2184
vn -0.8948 0.3188 0.3126
vn -0.9430 -0.3320 -0.0210
vn -0.8494 -0.5228 0.0722
vn -0.7620 -0.1866 0.6201
vn -0.9865 0.0534 0.1550
vn -0.9870 0.0400 0.1559
vn -0.9766 0.0626 0.2055
vn -0.9881 0.1456 0.0491
vn -0.9775 -0.0166 -0.2104
vn -0.9504 -0.1773 0.2553
vn -0.8466 -0.1149 0.5198
vn -0.9304 -0.3406 0.1353
vn -0.9638 -0.2299 -0.1350
vn -0.8229 0.5297 -0.2055
vn -0.9664 0.2514 -0.0540
vn -0.8904 0.4426 -0.1065
vn -0.8919 0.3938 -0.2223
vn -0.8711 0.4004 -0.2844
vn -0.8709 0.4708 -0.1408
vn -0.8330 0.4812 -0.2730
vn -0.9134 0.4054 -0.0377
vn 0.3968 0.6105 -0.6854
vn 0.5476 0.4786 -0.6864
vn 0.7408 0.5032 -0.4451
vn 0.5418 0.7191 -0.4351
vn 0.7060 0.7079 -0.0207
vn 0.7119 0.6739 0.1975
vn 0.9071 -0.3310 0.2601
vn 0.9423 -0.3324 -0.0394
vn 0.7189 0.5797 0.3837
vn 0.8122 0.5116 0.2805
vn 0.8164 0.2677 0.5117
vn 0.7268 0.4193 0.5441
vn 0.8936 0.1000 0.4376
vn 0.9074 0.1888 0.3754
vn 0.6041 0.0870 0.7921
vn 0.5762 -0.1184 0.8087
vn 0.4201 -0.2461 0.8735
vn 0.3704 -0.1765 0.9120
vn 0.4598 -0.5288 0.7134
vn 0.6701 -0.4441 0.5947
vn 0.7529 0.6433 0.1389
vn 0.8389 0.4388 0.3221
vn 0.5569 0.4269 0.7125
vn 0.5455 0.7791 0.3089
vn 0.4830 0.6953 0.5322
vn 0.8863 0.4432 0.1342
vn 0.6067 0.7230 0.3304
vn 0.9459 0.2991 0.1261
vn 0.9683 0.2443 0.0512
vn 0.9235 0.3687 0.1055
vn 0.6550 0.4719 0.5902
vn 0.9121 0.4099 0.0071
vn 0.9710 0.2348 -0.0440
vn 0.9893 0.1458 0.0090
vn 0.9877 0.0872 -0.1299
vn 0.9986 0.0485 -0.0200
vn 0.9930 0.1073 0.0500
vn 0.9235 0.3240 -0.2052
vn 0.9062 0.2251 -0.3581
vn 0.9681 0.1209 -0.2193
vn 0.9870 0.1532 -0.0487
vn 0.7219 0.2276 -0.6535
vn 0.7629 0.1013 -0.6385
vn 0.8238 -0.0482 -0.5648
vn 0.8792 -0.1164 -0.4620
vn 0.7039 0.6331 -0.3220
vn 0.7286 0.6842 -0.0312
vn 0.7120 0.6791 -0.1787
vn 0.9026 0.4122 -0.1241
vn 0.8971 0.4378 -0.0597
vn 0.9757 0.2132 -0.0513
vn 0.9810 0.1892 -0.0427
vn 0.9816 0.1853 0.0457
vn 0.9615 0.2634 0.0788
vn 0.9771 0.1503 0.1505
vn 0.9168 0.2492 0.3119
vn 0.6057 0.7456 -0.2777
vn 0.6679 0.7244 -0.1709
vn 0.9135 -0.3317 -0.2356
vn 0.8780 -0.3001 -0.3728
vn 0.8556 0.1701 0.4889
vn 0.5490 0.1634 0.8197
vn 0.9249 -0.0962 -0.3678
vn 0.9990 0.0064 0.0437
vn 0.9940 0.0483 0.0985
vn 0.9616 0.1095 0.2515
vn 0.8323 0.0212 0.5539
vn 0.9411 -0.0731 -0.3302
vn 0.9987 -0.0179 0.0482
vn 0.9910 -0.0073 0.1335
vn 0.9431 0.0117 0.3322
vn 0.7620 -0.2558 -0.5949
vn 0.8410 -0.1598 0.5169
vn 0.7376 -0.5814 -0.3436
vn 0.9202 -0.0535 -0.3878
vn 0.9987 -0.0314 0.0393
vn 0.9616 -0.0744 0.2643
vn 0.9754 -0.1235 0.1828
vn 0.8409 -0.4295 -0.3292
vn 0.8318 -0.4430 -0.3345
vn 0.9896 -0.0241 0.1416
vn 0.9386 -0.0627 0.3393
vn 0.9902 -0.0863 0.1097
vn 0.9958 -0.0568 0.0714
vn 0.9185 -0.1760 -0.3541
vn 0.8516 -0.3403 -0.3987
vn 0.9896 -0.0432 0.1369
vn 0.8851 0.0171 -0.4650
vn 0.8646 0.1194 -0.4881
vn 0.9999 -0.0109 0.0112
vn 0.9990 -0.0344 0.0275
vn 0.9908 -0.0474 0.1269
vn 0.9882 0.1384 0.0651
vn 0.9874 0.1476 0.0565
vn 0.9280 0.3014 -0.2192
vn 0.9346 0.2861 -0.2112
vn 0.9605 0.2745 0.0450
vn 0.8446 0.4746 -0.2478
vn 0.8546 0.2187 -0.4710
vn 0.8437 0.3031 -0.4430
vn 0.9982 0.0577 -0.0152
vn 0.9997 0.0251 -0.0026
vn 0.9939 -0.0216 0.1082
vn 0.9928 -0.0285 0.1163
vn 0.7605 0.6486 0.0310
vn 0.4961 0.8259 -0.2680
vn 0.9505 0.3064 0.0517
vn 0.7837 0.6201 -0.0357
vn 0.9982 -0.0122 0.0580
vn 0.9947 -0.0025 0.1031
vn 0.9859 0.1437 0.0854
vn 0.7762 0.5714 -0.2666
vn 0.7662 0.6054 -0.2155
vn 0.9592 0.2824 0.0093
vn 0.9663 0.2574 0.0079
vn 0.9861 0.1372 0.0941
vn 0.7643 0.6321 -0.1274
vn 0.9447 0.3255 0.0386
vn 0.6827 0.5761 -0.4495
vn 0.9430 0.3246 -0.0737
vn 0.9659 0.2586 0.0132
vn 0.8037 0.4319 -0.4094
vn 0.3755 0.8667 -0.3283
vn 0.7374 0.6752 -0.0215
vn 0.4930 -0.3791 -0.7831
vn 0.8577 -0.2846 -0.4282
vn 0.7593 -0.4660 -0.4542
vn 0.3614 -0.4640 -0.8088
vn 0.7196 -0.0032 -0.6944
vn 0.9212 0.0458 -0.3865
vn 0.8884 -0.1366 -0.4383
vn 0.6260 -0.2509 -0.7384
vn 0.1263 -0.5330 -0.8366
vn 0.5945 -0.6790 -0.4307
vn 0.3702 -0.6568 -0.6570
vn 0.2490 -0.4968 -0.8314
vn 0.7140 -0.5235 -0.4649
vn 0.6553 -0.5873 -0.4750
vn 0.1633 -0.5297 -0.8323
vn 0.7202 0.6399 0.2680
vn 0.7592 0.6337 0.1486
vn 0.9864 0.1452 0.0765
vn 0.9764 0.0860 0.1982
vn 0.8309 -0.4319 -0.3509
vn 0.8469 -0.3285 -0.4181
vn 0.3932 -0.5391 -0.7448
vn 0.3745 -0.6657 -0.6454
vn 0.6597 -0.5978 0.4554
vn 0.7116 -0.5742 0.4048
vn 0.6945 -0.2989 0.6545
vn 0.6359 -0.4327 0.6391
vn 0.9258 -0.3150 -0.2091
vn 0.9441 -0.2781 -0.1771
vn 0.9344 -0.2977 -0.1959
vn 0.9310 -0.2933 -0.2174
vn 0.9719 0.0594 0.2279
vn 0.7700 0.6372 -0.0338
vn 0.7822 0.6125 -0.1142
vn 0.9459 0.3055 -0.1097
vn 0.9699 0.2343 -0.0659
vn 0.9139 0.3224 -0.2468
vn 0.9456 0.2827 -0.1610
vn 0.9792 0.1753 -0.1022
vn 0.9311 0.3236 -0.1682
vn 0.9922 0.1119 0.0547
vn 0.9992 0.0190 0.0338
vn 0.9785 -0.2057 0.0115
vn 0.9745 -0.2179 0.0537
vn 0.9358 -0.2645 -0.2331
vn 0.9427 -0.2686 -0.1981
vn 0.9451 -0.2497 -0.2111
vn 0.9396 -0.2380 -0.2461
vn 0.9468 -0.1818 -0.2657
vn 0.9394 -0.1913 -0.2845
vn 0.9498 -0.1507 -0.2743
vn 0.9502 -0.1233 -0.2863
vn 0.9399 -0.2305 -0.2520
vn 0.9434 -0.2413 -0.2275
vn 0.9334 -0.2565 -0.2510
vn 0.9342 -0.2446 -0.2596
vn 0.7421 -0.6690 -0.0424
vn 0.6741 -0.7315 -0.1025
vn 0.6514 -0.7364 0.1827
vn 0.7652 -0.6219 0.1663
vn 0.8557 -0.3145 -0.4108
vn 0.8700 -0.2587 -0.4198
vn 0.4454 -0.4164 -0.7926
vn 0.4364 -0.4348 -0.7877
vn 0.9508 -0.2277 -0.2102
vn 0.8559 -0.2508 -0.4523
vn 0.8611 -0.2697 -0.4310
vn 0.9514 -0.3016 -0.0627
vn 0.8434 0.2239 -0.4884
vn 0.8318 0.3651 -0.4182
vn 0.4351 0.6086 -0.6635
vn 0.4534 0.4113 -0.7907
vn 0.8216 0.4347 -0.3688
vn 0.9433 -0.1450 -0.2985
vn 0.5235 0.2186 -0.8235
vn 0.4456 0.5841 -0.6785
vn 0.8374 -0.5189 -0.1717
vn 0.6101 -0.0092 -0.7923
vn 0.9617 0.2578 0.0931
vn 0.9421 0.3300 0.0595
vn 0.9858 0.1625 0.0428
vn 0.9918 0.1267 0.0146
vn 0.7559 0.2015 -0.6229
vn 0.9312 0.2242 -0.2872
vn 0.9951 0.0952 -0.0250
vn 0.8291 0.3785 -0.4115
vn 0.9974 0.0427 0.0575
vn 0.9935 0.0433 0.1050
vn 0.9338 -0.0125 -0.3575
vn 0.7808 -0.5464 -0.3028
vn 0.6248 -0.6591 -0.4186
vn 0.6565 -0.7010 -0.2788
vn 0.7727 -0.6080 -0.1824
vn 0.7055 -0.5200 -0.4815
vn 0.6726 -0.5393 -0.5067
vn 0.5877 -0.6310 -0.5064
vn 0.7687 -0.5148 -0.3796
vn 0.7811 -0.4729 -0.4078
vn 0.8019 -0.3907 -0.4520
vn 0.7360 -0.4558 -0.5006
vn 0.7065 -0.5119 -0.4886
vn 0.8972 -0.3629 -0.2515
vn 0.8823 -0.3385 -0.3270
vn 0.8509 -0.3594 -0.3831
vn 0.8553 -0.4171 -0.3073
vn 0.9570 -0.2302 -0.1765
vn 0.9406 -0.2482 -0.2316
vn 0.9385 -0.2822 -0.1988
vn 0.9509 -0.2683 -0.1544
vn 0.9860 -0.1428 0.0858
vn 0.9998 -0.0189 -0.0115
vn 0.9408 -0.1989 -0.2746
vn 0.9403 -0.2211 -0.2589
vn 0.9556 -0.2012 -0.2153
vn 0.9504 -0.1803 -0.2536
vn 0.9506 -0.3103 0.0095
vn 0.8752 -0.4470 -0.1849
vn 0.9006 -0.3857 -0.2003
vn 0.9802 -0.1940 0.0397
vn 0.9989 -0.0377 0.0283
vn 0.9989 -0.0381 0.0278
vn 0.9762 -0.1948 -0.0955
vn 0.9794 -0.1970 -0.0431
vn 0.9965 -0.0771 0.0327
vn 0.9484 -0.2657 -0.1729
vn 0.9338 -0.3474 -0.0854
vn 0.9110 -0.3687 -0.1848
vn 0.8903 -0.4184 -0.1798
vn 0.9353 -0.3516 -0.0390
vn 0.9113 -0.4046 0.0766
vn 0.8772 -0.3708 0.3050
vn 0.8679 -0.4293 0.2498
vn 0.8813 -0.4612 0.1025
vn 0.8554 -0.2658 -0.4445
vn 0.3981 -0.4100 -0.8206
vn 0.9670 -0.2548 0.0070
vn 0.9111 -0.3820 0.1550
vn 0.8575 -0.4474 0.2542
vn 0.9156 -0.3993 0.0481
vn 0.8182 -0.5748 0.0141
vn 0.8876 -0.4529 0.0838
vn 0.9247 -0.3571 -0.1316
vn 0.8166 -0.5285 -0.2322
vn 0.9271 -0.2733 -0.2565
vn 0.9202 -0.2821 -0.2714
vn 0.9125 -0.3011 -0.2769
vn 0.9224 -0.2985 -0.2452
vn 0.7875 -0.5024 -0.3570
vn 0.8599 -0.3716 -0.3500
vn 0.8781 -0.3135 -0.3616
vn 0.8878 -0.2958 -0.3527
vn 0.9099 -0.2874 -0.2990
vn 0.9014 -0.3156 -0.2963
vn 0.8863 -0.4588 -0.0629
vn 0.8435 -0.4973 -0.2031
vn 0.9214 -0.3313 -0.2029
vn 0.9441 -0.3173 -0.0890
vn 0.9582 -0.2400 -0.1557
vn 0.9321 -0.2645 -0.2473
vn 0.9325 -0.2388 -0.2710
vn 0.9584 -0.2050 -0.1987
vn 0.9469 -0.2326 -0.2220
vn 0.9305 -0.2535 -0.2645
vn 0.9235 -0.3501 0.1566
vn 0.8982 -0.4376 0.0414
vn 0.9517 -0.3068 0.0101
vn 0.9510 -0.2814 0.1278
vn 0.9718 -0.2357 0.0092
vn 0.9682 -0.2365 -0.0812
vn 0.9683 -0.1964 -0.1545
vn 0.9749 -0.1965 -0.1046
vn 0.9572 -0.2395 -0.1623
vn 0.9538 -0.2311 -0.1919
vn 0.9661 0.2561 -0.0318
vn 0.9940 0.1065 -0.0242
vn 0.9773 0.2118 -0.0116
vn 0.9815 0.1537 0.1138
vn 0.9881 0.0348 0.1495
vn 0.9966 0.0797 0.0218
vn 0.9937 0.0936 0.0616
vn 0.9900 0.0971 0.1027
vn 0.7894 0.4224 -0.4454
vn 0.9377 0.3401 -0.0709
vn 0.9296 0.3269 -0.1700
vn 0.7814 0.3471 -0.5187
vn 0.9375 0.2472 0.2450
vn 0.9493 0.3142 -0.0060
vn 0.9207 0.3876 0.0463
vn 0.9314 0.3127 0.1864
vn 0.9870 0.1590 -0.0222
vn 0.9750 0.2222 -0.0041
vn 0.8096 0.4534 -0.3728
vn 0.7884 0.5242 -0.3220
vn 0.9521 0.2999 -0.0593
vn 0.9670 0.2435 0.0751
vn 0.9896 0.1337 0.0526
vn 0.9755 0.1907 -0.1100
vn 0.8703 -0.0349 0.4913
vn 0.9206 0.0298 0.3895
vn 0.9470 0.0774 0.3117
vn 0.9413 0.2209 -0.2554
vn 0.9359 0.1207 -0.3308
vn 0.9991 0.0235 0.0350
vn 0.8660 -0.2103 0.4537
vn 0.7796 -0.0606 0.6233
vn 0.2380 -0.4604 0.8552
vn 0.5505 -0.1835 0.8144
vn 0.5995 0.5354 0.5949
vn 0.2142 0.9156 0.3402
vn 0.1647 0.6943 0.7005
vn 0.1580 0.2238 0.9617
vn 0.6751 0.7268 -0.1263
vn 0.8003 0.5958 -0.0670
vn 0.8258 0.5639 0.0067
vn 0.9045 0.0436 0.4243
vn 0.9063 0.0296 0.4216
vn 0.9093 0.1000 0.4039
vn 0.9149 0.1196 0.3856
vn 0.9489 0.0946 0.3012
vn 0.9102 0.0564 0.4103
vn 0.9216 -0.1830 0.3422
vn 0.9196 -0.0789 0.3850
vn 0.8820 0.2785 0.3802
vn 0.8410 0.1015 0.5314
vn 0.9611 0.1854 -0.2046
vn 0.9420 0.2949 -0.1602
vn 0.9737 -0.1505 0.1709
vn 0.9441 -0.1464 0.2953
vn 0.8924 -0.4304 0.1355
vn 0.8968 -0.4393 0.0525
vn 0.5155 0.2383 0.8231
vn 0.3017 0.3146 0.9000
vn 0.1949 0.2454 0.9496
vn 0.1960 0.1272 0.9723
vn 0.1324 0.2502 0.9591
vn 0.1120 0.1754 0.9781
vn 0.5663 0.1562 0.8092
vn 0.6459 0.2048 0.7354
vn 0.1141 0.0821 0.9901
vn 0.1448 -0.0334 0.9889
vn 0.6767 0.0675 0.7331
vn 0.5508 0.0672 0.8319
vn 0.2187 -0.1002 0.9706
vn 0.7460 0.3287 0.5792
vn 0.8777 0.4711 -0.0873
vn 0.9573 0.0393 0.2864
vn 0.8508 -0.4421 0.2841
vn 0.8718 0.1167 0.4758
vn 0.9183 -0.2185 0.3302
vn 0.7028 0.0183 0.7112
vn 0.7079 0.3497 0.6137
vn 0.8610 -0.0103 0.5084
vn 0.8389 0.1007 0.5350
vn 0.5574 0.2148 0.8020
vn 0.9433 0.2334 0.2362
vn 0.9227 0.2601 0.2846
vn 0.6008 0.7050 0.3769
vn 0.9722 0.1032 0.2100
vn 0.9780 -0.0211 0.2074
vn 0.8411 0.3610 0.4028
vn 0.6513 0.6637 0.3679
vn 0.7783 0.5308 0.3356
vn 0.6290 0.7737 -0.0759
vn 0.6659 -0.1264 0.7352
vn 0.2050 -0.1237 0.9709
vn 0.6312 -0.2300 0.7407
vn 0.7828 0.5625 0.2661
vn 0.3930 0.9135 0.1048
vn 0.8694 -0.1457 0.4722
vn 0.8898 0.3535 0.2887
vn 0.9985 0.0269 0.0469
vn 0.7713 0.4858 0.4113
vn 0.3267 0.8831 0.3369
vn 0.7448 0.2267 0.6275
vn 0.2990 0.4739 0.8283
vn 0.9518 -0.1022 0.2894
vn 0.9510 -0.1235 0.2834
vn 0.6678 0.0106 0.7443
vn 0.2908 0.1580 0.9436
vn 0.9061 -0.1572 0.3928
vn 0.6270 0.0363 0.7782
vn 0.6927 -0.0770 0.7171
vn 0.3376 -0.1996 0.9199
vn 0.3051 0.0087 0.9523
vn 0.8776 -0.0042 0.4795
vn 0.9031 0.0921 0.4194
vn 0.7519 -0.2793 0.5972
vn 0.2406 -0.5291 0.8138
vn 0.9447 0.1709 0.2800
vn 0.3643 0.0387 0.9305
vn 0.8910 -0.0474 0.4515
vn -0.0229 0.9619 0.2723
vn 0.6909 0.6662 0.2808
vn 0.0830 0.9897 0.1164
vn 0.9414 0.1399 0.3068
vn 0.6740 0.5168 -0.5278
vn 0.9466 0.2890 -0.1431
vn 0.8432 0.5067 0.1797
vn 0.6626 0.6941 -0.2816
vn 0.6710 -0.3883 0.6317
vn 0.4792 -0.5613 0.6747
vn 0.4170 -0.0071 0.9089
vn 0.6567 -0.0369 0.7533
vn 0.9937 0.0370 0.1055
vn 0.9982 -0.0159 0.0584
vn 0.9309 -0.0442 0.3626
vn 0.8266 0.1650 -0.5381
vn 0.9739 0.1791 -0.1392
vn 0.9221 -0.1244 0.3664
vn 0.9280 0.3264 0.1797
vn 0.8259 -0.0252 -0.5633
vn 0.9844 -0.0999 -0.1447
vn 0.8131 0.5541 0.1785
vn 0.8617 0.4911 0.1277
vn 0.6036 -0.4510 -0.6574
vn 0.8238 -0.5621 -0.0736
vn 0.9478 -0.2090 -0.2408
vn 0.7253 -0.2662 -0.6349
vn 0.7282 -0.6374 0.2519
vn 0.6148 -0.7785 0.1261
vn 0.9636 -0.2348 0.1281
vn 0.5208 -0.8536 -0.0085
vn 0.8378 -0.5110 -0.1926
vn 0.7243 -0.5659 -0.3940
vn 0.6511 0.3415 0.6778
vn 0.5259 0.4838 0.6995
vn 0.6396 0.7390 0.2119
vn 0.7616 0.5649 0.3177
vn 0.7228 -0.1020 0.6835
vn 0.4704 -0.5262 0.7084
vn 0.5221 -0.6811 0.5134
vn 0.8944 -0.1776 0.4104
vn 0.6345 -0.2337 0.7368
vn 0.5561 -0.1650 0.8146
vn 0.7614 -0.6482 0.0090
vn 0.9940 -0.0628 0.0901
vn 0.6957 0.0959 0.7119
vn 0.8984 0.0603 0.4350
vn 0.5151 0.6117 0.6004
vn 0.6160 0.2177 0.7571
vn 0.5049 -0.8461 0.1707
vn 0.9275 -0.2069 0.3113
vn 0.9868 0.1337 0.0912
vn 0.7410 -0.0216 0.6712
vn 0.9074 -0.0262 0.4194
vn 0.9380 0.0813 0.3369
vn 0.5632 0.7170 0.4107
vn 0.1864 0.2130 0.9591
vn 0.6014 0.4325 0.6717
vn 0.6979 0.5086 0.5042
vn 0.8913 0.4375 -0.1189
vn 0.7531 0.5402 -0.3755
vn 0.7863 -0.0406 -0.6165
vn 0.9316 -0.0173 -0.3632
vn 0.7249 0.3850 0.5712
vn 0.7659 0.2522 0.5914
vn 0.7545 -0.5059 0.4181
vn 0.7495 -0.5777 0.3234
vn 0.9405 0.1041 0.3234
vn 0.6004 0.2775 0.7500
vn 0.9151 -0.0356 0.4017
vn 0.0627 0.5272 0.8474
vn 0.9466 0.0223 0.3216
vn 0.9932 0.1131 -0.0271
vn 0.9545 0.1684 0.2461
vn 0.8676 0.4556 -0.1995
vn 0.7129 0.4599 -0.5294
vn 0.9203 0.3879 -0.0503
vn 0.4438 0.8919 0.0874
vn 0.9692 -0.2238 0.1024
vn 0.9575 -0.2692 0.1034
vn 0.9883 -0.1349 0.0714
vn 0.8943 0.1168 0.4319
vn 0.9288 0.0179 0.3702
vn 0.8235 -0.3274 0.4633
vn 0.9542 -0.2124 0.2105
vn 0.9636 -0.1945 0.1835
vn 0.8356 0.5494 0.0073
vn 0.7604 0.6493 -0.0111
vn 0.7594 0.6376 0.1296
vn 0.8061 0.5768 0.1325
vn 0.8992 -0.2944 -0.3237
vn 0.9315 -0.2461 -0.2677
vn 0.2747 -0.0127 0.9615
vn 0.2673 -0.0019 0.9636
vn 0.6860 -0.0115 0.7275
vn 0.6800 -0.0477 0.7317
vn 0.2276 -0.0059 0.9737
vn 0.2374 -0.0364 0.9707
vn 0.6756 -0.0830 0.7326
vn 0.6903 -0.0290 0.7230
vn 0.1791 -0.3408 0.9229
vn 0.1876 0.2658 0.9456
vn 0.2958 -0.0569 0.9535
vn 0.2527 -0.1539 0.9552
vn 0.5358 -0.0715 0.8413
vn 0.6114 -0.0019 0.7913
vn 0.8954 -0.2720 0.3524
vn 0.9297 -0.3519 -0.1083
vn 0.8110 -0.5779 0.0905
vn 0.8454 -0.3394 0.4126
vn 0.9217 -0.3564 0.1532
vn 0.9674 -0.2099 0.1417
vn 0.9579 -0.1952 0.2107
vn 0.9062 -0.3643 0.2145
vn 0.5751 -0.5158 0.6350
vn 0.5213 -0.3137 0.7937
vn 0.8196 -0.2466 0.5172
vn 0.8270 -0.2436 0.5066
vn 0.4742 -0.0214 0.8801
vn 0.6085 0.3072 0.7317
vn 0.8211 -0.0416 0.5693
vn 0.7610 -0.2093 0.6140
vn 0.7327 0.6115 0.2986
vn 0.7884 0.6000 -0.1354
vn 0.9194 -0.0773 0.3857
vn 0.9033 0.1133 0.4139
vn 0.8463 0.4231 -0.3236
vn 0.9415 -0.1134 0.3173
vn 0.9815 0.1583 -0.1081
vn 0.9625 0.2695 0.0296
vn 0.9894 -0.0636 0.1309
vn 0.9986 -0.0477 0.0249
vn 0.6563 -0.3367 0.6752
vn 0.6599 -0.5405 0.5220
vn 0.7855 -0.5495 0.2848
vn 0.7113 -0.0849 0.6977
vn 0.9042 0.3029 0.3012
vn 0.8127 0.1474 0.5637
vn 0.6780 -0.6309 0.3771
vn 0.8244 -0.3153 0.4701
vn 0.9662 0.0583 -0.2510
vn 0.9196 -0.0446 0.3902
vn 0.2284 -0.5262 0.8191
vn 0.4915 -0.4637 0.7372
vn 0.2434 -0.7700 0.5898
vn 0.4446 -0.7123 0.5431
vn 0.2722 -0.0491 0.9610
vn 0.3011 -0.0461 0.9525
vn 0.7670 -0.0756 0.6372
vn 0.7604 -0.1066 0.6406
vn 0.6649 -0.1039 0.7396
vn 0.8985 -0.0788 0.4319
vn 0.8903 -0.1435 0.4321
vn 0.2710 -0.7573 0.5942
vn 0.3131 -0.8451 0.4334
vn 0.5571 -0.7352 0.3863
vn 0.4817 -0.6870 0.5441
vn 0.4335 -0.8885 -0.1507
vn 0.6485 -0.7172 -0.2551
vn 0.8146 -0.5035 -0.2878
vn 0.9176 -0.2381 -0.3183
vn 0.9142 -0.2769 0.2961
vn 0.7665 -0.5451 0.3395
vn 0.9306 -0.2775 -0.2386
vn 0.9273 -0.2721 -0.2569
vn 0.9135 -0.2827 0.2927
vn 0.9064 -0.2965 0.3007
vn 0.9268 -0.1988 0.3186
vn 0.9317 -0.2125 0.2947
vn 0.9709 -0.0424 0.2358
vn 0.9305 -0.0686 0.3599
vn 0.9762 -0.1146 -0.1839
vn 0.9849 0.0113 -0.1729
vn 0.9942 -0.0013 0.1077
vn 0.9022 -0.1143 -0.4160
vn 0.7736 -0.1861 -0.6057
vn 0.9017 -0.2651 0.3415
vn 0.7151 -0.5272 0.4590
vn 0.8933 -0.2894 0.3440
vn -0.0195 -0.0027 0.9998
vn -0.0239 -0.0863 0.9960
vn 0.8998 -0.2948 0.3216
vn 0.9475 -0.2320 -0.2200
vn 0.9597 -0.0435 -0.2776
vn 0.9288 -0.0770 -0.3624
vn 0.9524 -0.1513 -0.2648
vn 0.9737 -0.2018 -0.1055
vn 0.8989 -0.0764 0.4314
vn 0.8663 -0.1343 0.4812
vn 0.6582 0.6660 0.3511
vn 0.4863 0.2857 0.8258
vn 0.5500 -0.3292 0.7675
vn 0.9092 -0.0609 0.4119
vn 0.9339 -0.0340 0.3560
vn 0.9100 -0.0347 0.4132
vn 0.9113 -0.0517 0.4084
vn 0.9525 -0.0596 0.2985
vn 0.5163 0.0185 0.8562
vn 0.5743 0.0581 0.8166
vn 0.8235 -0.1909 0.5342
vn 0.9789 0.0376 0.2010
vn 0.7922 0.5320 0.2990
vn 0.9092 -0.0303 0.4153
vn 0.8536 -0.0295 0.5202
vn 0.8375 0.0559 0.5435
vn 0.9008 0.0567 0.4306
vn 0.7992 -0.1084 0.5913
vn 0.9566 -0.0905 0.2769
vn 0.9543 -0.0288 0.2976
vn 0.9726 -0.1125 0.2035
vn 0.4644 0.8208 0.3326
vn 0.6512 -0.1845 0.7362
vn 0.7856 -0.1897 0.5890
vn 0.8917 -0.2219 0.3944
vn 0.8079 -0.2607 0.5285
vn 0.9307 -0.3293 0.1589
vn 0.9319 -0.2979 -0.2069
vn 0.9364 -0.2883 -0.2001
vn 0.9439 -0.3072 -0.1210
vn 0.9535 -0.1890 -0.2348
vn 0.9376 0.0951 0.3344
vn 0.9430 0.1955 0.2694
vn 0.9604 -0.2473 0.1287
vn 0.4516 -0.8838 -0.1224
vn 0.6995 -0.7140 -0.0277
vn 0.7003 -0.7133 -0.0280
vn 0.4739 -0.8772 -0.0767
vn 0.3823 -0.9215 -0.0689
vn 0.6662 -0.7457 0.0069
vn 0.6485 -0.7483 -0.1395
vn 0.4114 -0.8934 -0.1804
vn 0.6780 -0.7307 -0.0800
vn 0.4550 -0.8773 -0.1526
vn 0.6130 -0.3050 -0.7289
vn 0.6799 -0.1438 -0.7190
vn 0.8727 -0.2138 -0.4389
vn 0.8566 -0.1021 -0.5057
vn 0.4618 -0.2189 -0.8596
vn 0.4513 -0.3765 -0.8091
vn 0.9430 -0.0872 -0.3211
vn 0.9328 -0.1342 -0.3344
vn 0.9050 -0.1158 -0.4093
vn 0.8961 -0.1068 -0.4307
vn 0.8483 0.0434 -0.5278
vn 0.4656 0.0510 -0.8835
vn 0.8929 0.2812 -0.3516
vn 0.3717 0.6727 -0.6398
vn 0.8524 -0.5201 -0.0535
vn 0.8460 -0.5331 0.0077
vn 0.9435 -0.3291 0.0390
vn 0.9466 -0.3202 -0.0379
vn 0.8938 -0.1072 -0.4355
vn 0.9052 -0.0689 -0.4193
vn 0.9353 -0.0422 -0.3512
vn 0.9351 -0.1213 -0.3330
vn 0.8455 -0.5320 -0.0465
vn 0.9560 0.1684 -0.2402
vn 0.9767 0.0532 -0.2079
vn 0.9412 0.0160 -0.3375
vn 0.9418 -0.1856 -0.2803
vn 0.9538 -0.1621 -0.2530
vn 0.9527 0.0816 -0.2928
vn 0.9352 -0.2507 -0.2502
vn 0.9395 -0.2865 -0.1877
vn 0.9776 -0.1463 -0.1512
vn 0.9547 -0.2792 -0.1030
vn 0.8371 -0.5337 -0.1198
vn 0.9818 -0.1024 -0.1597
vn 0.9629 0.0667 -0.2615
vn 0.9473 -0.3197 0.0175
vn 0.8421 -0.5390 -0.0194
vn 0.9289 -0.3683 0.0379
vn 0.9434 -0.3316 -0.0024
vn 0.9254 -0.3788 -0.0099
vn 0.9312 -0.3640 -0.0208
vn 0.9381 -0.1710 -0.3013
vn 0.9266 -0.0216 -0.3754
vn 0.4149 -0.6724 -0.6129
vn 0.5569 -0.4720 -0.6834
vn 0.9427 0.0511 -0.3297
vn 0.9778 -0.1466 -0.1500
vn 0.6855 -0.1997 -0.7001
vn 0.7089 -0.1886 -0.6796
vn 0.9567 -0.2891 -0.0350
vn 0.6846 -0.1705 -0.7087
vn 0.9654 -0.0487 -0.2563
vn 0.9833 -0.0431 -0.1767
vn 0.2540 -0.1278 0.9587
vn 0.2676 -0.1124 0.9570
vn 0.6561 -0.1896 0.7304
vn 0.6349 -0.2415 0.7339
vn 0.9428 -0.1940 0.2713
vn 0.9752 -0.1814 0.1265
vn 0.9718 -0.1576 0.1756
vn 0.9486 -0.1743 0.2643
vn 0.2557 0.0055 0.9667
vn 0.2408 0.0051 0.9705
vn 0.6926 -0.0110 0.7212
vn 0.6977 0.0022 0.7164
vn 0.8760 -0.1826 -0.4464
vn 0.3476 -0.8707 -0.3480
vn 0.6784 -0.6229 -0.3896
vn 0.8743 -0.2550 -0.4130
vn 0.7828 -0.4143 -0.4643
vn 0.8654 -0.2884 -0.4098
vn 0.8611 -0.3031 -0.4082
vn 0.9673 -0.2376 -0.0892
vn 0.8050 -0.5222 -0.2817
vn 0.9451 -0.0406 0.3241
vn 0.9855 -0.0934 0.1418
vn 0.9919 -0.1005 0.0779
vn 0.9415 -0.0412 0.3344
vn 0.9969 -0.0593 0.0521
vn 0.9965 -0.0537 0.0635
vn 0.9480 -0.0412 0.3156
vn 0.9465 -0.0297 0.3212
vn 0.9242 -0.1856 0.3338
vn 0.8815 -0.1946 0.4302
vn 0.8936 -0.1376 0.4272
vn 0.9356 -0.1351 0.3263
vn 0.9183 -0.2214 0.3281
vn 0.8964 -0.2387 0.3735
vn 0.8701 -0.2465 0.4268
vn 0.9184 -0.2191 0.3295
vn 0.9691 -0.1726 0.1763
vn 0.9202 -0.0069 0.3914
vn 0.9139 -0.0259 0.4052
vn 0.9131 -0.0105 0.4075
vn 0.9139 -0.0080 0.4059
vn 0.9063 -0.0251 0.4220
vn 0.8680 -0.2379 0.4359
vn 0.6638 -0.1542 0.7318
vn 0.8810 -0.1952 0.4311
vn 0.6321 -0.2537 0.7322
vn 0.8768 -0.2585 0.4055
vn 0.8952 -0.2371 0.3773
vn 0.9925 -0.0879 0.0846
vn 0.9858 -0.1328 0.1032
vn 0.9444 -0.0836 0.3181
vn 0.8579 -0.2787 0.4318
vn 0.9804 -0.1644 0.1083
vn 0.9104 -0.0387 0.4118
vn 0.9035 -0.0832 0.4204
vn 0.9390 -0.0342 0.3422
vn 0.2314 -0.1398 0.9628
vn 0.9704 -0.1830 -0.1576
vn 0.9672 -0.1665 -0.1918
vn 0.9761 -0.1836 0.1167
vn 0.9904 -0.0947 -0.1007
vn 0.9936 -0.0497 0.1010
vn 0.8979 -0.1446 -0.4159
vn 0.9507 -0.1113 -0.2894
vn 0.9025 -0.1815 -0.3906
vn 0.9612 -0.2142 -0.1737
vn 0.9532 -0.2190 -0.2085
vn 0.9554 -0.2461 -0.1632
vn 0.9666 -0.2113 -0.1447
vn 0.8341 -0.4127 -0.3659
vn 0.9163 -0.3207 -0.2401
vn 0.9285 -0.3222 -0.1846
vn 0.9411 -0.3123 -0.1297
vn 0.4046 -0.6511 -0.6422
vn 0.7552 0.5732 0.3179
vn 0.8104 0.5654 0.1537
vn 0.9353 -0.2680 -0.2310
vn 0.8524 -0.3299 -0.4057
vn 0.4159 -0.4343 -0.7990
vn 0.9820 -0.1048 -0.1569
vn 0.9889 -0.0854 -0.1218
vn 0.9440 -0.1864 -0.2723
vn 0.9208 -0.2593 -0.2913
vn 0.9094 -0.2487 -0.3335
vn 0.9069 -0.2075 -0.3667
vn 0.9469 -0.1573 -0.2804
vn 0.9784 -0.1364 -0.1553
vn 0.9521 -0.1731 -0.2519
vn 0.9283 -0.2132 -0.3048
vn 0.9724 -0.1277 -0.1952
vn 0.9574 -0.1525 -0.2453
vn 0.2755 -0.0399 0.9605
vn 0.9635 -0.1477 -0.2235
vn 0.9791 -0.1306 -0.1557
vn 0.9910 -0.1041 -0.0839
vn 0.9811 -0.1502 -0.1223
vn 0.9897 -0.1335 -0.0512
vn 0.9632 -0.2685 -0.0156
vn 0.9656 -0.2448 -0.0879
vn 0.9829 -0.1732 0.0625
vn 0.9784 -0.2065 0.0034
vn 0.9742 -0.2181 0.0576
vn 0.2757 -0.0783 0.9581
vn 0.9805 -0.1729 -0.0938
vn 0.9870 -0.1598 -0.0176
vn 0.9677 -0.2151 -0.1314
vn 0.9786 -0.1986 -0.0541
vn 0.9838 -0.1781 0.0178
vn 0.9718 0.0855 0.2197
vn 0.9092 -0.0256 0.4156
vn 0.9570 -0.2854 0.0526
vn 0.9697 -0.2140 0.1180
vn 0.9569 -0.0320 -0.2888
vn 0.9384 0.0303 -0.3442
vn -0.8823 -0.2057 -0.4234
vn -0.8346 -0.3233 -0.4460
vn -0.0307 -0.8505 0.5251
vn -0.2140 -0.1119 0.9704
vn -0.7890 -0.2317 -0.5691
vn -0.0445 -0.5501 0.8339
vn -0.0111 0.0514 0.9986
vn 0.5239 -0.8413 -0.1332
vn 0.5320 -0.4786 -0.6985
vn 0.0363 0.0736 0.9966
vn 0.1250 0.5526 0.8240
vn 0.1518 0.4213 0.8941
vn 0.1720 0.0302 0.9846
vn 0.8766 0.4290 0.2182
vn 0.1956 0.9306 0.3094
vn 0.1301 0.8063 0.5771
vn 0.1411 -0.0732 0.9873
vn 0.1608 -0.0504 0.9857
vn -0.0284 -0.1954 0.9803
vn 0.9287 0.1109 -0.3538
vn 0.1895 0.8654 0.4639
vn 0.9670 -0.0605 -0.2473
vn 0.0966 0.1760 0.9796
vn 0.1129 -0.0054 0.9936
vn 0.0735 -0.0048 0.9973
vn 0.8949 0.4405 0.0715
vn 0.8903 0.4550 0.0176
vn 0.0502 0.0759 0.9959
vn 0.0540 0.1456 0.9879
vn 0.0385 0.1641 0.9857
vn 0.9895 0.0350 -0.1401
vn 0.2197 0.9748 -0.0388
vn 0.9135 0.4064 0.0202
vn 0.0287 0.1334 0.9906
vn 0.0155 0.0594 0.9981
vn 0.1669 -0.0306 0.9855
vn 0.1591 -0.0157 0.9871
vn 0.1409 -0.0093 0.9900
vn -0.0007 -0.5661 0.8243
vn 0.8654 0.4992 0.0427
vn 0.1179 -0.0720 0.9904
vn 0.0357 -0.7969 0.6030
vn 0.0279 -0.0380 0.9989
vn 0.0388 -0.0692 0.9968
vn 0.0951 -0.0745 0.9927
vn 0.0332 -0.0104 0.9994
vn 0.0055 0.0176 0.9998
vn 0.8998 0.4248 -0.0995
vn 0.0433 -0.7960 0.6038
vn 0.1444 -0.9846 -0.0990
vn 0.1871 -0.8744 -0.4476
vn 0.9073 0.4187 -0.0379
vn 0.0672 -0.8958 0.4394
vn 0.0798 0.9561 0.2819
vn 0.8109 0.3427 -0.4743
vn 0.0669 -0.0606 0.9959
vn 0.1466 -0.0708 -0.9867
vn 0.4351 -0.3417 -0.8330
vn 0.0127 -0.4412 0.8973
vn -0.0059 0.6495 0.7603
vn 0.0215 0.9910 -0.1323
vn 0.0690 0.9749 -0.2116
vn 0.1953 0.9746 -0.1095
vn 0.1472 0.9733 -0.1759
vn -0.0526 0.0498 0.9974
vn -0.8211 -0.3424 -0.4567
vn -0.8703 -0.2137 -0.4437
vn 0.1508 -0.2331 0.9607
vn 0.0680 -0.4201 0.9049
vn 0.7554 0.6524 -0.0607
vn 0.8130 0.5477 0.1976
vn -0.0036 1.0000 -0.0001
vn -0.0716 0.9752 -0.2096
vn -0.9282 0.0834 0.3625
vn -0.2306 0.9730 0.0018
vn 0.7025 0.7116 0.0113
vn -0.0440 0.9411 0.3353
vn -0.9943 -0.0501 -0.0944
vn -0.9951 -0.0437 -0.0885
vn -0.9966 -0.0239 -0.0787
vn -0.9970 -0.0125 -0.0761
vn -0.9973 -0.0008 -0.0734
vn -0.9975 0.0083 -0.0708
vn 0.9878 -0.1137 0.1066
vn -0.9915 -0.0183 -0.1287
vn -0.9938 -0.0431 -0.1021
vn -0.1236 0.8610 0.4934
vn -0.2183 0.9167 0.3346
vn -0.9863 -0.1381 -0.0904
vn -0.9881 -0.1178 -0.0986
vn -0.9975 0.0128 -0.0695
vn -0.9891 -0.1157 -0.0910
vn 0.9853 -0.0619 0.1594
vn 0.9860 -0.0701 0.1513
vn 0.9862 -0.0801 0.1452
vn -0.9853 -0.1559 -0.0697
vn 0.9481 -0.1462 0.2823
vn -0.9977 0.0161 -0.0664
vn 0.9877 -0.0886 0.1291
vn 0.9817 -0.0024 0.1906
vn 0.9821 -0.0141 0.1880
vn -0.9971 0.0275 -0.0711
vn 0.9888 -0.1051 0.1062
vn 0.9858 -0.0447 0.1620
vn 0.9811 0.0067 0.1931
vn 0.3481 -0.1710 0.9217
vn -0.0518 -0.2260 0.9727
vn 0.5808 0.7307 -0.3588
vn 0.9263 0.1702 -0.3363
vn 0.9449 0.1968 -0.2615
vn 0.9101 0.0894 -0.4047
vn 0.9866 0.0045 -0.1630
vn 0.9954 0.0202 0.0935
vn 0.8905 -0.0498 0.4523
vn 0.9008 0.1799 -0.3953
vn 0.9810 0.1582 -0.1127
vn -0.9934 0.0925 -0.0684
vn -0.8419 0.5391 0.0254
vn 0.8463 -0.3802 0.3731
vn 0.6671 -0.5089 0.5441
vn 0.5661 -0.4249 0.7063
vn 0.6979 -0.3636 0.6170
vn 0.2938 -0.2843 0.9126
vn 0.2345 -0.1239 0.9642
vn -0.3320 -0.1213 0.9355
vn -0.1817 -0.3426 0.9218
vn -0.3010 0.9010 -0.3125
vn -0.4306 0.7225 -0.5409
vn -0.0655 0.7089 -0.7023
vn 0.2503 0.7998 -0.5456
vn 0.9825 0.1701 0.0756
vn 0.9852 0.1608 -0.0590
vn 0.9913 0.1213 -0.0505
vn 0.9483 0.1346 -0.2874
vn 0.9697 -0.1586 -0.1856
vn 0.9707 -0.2323 0.0612
vn 0.5823 0.5670 -0.5825
vn 0.4645 0.5634 -0.6833
vn 0.9620 0.2492 -0.1114
vn 0.9691 0.2321 -0.0840
vn -0.4789 -0.2433 0.8435
vn -0.6362 -0.0690 0.7684
vn -0.8866 0.0435 0.4606
vn -0.8786 -0.1015 0.4666
vn 0.9888 0.1488 -0.0146
vn 0.9745 0.0394 0.2210
vn 0.6954 -0.0285 0.7181
vn 0.8264 -0.0430 0.5614
vn 0.8871 -0.1228 0.4450
vn 0.7825 -0.1238 0.6103
vn 0.8174 0.0094 0.5760
vn 0.6623 -0.0829 0.7447
vn 0.6662 0.0894 0.7404
vn 0.8641 0.1366 0.4844
vn 0.6905 -0.0483 0.7218
vn 0.5556 0.1003 0.8254
vn 0.3807 0.0743 0.9217
vn 0.3166 -0.0182 0.9484
vn -0.1565 0.6437 -0.7491
vn -0.0779 0.8031 -0.5907
vn 0.5669 0.7398 -0.3625
vn 0.5241 0.5662 -0.6362
vn 0.6239 -0.2294 0.7471
vn 0.4878 -0.2628 0.8325
vn -0.0503 0.1668 0.9847
vn -0.2157 0.0433 0.9755
vn -0.4887 0.6620 -0.5682
vn -0.5940 0.5907 -0.5461
vn 0.9191 0.1727 0.3542
vn 0.9315 0.3411 0.1265
vn 0.9170 -0.3966 0.0421
vn 0.9357 -0.3096 0.1690
vn 0.8204 0.5649 0.0880
vn 0.9642 0.2597 -0.0537
vn -0.6970 0.1317 0.7049
vn -0.6198 0.2165 0.7543
vn -0.8236 0.2075 0.5279
vn -0.8326 0.2166 0.5097
vn 0.9327 -0.0786 0.3519
vn 0.7821 0.0491 0.6213
vn 0.9643 0.0903 0.2491
vn 0.9469 -0.0800 0.3115
vn -0.5383 0.5003 0.6782
vn -0.7675 0.3502 0.5369
vn -0.2113 0.9183 -0.3348
vn 0.3643 0.9306 -0.0364
vn 0.6966 0.6774 0.2364
vn 0.0186 0.5255 0.8506
vn 0.4220 0.3611 0.8316
vn 0.5690 0.5974 0.5651
vn 0.1971 0.9048 0.3776
vn -0.3726 0.9095 0.1845
vn -0.6880 0.5699 -0.4492
vn -0.7607 0.6483 0.0316
vn 0.9192 0.2519 0.3026
vn 0.7881 0.2166 0.5762
vn -0.9982 -0.0364 -0.0479
vn -0.9277 0.2320 0.2926
vn -0.9870 0.1151 0.1122
vn -0.8087 0.4503 -0.3785
vn -0.6742 0.6094 -0.4173
vn -0.9734 0.2051 -0.1024
vn -0.9168 0.3931 -0.0705
vn -0.9045 0.3343 -0.2649
vn -0.9905 -0.0232 -0.1354
vn 0.7669 0.4560 0.4517
vn -0.7615 0.4571 -0.4596
vn -0.9165 0.3941 0.0685
vn -0.9064 0.1822 0.3810
vn 0.7820 0.3175 0.5363
vn 0.8769 0.1238 0.4645
vn 0.9150 -0.3335 0.2269
vn 0.7999 -0.5241 0.2922
vn 0.5725 -0.1877 0.7981
vn 0.9114 0.0519 0.4082
vn 0.9116 0.0385 0.4092
vn 0.8887 0.0611 0.4544
vn 0.8500 -0.1788 0.4955
vn 0.9984 -0.0182 0.0532
vn 0.9409 0.1441 0.3064
vn 0.6805 -0.1161 0.7235
vn 0.8619 -0.3421 0.3744
vn 0.9651 -0.2315 0.1223
vn 0.8488 0.5284 0.0176
vn 0.9471 0.2498 0.2013
vn 0.9158 0.3990 -0.0461
vn 0.9196 0.3924 0.0194
vn 0.8879 0.4412 0.1307
vn 0.8762 0.4798 -0.0450
vn 0.8781 0.4694 0.0926
vn 0.8919 0.4040 0.2031
vn -0.0307 0.9713 0.2359
vn -0.1054 0.6358 0.7646
vn -0.0272 0.9774 0.2096
vn -0.0691 0.8493 0.5233
vn 0.9808 0.0112 0.1944
vn -0.8356 0.5465 0.0555
vn -0.8503 0.5242 -0.0456
vn 0.8092 0.5669 -0.1544
vn 0.7821 0.6202 -0.0607
vn -0.7417 0.0602 -0.6680
vn -0.7681 0.2472 -0.5906
vn -0.6713 0.1623 -0.7232
vn -0.6714 0.0248 -0.7407
vn -0.6773 0.3422 0.6513
vn -0.8123 0.5739 0.1043
vn 0.8018 0.5970 0.0279
vn -0.6133 0.2328 -0.7548
vn -0.6757 -0.0639 -0.7344
vn -0.8022 0.5908 -0.0867
vn -0.7984 0.5902 -0.1194
vn 0.8417 0.3546 -0.4073
vn 0.8367 0.3911 -0.3835
vn -0.7049 0.3558 -0.6136
vn -0.6800 0.2932 -0.6721
vn 0.7593 0.5715 0.3111
vn 0.4809 0.3410 0.8078
vn 0.7932 0.6080 0.0350
vn -0.8304 0.5376 -0.1464
vn -0.8126 0.5677 -0.1318
vn -0.1195 0.4854 0.8661
vn 0.7923 0.6074 0.0580
vn 0.8377 0.1611 -0.5219
vn 0.8328 0.2920 -0.4703
vn -0.7395 0.5681 -0.3610
vn -0.7352 0.5469 -0.4005
vn 0.8219 0.4583 -0.3382
vn 0.8144 0.5201 -0.2574
vn 0.8546 -0.0641 -0.5153
vn 0.8421 0.0236 -0.5388
vn -0.8354 0.5457 -0.0660
vn 0.8324 0.5514 0.0559
vn 0.8550 -0.1144 -0.5058
vn 0.1038 -0.6149 -0.7817
vn 0.6978 -0.5395 -0.4712
vn 0.8554 -0.1680 -0.4899
vn 0.8599 -0.1873 -0.4749
vn -0.7176 0.5213 -0.4618
vn 0.7901 0.2317 -0.5676
vn 0.8965 0.2459 -0.3686
vn -0.7038 0.4596 -0.5417
vn -0.7063 0.3923 -0.5893
vn 0.8910 0.0589 -0.4502
vn 0.8836 -0.0925 -0.4589
vn -0.8213 0.5499 -0.1518
vn 0.8334 0.5229 0.1790
vn 0.7928 0.5458 0.2713
vn -0.7379 0.6214 -0.2634
vn 0.8445 -0.0651 -0.5316
vn 0.8037 0.5878 0.0923
vn 0.7978 0.5895 0.1267
vn -0.7802 0.5983 -0.1828
vn 0.8318 0.5507 0.0703
vn 0.8336 0.5451 0.0894
vn -0.7734 0.6100 -0.1728
vn -0.7691 0.6171 -0.1662
vn -0.5508 -0.5385 -0.6377
vn 0.8153 0.5457 -0.1936
vn 0.8243 0.5444 0.1554
vn -0.6897 -0.0629 -0.7213
vn -0.6927 -0.1131 -0.7123
vn -0.6974 -0.1667 -0.6971
vn -0.7056 -0.1860 -0.6837
vn -0.9956 0.0434 -0.0828
vn 0.0559 0.9088 -0.4134
vn 0.0648 0.8745 -0.4806
vn 0.1320 0.0669 -0.9890
vn 0.1179 0.4582 -0.8810
vn -0.0111 0.9958 0.0911
vn -0.0061 0.9987 0.0515
vn -0.7326 -0.0912 -0.6746
vn 0.1256 -0.3077 -0.9431
vn 0.1295 -0.1970 -0.9718
vn 0.1230 0.3726 -0.9198
vn 0.1273 -0.2643 -0.9560
vn 0.1299 -0.1813 -0.9748
vn 0.1315 -0.1009 -0.9862
vn 0.1322 0.0390 -0.9905
vn 0.1186 0.4478 -0.8862
vn 0.1283 0.2479 -0.9603
vn 0.0067 0.9996 -0.0281
vn 0.0151 0.9947 -0.1015
vn 0.0189 0.9906 -0.1358
vn 0.1039 0.6234 -0.7750
vn 0.1096 0.5641 -0.8184
vn 0.0353 0.9652 -0.2591
vn 0.0077 0.9999 -0.0125
vn 0.0092 0.9965 -0.0830
vn 0.0080 0.9990 -0.0431
vn 0.0926 0.7178 -0.6900
vn 0.0767 0.8178 -0.5704
vn 0.0008 1.0000 -0.0003
vn 0.0111 0.9972 -0.0746
vn -0.0026 0.9997 0.0251
vn -0.0044 0.9992 0.0387
vn 0.1322 0.0295 -0.9908
vn -0.9595 -0.0505 0.2772
vn -0.9985 -0.0429 -0.0328
vn -0.7804 -0.6241 -0.0382
vn -0.7495 -0.6297 0.2044
vn -0.7957 0.6056 -0.0125
vn -0.7650 0.5999 0.2342
vn -0.0257 0.5924 0.8052
vn -0.2698 0.5935 0.7583
vn -0.3400 -0.0627 0.9383
vn -0.0306 -0.0625 0.9976
vn -0.4844 0.5996 0.6371
vn 0.0241 0.6254 -0.7799
vn -0.2222 0.6241 -0.7491
vn 0.7929 0.6081 0.0383
vn 0.7615 0.6138 -0.2082
vn -0.6560 0.5991 0.4591
vn -0.8264 -0.0551 0.5604
vn 0.4855 0.6226 -0.6137
vn 0.6556 0.6188 -0.4328
vn 0.8268 -0.0252 -0.5619
vn 0.6129 -0.0201 -0.7899
vn -0.4470 0.6211 -0.6437
vn -0.6284 0.6168 -0.4740
vn 0.2142 0.6007 0.7702
vn 0.2679 0.6249 -0.7333
vn 0.6270 0.5970 0.5006
vn 0.7466 0.6023 0.2825
vn -0.7486 0.6114 -0.2566
vn 0.3391 -0.0171 -0.9406
vn 0.0320 -0.0164 -0.9994
vn 0.4400 0.5991 0.6690
vn 0.7892 -0.0544 0.6117
vn 0.9400 -0.0472 0.3380
vn -0.9399 -0.0351 -0.3398
vn -0.5612 -0.0221 -0.8274
vn -0.7891 -0.0280 -0.6136
vn 0.9987 -0.0395 0.0311
vn 0.9598 -0.0319 -0.2790
vn -0.6132 -0.0578 0.7878
vn 0.2799 -0.0552 0.9584
vn 0.5600 -0.0543 0.8267
vn -0.2782 -0.0181 -0.9603
vn -0.4778 -0.6382 0.6036
vn -0.6452 -0.6346 0.4255
vn -0.5102 -0.7939 0.3309
vn -0.3776 -0.7968 0.4718
vn 0.6492 -0.6111 -0.4529
vn 0.4817 -0.6073 -0.6317
vn 0.2670 -0.6051 -0.7500
vn 0.6186 -0.6326 0.4661
vn 0.7368 -0.6273 0.2520
vn -0.2169 -0.6058 -0.7654
vn -0.4386 -0.6088 -0.6610
vn -0.6171 -0.6131 -0.4932
vn 0.4401 -0.6361 0.6337
vn 0.7832 -0.6216 0.0118
vn 0.7530 -0.6161 -0.2311
vn -0.2638 -0.6405 0.7212
vn -0.0235 -0.6407 0.7675
vn -0.7348 -0.6184 -0.2786
vn 0.2196 -0.6387 0.7375
vn 0.0263 -0.6046 -0.7961
vn 0.5839 -0.7884 0.1937
vn 0.4902 -0.7924 0.3631
vn 0.7823 -0.1519 0.6041
vn 0.9317 -0.1455 0.3327
vn -0.2081 -0.7985 0.5649
vn -0.5814 -0.7814 -0.2265
vn -0.6174 -0.7858 -0.0361
vn 0.1737 -0.7979 0.5772
vn 0.3488 -0.7957 0.4952
vn 0.5970 -0.7797 -0.1889
vn 0.5148 -0.7759 -0.3646
vn -0.0182 -0.7989 0.6012
vn -0.4882 -0.7774 -0.3966
vn 0.0214 -0.7709 -0.6366
vn -0.1713 -0.7718 -0.6123
vn 0.2121 -0.7713 -0.6001
vn -0.5928 -0.7901 0.1560
vn 0.3822 -0.7730 -0.5064
vn -0.3469 -0.7741 -0.5295
vn 0.6208 -0.7840 0.0035
vn 0.5564 -0.1571 0.8159
vn 0.4584 0.5615 0.6889
vn 0.6452 0.5655 0.5138
vn -0.2755 -0.1195 -0.9539
vn -0.5558 -0.1231 -0.8221
vn -0.7818 -0.1283 -0.6102
vn 0.9899 -0.1387 0.0286
vn 0.9513 -0.1319 -0.2787
vn -0.3356 -0.1615 0.9281
vn -0.0313 -0.1621 0.9863
vn -0.8189 -0.1542 0.5528
vn -0.6069 -0.1588 0.7787
vn -0.9311 -0.1346 -0.3389
vn -0.9893 -0.1415 -0.0347
vn 0.2760 -0.1606 0.9476
vn 0.8195 -0.1260 -0.5590
vn 0.0319 -0.1180 -0.9925
vn 0.3362 -0.1187 -0.9343
vn -0.9507 -0.1483 0.2725
vn 0.6076 -0.1214 -0.7849
vn -0.7870 0.5684 0.2398
vn -0.8190 0.5736 -0.0142
vn -0.6710 0.7415 -0.0059
vn -0.6448 0.7372 0.2020
vn 0.8167 0.5758 0.0381
vn 0.7848 0.5810 -0.2158
vn 0.7686 0.5705 0.2895
vn -0.2787 0.5581 0.7816
vn -0.0273 0.5576 0.8297
vn -0.6781 0.5638 0.4714
vn -0.5030 0.5602 0.6581
vn -0.7709 0.5790 -0.2656
vn 0.2267 0.5588 0.7977
vn 0.6759 0.5856 -0.4475
vn -0.6474 0.5839 -0.4898
vn 0.0250 0.5918 -0.8057
vn -0.2290 0.5906 -0.7737
vn 0.2764 0.5913 -0.7576
vn 0.5007 0.5892 -0.6341
vn -0.4607 0.5879 -0.6649
vn -0.2287 0.7288 0.6455
vn -0.4123 0.7305 0.5444
vn -0.4183 0.7214 0.5519
vn -0.2320 0.7196 0.6545
vn 0.5527 0.7513 -0.3606
vn 0.4094 0.7542 -0.5135
vn -0.5557 0.7334 0.3916
vn 0.2258 0.7559 -0.6145
vn 0.5276 0.7348 0.4262
vn 0.6287 0.7389 0.2427
vn -0.1880 0.7554 -0.6277
vn -0.3777 0.7532 -0.5386
vn -0.5305 0.7499 -0.3953
vn 0.3747 0.7315 0.5696
vn 0.6680 0.7432 0.0369
vn 0.6419 0.7475 -0.1710
vn -0.0229 0.7283 0.6848
vn -0.6316 0.7458 -0.2117
vn 0.1851 0.7293 0.6587
vn 0.0199 0.7563 -0.6539
vn -0.3832 0.7444 -0.5469
vn -0.1907 0.7466 -0.6373
vn -0.2426 0.5140 -0.8228
vn -0.4883 0.5111 -0.7073
vn -0.6408 0.7370 -0.2152
vn -0.6807 0.7325 -0.0064
vn 0.1878 0.7202 0.6679
vn 0.3803 0.7224 0.5775
vn 0.6513 0.7387 -0.1739
vn 0.5608 0.7425 -0.3663
vn -0.0232 0.7192 0.6944
vn -0.5382 0.7410 -0.4015
vn 0.0202 0.7476 -0.6638
vn 0.2291 0.7472 -0.6239
vn -0.6542 0.7282 0.2045
vn 0.4154 0.7454 -0.5214
vn -0.5637 0.7243 0.3969
vn 0.5353 0.7258 0.4320
vn 0.6379 0.7299 0.2458
vn 0.6778 0.7343 0.0370
vn -0.8172 0.5016 -0.2839
vn -0.6863 0.5068 -0.5217
vn -0.7895 0.0409 -0.6123
vn -0.9403 0.0349 -0.3384
vn 0.4863 0.4831 0.7281
vn 0.6843 0.4874 0.5424
vn 0.8662 0.4982 0.0381
vn 0.8323 0.5038 -0.2312
vn 0.8152 0.4926 0.3047
vn -0.2953 0.4795 0.8264
vn -0.0287 0.4790 0.8774
vn -0.7188 0.4855 0.4975
vn -0.5331 0.4818 0.6955
vn -0.8682 0.4960 -0.0174
vn 0.2406 0.4802 0.8435
vn 0.7169 0.5087 -0.4768
vn 0.0267 0.5152 -0.8566
vn 0.2933 0.5147 -0.8056
vn -0.8343 0.4904 0.2519
vn 0.5311 0.5124 -0.6747
vn 0.9600 0.0374 -0.2777
vn 0.9990 0.0310 0.0326
vn 0.8887 -0.4581 0.0188
vn 0.8540 -0.4524 -0.2569
vn 0.0319 0.0506 -0.9982
vn -0.2784 0.0491 -0.9592
vn 0.3390 0.0499 -0.9395
vn -0.9991 0.0283 -0.0313
vn -0.9601 0.0220 0.2789
vn 0.8269 0.0430 -0.5606
vn 0.6130 0.0473 -0.7887
vn -0.8271 0.0163 0.5619
vn 0.7894 0.0184 0.6136
vn 0.9402 0.0245 0.3397
vn -0.5615 0.0458 -0.8262
vn 0.5613 0.0135 0.8275
vn -0.3391 0.0094 0.9407
vn -0.0320 0.0088 0.9995
vn -0.6131 0.0120 0.7899
vn 0.2783 0.0102 0.9604
vn 0.5457 -0.4436 -0.7110
vn 0.7358 -0.4475 -0.5083
vn 0.5728 -0.7138 -0.4029
vn 0.4249 -0.7109 -0.5604
vn 0.8365 -0.4639 0.2917
vn -0.3004 -0.4772 0.8258
vn -0.0275 -0.4777 0.8781
vn -0.7340 -0.4711 0.4892
vn -0.5439 -0.4749 0.6918
vn -0.8347 -0.4546 -0.3109
vn -0.8869 -0.4604 -0.0380
vn 0.2483 -0.4765 0.8434
vn 0.4998 -0.4735 0.7252
vn -0.7006 -0.4493 -0.5543
vn 0.0293 -0.4408 -0.8971
vn -0.2464 -0.4420 -0.8625
vn 0.3022 -0.4413 -0.8449
vn -0.8522 -0.4661 0.2377
vn 0.7025 -0.4692 0.5351
vn -0.4980 -0.4450 -0.7443
vn 0.6648 -0.7176 -0.2074
vn 0.9492 -0.1477 -0.2780
vn 0.8178 -0.1419 -0.5577
vn -0.6624 -0.7279 0.1773
vn -0.5705 -0.7317 0.3730
vn 0.2357 -0.7092 -0.6645
vn 0.5474 -0.7303 0.4087
vn 0.6515 -0.7263 0.2193
vn -0.1909 -0.7097 -0.6781
vn -0.3864 -0.7119 -0.5864
vn -0.5441 -0.7152 -0.4387
vn 0.3897 -0.7336 0.5568
vn 0.6920 -0.7219 0.0070
vn -0.2331 -0.7364 0.6352
vn -0.0206 -0.7368 0.6758
vn -0.4226 -0.7346 0.5308
vn -0.6484 -0.7193 -0.2494
vn -0.6892 -0.7236 -0.0372
vn 0.1940 -0.7358 0.6488
vn 0.0235 -0.7088 -0.7051
vn 0.3355 -0.1347 -0.9324
vn 0.6063 -0.1374 -0.7832
vn 0.3296 0.8509 -0.4091
vn 0.1815 0.8524 -0.4904
vn -0.0313 -0.1773 0.9837
vn 0.2752 -0.1758 0.9452
vn -0.7801 -0.1441 -0.6088
vn -0.9291 -0.1503 -0.3380
vn 0.0318 -0.1341 -0.9905
vn -0.2749 -0.1356 -0.9519
vn -0.9870 -0.1571 -0.0345
vn -0.9483 -0.1637 0.2720
vn -0.8168 -0.1695 0.5515
vn 0.7803 -0.1673 0.6026
vn 0.9294 -0.1610 0.3321
vn 0.1496 0.8289 0.5391
vn -0.0190 0.8280 0.5604
vn -0.0183 0.8379 0.5456
vn 0.1468 0.8378 0.5259
vn -0.5547 -0.1390 -0.8203
vn 0.5549 -0.1723 0.8139
vn 0.9876 -0.1543 0.0286
vn -0.3347 -0.1767 0.9256
vn -0.6053 -0.1740 0.7767
vn -0.1860 0.8284 0.5284
vn -0.5225 0.8358 0.1684
vn -0.4507 0.8325 0.3222
vn 0.5082 0.8374 0.2013
vn 0.5396 0.8412 0.0348
vn -0.5194 0.8384 0.1652
vn -0.5450 0.8384 -0.0024
vn -0.9434 0.3309 -0.0211
vn -0.9044 0.3296 0.2710
vn 0.4456 0.8483 -0.2860
vn 0.5179 0.8450 -0.1331
vn -0.5432 0.8396 0.0001
vn 0.3033 0.8309 0.4666
vn 0.4268 0.8338 0.3501
vn 0.0156 0.8527 -0.5221
vn -0.3052 0.8499 -0.4295
vn -0.4288 0.8470 -0.3142
vn -0.5109 0.8435 -0.1661
vn -0.1521 0.8519 -0.5012
vn -0.3348 0.8299 0.4463
vn 0.5454 0.8375 0.0324
vn 0.5285 0.8375 -0.1388
vn 0.5088 0.8376 0.1989
vn -0.5175 0.8384 -0.1713
vn -0.4382 0.8382 -0.3245
vn -0.4444 0.8383 0.3159
vn -0.3280 0.8382 0.4358
vn 0.4585 0.8375 -0.2974
vn 0.3414 0.8375 -0.4266
vn 0.1889 0.8376 -0.5126
vn 0.0166 0.8377 -0.5459
vn -0.1571 0.8379 -0.5227
vn 0.2988 0.8377 0.4572
vn -0.3141 0.8381 -0.4461
vn 0.4235 0.8376 0.3450
vn -0.1815 0.8380 0.5146
vn -0.5343 0.3335 -0.7767
vn -0.2658 0.3337 -0.9044
vn -0.2497 -0.4187 -0.8731
vn -0.5043 -0.4221 -0.7533
vn -0.3186 0.3265 0.8899
vn -0.0308 0.3261 0.9448
vn 0.2600 0.3263 0.9088
vn 0.9431 0.3302 0.0392
vn 0.9085 0.3313 -0.2547
vn 0.8853 0.3290 0.3286
vn -0.8903 0.3320 -0.3117
vn -0.7495 0.3329 -0.5722
vn -0.7776 0.3283 0.5362
vn -0.5758 0.3272 0.7493
vn 0.7843 0.3322 -0.5240
vn 0.5821 0.3329 -0.7418
vn 0.3219 0.3334 -0.8861
vn 0.0295 0.3337 -0.9422
vn 0.5259 0.3269 0.7852
vn 0.7414 0.3279 0.5855
vn 0.8992 -0.4371 0.0194
vn 0.8461 -0.4438 0.2954
vn 0.6636 -0.7138 0.2240
vn 0.7054 -0.7087 0.0078
vn 0.7103 -0.4499 0.5414
vn -0.8618 -0.4465 0.2407
vn -0.7420 -0.4522 0.4948
vn -0.5497 -0.4566 0.6995
vn -0.3036 -0.4593 0.8348
vn -0.7093 -0.4272 -0.5607
vn 0.8644 -0.4306 -0.2596
vn 0.7450 -0.4248 -0.5143
vn 0.5052 -0.4549 0.7334
vn -0.8972 -0.4400 -0.0381
vn -0.0278 -0.4599 0.8876
vn 0.2509 -0.4584 0.8526
vn -0.8447 -0.4333 -0.3142
vn 0.5526 -0.4204 -0.7196
vn 0.3061 -0.4178 -0.8554
vn 0.0296 -0.4172 -0.9083
vn -0.5555 -0.7011 -0.4471
vn -0.3948 -0.6973 -0.5983
vn -0.5343 -0.2899 -0.7941
vn -0.7513 -0.2954 -0.5901
vn -0.6614 -0.7058 -0.2537
vn -0.7023 -0.7109 -0.0373
vn -0.5804 -0.7202 0.3800
vn -0.4297 -0.7236 0.5402
vn 0.5849 -0.6994 -0.4108
vn 0.4342 -0.6960 -0.5719
vn 0.2408 -0.6940 -0.6785
vn 0.0239 -0.6935 -0.7200
vn -0.1951 -0.6947 -0.6924
vn 0.1971 -0.7249 0.6601
vn 0.3963 -0.7223 0.5668
vn 0.5570 -0.7185 0.4166
vn -0.6744 -0.7159 0.1811
vn -0.2370 -0.7256 0.6461
vn 0.6784 -0.7038 -0.2110
vn -0.0210 -0.7260 0.6874
vn 0.5032 0.5837 -0.6373
vn 0.6794 0.5797 -0.4498
vn 0.8274 0.0162 -0.5614
vn 0.6133 0.0214 -0.7896
vn 0.9148 -0.2991 -0.2713
vn 0.7884 -0.2928 -0.5410
vn 0.5345 -0.3259 0.7798
vn 0.7516 -0.3203 0.5766
vn -0.9502 -0.3095 -0.0368
vn -0.9127 -0.3166 0.2583
vn -0.3217 -0.3306 0.8872
vn -0.0297 -0.3313 0.9431
vn 0.2653 -0.3296 0.9061
vn 0.9516 -0.3063 0.0240
vn 0.8954 -0.3136 0.3162
vn -0.8946 -0.3022 -0.3291
vn -0.7859 -0.3229 0.5273
vn -0.5823 -0.3277 0.7440
vn 0.5847 -0.2880 -0.7584
vn 0.3237 -0.2851 -0.9022
vn 0.0310 -0.2844 -0.9582
vn -0.2647 -0.2861 -0.9209
vn 0.0020 -0.9998 -0.0208
vn -0.0251 -0.5866 0.8095
vn 0.2302 -0.5852 0.7775
vn 0.0275 -0.5483 -0.8358
vn -0.2284 -0.5496 -0.8036
vn 0.6510 -0.5777 0.4924
vn 0.7754 -0.5722 0.2671
vn -0.8242 0.5662 -0.0142
vn -0.7754 0.5722 -0.2671
vn -0.9407 0.0061 -0.3392
vn -0.9995 -0.0018 -0.0320
vn -0.8216 -0.5687 -0.0384
vn -0.7892 -0.5746 0.2170
vn -0.5067 0.5512 0.6629
vn -0.6829 0.5552 0.4748
vn -0.8274 -0.0162 0.5614
vn -0.6133 -0.0214 0.7896
vn -0.2778 -0.5860 0.7612
vn 0.4631 -0.5822 0.6683
vn 0.8242 -0.5662 0.0142
vn 0.7923 -0.5603 -0.2414
vn -0.7735 -0.5628 -0.2914
vn -0.6495 -0.5572 -0.5173
vn -0.6794 -0.5797 0.4498
vn -0.5032 -0.5837 0.6373
vn 0.6829 -0.5552 -0.4748
vn 0.5067 -0.5512 -0.6629
vn 0.2808 -0.5489 -0.7873
vn -0.4617 -0.5527 -0.6938
vn 0.4617 0.5527 0.6938
vn 0.2284 0.5497 0.8036
vn 0.2785 -0.0235 0.9601
vn 0.5617 -0.0194 0.8271
vn -0.6510 0.5777 -0.4924
vn -0.7898 0.0134 -0.6132
vn 0.7892 0.5746 -0.2170
vn 0.9604 0.0095 -0.2784
vn -0.4631 0.5822 -0.6683
vn -0.2302 0.5852 -0.7775
vn -0.2785 0.0235 -0.9602
vn -0.5617 0.0194 -0.8271
vn 0.8216 0.5687 0.0384
vn 0.7735 0.5628 0.2914
vn 0.9407 -0.0061 0.3392
vn 0.9995 0.0018 0.0320
vn 0.6495 0.5572 0.5173
vn 0.7898 -0.0134 0.6132
vn -0.0275 0.5483 0.8358
vn -0.2808 0.5489 0.7873
vn -0.3392 -0.0245 0.9404
vn -0.0319 -0.0252 0.9992
vn -0.7923 0.5603 0.2414
vn -0.9604 -0.0095 0.2784
vn 0.2778 0.5860 -0.7612
vn 0.3392 0.0245 -0.9404
vn 0.0251 0.5866 -0.8095
vn 0.0319 0.0252 -0.9992
vn 0.0808 0.9489 0.3049
vn -0.0114 0.9485 0.3165
vn 0.1648 0.9499 0.2654
vn -0.2771 -0.9532 -0.1205
vn -0.2944 -0.9552 -0.0294
vn -0.2325 -0.9514 -0.2019
vn 0.2473 -0.9508 -0.1865
vn 0.1839 -0.9495 -0.2543
vn 0.2867 -0.9525 -0.1025
vn -0.0844 0.9607 -0.2645
vn 0.0075 0.9611 -0.2760
vn -0.1683 0.9597 -0.2251
vn 0.2772 0.9532 0.1205
vn 0.2325 0.9514 0.2019
vn 0.2945 0.9552 0.0294
vn -0.1648 -0.9499 -0.2654
vn -0.1797 -0.9602 0.2139
vn -0.0986 -0.9610 0.2586
vn -0.2359 0.9582 -0.1618
vn -0.1026 0.9487 0.2991
vn -0.2807 0.9564 -0.0806
vn 0.2359 -0.9582 0.1618
vn 0.2807 -0.9564 0.0806
vn 0.1682 -0.9597 0.2251
vn -0.2432 -0.9589 0.1464
vn -0.2827 -0.9572 0.0626
vn 0.1026 -0.9487 -0.2991
vn -0.0808 -0.9489 -0.3049
vn 0.0114 -0.9485 -0.3165
vn 0.2982 -0.9544 -0.0104
vn -0.1839 0.9495 0.2543
vn 0.0985 0.9610 -0.2586
vn 0.1797 0.9602 -0.2139
vn 0.2432 0.9589 -0.1464
vn 0.2828 0.9571 -0.0626
vn -0.2474 0.9508 0.1865
vn -0.2868 0.9525 0.1025
vn -0.2983 0.9544 0.0104
vn -0.0076 -0.9611 0.2760
vn 0.0844 -0.9607 0.2645
vn 0.2786 -0.0198 0.9602
vn -0.0319 -0.0213 0.9993
vn -0.9407 0.0054 -0.3391
vn -0.9995 -0.0014 -0.0319
vn 0.8273 0.0136 -0.5615
vn 0.6133 0.0181 -0.7896
vn -0.2785 0.0199 -0.9602
vn 0.0319 0.0213 -0.9993
vn 0.9407 -0.0055 0.3392
vn 0.7899 -0.0116 0.6132
vn -0.5617 0.0165 -0.8272
vn -0.7899 0.0116 -0.6132
vn 0.5616 -0.0165 0.8272
vn -0.3392 -0.0207 0.9405
vn 0.9995 0.0012 0.0320
vn -0.8274 -0.0136 0.5615
vn -0.6133 -0.0181 0.7897
vn 0.3393 0.0208 -0.9405
vn 0.9604 0.0077 -0.2784
vn -0.9604 -0.0079 0.2784
vn -0.0222 -0.6904 0.7231
vn 0.2069 -0.6892 0.6944
vn -0.7373 -0.6745 -0.0380
vn -0.6942 -0.6692 -0.2651
vn 0.4553 -0.6589 -0.5988
vn 0.6136 -0.6624 -0.4298
vn 0.0250 -0.6563 -0.7541
vn -0.2048 -0.6575 -0.7251
vn 0.5847 -0.6825 0.4385
vn 0.6965 -0.6776 0.2363
vn -0.5829 -0.6643 -0.4680
vn -0.4143 -0.6602 -0.6265
vn 0.4161 -0.6865 0.5964
vn -0.2490 -0.6899 0.6797
vn 0.7403 -0.6722 0.0093
vn -0.4514 -0.6878 0.5685
vn -0.6096 -0.6843 0.4002
vn 0.2525 -0.6568 -0.7105
vn 0.7117 -0.6670 -0.2203
vn -0.7081 -0.6797 0.1913
vn -0.8835 -0.3904 0.2587
vn 0.7873 -0.3759 0.4887
vt 0.171542 0.741817
vt 0.169301 0.752191
vt 0.175416 0.748175
vt 0.175029 0.742244
vt 0.329690 0.459101
vt 0.329159 0.459288
vt 0.329460 0.452838
vt 0.329963 0.452651
vt 0.330247 0.446783
vt 0.330986 0.436641
vt 0.335026 0.435309
vt 0.334648 0.445313
vt 0.339989 0.433965
vt 0.339779 0.423947
vt 0.344842 0.422753
vt 0.345015 0.433322
vt 0.335948 0.425627
vt 0.330549 0.436785
vt 0.330932 0.429447
vt 0.331432 0.428962
vt 0.334599 0.451764
vt 0.348904 0.424422
vt 0.349712 0.433858
vt 0.351805 0.427610
vt 0.353095 0.434190
vt 0.354448 0.442731
vt 0.350629 0.443032
vt 0.345495 0.442847
vt 0.340126 0.443514
vt 0.359154 0.451227
vt 0.351805 0.449385
vt 0.346005 0.449637
vt 0.340320 0.450339
vt 0.352171 0.463947
vt 0.357900 0.464987
vt 0.357750 0.470233
vt 0.352133 0.469089
vt 0.340451 0.464962
vt 0.346366 0.463859
vt 0.346283 0.468733
vt 0.340361 0.470061
vt 0.345904 0.472974
vt 0.340008 0.474460
vt 0.357422 0.476418
vt 0.351977 0.473927
vt 0.334604 0.466839
vt 0.334583 0.472332
vt 0.334438 0.477287
vt 0.334590 0.457378
vt 0.340423 0.455747
vt 0.340451 0.460297
vt 0.334603 0.462209
vt 0.346248 0.454877
vt 0.352201 0.454866
vt 0.352289 0.458932
vt 0.346499 0.458731
vt 0.358597 0.454904
vt 0.358192 0.459371
vt 0.169547 0.759633
vt 0.168993 0.760007
vt 0.169860 0.764845
vt 0.170345 0.764421
vt 0.364838 0.453451
vt 0.364323 0.456687
vt 0.363137 0.471539
vt 0.362982 0.478728
vt 0.363754 0.460320
vt 0.363311 0.466096
vt 0.369374 0.452424
vt 0.369350 0.456233
vt 0.368484 0.472956
vt 0.368688 0.480445
vt 0.368974 0.461086
vt 0.368493 0.466706
vt 0.168639 0.752626
vt 0.372735 0.455321
vt 0.371087 0.451344
vt 0.372677 0.450508
vt 0.374752 0.452368
vt 0.373169 0.473940
vt 0.374072 0.482015
vt 0.376718 0.460898
vt 0.378023 0.455774
vt 0.379428 0.457142
vt 0.379013 0.462332
vt 0.373158 0.467009
vt 0.374198 0.460438
vt 0.380993 0.463205
vt 0.381036 0.458252
vt 0.382577 0.459375
vt 0.382716 0.463690
vt 0.376555 0.467923
vt 0.377749 0.482416
vt 0.376849 0.474694
vt 0.379664 0.475027
vt 0.380488 0.481964
vt 0.379176 0.468538
vt 0.387830 0.461940
vt 0.387490 0.458372
vt 0.388637 0.457295
vt 0.389111 0.460782
vt 0.390664 0.455032
vt 0.390722 0.459033
vt 0.382651 0.481031
vt 0.381849 0.474784
vt 0.383662 0.474163
vt 0.384424 0.479819
vt 0.381285 0.468809
vt 0.383078 0.468737
vt 0.393594 0.450909
vt 0.393511 0.456476
vt 0.392440 0.462812
vt 0.390733 0.463086
vt 0.384214 0.463678
vt 0.384620 0.468324
vt 0.389518 0.464230
vt 0.389453 0.472953
vt 0.388792 0.469151
vt 0.389814 0.467451
vt 0.390516 0.470354
vt 0.388331 0.465526
vt 0.390627 0.465942
vt 0.391578 0.467124
vt 0.390814 0.454303
vt 0.388801 0.456422
vt 0.388998 0.455330
vt 0.390948 0.453291
vt 0.929862 0.464508
vt 0.930846 0.467931
vt 0.930987 0.466919
vt 0.930386 0.464470
vt 0.760408 0.698816
vt 0.760939 0.696569
vt 0.759917 0.696496
vt 0.759524 0.698603
vt 0.760323 0.703272
vt 0.760347 0.700969
vt 0.759617 0.700619
vt 0.759681 0.703087
vt 0.763027 0.689683
vt 0.765025 0.686574
vt 0.764530 0.686585
vt 0.762062 0.689683
vt 0.761537 0.694472
vt 0.762129 0.692400
vt 0.761084 0.692343
vt 0.760492 0.694394
vt 0.393266 0.449854
vt 0.391030 0.451097
vt 0.391015 0.449117
vt 0.392988 0.448584
vt 0.181739 0.069492
vt 0.183258 0.067947
vt 0.183255 0.070213
vt 0.181725 0.071492
vt 0.198009 0.363816
vt 0.198072 0.362743
vt 0.198569 0.361900
vt 0.198589 0.362810
vt 0.372178 0.444628
vt 0.371352 0.443174
vt 0.371859 0.443254
vt 0.372558 0.444227
vt 0.389189 0.451945
vt 0.392953 0.446858
vt 0.391039 0.447272
vt 0.391089 0.446305
vt 0.393119 0.445453
vt 0.387557 0.447392
vt 0.385834 0.447875
vt 0.385737 0.445150
vt 0.387631 0.444727
vt 0.382927 0.448709
vt 0.381376 0.448156
vt 0.381185 0.446269
vt 0.382585 0.446184
vt 0.371363 0.441917
vt 0.371687 0.440812
vt 0.372291 0.441501
vt 0.372000 0.442447
vt 0.370626 0.441311
vt 0.369576 0.439993
vt 0.370060 0.438468
vt 0.371031 0.439974
vt 0.372311 0.440038
vt 0.372973 0.439461
vt 0.373416 0.440199
vt 0.372861 0.440816
vt 0.454289 0.078972
vt 0.454188 0.080422
vt 0.453406 0.079978
vt 0.453527 0.078633
vt 0.117905 0.145915
vt 0.119405 0.145238
vt 0.119405 0.143738
vt 0.117907 0.144438
vt 0.361976 0.432599
vt 0.360695 0.432459
vt 0.360683 0.432135
vt 0.361915 0.432247
vt 0.117926 0.139046
vt 0.119433 0.139193
vt 0.119436 0.138425
vt 0.117912 0.138130
vt 0.118377 0.136476
vt 0.118941 0.136681
vt 0.118671 0.134355
vt 0.117963 0.134429
vt 0.357780 0.442295
vt 0.357726 0.443171
vt 0.357395 0.443285
vt 0.357375 0.442373
vt 0.384717 0.453970
vt 0.383345 0.454175
vt 0.383261 0.451228
vt 0.384551 0.451185
vt 0.760393 0.705059
vt 0.759817 0.704970
vt 0.385203 0.473280
vt 0.385914 0.478411
vt 0.385495 0.463326
vt 0.385955 0.467643
vt 0.384008 0.459671
vt 0.454372 0.075936
vt 0.454320 0.077372
vt 0.453611 0.077115
vt 0.453562 0.075926
vt 0.454101 0.073866
vt 0.454328 0.074724
vt 0.453620 0.075034
vt 0.453360 0.074391
vt 0.209198 0.994325
vt 0.209247 0.995722
vt 0.209794 0.995330
vt 0.209641 0.993891
vt 0.375418 0.439545
vt 0.376073 0.440108
vt 0.375849 0.440864
vt 0.375231 0.440326
vt 0.373172 0.436977
vt 0.374099 0.436802
vt 0.374122 0.438115
vt 0.373375 0.438215
vt 0.381723 0.453705
vt 0.381485 0.450312
vt 0.371876 0.439166
vt 0.371162 0.437783
vt 0.372237 0.437278
vt 0.372633 0.438554
vt 0.377695 0.438030
vt 0.378754 0.438852
vt 0.378142 0.440887
vt 0.377208 0.439841
vt 0.381780 0.443199
vt 0.380634 0.444312
vt 0.379892 0.442569
vt 0.380988 0.440016
vt 0.379887 0.439552
vt 0.379032 0.441696
vt 0.375881 0.436996
vt 0.376786 0.437379
vt 0.376379 0.438978
vt 0.375641 0.438425
vt 0.378086 0.452786
vt 0.376701 0.452011
vt 0.376787 0.449948
vt 0.378293 0.450504
vt 0.117881 0.152517
vt 0.119411 0.151639
vt 0.119412 0.149156
vt 0.117586 0.149736
vt 0.380624 0.453687
vt 0.379476 0.453538
vt 0.379712 0.450927
vt 0.380558 0.450912
vt 0.374934 0.450349
vt 0.373249 0.448710
vt 0.373581 0.447431
vt 0.375082 0.448682
vt 0.373599 0.439131
vt 0.374180 0.439010
vt 0.374259 0.439572
vt 0.373888 0.439811
vt 0.378615 0.444169
vt 0.377628 0.443360
vt 0.377673 0.442511
vt 0.378416 0.443296
vt 0.376564 0.442457
vt 0.375596 0.441551
vt 0.376697 0.441639
vt 0.374435 0.440439
vt 0.374692 0.439893
vt 0.378923 0.446589
vt 0.377448 0.445561
vt 0.377554 0.444335
vt 0.378901 0.445198
vt 0.376173 0.444426
vt 0.375085 0.443358
vt 0.375353 0.442349
vt 0.376401 0.443362
vt 0.373632 0.441775
vt 0.374104 0.441007
vt 0.378524 0.448665
vt 0.377046 0.447670
vt 0.377312 0.446727
vt 0.378938 0.447987
vt 0.375617 0.446487
vt 0.374337 0.445274
vt 0.374742 0.444329
vt 0.375911 0.445506
vt 0.372833 0.443439
vt 0.373176 0.442558
vt 0.384295 0.448434
vt 0.384050 0.445684
vt 0.387429 0.442020
vt 0.385366 0.442143
vt 0.384987 0.439129
vt 0.387235 0.439318
vt 0.387170 0.466700
vt 0.386701 0.462742
vt 0.387546 0.457430
vt 0.386342 0.458303
vt 0.386284 0.457371
vt 0.387594 0.456427
vt 0.387603 0.452791
vt 0.386129 0.453425
vt 0.385902 0.450631
vt 0.387475 0.449947
vt 0.386535 0.472185
vt 0.387703 0.470781
vt 0.387204 0.476833
vt 0.388363 0.475045
vt 0.389583 0.441703
vt 0.389314 0.439338
vt 0.389692 0.434854
vt 0.389407 0.434557
vt 0.389173 0.432269
vt 0.392925 0.431850
vt 0.393671 0.433885
vt 0.385151 0.459517
vt 0.386400 0.459122
vt 0.383416 0.442945
vt 0.388429 0.425785
vt 0.386911 0.425089
vt 0.387796 0.422934
vt 0.389201 0.424258
vt 0.139807 0.392144
vt 0.139209 0.389403
vt 0.139132 0.389482
vt 0.138552 0.390405
vt 0.930156 0.458585
vt 0.930368 0.458241
vt 0.930409 0.456364
vt 0.928499 0.456033
vt 0.928582 0.458120
vt 0.387330 0.432039
vt 0.385981 0.430987
vt 0.386877 0.429552
vt 0.387742 0.430429
vt 0.386986 0.436860
vt 0.385088 0.436031
vt 0.384970 0.433069
vt 0.387003 0.434226
vt 0.346998 0.197001
vt 0.345587 0.193902
vt 0.348897 0.193366
vt 0.348953 0.195849
vt 0.385731 0.429640
vt 0.386761 0.428198
vt 0.389604 0.446797
vt 0.389757 0.444352
vt 0.384595 0.431197
vt 0.384073 0.431431
vt 0.382947 0.427160
vt 0.383441 0.426948
vt 0.761048 0.706978
vt 0.760978 0.705131
vt 0.760499 0.706887
vt 0.109065 0.615081
vt 0.107217 0.616074
vt 0.107125 0.614458
vt 0.107224 0.612971
vt 0.107496 0.619006
vt 0.109117 0.618268
vt 0.108974 0.619680
vt 0.107431 0.619902
vt 0.107458 0.620881
vt 0.108902 0.620718
vt 0.108924 0.621705
vt 0.107620 0.621958
vt 0.109240 0.622915
vt 0.107817 0.623454
vt 0.378857 0.423651
vt 0.379657 0.423290
vt 0.379741 0.423732
vt 0.378981 0.423987
vt 0.384247 0.433456
vt 0.381982 0.424131
vt 0.382889 0.424997
vt 0.382535 0.425347
vt 0.381693 0.424311
vt 0.384994 0.426287
vt 0.384124 0.424806
vt 0.380322 0.423251
vt 0.381025 0.423511
vt 0.381014 0.423934
vt 0.380362 0.423754
vt 0.382778 0.429415
vt 0.383599 0.432223
vt 0.383007 0.432660
vt 0.382801 0.430988
vt 0.383838 0.431395
vt 0.383694 0.431906
vt 0.382955 0.428803
vt 0.382991 0.427963
vt 0.088582 0.147221
vt 0.088248 0.147468
vt 0.088304 0.148581
vt 0.088846 0.148421
vt 0.109621 0.623664
vt 0.109521 0.624503
vt 0.109047 0.626340
vt 0.107227 0.626277
vt 0.088287 0.149958
vt 0.088963 0.150001
vt 0.382779 0.440204
vt 0.383643 0.437973
vt 0.384339 0.437631
vt 0.088287 0.151694
vt 0.088968 0.151913
vt 0.088402 0.153761
vt 0.088968 0.154105
vt 0.377493 0.428510
vt 0.378168 0.428149
vt 0.378939 0.430312
vt 0.378489 0.431058
vt 0.272943 0.120742
vt 0.272350 0.120488
vt 0.272632 0.119277
vt 0.273144 0.119410
vt 0.379842 0.431014
vt 0.379714 0.431671
vt 0.273259 0.118201
vt 0.272739 0.118248
vt 0.272719 0.117370
vt 0.273109 0.117127
vt 0.380726 0.431861
vt 0.380662 0.431120
vt 0.381381 0.431136
vt 0.381645 0.431866
vt 0.272526 0.116427
vt 0.273229 0.116181
vt 0.382027 0.430453
vt 0.382615 0.431050
vt 0.272370 0.115092
vt 0.273112 0.115069
vt 0.387933 0.428561
vt 0.413953 0.141889
vt 0.413555 0.144898
vt 0.414315 0.145130
vt 0.414655 0.142373
vt 0.413600 0.146406
vt 0.414352 0.146603
vt 0.383756 0.433676
vt 0.383122 0.434025
vt 0.223962 0.166299
vt 0.223871 0.165135
vt 0.223666 0.164950
vt 0.223869 0.166388
vt 0.267315 0.995441
vt 0.266873 0.995551
vt 0.266855 0.994980
vt 0.267300 0.994881
vt 0.380887 0.436811
vt 0.382350 0.437035
vt 0.384095 0.433467
vt 0.224002 0.167087
vt 0.223892 0.166921
vt 0.377484 0.426385
vt 0.378126 0.426271
vt 0.377800 0.424090
vt 0.378368 0.424753
vt 0.383342 0.436444
vt 0.224009 0.167933
vt 0.223895 0.168028
vt 0.088183 0.148792
vt 0.088166 0.149766
vt 0.223806 0.169860
vt 0.223895 0.168844
vt 0.223808 0.168724
vt 0.223666 0.169992
vt 0.290466 0.994883
vt 0.290952 0.994881
vt 0.290876 0.995430
vt 0.290390 0.995430
vt 0.379606 0.429001
vt 0.379936 0.429902
vt 0.379248 0.429773
vt 0.378613 0.428015
vt 0.289958 0.994883
vt 0.289894 0.995374
vt 0.306284 0.994881
vt 0.305780 0.994893
vt 0.305717 0.995427
vt 0.306220 0.995427
vt 0.379745 0.424574
vt 0.379533 0.426086
vt 0.378791 0.425397
vt 0.379169 0.424509
vt 0.272524 0.117250
vt 0.272396 0.116611
vt 0.184252 0.176135
vt 0.184291 0.177936
vt 0.184180 0.177732
vt 0.184108 0.176330
vt 0.380417 0.429249
vt 0.380554 0.430121
vt 0.381000 0.424756
vt 0.381514 0.424857
vt 0.382103 0.425593
vt 0.381118 0.426148
vt 0.379489 0.427425
vt 0.378579 0.426523
vt 0.382443 0.428858
vt 0.381656 0.429838
vt 0.381125 0.430043
vt 0.381227 0.429302
vt 0.380358 0.424584
vt 0.380331 0.426215
vt 0.382571 0.427150
vt 0.381301 0.427673
vt 0.107512 0.617962
vt 0.109264 0.616928
vt 0.088163 0.151872
vt 0.088261 0.153469
vt 0.336725 0.995415
vt 0.337176 0.995357
vt 0.337199 0.994881
vt 0.336736 0.994927
vt 0.391586 0.995134
vt 0.390989 0.995089
vt 0.391121 0.994881
vt 0.391568 0.994923
vt 0.305296 0.994889
vt 0.305243 0.995370
vt 0.379911 0.428554
vt 0.380388 0.428891
vt 0.380316 0.426859
vt 0.379862 0.427116
vt 0.184268 0.173465
vt 0.184252 0.174612
vt 0.184111 0.174375
vt 0.184129 0.173521
vt 0.379688 0.427819
vt 0.380835 0.428633
vt 0.380792 0.427195
vt 0.390713 0.425722
vt 0.391156 0.424215
vt 0.391274 0.425540
vt 0.389317 0.430949
vt 0.139251 0.393183
vt 0.137996 0.391283
vt 0.389814 0.427319
vt 0.389251 0.449280
vt 0.389090 0.436764
vt 0.381009 0.427932
vt 0.385105 0.458829
vt 0.385049 0.457998
vt 0.266390 0.995434
vt 0.266369 0.994881
vt 0.392689 0.436413
vt 0.389670 0.435060
vt 0.394080 0.434566
vt 0.383786 0.435987
vt 0.378304 0.436104
vt 0.377161 0.435481
vt 0.379495 0.436456
vt 0.382333 0.425397
vt 0.381765 0.424657
vt 0.384337 0.436079
vt 0.378947 0.433774
vt 0.377476 0.433378
vt 0.390031 0.441570
vt 0.389770 0.439315
vt 0.394314 0.439057
vt 0.394326 0.440468
vt 0.374696 0.441686
vt 0.374986 0.440992
vt 0.105883 0.634854
vt 0.107334 0.634974
vt 0.107240 0.636468
vt 0.105767 0.636366
vt 0.105345 0.642046
vt 0.106956 0.642172
vt 0.106876 0.643421
vt 0.105259 0.643207
vt 0.106116 0.610647
vt 0.105996 0.612753
vt 0.104626 0.612260
vt 0.104698 0.610355
vt 0.104954 0.648547
vt 0.106012 0.648492
vt 0.105975 0.649705
vt 0.104897 0.649646
vt 0.361484 0.424379
vt 0.362060 0.425427
vt 0.361809 0.425456
vt 0.361292 0.424574
vt 0.361330 0.425651
vt 0.361074 0.426509
vt 0.360586 0.426440
vt 0.360965 0.425110
vt 0.361574 0.427634
vt 0.361744 0.427950
vt 0.360973 0.428610
vt 0.360931 0.428234
vt 0.132313 0.995981
vt 0.132370 0.996316
vt 0.131484 0.996227
vt 0.131560 0.995899
vt 0.544726 0.512332
vt 0.544903 0.512632
vt 0.544855 0.511203
vt 0.544696 0.511143
vt 0.544929 0.509859
vt 0.544756 0.510143
vt 0.359979 0.425231
vt 0.360461 0.424955
vt 0.360166 0.426100
vt 0.359673 0.425854
vt 0.361438 0.426403
vt 0.361260 0.427118
vt 0.360855 0.427564
vt 0.360342 0.427630
vt 0.359886 0.427286
vt 0.359636 0.426623
vt 0.361905 0.426608
vt 0.362148 0.426755
vt 0.360533 0.424249
vt 0.359777 0.424582
vt 0.359734 0.424296
vt 0.360617 0.423957
vt 0.359500 0.427662
vt 0.359351 0.427808
vt 0.359105 0.427063
vt 0.359199 0.426765
vt 0.105946 0.651165
vt 0.104799 0.651373
vt 0.107520 0.610819
vt 0.543132 0.510137
vt 0.543183 0.508051
vt 0.544315 0.509222
vt 0.543894 0.510611
vt 0.105187 0.644276
vt 0.106975 0.644793
vt 0.106852 0.646296
vt 0.105126 0.645335
vt 0.371604 0.424062
vt 0.371406 0.427247
vt 0.370404 0.427282
vt 0.370619 0.423981
vt 0.543103 0.512247
vt 0.543982 0.512798
vt 0.544176 0.514795
vt 0.543078 0.514358
vt 0.544173 0.516896
vt 0.543061 0.516799
vt 0.357155 0.431365
vt 0.357325 0.429473
vt 0.358518 0.429770
vt 0.358469 0.431361
vt 0.359194 0.431220
vt 0.359267 0.429977
vt 0.360055 0.430135
vt 0.359952 0.431310
vt 0.361034 0.429401
vt 0.362424 0.428691
vt 0.362384 0.430445
vt 0.360938 0.430115
vt 0.361964 0.431512
vt 0.363319 0.430821
vt 0.362646 0.431697
vt 0.362623 0.432187
vt 0.361933 0.431973
vt 0.358682 0.428542
vt 0.358019 0.427625
vt 0.359102 0.425634
vt 0.359339 0.429028
vt 0.133118 0.996017
vt 0.133238 0.996316
vt 0.103919 0.648494
vt 0.104063 0.645236
vt 0.360135 0.429333
vt 0.360159 0.428416
vt 0.360728 0.431325
vt 0.360790 0.434729
vt 0.360740 0.433391
vt 0.362125 0.433377
vt 0.362255 0.434525
vt 0.362952 0.426877
vt 0.384165 0.435622
vt 0.384185 0.437637
vt 0.383724 0.437981
vt 0.383881 0.435857
vt 0.363976 0.424406
vt 0.363823 0.426911
vt 0.362953 0.424804
vt 0.413777 0.141567
vt 0.413402 0.144614
vt 0.365713 0.428865
vt 0.364820 0.429310
vt 0.364764 0.426926
vt 0.365669 0.426920
vt 0.380521 0.430670
vt 0.379989 0.430514
vt 0.380013 0.430012
vt 0.380485 0.430179
vt 0.364899 0.423708
vt 0.378476 0.428333
vt 0.378388 0.426261
vt 0.378568 0.426333
vt 0.378668 0.428249
vt 0.382096 0.425471
vt 0.381657 0.424890
vt 0.378552 0.425301
vt 0.379157 0.424144
vt 0.379244 0.424396
vt 0.378710 0.425493
vt 0.382643 0.427533
vt 0.380469 0.423995
vt 0.380923 0.424155
vt 0.380913 0.424523
vt 0.380455 0.424396
vt 0.379027 0.429881
vt 0.379154 0.429605
vt 0.381708 0.430202
vt 0.381592 0.429959
vt 0.382562 0.428643
vt 0.379650 0.423969
vt 0.379628 0.424379
vt 0.381280 0.430534
vt 0.381233 0.430098
vt 0.072768 0.995755
vt 0.073420 0.996117
vt 0.073027 0.996646
vt 0.072486 0.996666
vt 0.072141 0.995407
vt 0.072121 0.996140
vt 0.414269 0.150928
vt 0.414070 0.148878
vt 0.413822 0.148692
vt 0.414128 0.150905
vt 0.380229 0.433847
vt 0.073062 0.994881
vt 0.073429 0.995404
vt 0.272172 0.120574
vt 0.272470 0.119160
vt 0.337655 0.995415
vt 0.337677 0.994914
vt 0.451685 0.995091
vt 0.450991 0.995091
vt 0.451071 0.994881
vt 0.451531 0.994887
vt 0.072528 0.994881
vt 0.272172 0.114762
vt 0.272555 0.118375
vt 0.390476 0.995134
vt 0.390377 0.994963
vt 0.113057 0.997372
vt 0.113057 0.995641
vt 0.112821 0.995970
vt 0.112874 0.997109
vt 0.378525 0.425060
vt 0.413432 0.146377
vt 0.421013 0.995089
vt 0.420397 0.995116
vt 0.420264 0.994906
vt 0.421094 0.994881
vt 0.419817 0.995094
vt 0.419876 0.994881
vt 0.184291 0.172561
vt 0.184173 0.172409
vt 0.198011 0.360410
vt 0.198009 0.357943
vt 0.198263 0.357800
vt 0.198434 0.359894
vt 0.375186 0.447940
vt 0.376783 0.449154
vt 0.378283 0.449829
vt 0.379728 0.450298
vt 0.380356 0.449933
vt 0.380871 0.449327
vt 0.372968 0.445721
vt 0.373823 0.446682
vt 0.372642 0.446458
vt 0.370416 0.442947
vt 0.380849 0.447874
vt 0.380573 0.446270
vt 0.379986 0.444827
vt 0.379316 0.443609
vt 0.378583 0.442750
vt 0.377802 0.441930
vt 0.376878 0.440959
vt 0.389188 0.434844
vt 0.112969 0.994046
vt 0.112841 0.993891
vt 0.382510 0.433417
vt 0.375347 0.447336
vt 0.376808 0.448520
vt 0.542503 0.519193
vt 0.542480 0.518120
vt 0.543315 0.518112
vt 0.543320 0.519207
vt 0.542101 0.524528
vt 0.542259 0.522469
vt 0.543184 0.522439
vt 0.542811 0.524417
vt 0.542530 0.520572
vt 0.543397 0.520661
vt 0.114366 0.200078
vt 0.114573 0.202099
vt 0.115231 0.201841
vt 0.115003 0.200001
vt 0.117897 0.143107
vt 0.119410 0.142265
vt 0.119420 0.140921
vt 0.117906 0.141906
vt 0.363942 0.433736
vt 0.363951 0.434795
vt 0.363065 0.434531
vt 0.362973 0.433525
vt 0.119426 0.140724
vt 0.117851 0.140926
vt 0.119432 0.137488
vt 0.117901 0.137162
vt 0.357468 0.432526
vt 0.358614 0.432510
vt 0.358501 0.433634
vt 0.357488 0.433641
vt 0.363931 0.435903
vt 0.363098 0.435784
vt 0.364092 0.437191
vt 0.363110 0.437085
vt 0.241284 0.994083
vt 0.241259 0.995133
vt 0.241900 0.996825
vt 0.241900 0.993890
vt 0.357570 0.438787
vt 0.357261 0.438850
vt 0.360211 0.437789
vt 0.360294 0.439259
vt 0.359638 0.439808
vt 0.359514 0.438143
vt 0.362849 0.438472
vt 0.362187 0.438386
vt 0.362295 0.437117
vt 0.364855 0.437942
vt 0.364554 0.439523
vt 0.363658 0.438837
vt 0.204765 0.430542
vt 0.204765 0.426447
vt 0.206533 0.427651
vt 0.205982 0.429629
vt 0.380754 0.456865
vt 0.379335 0.456163
vt 0.369987 0.444150
vt 0.368118 0.442380
vt 0.368746 0.440676
vt 0.377920 0.455219
vt 0.376539 0.454245
vt 0.383777 0.458201
vt 0.382112 0.457621
vt 0.360885 0.437461
vt 0.360916 0.438767
vt 0.365858 0.438706
vt 0.365547 0.440304
vt 0.371707 0.445092
vt 0.371347 0.446165
vt 0.393500 0.450875
vt 0.358751 0.438445
vt 0.359166 0.441610
vt 0.357713 0.436846
vt 0.358607 0.436743
vt 0.359407 0.436562
vt 0.360139 0.436333
vt 0.357551 0.435139
vt 0.358505 0.435135
vt 0.359304 0.433568
vt 0.359311 0.432476
vt 0.359993 0.432454
vt 0.360022 0.433479
vt 0.119958 0.140718
vt 0.119958 0.139235
vt 0.362760 0.432803
vt 0.362307 0.435823
vt 0.115794 0.196907
vt 0.115283 0.196846
vt 0.114718 0.198856
vt 0.115385 0.198528
vt 0.360843 0.436106
vt 0.360073 0.434885
vt 0.114800 0.204386
vt 0.114954 0.205557
vt 0.115381 0.205191
vt 0.115327 0.204042
vt 0.359330 0.435034
vt 0.114685 0.203215
vt 0.115287 0.202929
vt 0.363890 0.432371
vt 0.362966 0.432491
vt 0.106656 0.629242
vt 0.108230 0.629488
vt 0.107912 0.631058
vt 0.106393 0.630745
vt 0.374719 0.430067
vt 0.376192 0.429787
vt 0.376484 0.431604
vt 0.375007 0.431850
vt 0.105629 0.638185
vt 0.107210 0.638301
vt 0.107099 0.640284
vt 0.105487 0.640119
vt 0.362729 0.432469
vt 0.115581 0.198415
vt 0.115976 0.196819
vt 0.542428 0.517899
vt 0.543264 0.517856
vt 0.357463 0.432235
vt 0.358643 0.432217
vt 0.115389 0.201790
vt 0.115179 0.199991
vt 0.359313 0.432179
vt 0.115453 0.202851
vt 0.115976 0.208122
vt 0.115790 0.206910
vt 0.115622 0.207062
vt 0.115798 0.208077
vt 0.115558 0.205041
vt 0.115281 0.207363
vt 0.359985 0.432146
vt 0.115510 0.203922
vt 0.374752 0.452366
vt 0.374056 0.446086
vt 0.376615 0.454453
vt 0.171188 0.770054
vt 0.171662 0.769729
vt 0.378153 0.449328
vt 0.453867 0.081024
vt 0.453058 0.080495
vt 0.366072 0.429942
vt 0.366801 0.430305
vt 0.366546 0.431414
vt 0.365619 0.430799
vt 0.367662 0.431819
vt 0.367843 0.430559
vt 0.368925 0.430626
vt 0.368777 0.432011
vt 0.371888 0.430628
vt 0.370990 0.430666
vt 0.371196 0.429378
vt 0.372104 0.429409
vt 0.373447 0.430357
vt 0.372782 0.430534
vt 0.373022 0.429440
vt 0.373939 0.429540
vt 0.373787 0.431083
vt 0.366813 0.428937
vt 0.366835 0.427008
vt 0.368146 0.427029
vt 0.367983 0.429080
vt 0.109341 0.613803
vt 0.369340 0.427205
vt 0.369606 0.423924
vt 0.365745 0.423718
vt 0.373207 0.427118
vt 0.372286 0.427173
vt 0.372370 0.424131
vt 0.373290 0.424176
vt 0.376535 0.424045
vt 0.376305 0.426907
vt 0.374970 0.427101
vt 0.375195 0.424128
vt 0.368369 0.423880
vt 0.367026 0.423780
vt 0.369870 0.432066
vt 0.369989 0.430660
vt 0.370915 0.432003
vt 0.374151 0.427062
vt 0.374366 0.424181
vt 0.371909 0.431866
vt 0.369109 0.429264
vt 0.370164 0.429327
vt 0.363617 0.429072
vt 0.106879 0.627975
vt 0.108574 0.628288
vt 0.371047 0.436270
vt 0.372097 0.435967
vt 0.372862 0.431588
vt 0.364386 0.430827
vt 0.365032 0.432183
vt 0.365011 0.433816
vt 0.364964 0.435141
vt 0.364956 0.436450
vt 0.373941 0.443432
vt 0.374324 0.442554
vt 0.373275 0.445120
vt 0.373587 0.444329
vt 0.372311 0.447563
vt 0.374889 0.438136
vt 0.374793 0.439179
vt 0.374976 0.436824
vt 0.371811 0.449163
vt 0.370869 0.447704
vt 0.380429 0.448902
vt 0.380412 0.447554
vt 0.379432 0.449797
vt 0.379996 0.449426
vt 0.380070 0.446030
vt 0.453058 0.075252
vt 0.209198 0.996937
vt 0.209870 0.996442
vt 0.379494 0.444837
vt 0.389557 0.436807
vt 0.393518 0.437444
vt 0.366718 0.441216
vt 0.367122 0.439585
vt 0.119409 0.146940
vt 0.117685 0.147655
vt 0.367503 0.433193
vt 0.368672 0.433384
vt 0.367241 0.437710
vt 0.368692 0.438327
vt 0.366039 0.437124
vt 0.366125 0.435656
vt 0.366208 0.434248
vt 0.366304 0.432783
vt 0.367337 0.436117
vt 0.368605 0.436501
vt 0.367403 0.434611
vt 0.368622 0.434862
vt 0.106004 0.633364
vt 0.107467 0.633523
vt 0.369900 0.436629
vt 0.369802 0.434925
vt 0.369806 0.433451
vt 0.370913 0.434779
vt 0.370884 0.433362
vt 0.375074 0.435316
vt 0.374056 0.435458
vt 0.373938 0.432542
vt 0.375092 0.433676
vt 0.374034 0.433982
vt 0.107669 0.632403
vt 0.106181 0.632110
vt 0.371974 0.434552
vt 0.371913 0.433182
vt 0.373082 0.435678
vt 0.372993 0.434266
vt 0.372917 0.432897
vt 0.381583 0.433845
vt 0.414655 0.149469
vt 0.383911 0.433647
vt 0.389297 0.429499
vt 0.376162 0.435369
vt 0.376390 0.433497
vt 0.372669 0.450498
vt 0.361432 0.423497
vt 0.352992 0.995221
vt 0.353053 0.994881
vt 0.354005 0.994885
vt 0.353819 0.995221
vt 0.132264 0.995124
vt 0.132780 0.995001
vt 0.133179 0.994881
vt 0.133692 0.995584
vt 0.359260 0.425577
vt 0.131800 0.995220
vt 0.930262 0.462183
vt 0.930273 0.460457
vt 0.928583 0.460310
vt 0.928571 0.462009
vt 0.969082 0.068243
vt 0.969115 0.062795
vt 0.968407 0.062757
vt 0.968413 0.068211
vt 0.183938 0.067962
vt 0.183945 0.070254
vt 0.190853 0.784825
vt 0.184967 0.782464
vt 0.189708 0.776731
vt 0.194517 0.780395
vt 0.120101 0.151670
vt 0.120099 0.149173
vt 0.541470 0.524525
vt 0.541480 0.522482
vt 0.851097 0.957239
vt 0.851551 0.957995
vt 0.846822 0.957810
vt 0.846501 0.957059
vt 0.104122 0.644177
vt 0.542776 0.528037
vt 0.542726 0.528963
vt 0.541448 0.529042
vt 0.541453 0.527979
vt 0.362039 0.439968
vt 0.361760 0.439371
vt 0.360616 0.439737
vt 0.361036 0.440257
vt 0.541489 0.520599
vt 0.446900 0.584158
vt 0.448018 0.592591
vt 0.447307 0.592448
vt 0.446279 0.584162
vt 0.847488 0.931252
vt 0.847685 0.937288
vt 0.846393 0.937273
vt 0.846302 0.931378
vt 0.930340 0.459051
vt 0.930313 0.454054
vt 0.930281 0.452643
vt 0.928405 0.452506
vt 0.928421 0.453967
vt 0.252036 0.811063
vt 0.252606 0.802858
vt 0.251941 0.802922
vt 0.251338 0.811135
vt 0.223791 0.964854
vt 0.224009 0.958287
vt 0.222573 0.958244
vt 0.222436 0.964834
vt 0.105002 0.631970
vt 0.105168 0.630573
vt 0.103871 0.649594
vt 0.119958 0.145254
vt 0.119958 0.143750
vt 0.541495 0.519226
vt 0.119958 0.137560
vt 0.119958 0.136730
vt 0.847132 0.926917
vt 0.845706 0.926351
vt 0.119958 0.142273
vt 0.119958 0.140882
vt 0.969116 0.058743
vt 0.969108 0.055546
vt 0.968404 0.055336
vt 0.968404 0.058624
vt 0.223517 0.973380
vt 0.222301 0.973339
vt 0.445612 0.577450
vt 0.930339 0.463451
vt 0.928546 0.463271
vt 0.368661 0.481518
vt 0.362864 0.479640
vt 0.119958 0.138500
vt 0.105887 0.614261
vt 0.104409 0.640009
vt 0.104544 0.638100
vt 0.929229 0.470058
vt 0.929301 0.464492
vt 0.928602 0.464468
vt 0.928527 0.470112
vt 0.106200 0.617760
vt 0.106041 0.615924
vt 0.119958 0.134448
vt 0.106133 0.618833
vt 0.929115 0.488681
vt 0.929126 0.486578
vt 0.928426 0.486918
vt 0.928415 0.489064
vt 0.118681 0.133397
vt 0.118676 0.133865
vt 0.119958 0.133957
vt 0.119958 0.133341
vt 0.222291 0.981826
vt 0.221580 0.981373
vt 0.929110 0.476404
vt 0.928485 0.476731
vt 0.106439 0.620937
vt 0.106513 0.619841
vt 0.104855 0.633256
vt 0.104660 0.636298
vt 0.104759 0.634777
vt 0.103795 0.651361
vt 0.396422 0.437424
vt 0.395863 0.438957
vt 0.390209 0.444114
vt 0.393610 0.442770
vt 0.105376 0.629019
vt 0.542158 0.510015
vt 0.542181 0.507943
vt 0.969103 0.050733
vt 0.969102 0.048835
vt 0.968404 0.048421
vt 0.968404 0.050375
vt 0.106172 0.623573
vt 0.106544 0.622141
vt 0.103272 0.648451
vt 0.103394 0.645184
vt 0.969104 0.052930
vt 0.968404 0.052639
vt 0.105544 0.627708
vt 0.104187 0.643104
vt 0.104271 0.641927
vt 0.929135 0.483967
vt 0.928440 0.484305
vt 0.542138 0.512123
vt 0.542618 0.517727
vt 0.541620 0.517755
vt 0.542104 0.516788
vt 0.929146 0.480726
vt 0.928461 0.481032
vt 0.541500 0.518152
vt 0.542120 0.514262
vt 0.251021 0.836850
vt 0.251442 0.828146
vt 0.250556 0.827981
vt 0.250046 0.836546
vt 0.371134 0.451527
vt 0.373091 0.450618
vt 0.137691 0.389251
vt 0.137160 0.390135
vt 0.252389 0.852347
vt 0.250386 0.845023
vt 0.249398 0.844626
vt 0.248878 0.851634
vt 0.105787 0.626107
vt 0.171165 0.741770
vt 0.173888 0.737773
vt 0.176503 0.743106
vt 0.969059 0.076225
vt 0.968420 0.076258
vt 0.251670 0.819132
vt 0.250894 0.819125
vt 0.119958 0.146959
vt 0.238042 0.245453
vt 0.236580 0.246251
vt 0.237153 0.244166
vt 0.238200 0.243592
vt 0.541501 0.517937
vt 0.138315 0.388241
vt 0.349394 0.193334
vt 0.348847 0.191637
vt 0.349461 0.191605
vt 0.183268 0.066498
vt 0.183307 0.065172
vt 0.183926 0.065145
vt 0.183935 0.066526
vt 0.847941 0.944789
vt 0.848070 0.950456
vt 0.846441 0.950239
vt 0.846459 0.944776
vt 0.928702 0.463574
vt 0.928637 0.464073
vt 0.345564 0.192041
vt 0.197856 0.769442
vt 0.194631 0.773122
vt 0.193658 0.776518
vt 0.197694 0.772200
vt 0.372661 0.450607
vt 0.372643 0.450581
vt 0.394064 0.436441
vt 0.191670 0.742791
vt 0.194104 0.746958
vt 0.200824 0.743444
vt 0.197756 0.737192
vt 0.194804 0.770694
vt 0.198015 0.776518
vt 0.103949 0.630365
vt 0.104009 0.628760
vt 0.104204 0.623552
vt 0.104257 0.622130
vt 0.842452 0.957995
vt 0.842465 0.957242
vt 0.104058 0.627442
vt 0.104115 0.625927
vt 0.842825 0.937114
vt 0.842934 0.931035
vt 0.371823 0.449135
vt 0.372647 0.450525
vt 0.372843 0.450247
vt 0.371978 0.448915
vt 0.104354 0.619545
vt 0.104399 0.618320
vt 0.219885 0.958035
vt 0.219885 0.964728
vt 0.396632 0.435451
vt 0.395200 0.435149
vt 0.396102 0.434606
vt 0.104306 0.620821
vt 0.843025 0.925937
vt 0.384618 0.480345
vt 0.382791 0.481587
vt 0.383766 0.485487
vt 0.385960 0.483998
vt 0.219885 0.973147
vt 0.452648 0.383620
vt 0.452784 0.384252
vt 0.452677 0.385541
vt 0.451721 0.385504
vt 0.219885 0.981093
vt 0.929106 0.490481
vt 0.928405 0.490913
vt 0.340105 0.475024
vt 0.345918 0.473542
vt 0.346020 0.477705
vt 0.340806 0.479063
vt 0.357297 0.477033
vt 0.356452 0.480999
vt 0.362139 0.483656
vt 0.397365 0.434579
vt 0.397541 0.437472
vt 0.103661 0.638063
vt 0.103727 0.636291
vt 0.177202 0.733766
vt 0.175427 0.735557
vt 0.171156 0.727812
vt 0.172778 0.726220
vt 0.103434 0.644123
vt 0.103475 0.643023
vt 0.395337 0.442478
vt 0.394834 0.444558
vt 0.397136 0.445342
vt 0.397407 0.442759
vt 0.187487 0.776736
vt 0.182550 0.771949
vt 0.178388 0.776668
vt 0.183352 0.779056
vt 0.103163 0.651371
vt 0.103230 0.649560
vt 0.445612 0.592253
vt 0.445612 0.584150
vt 0.397574 0.439521
vt 0.541530 0.512047
vt 0.541540 0.509939
vt 0.445612 0.577481
vt 0.541507 0.516793
vt 0.541519 0.514204
vt 0.394080 0.446740
vt 0.393956 0.448438
vt 0.396842 0.448167
vt 0.397008 0.446802
vt 0.175443 0.755986
vt 0.174262 0.749328
vt 0.169485 0.750796
vt 0.169485 0.758524
vt 0.541550 0.507841
vt 0.334597 0.477850
vt 0.335676 0.481708
vt 0.104502 0.615593
vt 0.104565 0.613898
vt 0.369352 0.452464
vt 0.356385 0.436920
vt 0.356623 0.438965
vt 0.356628 0.438812
vt 0.141282 0.995293
vt 0.141282 0.997215
vt 0.141274 0.995293
vt 0.169779 0.729846
vt 0.362150 0.439976
vt 0.363086 0.440547
vt 0.363182 0.440265
vt 0.362244 0.439600
vt 0.351897 0.474510
vt 0.351334 0.478587
vt 0.364080 0.441327
vt 0.364181 0.441047
vt 0.389786 0.473305
vt 0.390873 0.470703
vt 0.393331 0.472717
vt 0.392094 0.475675
vt 0.395686 0.440417
vt 0.397583 0.441051
vt 0.359897 0.441743
vt 0.360537 0.440861
vt 0.360040 0.440444
vt 0.359403 0.441357
vt 0.361344 0.422017
vt 0.363519 0.421937
vt 0.393930 0.450002
vt 0.393899 0.449700
vt 0.396686 0.449527
vt 0.396748 0.451417
vt 0.359334 0.442336
vt 0.358885 0.441927
vt 0.393899 0.449718
vt 0.396684 0.449716
vt 0.356805 0.442422
vt 0.357040 0.443487
vt 0.356890 0.443119
vt 0.356802 0.442365
vt 0.391956 0.467441
vt 0.394537 0.469078
vt 0.141282 0.993891
vt 0.369409 0.445382
vt 0.370885 0.447689
vt 0.371039 0.447469
vt 0.369528 0.445141
vt 0.103785 0.634754
vt 0.103843 0.633181
vt 0.367729 0.444183
vt 0.367825 0.443899
vt 0.365092 0.442143
vt 0.365194 0.441864
vt 0.103521 0.641793
vt 0.103592 0.639909
vt 0.541501 0.517982
vt 0.541502 0.517764
vt 0.612465 0.994894
vt 0.612612 0.994894
vt 0.612497 0.994881
vt 0.357789 0.443262
vt 0.357378 0.442856
vt 0.357457 0.443362
vt 0.195994 0.751451
vt 0.198747 0.757831
vt 0.202437 0.758522
vt 0.202437 0.750794
vt 0.393016 0.463151
vt 0.395718 0.464282
vt 0.386154 0.478899
vt 0.387804 0.482263
vt 0.394009 0.450898
vt 0.393935 0.450501
vt 0.396834 0.453532
vt 0.237708 0.242052
vt 0.238307 0.242052
vt 0.137794 0.387447
vt 0.137153 0.388516
vt 0.348695 0.190501
vt 0.349517 0.190501
vt 0.388671 0.475439
vt 0.390798 0.478155
vt 0.345624 0.190501
vt 0.305002 0.006098
vt 0.305784 0.006060
vt 0.305882 0.007133
vt 0.305032 0.007193
vt 0.396632 0.435410
vt 0.397541 0.437472
vt 0.397364 0.434540
vt 0.393924 0.456541
vt 0.396485 0.458244
vt 0.178346 0.740850
vt 0.387481 0.477275
vt 0.389392 0.480323
vt 0.175788 0.739601
vt 0.177973 0.737227
vt 0.178388 0.732651
vt 0.174165 0.737193
vt 0.366239 0.443059
vt 0.366339 0.442777
vt 0.842590 0.950283
vt 0.842689 0.944733
vt 0.199857 0.765750
vt 0.200534 0.766224
vt 0.104441 0.617211
vt 0.103894 0.631823
vt 0.177002 0.760880
vt 0.171098 0.765874
vt 0.183802 0.065064
vt 0.183802 0.065089
vt 0.761889 0.696641
vt 0.762506 0.694551
vt 0.761066 0.701319
vt 0.761276 0.699030
vt 0.763091 0.692457
vt 0.763920 0.689683
vt 0.304151 0.006140
vt 0.304112 0.007222
vt 0.760965 0.703441
vt 0.765025 0.686597
vt 0.930554 0.468659
vt 0.544639 0.513203
vt 0.544051 0.518104
vt 0.543942 0.519218
vt 0.543922 0.520715
vt 0.543795 0.522419
vt 0.544099 0.517814
vt 0.357078 0.443394
vt 0.356896 0.442466
vt 0.543140 0.527943
vt 0.544855 0.515061
vt 0.106640 0.648460
vt 0.106387 0.649728
vt 0.543209 0.524356
vt 0.106569 0.651051
vt 0.544857 0.516955
vt 0.449652 0.382865
vt 0.451502 0.383612
vt 0.450616 0.385307
vt 0.449457 0.385184
vt 0.330904 0.417077
vt 0.332272 0.419421
vt 0.333007 0.417507
vt 0.330941 0.415395
vt 0.395129 0.427264
vt 0.396934 0.426371
vt 0.396539 0.427163
vt 0.395177 0.427848
vt 0.180234 0.513568
vt 0.180681 0.514670
vt 0.181113 0.514661
vt 0.180511 0.512714
vt 0.392928 0.426782
vt 0.392878 0.427483
vt 0.449430 0.382064
vt 0.448654 0.385483
vt 0.393992 0.427601
vt 0.394197 0.428141
vt 0.128382 0.351970
vt 0.129668 0.353433
vt 0.130275 0.352539
vt 0.129078 0.350904
vt 0.052368 0.214816
vt 0.052266 0.216195
vt 0.051807 0.216713
vt 0.051906 0.215659
vt 0.450009 0.387330
vt 0.451003 0.387286
vt 0.451376 0.389258
vt 0.450535 0.389460
vt 0.180112 0.514879
vt 0.178899 0.514436
vt 0.179064 0.515777
vt 0.179985 0.516191
vt 0.025125 0.997822
vt 0.025125 0.994493
vt 0.024748 0.993891
vt 0.024694 0.996673
vt 0.397763 0.426202
vt 0.397213 0.426982
vt 0.332936 0.415609
vt 0.333488 0.415986
vt 0.333630 0.413654
vt 0.332889 0.413430
vt 0.451923 0.387210
vt 0.452730 0.387170
vt 0.452784 0.388799
vt 0.452124 0.388916
vt 0.394449 0.426748
vt 0.394439 0.425783
vt 0.395943 0.424784
vt 0.396012 0.426012
vt 0.395174 0.432590
vt 0.394463 0.431121
vt 0.396000 0.430393
vt 0.396760 0.431296
vt 0.449142 0.387652
vt 0.449624 0.389811
vt 0.330907 0.414342
vt 0.330895 0.413068
vt 0.052422 0.222683
vt 0.052428 0.225893
vt 0.051995 0.225027
vt 0.051977 0.222116
vt 0.449743 0.391221
vt 0.450469 0.390961
vt 0.450385 0.392201
vt 0.449839 0.392384
vt 0.331428 0.411309
vt 0.333133 0.411567
vt 0.333325 0.410060
vt 0.331965 0.409451
vt 0.052233 0.218821
vt 0.051768 0.218783
vt 0.451181 0.390786
vt 0.450991 0.392305
vt 0.155554 0.993891
vt 0.154980 0.994725
vt 0.154980 0.997045
vt 0.155647 0.995628
vt 0.389701 0.429612
vt 0.390603 0.428612
vt 0.391336 0.428933
vt 0.390405 0.429769
vt 0.398141 0.426430
vt 0.397547 0.427130
vt 0.398088 0.430786
vt 0.397952 0.429991
vt 0.399060 0.428493
vt 0.399130 0.429388
vt 0.127950 0.357761
vt 0.127691 0.357087
vt 0.127093 0.358175
vt 0.127291 0.359023
vt 0.397076 0.425681
vt 0.396902 0.424945
vt 0.397694 0.424643
vt 0.397858 0.425347
vt 0.451864 0.390545
vt 0.451615 0.392172
vt 0.397719 0.429207
vt 0.398511 0.427914
vt 0.451593 0.393889
vt 0.452114 0.391704
vt 0.452213 0.393231
vt 0.063323 0.336506
vt 0.063298 0.338396
vt 0.064758 0.338396
vt 0.064406 0.336570
vt 0.065137 0.337626
vt 0.065072 0.336235
vt 0.450947 0.394211
vt 0.450809 0.395590
vt 0.450078 0.394693
vt 0.450293 0.393596
vt 0.063669 0.333280
vt 0.063474 0.334712
vt 0.064302 0.334827
vt 0.064361 0.333270
vt 0.062713 0.334683
vt 0.062464 0.336395
vt 0.062399 0.337953
vt 0.064977 0.334919
vt 0.451622 0.395471
vt 0.452303 0.394572
vt 0.398689 0.426858
vt 0.399218 0.427183
vt 0.398542 0.425870
vt 0.399263 0.425956
vt 0.449412 0.393719
vt 0.449591 0.392670
vt 0.308075 0.530664
vt 0.307148 0.528780
vt 0.308104 0.528743
vt 0.308211 0.530032
vt 0.127883 0.353735
vt 0.128979 0.354716
vt 0.126924 0.356886
vt 0.128290 0.355999
vt 0.127367 0.355523
vt 0.179668 0.517265
vt 0.180187 0.518442
vt 0.180699 0.517374
vt 0.124828 0.354782
vt 0.125732 0.356626
vt 0.126115 0.354653
vt 0.124939 0.353145
vt 0.180688 0.516022
vt 0.124861 0.351349
vt 0.126535 0.352412
vt 0.126671 0.350594
vt 0.124279 0.350300
vt 0.212008 0.258147
vt 0.212294 0.258960
vt 0.212888 0.257054
vt 0.212455 0.257045
vt 0.124710 0.349681
vt 0.127292 0.349655
vt 0.124931 0.359049
vt 0.125349 0.358598
vt 0.124686 0.356464
vt 0.124353 0.357434
vt 0.126219 0.359050
vt 0.126481 0.358249
vt 0.124221 0.355472
vt 0.179355 0.518339
vt 0.179687 0.519510
vt 0.452443 0.390252
vt 0.333630 0.411881
vt 0.052203 0.227186
vt 0.051768 0.226170
vt 0.398256 0.427005
vt 0.398013 0.427912
vt 0.397413 0.428241
vt 0.397665 0.427559
vt 0.178733 0.517052
vt 0.389652 0.430815
vt 0.390308 0.430688
vt 0.390534 0.431737
vt 0.392696 0.431903
vt 0.392846 0.427938
vt 0.052325 0.220752
vt 0.052351 0.217784
vt 0.052380 0.220063
vt 0.395292 0.430580
vt 0.397071 0.429118
vt 0.391090 0.431456
vt 0.393223 0.430652
vt 0.393051 0.431350
vt 0.393215 0.428434
vt 0.393126 0.429594
vt 0.394802 0.429808
vt 0.394678 0.428822
vt 0.395814 0.428077
vt 0.395935 0.428969
vt 0.394170 0.430733
vt 0.395289 0.430117
vt 0.396692 0.429029
vt 0.396987 0.428240
vt 0.396871 0.427461
vt 0.051867 0.220449
vt 0.393994 0.431241
vt 0.395345 0.433346
vt 0.178733 0.513094
vt 0.393168 0.445025
vt 0.393444 0.444992
vt 0.393224 0.444643
vt 0.389441 0.434916
vt 0.391160 0.445461
vt 0.391113 0.445875
vt 0.389984 0.444248
vt 0.389566 0.439341
vt 0.389829 0.441666
vt 0.389344 0.436753
vt 0.180346 0.731172
vt 0.179932 0.736316
vt 0.183779 0.738064
vt 0.187659 0.729994
vt 0.192534 0.731838
vt 0.195543 0.733953
vt 0.195920 0.733335
vt 0.192893 0.731110
vt 0.188079 0.729120
vt 0.929862 0.029305
vt 0.930386 0.029343
vt 0.930987 0.026893
vt 0.930846 0.025881
vt 0.769643 0.698816
vt 0.770527 0.698603
vt 0.770134 0.696496
vt 0.769112 0.696569
vt 0.769728 0.703272
vt 0.770370 0.703087
vt 0.770434 0.700619
vt 0.769703 0.700969
vt 0.767024 0.689683
vt 0.767989 0.689683
vt 0.765521 0.686585
vt 0.768514 0.694472
vt 0.769559 0.694394
vt 0.768967 0.692343
vt 0.767922 0.692400
vt 0.185866 0.069492
vt 0.185880 0.071492
vt 0.184350 0.070213
vt 0.184346 0.067947
vt 0.356881 0.198929
vt 0.357461 0.199935
vt 0.357440 0.200845
vt 0.356944 0.200002
vt 0.430458 0.450855
vt 0.429696 0.451194
vt 0.429576 0.449849
vt 0.430357 0.449404
vt 0.122012 0.145915
vt 0.122010 0.144438
vt 0.120512 0.143738
vt 0.120512 0.145238
vt 0.121991 0.139046
vt 0.122005 0.138130
vt 0.120481 0.138425
vt 0.120484 0.139193
vt 0.121540 0.136476
vt 0.121954 0.134429
vt 0.121246 0.134355
vt 0.120976 0.136681
vt 0.769658 0.705059
vt 0.770234 0.704970
vt 0.430542 0.453890
vt 0.429731 0.453901
vt 0.429781 0.452712
vt 0.430490 0.452455
vt 0.430270 0.455961
vt 0.429530 0.455436
vt 0.429789 0.454793
vt 0.430498 0.455103
vt 0.213992 0.996503
vt 0.214434 0.996937
vt 0.214587 0.995497
vt 0.214040 0.995105
vt 0.122036 0.152517
vt 0.122331 0.149736
vt 0.120505 0.149156
vt 0.120506 0.151639
vt 0.134408 0.385042
vt 0.135722 0.386682
vt 0.136272 0.385720
vt 0.136316 0.385598
vt 0.930156 0.035227
vt 0.928582 0.035693
vt 0.928499 0.037779
vt 0.930409 0.037449
vt 0.930368 0.035572
vt 0.346998 0.184002
vt 0.348953 0.185154
vt 0.348897 0.187637
vt 0.345587 0.187101
vt 0.769003 0.706978
vt 0.769552 0.706887
vt 0.769073 0.705131
vt 0.100004 0.614338
vt 0.101991 0.612542
vt 0.101979 0.614035
vt 0.101767 0.615627
vt 0.101270 0.618496
vt 0.101269 0.619396
vt 0.099752 0.618923
vt 0.099714 0.617496
vt 0.101168 0.620364
vt 0.100928 0.621409
vt 0.099650 0.620944
vt 0.099745 0.619967
vt 0.100620 0.622863
vt 0.099246 0.622095
vt 0.141010 0.224009
vt 0.141274 0.222809
vt 0.140731 0.222649
vt 0.140675 0.223762
vt 0.098848 0.623627
vt 0.098811 0.622777
vt 0.100995 0.625766
vt 0.099182 0.625531
vt 0.141391 0.221229
vt 0.140714 0.221272
vt 0.141396 0.219317
vt 0.140714 0.219536
vt 0.141396 0.217124
vt 0.140830 0.217469
vt 0.357145 0.186254
vt 0.357346 0.187587
vt 0.356834 0.187719
vt 0.356552 0.186509
vt 0.357461 0.188795
vt 0.357311 0.189869
vt 0.356921 0.189626
vt 0.356941 0.188748
vt 0.357431 0.190815
vt 0.356728 0.190569
vt 0.357314 0.191927
vt 0.356572 0.191905
vt 0.456849 0.458817
vt 0.457550 0.458332
vt 0.457210 0.455576
vt 0.456450 0.455807
vt 0.457248 0.454102
vt 0.456495 0.454300
vt 0.386011 0.187707
vt 0.385918 0.187619
vt 0.385715 0.189057
vt 0.385920 0.188871
vt 0.273828 0.995440
vt 0.273843 0.994881
vt 0.274288 0.994980
vt 0.274270 0.995551
vt 0.386051 0.186919
vt 0.385941 0.187086
vt 0.386058 0.186073
vt 0.385943 0.185979
vt 0.140594 0.221464
vt 0.140611 0.222438
vt 0.385855 0.184147
vt 0.385715 0.184014
vt 0.385857 0.185283
vt 0.385944 0.185163
vt 0.298063 0.994883
vt 0.298138 0.995430
vt 0.297652 0.995430
vt 0.297577 0.994881
vt 0.298571 0.994883
vt 0.298634 0.995374
vt 0.312892 0.994881
vt 0.312956 0.995427
vt 0.313459 0.995427
vt 0.313397 0.994893
vt 0.356598 0.190385
vt 0.356726 0.189746
vt 0.144534 0.067765
vt 0.144390 0.067570
vt 0.144462 0.066169
vt 0.144573 0.065965
vt 0.101333 0.617455
vt 0.099668 0.616141
vt 0.140688 0.217761
vt 0.140590 0.219358
vt 0.330206 0.995415
vt 0.330195 0.994927
vt 0.329732 0.994881
vt 0.329755 0.995357
vt 0.382393 0.995134
vt 0.382412 0.994923
vt 0.382858 0.994881
vt 0.382990 0.995089
vt 0.313934 0.995370
vt 0.313881 0.994889
vt 0.144551 0.070436
vt 0.144411 0.070380
vt 0.144393 0.069526
vt 0.144535 0.069289
vt 0.133776 0.385982
vt 0.135198 0.387603
vt 0.274774 0.994881
vt 0.274753 0.995434
vt 0.101692 0.634510
vt 0.101694 0.636032
vt 0.100223 0.635893
vt 0.100241 0.634392
vt 0.101690 0.641746
vt 0.101688 0.642914
vt 0.100065 0.642862
vt 0.100079 0.641608
vt 0.103266 0.610414
vt 0.103228 0.612526
vt 0.101593 0.648271
vt 0.101568 0.649372
vt 0.100492 0.649255
vt 0.100545 0.648044
vt 0.122879 0.995981
vt 0.123633 0.995899
vt 0.123709 0.996227
vt 0.122823 0.996316
vt 0.538331 0.512265
vt 0.538372 0.511077
vt 0.538212 0.511133
vt 0.538151 0.512562
vt 0.538322 0.510076
vt 0.538151 0.509788
vt 0.101536 0.651105
vt 0.100412 0.650711
vt 0.101858 0.610355
vt 0.539945 0.510104
vt 0.539179 0.510562
vt 0.538772 0.509164
vt 0.539915 0.508016
vt 0.101681 0.643988
vt 0.101662 0.645051
vt 0.099875 0.645723
vt 0.099864 0.644210
vt 0.539954 0.512214
vt 0.539959 0.514325
vt 0.538858 0.514739
vt 0.539070 0.512746
vt 0.539953 0.516766
vt 0.538840 0.516840
vt 0.122075 0.996017
vt 0.121954 0.996316
vt 0.102725 0.645127
vt 0.102626 0.648388
vt 0.456297 0.456091
vt 0.456672 0.459139
vt 0.076859 0.995755
vt 0.076577 0.996666
vt 0.077118 0.996646
vt 0.077511 0.996117
vt 0.076232 0.995407
vt 0.076212 0.996140
vt 0.457164 0.449778
vt 0.457023 0.449800
vt 0.456717 0.452013
vt 0.456966 0.451828
vt 0.077153 0.994881
vt 0.077520 0.995404
vt 0.356672 0.187836
vt 0.356374 0.186422
vt 0.329254 0.994914
vt 0.329276 0.995415
vt 0.454468 0.995091
vt 0.454622 0.994887
vt 0.455082 0.994881
vt 0.455162 0.995091
vt 0.076619 0.994881
vt 0.356374 0.192234
vt 0.356757 0.188621
vt 0.383602 0.994964
vt 0.383503 0.995134
vt 0.104341 0.993891
vt 0.104158 0.994154
vt 0.104105 0.995293
vt 0.104341 0.995623
vt 0.456327 0.454328
vt 0.411776 0.995089
vt 0.411695 0.994881
vt 0.412526 0.994906
vt 0.412392 0.995116
vt 0.412914 0.994881
vt 0.412973 0.995094
vt 0.144573 0.071340
vt 0.144455 0.071492
vt 0.356882 0.202335
vt 0.357305 0.202851
vt 0.357134 0.204944
vt 0.356881 0.204802
vt 0.104125 0.997372
vt 0.104253 0.997217
vt 0.540488 0.519172
vt 0.539671 0.519169
vt 0.539686 0.518074
vt 0.540521 0.518100
vt 0.540839 0.524514
vt 0.540130 0.524389
vt 0.539776 0.522403
vt 0.540701 0.522452
vt 0.539580 0.520621
vt 0.540448 0.520550
vt 0.055583 0.300186
vt 0.056220 0.300262
vt 0.056448 0.298423
vt 0.055791 0.298165
vt 0.122020 0.143107
vt 0.122011 0.141906
vt 0.120497 0.140921
vt 0.120507 0.142265
vt 0.122066 0.140926
vt 0.120491 0.140724
vt 0.122016 0.137162
vt 0.120485 0.137488
vt 0.250809 0.996633
vt 0.251426 0.996825
vt 0.251426 0.993890
vt 0.250784 0.995582
vt 0.254015 0.407383
vt 0.255232 0.408296
vt 0.255783 0.410274
vt 0.254015 0.411477
vt 0.057011 0.303357
vt 0.056602 0.301736
vt 0.055936 0.301408
vt 0.056500 0.303418
vt 0.056017 0.295878
vt 0.056545 0.296222
vt 0.056598 0.295072
vt 0.056172 0.294707
vt 0.055902 0.297048
vt 0.056504 0.297335
vt 0.101342 0.628806
vt 0.101491 0.630342
vt 0.099958 0.630405
vt 0.099759 0.628793
vt 0.101695 0.637862
vt 0.101692 0.639808
vt 0.100078 0.639708
vt 0.100116 0.637719
vt 0.057194 0.303445
vt 0.056798 0.301849
vt 0.540576 0.517880
vt 0.539740 0.517819
vt 0.056606 0.298474
vt 0.056397 0.300273
vt 0.056671 0.297413
vt 0.057194 0.292142
vt 0.057016 0.292187
vt 0.056840 0.293202
vt 0.057008 0.293354
vt 0.056776 0.295223
vt 0.056499 0.292901
vt 0.056727 0.296342
vt 0.198792 0.736925
vt 0.199102 0.736302
vt 0.429227 0.449331
vt 0.430037 0.448802
vt 0.099825 0.613022
vt 0.101215 0.627510
vt 0.099507 0.627544
vt 0.429227 0.454575
vt 0.214664 0.994386
vt 0.213992 0.993890
vt 0.122232 0.147655
vt 0.120508 0.146940
vt 0.101682 0.633009
vt 0.100217 0.632928
vt 0.100100 0.631782
vt 0.101600 0.631734
vt 0.457550 0.451237
vt 0.361598 0.995221
vt 0.360771 0.995221
vt 0.360585 0.994885
vt 0.361537 0.994881
vt 0.122929 0.995124
vt 0.122413 0.995001
vt 0.121501 0.995584
vt 0.122014 0.994881
vt 0.123393 0.995220
vt 0.930261 0.031629
vt 0.928571 0.031804
vt 0.928583 0.033503
vt 0.930273 0.033355
vt 0.068281 0.949294
vt 0.067612 0.949326
vt 0.067605 0.954780
vt 0.068314 0.954742
vt 0.183660 0.070254
vt 0.183667 0.067962
vt 0.204944 0.767787
vt 0.201280 0.772218
vt 0.199817 0.764508
vt 0.204559 0.758775
vt 0.119818 0.149173
vt 0.119816 0.151670
vt 0.833846 0.956563
vt 0.838441 0.956744
vt 0.838094 0.957468
vt 0.833365 0.957283
vt 0.102746 0.644065
vt 0.540130 0.528010
vt 0.540172 0.528936
vt 0.444325 0.584158
vt 0.444946 0.584162
vt 0.443917 0.592448
vt 0.443207 0.592591
vt 0.838378 0.930895
vt 0.839558 0.931114
vt 0.839257 0.936993
vt 0.837966 0.936907
vt 0.930340 0.034761
vt 0.930313 0.039759
vt 0.928421 0.039845
vt 0.928405 0.041307
vt 0.930281 0.041170
vt 0.858925 0.436634
vt 0.858227 0.436563
vt 0.858830 0.444776
vt 0.859495 0.444840
vt 0.215980 0.964854
vt 0.217335 0.964834
vt 0.217198 0.958244
vt 0.215762 0.958287
vt 0.102721 0.630372
vt 0.102783 0.631788
vt 0.102591 0.649489
vt 0.838888 0.926594
vt 0.840332 0.926140
vt 0.068315 0.958794
vt 0.067603 0.958913
vt 0.067603 0.962201
vt 0.068306 0.961991
vt 0.216254 0.973380
vt 0.217470 0.973339
vt 0.930339 0.030361
vt 0.928549 0.030524
vt 0.103224 0.614042
vt 0.102780 0.637955
vt 0.102772 0.639874
vt 0.929229 0.023755
vt 0.928527 0.023701
vt 0.928595 0.029353
vt 0.929301 0.029321
vt 0.102947 0.615670
vt 0.102652 0.617469
vt 0.102638 0.618547
vt 0.929115 0.005131
vt 0.928415 0.004749
vt 0.928426 0.006894
vt 0.929126 0.007235
vt 0.187727 0.738513
vt 0.193534 0.732650
vt 0.121236 0.133397
vt 0.121241 0.133865
vt 0.217480 0.981826
vt 0.218190 0.981373
vt 0.929110 0.017408
vt 0.928485 0.017082
vt 0.102185 0.619486
vt 0.102178 0.620587
vt 0.102833 0.633090
vt 0.102815 0.634618
vt 0.102800 0.636145
vt 0.102535 0.651258
vt 0.102631 0.628794
vt 0.540918 0.507929
vt 0.540920 0.510002
vt 0.068301 0.966804
vt 0.067603 0.967162
vt 0.067603 0.969116
vt 0.068301 0.968702
vt 0.101983 0.621766
vt 0.102245 0.623251
vt 0.068303 0.964607
vt 0.067603 0.964898
vt 0.102561 0.627464
vt 0.102766 0.641803
vt 0.102762 0.642987
vt 0.928440 0.009507
vt 0.929135 0.009845
vt 0.540920 0.512111
vt 0.540910 0.516776
vt 0.541385 0.517752
vt 0.540387 0.517703
vt 0.929146 0.013087
vt 0.928461 0.012781
vt 0.540918 0.514250
vt 0.857910 0.410848
vt 0.856935 0.411152
vt 0.857445 0.419716
vt 0.858331 0.419552
vt 0.136067 0.388698
vt 0.136597 0.387812
vt 0.859278 0.395351
vt 0.855767 0.396063
vt 0.856287 0.403071
vt 0.857275 0.402675
vt 0.102439 0.625833
vt 0.180208 0.738626
vt 0.180391 0.730615
vt 0.068257 0.941312
vt 0.067619 0.941279
vt 0.858559 0.428566
vt 0.857783 0.428573
vt 0.238042 0.238652
vt 0.238200 0.240513
vt 0.237153 0.239939
vt 0.236580 0.237854
vt 0.137201 0.386775
vt 0.180576 0.735899
vt 0.183921 0.735016
vt 0.188570 0.730262
vt 0.183351 0.730262
vt 0.349394 0.187669
vt 0.349461 0.189398
vt 0.348847 0.189366
vt 0.184337 0.066498
vt 0.183670 0.066526
vt 0.183679 0.065145
vt 0.184298 0.065172
vt 0.837442 0.944377
vt 0.838923 0.944481
vt 0.838745 0.949937
vt 0.837110 0.950027
vt 0.928602 0.029598
vt 0.928546 0.030108
vt 0.173634 0.743482
vt 0.171098 0.743446
vt 0.345564 0.188962
vt 0.179104 0.765446
vt 0.174166 0.772126
vt 0.137151 0.388520
vt 0.929106 0.003332
vt 0.928405 0.002900
vt 0.380565 0.482531
vt 0.381118 0.486608
vt 0.374089 0.482839
vt 0.377772 0.483019
vt 0.377891 0.487174
vt 0.373815 0.486977
vt 0.393927 0.450134
vt 0.396741 0.451571
vt 0.329818 0.481383
vt 0.331466 0.490789
vt 0.191028 0.775610
vt 0.188754 0.778834
vt 0.368134 0.485602
vt 0.394008 0.450889
vt 0.396830 0.453448
vt 0.329301 0.481765
vt 0.331011 0.491772
vt 0.768162 0.696641
vt 0.767545 0.694551
vt 0.768985 0.701319
vt 0.768775 0.699030
vt 0.766960 0.692457
vt 0.766131 0.689683
vt 0.769085 0.703441
vt 0.930554 0.025153
vt 0.538410 0.513138
vt 0.539049 0.519166
vt 0.538950 0.518051
vt 0.539165 0.522371
vt 0.539054 0.520664
vt 0.538905 0.517759
vt 0.539767 0.527908
vt 0.538176 0.514991
vt 0.100081 0.649211
vt 0.099924 0.647909
vt 0.539732 0.524319
vt 0.099801 0.650496
vt 0.538156 0.516884
vt 0.305079 0.531419
vt 0.304884 0.529100
vt 0.306043 0.528977
vt 0.306929 0.530672
vt 0.429405 0.427683
vt 0.429441 0.429364
vt 0.431507 0.427252
vt 0.430772 0.425339
vt 0.304857 0.532219
vt 0.304081 0.528801
vt 0.166756 0.284380
vt 0.166294 0.283537
vt 0.166195 0.282483
vt 0.166653 0.283001
vt 0.305436 0.526954
vt 0.305962 0.524823
vt 0.306803 0.525026
vt 0.306430 0.526998
vt 0.211886 0.256835
vt 0.211760 0.255524
vt 0.210838 0.255938
vt 0.210674 0.257279
vt 0.016021 0.993891
vt 0.015590 0.995039
vt 0.015643 0.997822
vt 0.016021 0.997220
vt 0.431436 0.429150
vt 0.431390 0.431329
vt 0.432130 0.431105
vt 0.431988 0.428773
vt 0.307350 0.527073
vt 0.307551 0.525368
vt 0.308211 0.525485
vt 0.308157 0.527114
vt 0.304569 0.526631
vt 0.305051 0.524472
vt 0.429407 0.430418
vt 0.429395 0.431691
vt 0.166810 0.276513
vt 0.166365 0.277080
vt 0.166383 0.274169
vt 0.166815 0.273303
vt 0.305170 0.523062
vt 0.305266 0.521900
vt 0.305812 0.522083
vt 0.305896 0.523323
vt 0.429928 0.433451
vt 0.430465 0.435308
vt 0.431825 0.434700
vt 0.431633 0.433193
vt 0.166156 0.280413
vt 0.166620 0.280375
vt 0.306418 0.521979
vt 0.306608 0.523498
vt 0.160342 0.993891
vt 0.160435 0.995628
vt 0.159768 0.997045
vt 0.159768 0.994725
vt 0.307042 0.522111
vt 0.307291 0.523739
vt 0.307020 0.520394
vt 0.307640 0.521053
vt 0.307541 0.522580
vt 0.241259 0.306564
vt 0.242342 0.306499
vt 0.242694 0.304673
vt 0.241234 0.304673
vt 0.243008 0.306835
vt 0.243073 0.305444
vt 0.306374 0.520073
vt 0.305720 0.520688
vt 0.305505 0.519590
vt 0.306236 0.518694
vt 0.241605 0.309789
vt 0.242297 0.309799
vt 0.242238 0.308243
vt 0.241410 0.308357
vt 0.240400 0.306674
vt 0.240649 0.308386
vt 0.240335 0.305117
vt 0.242913 0.308150
vt 0.307049 0.518812
vt 0.307730 0.519711
vt 0.304839 0.520565
vt 0.305018 0.521614
vt 0.211442 0.254450
vt 0.212473 0.254340
vt 0.211961 0.253273
vt 0.212462 0.255693
vt 0.211129 0.253376
vt 0.211461 0.252205
vt 0.307870 0.524031
vt 0.432130 0.432878
vt 0.166156 0.273026
vt 0.166590 0.272010
vt 0.210507 0.254663
vt 0.166713 0.278444
vt 0.166767 0.279133
vt 0.166738 0.281412
vt 0.166254 0.278747
vt 0.210507 0.258621
vt 0.136024 0.388975
vt 0.136508 0.389592
vt 0.136979 0.390231
vt 0.305184 0.003729
vt 0.304900 0.002940
vt 0.304652 0.003756
vt 0.135020 0.390878
vt 0.135391 0.391453
vt 0.135821 0.391931
vt 0.133776 0.392923
vt 0.134168 0.393492
vt 0.134596 0.394001
vt 0.125119 0.349152
vt 0.127608 0.349131
vt 0.401151 0.438915
vt 0.401037 0.441121
vt 0.397815 0.475691
vt 0.399002 0.471759
vt 0.346183 0.484507
vt 0.341957 0.485660
vt 0.382550 0.495003
vt 0.378338 0.495679
vt 0.401067 0.431768
vt 0.401095 0.436930
vt 0.399716 0.465558
vt 0.333944 0.495667
vt 0.331696 0.495678
vt 0.401101 0.445552
vt 0.400995 0.447529
vt 0.388615 0.490926
vt 0.391126 0.488393
vt 0.385924 0.493299
vt 0.401093 0.436940
vt 0.401066 0.431753
vt 0.400356 0.460051
vt 0.400831 0.448920
vt 0.400762 0.450183
vt 0.306622 0.012561
vt 0.305178 0.012710
vt 0.400717 0.454479
vt 0.303633 0.012710
vt 0.396318 0.479712
vt 0.393107 0.486004
vt 0.394914 0.482937
vt 0.373670 0.495011
vt 0.401054 0.443442
vt 0.400678 0.452070
vt 0.367459 0.493407
vt 0.169479 0.724770
vt 0.171435 0.722805
vt 0.360965 0.490862
vt 0.355089 0.487779
vt 0.350400 0.485245
vt 0.400694 0.451908
vt 0.331453 0.495679
vt 0.400758 0.450345
vt 0.400838 0.448874
vt 0.400356 0.460055
vt 0.400724 0.454595
vt 0.167788 0.727215
vt 0.393932 0.450644
vt 0.411010 0.431817
vt 0.411041 0.435852
vt 0.413359 0.435611
vt 0.413327 0.431540
vt 0.256891 0.017731
vt 0.256942 0.023980
vt 0.259539 0.023949
vt 0.259515 0.017815
vt 0.411238 0.472662
vt 0.411698 0.474639
vt 0.413671 0.474991
vt 0.413652 0.472587
vt 0.257163 0.030227
vt 0.257265 0.037188
vt 0.259592 0.037043
vt 0.259564 0.030101
vt 0.257010 0.005936
vt 0.259467 0.006064
vt 0.257269 0.045911
vt 0.259627 0.045777
vt 0.257312 0.055545
vt 0.259666 0.055461
vt 0.257368 0.064753
vt 0.259703 0.064706
vt 0.257408 0.071669
vt 0.259731 0.071671
vt 0.257437 0.077901
vt 0.257457 0.082885
vt 0.259777 0.083013
vt 0.259756 0.077966
vt 0.411153 0.451515
vt 0.411096 0.456980
vt 0.413545 0.456973
vt 0.413487 0.451427
vt 0.411098 0.446005
vt 0.413440 0.445809
vt 0.257473 0.086851
vt 0.257488 0.090552
vt 0.259808 0.090780
vt 0.259793 0.087034
vt 0.411058 0.439797
vt 0.413391 0.439591
vt 0.410894 0.459669
vt 0.413591 0.459294
vt 0.410918 0.461395
vt 0.410894 0.462659
vt 0.413564 0.462620
vt 0.413582 0.461253
vt 0.257499 0.093467
vt 0.259820 0.093734
vt 0.410984 0.428577
vt 0.413301 0.428265
vt 0.410975 0.464051
vt 0.411029 0.466028
vt 0.413599 0.465904
vt 0.413583 0.463896
vt 0.411019 0.468138
vt 0.411072 0.470458
vt 0.413636 0.470593
vt 0.413617 0.468205
vt 0.257089 0.002607
vt 0.259453 0.002480
vt 0.410960 0.425491
vt 0.413277 0.425145
vt 0.415648 0.431736
vt 0.415681 0.435772
vt 0.262138 0.017685
vt 0.262137 0.023935
vt 0.416065 0.472578
vt 0.415646 0.474561
vt 0.261966 0.030184
vt 0.261920 0.037147
vt 0.261924 0.005892
vt 0.261986 0.045869
vt 0.262021 0.055503
vt 0.262038 0.064711
vt 0.262054 0.071628
vt 0.262075 0.077860
vt 0.262095 0.082844
vt 0.415823 0.451437
vt 0.415992 0.457011
vt 0.415784 0.445924
vt 0.262111 0.086810
vt 0.262126 0.090511
vt 0.415726 0.439716
vt 0.416151 0.459416
vt 0.416243 0.461141
vt 0.416241 0.462613
vt 0.262138 0.093426
vt 0.415623 0.428496
vt 0.416193 0.463961
vt 0.416170 0.465939
vt 0.416213 0.468048
vt 0.416197 0.470369
vt 0.261818 0.002565
vt 0.415598 0.425410
vt 0.413766 0.479755
vt 0.415213 0.479755
vt 0.412222 0.479792
vt 0.289503 0.780726
vt 0.289503 0.772359
vt 0.290735 0.772293
vt 0.290735 0.780486
vt 0.172951 0.773925
vt 0.177608 0.778935
vt 0.762583 0.551782
vt 0.762582 0.560200
vt 0.761351 0.560342
vt 0.761352 0.551711
vt 0.188865 0.781538
vt 0.194346 0.778897
vt 0.172950 0.735394
vt 0.169566 0.742291
vt 0.198971 0.735393
vt 0.194314 0.730382
vt 0.288270 0.787736
vt 0.288270 0.780569
vt 0.289503 0.788002
vt 0.408284 0.739974
vt 0.408300 0.733371
vt 0.407067 0.733065
vt 0.407051 0.739767
vt 0.167788 0.750398
vt 0.167788 0.758922
vt 0.188839 0.727749
vt 0.183082 0.727749
vt 0.198955 0.773944
vt 0.202267 0.767134
vt 0.177607 0.730383
vt 0.204134 0.750396
vt 0.202355 0.742289
vt 0.169567 0.767029
vt 0.408273 0.756431
vt 0.408275 0.747920
vt 0.407041 0.747833
vt 0.407040 0.756472
vt 0.204135 0.758920
vt 0.183083 0.781569
vt 0.062673 0.814462
vt 0.062673 0.822407
vt 0.063905 0.822607
vt 0.063905 0.814541
vt 0.288270 0.772326
vt 0.288270 0.763815
vt 0.289503 0.763720
vt 0.288270 0.755869
vt 0.288270 0.749267
vt 0.289503 0.748952
vt 0.289503 0.755654
vt 0.062673 0.805951
vt 0.063905 0.805902
vt 0.062673 0.790540
vt 0.062673 0.797708
vt 0.063905 0.797534
vt 0.063905 0.790258
vt 0.762573 0.568157
vt 0.761341 0.568412
vt 0.762563 0.536338
vt 0.762577 0.543675
vt 0.761346 0.543369
vt 0.761332 0.536064
vt 0.762557 0.574808
vt 0.761325 0.575115
vt 0.408293 0.771841
vt 0.408280 0.764674
vt 0.407046 0.764839
vt 0.407060 0.772115
vt 0.062673 0.829010
vt 0.063905 0.829309
vt 0.424007 0.829155
vt 0.420644 0.836009
vt 0.418867 0.833378
vt 0.421768 0.827465
vt 0.405836 0.733495
vt 0.405820 0.740058
vt 0.290735 0.787610
vt 0.405811 0.747955
vt 0.065137 0.822308
vt 0.065137 0.814411
vt 0.405816 0.764607
vt 0.405829 0.771731
vt 0.290735 0.749374
vt 0.290735 0.755937
vt 0.065137 0.828871
vt 0.065137 0.805952
vt 0.065137 0.797759
vt 0.760117 0.560224
vt 0.760118 0.551765
vt 0.760092 0.574684
vt 0.760108 0.568122
vt 0.290735 0.763834
vt 0.760112 0.543573
vt 0.760098 0.536448
vt 0.065137 0.790635
vt 0.405809 0.756414
vt 0.514255 0.945487
vt 0.514255 0.952299
vt 0.515121 0.951761
vt 0.515121 0.945257
vt 0.425776 0.821097
vt 0.423293 0.820515
vt 0.410574 0.843608
vt 0.404852 0.843608
vt 0.405245 0.839931
vt 0.410180 0.839931
vt 0.420644 0.797712
vt 0.424007 0.804567
vt 0.421768 0.806256
vt 0.418867 0.800344
vt 0.394781 0.797712
vt 0.399410 0.792732
vt 0.400551 0.796048
vt 0.396559 0.800344
vt 0.425776 0.812625
vt 0.423293 0.813207
vt 0.399410 0.840989
vt 0.400551 0.837673
vt 0.391418 0.829155
vt 0.389650 0.821097
vt 0.392133 0.820515
vt 0.393658 0.827465
vt 0.389650 0.812625
vt 0.392133 0.813207
vt 0.416015 0.840989
vt 0.414874 0.837673
vt 0.391418 0.804567
vt 0.393658 0.806256
vt 0.410574 0.790114
vt 0.416015 0.792732
vt 0.414874 0.796048
vt 0.410180 0.793790
vt 0.394781 0.836009
vt 0.396559 0.833378
vt 0.404852 0.790114
vt 0.405245 0.793790
vt 0.515121 0.957166
vt 0.516788 0.957995
vt 0.516788 0.952321
vt 0.951640 0.819740
vt 0.951629 0.813595
vt 0.950765 0.813169
vt 0.950777 0.819037
vt 0.397063 0.832631
vt 0.400875 0.836732
vt 0.418363 0.801091
vt 0.414550 0.796990
vt 0.514255 0.931124
vt 0.514255 0.938190
vt 0.515121 0.938291
vt 0.515121 0.931544
vt 0.813422 0.941362
vt 0.813421 0.948659
vt 0.812552 0.948435
vt 0.812553 0.941468
vt 0.418363 0.832631
vt 0.421132 0.826986
vt 0.813413 0.955471
vt 0.812544 0.954939
vt 0.957507 0.806534
vt 0.957507 0.799238
vt 0.958373 0.799456
vt 0.958373 0.806422
vt 0.813405 0.928150
vt 0.813416 0.934296
vt 0.812548 0.934721
vt 0.812537 0.928854
vt 0.514255 0.924979
vt 0.515121 0.925677
vt 0.957507 0.792426
vt 0.958373 0.792952
vt 0.951623 0.806529
vt 0.950760 0.806422
vt 0.951624 0.799232
vt 0.950761 0.799456
vt 0.957507 0.813601
vt 0.958373 0.813169
vt 0.397063 0.801091
vt 0.394293 0.806736
vt 0.957507 0.819746
vt 0.958373 0.819037
vt 0.951632 0.792420
vt 0.950769 0.792952
vt 0.727037 0.085766
vt 0.727811 0.093001
vt 0.728935 0.092993
vt 0.728106 0.085244
vt 0.516788 0.938179
vt 0.516788 0.931096
vt 0.516788 0.945493
vt 0.810888 0.948670
vt 0.810889 0.941357
vt 0.812531 0.960344
vt 0.810867 0.961172
vt 0.810880 0.955498
vt 0.960040 0.799220
vt 0.960040 0.806534
vt 0.810884 0.934273
vt 0.810872 0.928114
vt 0.516788 0.924936
vt 0.960040 0.792392
vt 0.949090 0.806534
vt 0.949096 0.813617
vt 0.949091 0.799220
vt 0.960040 0.813617
vt 0.950782 0.787547
vt 0.949113 0.786718
vt 0.949099 0.792392
vt 0.960040 0.819777
vt 0.949107 0.819777
vt 0.958373 0.787547
vt 0.960040 0.786718
vt 0.717233 0.069144
vt 0.721954 0.072706
vt 0.723724 0.069086
vt 0.718164 0.064891
vt 0.702706 0.111942
vt 0.699208 0.106762
vt 0.698299 0.107733
vt 0.702046 0.113281
vt 0.724792 0.079239
vt 0.725701 0.078254
vt 0.707114 0.115268
vt 0.706767 0.116843
vt 0.696962 0.085766
vt 0.699208 0.079239
vt 0.698299 0.078254
vt 0.695894 0.085244
vt 0.721294 0.111942
vt 0.716886 0.115268
vt 0.717233 0.116843
vt 0.721954 0.113281
vt 0.724792 0.106763
vt 0.725701 0.107733
vt 0.702706 0.074059
vt 0.702046 0.072706
vt 0.696962 0.100236
vt 0.696188 0.093001
vt 0.695065 0.092993
vt 0.695894 0.100742
vt 0.517921 0.945845
vt 0.517921 0.938012
vt 0.809760 0.949023
vt 0.809761 0.941189
vt 0.721294 0.074059
vt 0.716886 0.070734
vt 0.961172 0.798868
vt 0.961172 0.806701
vt 0.707114 0.070734
vt 0.706767 0.069144
vt 0.712000 0.069588
vt 0.712000 0.067917
vt 0.727037 0.100236
vt 0.728106 0.100743
vt 0.712000 0.116414
vt 0.712000 0.118070
vt 0.947954 0.798868
vt 0.947952 0.806701
vt 0.723724 0.116870
vt 0.718164 0.121064
vt 0.719146 0.125508
vt 0.725589 0.120647
vt 0.730969 0.102104
vt 0.731946 0.092978
vt 0.705838 0.064891
vt 0.700278 0.069085
vt 0.693033 0.102103
vt 0.695866 0.110336
vt 0.712001 0.063445
vt 0.728136 0.110336
vt 0.712001 0.122510
vt 0.705838 0.121064
vt 0.730969 0.083852
vt 0.700278 0.116870
vt 0.728136 0.075619
vt 0.695866 0.075619
vt 0.693033 0.083852
vt 0.692057 0.092978
vt 0.855870 0.228077
vt 0.855870 0.218095
vt 0.858665 0.217466
vt 0.858666 0.227812
vt 0.730703 0.113075
vt 0.698416 0.065266
vt 0.693302 0.072838
vt 0.461781 0.827486
vt 0.461781 0.836421
vt 0.465046 0.835949
vt 0.465046 0.825594
vt 0.461781 0.845646
vt 0.465046 0.846641
vt 0.862672 0.483726
vt 0.862671 0.492951
vt 0.859420 0.493946
vt 0.859421 0.483254
vt 0.730703 0.072839
vt 0.725589 0.065266
vt 0.719146 0.060405
vt 0.852605 0.238297
vt 0.852605 0.229071
vt 0.855870 0.238768
vt 0.704860 0.060405
vt 0.690019 0.103533
vt 0.693302 0.113075
vt 0.712003 0.058730
vt 0.733986 0.103533
vt 0.861083 0.850943
vt 0.861076 0.842008
vt 0.857798 0.842480
vt 0.857806 0.852835
vt 0.861078 0.832783
vt 0.857800 0.831788
vt 0.852605 0.247231
vt 0.855870 0.249123
vt 0.698416 0.120647
vt 0.733986 0.082380
vt 0.704860 0.125508
vt 0.690019 0.082380
vt 0.467842 0.825090
vt 0.467842 0.835823
vt 0.470040 0.835901
vt 0.470040 0.825401
vt 0.854999 0.842606
vt 0.855007 0.853339
vt 0.855001 0.831524
vt 0.858666 0.238894
vt 0.858666 0.249627
vt 0.857811 0.821807
vt 0.857831 0.813512
vt 0.855033 0.812580
vt 0.855012 0.821177
vt 0.855870 0.258128
vt 0.858665 0.258961
vt 0.465046 0.856622
vt 0.467842 0.857252
vt 0.467842 0.846905
vt 0.857823 0.861840
vt 0.855025 0.862672
vt 0.855870 0.209800
vt 0.858665 0.208868
vt 0.465046 0.864917
vt 0.467842 0.865849
vt 0.856627 0.494211
vt 0.856629 0.483129
vt 0.859408 0.503928
vt 0.859388 0.512223
vt 0.856595 0.513155
vt 0.856616 0.504557
vt 0.859396 0.463895
vt 0.859413 0.472899
vt 0.856621 0.472396
vt 0.856603 0.463062
vt 0.465046 0.816589
vt 0.467842 0.815757
vt 0.691592 0.179591
vt 0.695902 0.170806
vt 0.697090 0.172552
vt 0.693087 0.180712
vt 0.470040 0.846742
vt 0.854427 0.494048
vt 0.854429 0.483206
vt 0.854395 0.512580
vt 0.854416 0.504169
vt 0.860864 0.227975
vt 0.860864 0.238817
vt 0.854421 0.472706
vt 0.854403 0.463575
vt 0.470040 0.816270
vt 0.860864 0.217853
vt 0.852803 0.842528
vt 0.852811 0.853028
vt 0.852805 0.831687
vt 0.860864 0.249317
vt 0.852837 0.813154
vt 0.852816 0.821565
vt 0.860864 0.258447
vt 0.470040 0.856864
vt 0.852828 0.862159
vt 0.860864 0.209442
vt 0.470040 0.865275
vt 0.702601 0.166624
vt 0.703363 0.168808
vt 0.698271 0.174286
vt 0.729049 0.219889
vt 0.723117 0.226272
vt 0.722368 0.224070
vt 0.727878 0.218141
vt 0.851014 0.822809
vt 0.851003 0.832210
vt 0.471848 0.855621
vt 0.471848 0.846220
vt 0.695902 0.219889
vt 0.691592 0.211104
vt 0.693087 0.209982
vt 0.697091 0.218141
vt 0.701835 0.226272
vt 0.702601 0.224070
vt 0.723117 0.164423
vt 0.729049 0.170806
vt 0.727878 0.172552
vt 0.722368 0.166624
vt 0.471848 0.836150
vt 0.471848 0.826397
vt 0.852611 0.493524
vt 0.852613 0.483454
vt 0.733360 0.211104
vt 0.731881 0.209982
vt 0.852601 0.502925
vt 0.862672 0.228500
vt 0.862672 0.238569
vt 0.733360 0.179591
vt 0.731881 0.180712
vt 0.701835 0.164423
vt 0.852606 0.473702
vt 0.862672 0.219098
vt 0.851002 0.842280
vt 0.851009 0.852032
vt 0.862672 0.248322
vt 0.814983 0.876078
vt 0.814993 0.867392
vt 0.814746 0.867269
vt 0.814736 0.876026
vt 0.733986 0.190304
vt 0.732360 0.190687
vt 0.730416 0.181824
vt 0.703363 0.221884
vt 0.709348 0.224763
vt 0.709079 0.227186
vt 0.690982 0.200390
vt 0.692628 0.200005
vt 0.694573 0.208868
vt 0.690982 0.190304
vt 0.692628 0.190687
vt 0.715890 0.227186
vt 0.715641 0.224763
vt 0.721626 0.221884
vt 0.694572 0.181824
vt 0.726717 0.216406
vt 0.721626 0.168808
vt 0.715640 0.165929
vt 0.715890 0.163507
vt 0.651860 0.313129
vt 0.653820 0.322064
vt 0.657728 0.321146
vt 0.655383 0.310462
vt 0.698271 0.216406
vt 0.726717 0.174286
vt 0.709079 0.163507
vt 0.709347 0.165929
vt 0.733986 0.200390
vt 0.732360 0.200005
vt 0.730416 0.208868
vt 0.131856 0.874345
vt 0.131863 0.883355
vt 0.131618 0.883331
vt 0.131611 0.874246
vt 0.131862 0.892659
vt 0.131616 0.892711
vt 0.789345 0.905406
vt 0.789345 0.897571
vt 0.789591 0.897668
vt 0.789591 0.905567
vt 0.857660 0.340016
vt 0.857660 0.349320
vt 0.857906 0.349370
vt 0.857906 0.339990
vt 0.849366 0.105691
vt 0.849366 0.094828
vt 0.850272 0.095033
vt 0.850272 0.106235
vt 0.815011 0.860174
vt 0.814764 0.859992
vt 0.857660 0.331006
vt 0.857906 0.330906
vt 0.857660 0.323170
vt 0.857906 0.323006
vt 0.789345 0.888560
vt 0.789591 0.888583
vt 0.857660 0.358006
vt 0.857660 0.365224
vt 0.857906 0.365404
vt 0.857906 0.358127
vt 0.131841 0.866509
vt 0.131596 0.866347
vt 0.814982 0.885381
vt 0.814735 0.885406
vt 0.789345 0.870571
vt 0.789345 0.863353
vt 0.789591 0.863169
vt 0.789591 0.870446
vt 0.789345 0.879257
vt 0.789591 0.879203
vt 0.814989 0.894392
vt 0.814742 0.894490
vt 0.815004 0.902227
vt 0.814757 0.902390
vt 0.131852 0.901345
vt 0.131606 0.901468
vt 0.131835 0.908563
vt 0.131589 0.908745
vt 0.624585 0.300007
vt 0.630619 0.297104
vt 0.629985 0.291299
vt 0.622769 0.294770
vt 0.636964 0.297104
vt 0.637571 0.291299
vt 0.636964 0.356420
vt 0.630619 0.356420
vt 0.629985 0.362227
vt 0.637571 0.362227
vt 0.624585 0.353517
vt 0.622769 0.358755
vt 0.651860 0.340394
vt 0.648130 0.347995
vt 0.650924 0.352152
vt 0.655383 0.343064
vt 0.615723 0.313129
vt 0.619452 0.305529
vt 0.616632 0.301373
vt 0.612172 0.310462
vt 0.613762 0.331459
vt 0.613762 0.322064
vt 0.609828 0.321146
vt 0.609828 0.332380
vt 0.615723 0.340394
vt 0.612172 0.343064
vt 0.648130 0.305529
vt 0.650924 0.301373
vt 0.619452 0.347995
vt 0.616632 0.352152
vt 0.642998 0.300007
vt 0.644787 0.294770
vt 0.642998 0.353517
vt 0.644787 0.358755
vt 0.653820 0.331459
vt 0.657728 0.332380
vt 0.850634 0.455961
vt 0.850616 0.446220
vt 0.849337 0.446220
vt 0.849356 0.455961
vt 0.832487 0.315115
vt 0.832485 0.326331
vt 0.831582 0.326568
vt 0.831584 0.315002
vt 0.832478 0.304252
vt 0.831575 0.303800
vt 0.846189 0.294627
vt 0.846189 0.305490
vt 0.847095 0.305470
vt 0.847095 0.294268
vt 0.846189 0.316706
vt 0.847095 0.317036
vt 0.849366 0.083612
vt 0.850272 0.083467
vt 0.849366 0.073140
vt 0.850272 0.072669
vt 0.651526 0.352939
vt 0.656124 0.343567
vt 0.851530 0.413218
vt 0.851551 0.404516
vt 0.850643 0.403680
vt 0.850622 0.412654
vt 0.851516 0.434905
vt 0.851518 0.423689
vt 0.850609 0.423452
vt 0.850607 0.435018
vt 0.851525 0.445768
vt 0.656124 0.309947
vt 0.651526 0.300575
vt 0.851543 0.455215
vt 0.846189 0.327177
vt 0.847095 0.327834
vt 0.645197 0.359749
vt 0.832473 0.336802
vt 0.831570 0.337366
vt 0.616163 0.352939
vt 0.622492 0.359749
vt 0.846189 0.285180
vt 0.847095 0.284527
vt 0.645197 0.293766
vt 0.052415 0.565521
vt 0.060239 0.565521
vt 0.059856 0.569097
vt 0.052798 0.569097
vt 0.848374 0.327826
vt 0.848374 0.317028
vt 0.850272 0.115976
vt 0.851551 0.106227
vt 0.851551 0.115968
vt 0.830291 0.337366
vt 0.830303 0.326568
vt 0.850272 0.063695
vt 0.851551 0.063687
vt 0.851551 0.072660
vt 0.848374 0.294260
vt 0.848374 0.284518
vt 0.847095 0.336808
vt 0.848374 0.336799
vt 0.851551 0.095025
vt 0.830305 0.315002
vt 0.830296 0.303800
vt 0.848374 0.305461
vt 0.851551 0.083459
vt 0.831548 0.346340
vt 0.830269 0.346340
vt 0.849364 0.403680
vt 0.849343 0.412654
vt 0.849330 0.423452
vt 0.849328 0.435018
vt 0.831557 0.294059
vt 0.830278 0.294059
vt 0.541504 0.656784
vt 0.541504 0.648688
vt 0.542856 0.649718
vt 0.542856 0.657476
vt 0.060239 0.638663
vt 0.052415 0.638663
vt 0.052798 0.635087
vt 0.059856 0.635087
vt 0.044975 0.635083
vt 0.046085 0.631858
vt 0.078607 0.618902
vt 0.074008 0.628274
vt 0.072279 0.625714
vt 0.076428 0.617258
vt 0.034047 0.585282
vt 0.038645 0.575910
vt 0.040374 0.578470
vt 0.036226 0.586926
vt 0.031629 0.607884
vt 0.031629 0.596300
vt 0.034044 0.596866
vt 0.034044 0.607318
vt 0.034047 0.618902
vt 0.036226 0.617258
vt 0.074008 0.575910
vt 0.078607 0.585282
vt 0.076428 0.586926
vt 0.072279 0.578470
vt 0.038645 0.628274
vt 0.040374 0.625714
vt 0.067679 0.569101
vt 0.066569 0.572327
vt 0.067679 0.635083
vt 0.066569 0.631858
vt 0.081024 0.607884
vt 0.078609 0.607318
vt 0.044975 0.569101
vt 0.046085 0.572327
vt 0.081024 0.596300
vt 0.078609 0.596866
vt 0.902371 0.162733
vt 0.902390 0.154975
vt 0.901922 0.154975
vt 0.901904 0.162733
vt 0.422350 0.658221
vt 0.422350 0.667009
vt 0.423702 0.667561
vt 0.423702 0.659139
vt 0.422350 0.697293
vt 0.422350 0.705389
vt 0.423702 0.704342
vt 0.423702 0.696584
vt 0.541504 0.687068
vt 0.541504 0.676962
vt 0.542856 0.676813
vt 0.542856 0.686499
vt 0.597357 0.102001
vt 0.597355 0.112436
vt 0.595999 0.112141
vt 0.596001 0.102141
vt 0.597349 0.091894
vt 0.595993 0.092455
vt 0.422350 0.677116
vt 0.423702 0.677247
vt 0.422350 0.687551
vt 0.423702 0.687247
vt 0.541504 0.666527
vt 0.542856 0.666813
vt 0.597344 0.122179
vt 0.597324 0.130275
vt 0.595970 0.129237
vt 0.595988 0.121478
vt 0.635467 0.312033
vt 0.635486 0.303937
vt 0.634137 0.304975
vt 0.634118 0.312734
vt 0.635454 0.332211
vt 0.635455 0.321776
vt 0.634107 0.322070
vt 0.634106 0.332071
vt 0.635461 0.342317
vt 0.634113 0.341756
vt 0.597332 0.083106
vt 0.595977 0.084033
vt 0.635478 0.351106
vt 0.634129 0.350179
vt 0.541504 0.695857
vt 0.542856 0.694921
vt 0.712854 0.498390
vt 0.707233 0.501094
vt 0.706463 0.498857
vt 0.712589 0.495910
vt 0.732641 0.513319
vt 0.729167 0.506239
vt 0.730367 0.504463
vt 0.734152 0.512179
vt 0.698978 0.513319
vt 0.697151 0.521642
vt 0.695476 0.521250
vt 0.697467 0.512179
vt 0.697151 0.530394
vt 0.698978 0.538718
vt 0.697467 0.539858
vt 0.695476 0.530787
vt 0.595516 0.102141
vt 0.595509 0.092455
vt 0.633621 0.332071
vt 0.633629 0.341756
vt 0.724386 0.501094
vt 0.718765 0.498390
vt 0.719030 0.495910
vt 0.725156 0.498857
vt 0.724386 0.550942
vt 0.729167 0.545798
vt 0.730366 0.547574
vt 0.725156 0.553180
vt 0.732641 0.538718
vt 0.734152 0.539858
vt 0.702452 0.506239
vt 0.701253 0.504463
vt 0.702452 0.545798
vt 0.707233 0.550942
vt 0.706463 0.553180
vt 0.701252 0.547574
vt 0.734468 0.521643
vt 0.736143 0.521250
vt 0.718765 0.553647
vt 0.719030 0.556127
vt 0.424187 0.696581
vt 0.424187 0.687244
vt 0.205044 0.881105
vt 0.205044 0.871104
vt 0.205512 0.871101
vt 0.205512 0.881102
vt 0.543340 0.676810
vt 0.543340 0.686496
vt 0.902378 0.139992
vt 0.902359 0.147750
vt 0.901891 0.147750
vt 0.901910 0.139992
vt 0.595514 0.112141
vt 0.595493 0.084033
vt 0.424187 0.677244
vt 0.424187 0.667558
vt 0.543340 0.666810
vt 0.543340 0.657473
vt 0.595485 0.129237
vt 0.595504 0.121478
vt 0.633652 0.304975
vt 0.633633 0.312734
vt 0.633623 0.322070
vt 0.633645 0.350179
vt 0.712854 0.553647
vt 0.712589 0.556127
vt 0.543340 0.694918
vt 0.543340 0.649714
vt 0.424187 0.659136
vt 0.424187 0.704339
vt 0.902367 0.102547
vt 0.902382 0.110969
vt 0.901915 0.110969
vt 0.901899 0.102547
vt 0.205044 0.861768
vt 0.205512 0.861765
vt 0.897724 0.313846
vt 0.897724 0.322268
vt 0.898192 0.322265
vt 0.898192 0.313843
vt 0.902382 0.200178
vt 0.902367 0.191756
vt 0.901899 0.191756
vt 0.901915 0.200178
vt 0.897724 0.331954
vt 0.897724 0.341954
vt 0.898192 0.341951
vt 0.898192 0.331951
vt 0.205044 0.854009
vt 0.205512 0.854006
vt 0.897724 0.351291
vt 0.897724 0.359050
vt 0.898192 0.359047
vt 0.898192 0.351288
vt 0.902390 0.120655
vt 0.902388 0.130655
vt 0.901920 0.130655
vt 0.901922 0.120655
vt 0.205044 0.899213
vt 0.205044 0.890790
vt 0.205512 0.890787
vt 0.205512 0.899210
vt 0.902361 0.172070
vt 0.901893 0.172070
vt 0.902359 0.182070
vt 0.901891 0.182070
vt 0.734468 0.530394
vt 0.736143 0.530787
vt 0.723124 0.546363
vt 0.715841 0.544685
vt 0.708374 0.541092
vt 0.701816 0.536111
vt 0.726626 0.537020
vt 0.718753 0.533861
vt 0.710315 0.529802
vt 0.702691 0.525504
vt 0.728928 0.526532
vt 0.721304 0.522235
vt 0.712866 0.518175
vt 0.704993 0.515016
vt 0.729803 0.515926
vt 0.723245 0.510944
vt 0.715778 0.507352
vt 0.708495 0.505673
vt 0.641433 0.697453
vt 0.641433 0.707278
vt 0.641841 0.707374
vt 0.641841 0.697358
vt 0.639383 0.688109
vt 0.639750 0.687831
vt 0.610858 0.730347
vt 0.617169 0.733383
vt 0.617104 0.733986
vt 0.610671 0.730891
vt 0.605490 0.724572
vt 0.605199 0.725004
vt 0.610858 0.674385
vt 0.605490 0.680160
vt 0.605199 0.679728
vt 0.610671 0.673841
vt 0.617104 0.670745
vt 0.617169 0.671349
vt 0.599540 0.707278
vt 0.599540 0.697453
vt 0.599132 0.697358
vt 0.599132 0.707374
vt 0.601223 0.716900
vt 0.601590 0.716623
vt 0.630115 0.674385
vt 0.635483 0.680160
vt 0.635775 0.679728
vt 0.630302 0.673841
vt 0.623804 0.671349
vt 0.623869 0.670745
vt 0.635483 0.724572
vt 0.639383 0.716623
vt 0.639750 0.716900
vt 0.635774 0.725004
vt 0.605490 0.724572
vt 0.639383 0.716623
vt 0.635483 0.680160
vt 0.630115 0.674385
vt 0.639383 0.688109
vt 0.630115 0.730347
vt 0.630302 0.730891
vt 0.623804 0.733383
vt 0.623869 0.733986
vt 0.601590 0.688109
vt 0.601223 0.687831
vt 0.599540 0.707278
vt 0.599540 0.697453
vt 0.635483 0.724572
vt 0.601590 0.688109
vt 0.605490 0.680160
vt 0.610858 0.674385
vt 0.630115 0.730347
vt 0.623804 0.733383
vt 0.641433 0.707278
vt 0.641433 0.697453
vt 0.641386 0.697464
vt 0.641386 0.707267
vt 0.610880 0.730284
vt 0.617176 0.733313
vt 0.610880 0.674448
vt 0.605524 0.680210
vt 0.599587 0.707267
vt 0.599587 0.697464
vt 0.630093 0.674448
vt 0.635449 0.680210
vt 0.601633 0.716591
vt 0.605524 0.724521
vt 0.639340 0.688141
vt 0.639340 0.716591
vt 0.623797 0.671419
vt 0.630093 0.730284
vt 0.635449 0.724521
vt 0.601633 0.688141
vt 0.617176 0.671419
vt 0.623797 0.733313
vt 0.900901 0.120655
vt 0.900894 0.110969
vt 0.737164 0.521010
vt 0.737164 0.531027
vt 0.712427 0.557639
vt 0.705994 0.554544
vt 0.206533 0.871095
vt 0.206533 0.881095
vt 0.700522 0.503381
vt 0.705994 0.497493
vt 0.900901 0.154975
vt 0.900883 0.162733
vt 0.900870 0.182070
vt 0.900878 0.191756
vt 0.694455 0.531027
vt 0.694455 0.521010
vt 0.899213 0.351281
vt 0.899213 0.341945
vt 0.725625 0.497493
vt 0.731098 0.503381
vt 0.700522 0.548656
vt 0.696546 0.540553
vt 0.206533 0.853999
vt 0.206533 0.861758
vt 0.899213 0.359040
vt 0.735073 0.511484
vt 0.900900 0.130655
vt 0.735073 0.540553
vt 0.899213 0.331944
vt 0.719192 0.494398
vt 0.731097 0.548656
vt 0.725625 0.554544
vt 0.900870 0.147750
vt 0.900889 0.139992
vt 0.696546 0.511484
vt 0.900872 0.172070
vt 0.900894 0.200178
vt 0.899213 0.322259
vt 0.899213 0.313836
vt 0.712427 0.494398
vt 0.719192 0.557639
vt 0.206533 0.890781
vt 0.900878 0.102547
vt 0.206533 0.899203
vt 0.177566 0.778288
vt 0.174020 0.774960
vt 0.201782 0.741393
vt 0.338396 0.185739
vt 0.338396 0.195412
vt 0.337538 0.193129
vt 0.337569 0.187418
vt 0.203275 0.747203
vt 0.261806 0.002205
vt 0.259452 0.002092
vt 0.257098 0.002246
vt 0.859495 0.394558
vt 0.855711 0.395305
vt 0.192866 0.740145
vt 0.195928 0.742679
vt 0.189225 0.738571
vt 0.329770 0.446942
vt 0.252606 0.853140
vt 0.248822 0.852393
vt 0.174977 0.761776
vt 0.176042 0.766725
vt 0.174663 0.756178
s 1
usemtl White_player.001
f 2941/1/1 2943/2/2 4/3/3 3/4/4
f 2950/5/5 509/6/6 5/7/7 2940/8/8
f 2947/9/9 2944/10/10 10/11/11 14/12/12
f 8/13/13 7/14/14 12/15/15 11/16/16
f 10/11/11 15/17/17 7/14/14 8/13/13
f 2944/10/10 9/18/18 16/19/19 2942/20/20
f 2940/8/8 2947/9/9 14/12/12 6/21/21
f 11/16/16 12/15/15 18/22/22 17/23/23
f 17/23/23 18/22/22 20/24/24 19/25/25
f 17/23/23 19/25/25 22/26/26 21/27/27
f 8/13/13 11/16/16 24/28/28 23/29/29
f 11/16/16 17/23/23 21/27/27 24/28/28
f 8/13/13 23/29/29 14/12/12 10/11/11
f 21/27/27 22/26/26 26/30/30 25/31/31
f 23/29/29 24/28/28 28/32/32 27/33/33
f 24/28/28 21/27/27 25/31/31 28/32/32
f 14/12/12 23/29/29 27/33/33 6/21/21
f 55/34/34 52/35/35 30/36/36 29/37/37
f 56/38/38 53/39/39 32/40/40 31/41/41
f 31/41/41 32/40/40 34/42/42 33/43/43
f 29/37/37 30/36/36 36/44/44 35/45/45
f 53/39/39 55/34/34 29/37/37 32/40/40
f 32/40/40 29/37/37 35/45/45 34/42/42
f 51/46/46 56/38/38 31/41/41 4/47/3
f 4/47/3 31/41/41 33/43/43 3/48/4
f 512/49/47 511/50/48 41/51/49 37/52/50
f 514/53/51 510/54/52 39/55/53 42/56/54
f 511/50/48 514/53/51 42/56/54 41/51/49
f 510/54/52 513/57/55 40/58/56 39/55/53
f 2949/59/57 54/60/58 38/61/59 2946/62/60
f 513/57/55 26/30/30 43/63/61 515/64/62
f 36/44/44 30/36/36 44/65/63 45/66/64
f 52/35/35 40/58/56 46/67/65 57/68/66
f 515/64/62 43/63/61 47/69/67 516/70/68
f 45/66/64 44/65/63 48/71/69 49/72/70
f 57/68/66 46/67/65 50/73/71 58/74/72
f 44/65/63 57/68/66 58/74/72 48/71/69
f 30/36/36 52/35/35 57/68/66 44/65/63
f 2943/2/2 2/75/73 54/60/58 2949/59/57
f 37/52/50 41/51/49 56/38/38 51/46/46
f 42/56/54 39/55/53 55/34/34 53/39/39
f 41/51/49 42/56/54 53/39/39 56/38/38
f 39/55/53 40/58/56 52/35/35 55/34/34
f 518/76/74 64/77/75 59/78/76 517/79/77
f 49/72/70 48/71/69 61/80/78 62/81/79
f 516/70/68 47/69/67 64/77/75 518/76/74
f 626/82/80 627/83/81 65/84/82 66/85/83
f 58/74/72 67/86/84 61/80/78 48/71/69
f 50/73/71 63/87/85 67/86/84 58/74/72
f 530/88/86 531/89/87 68/90/88 69/91/89
f 628/92/90 67/86/84 63/87/85 626/82/80
f 629/93/91 630/94/92 71/95/93 72/96/94
f 630/94/92 628/92/90 70/97/95 71/95/93
f 256/98/96 251/99/97 73/100/98 74/101/99
f 74/101/99 73/100/98 75/102/100 76/103/101
f 532/104/102 533/105/103 77/106/104 78/107/105
f 533/105/103 534/108/106 79/109/107 77/106/104
f 530/88/86 534/108/106 70/97/95 66/85/83
f 76/103/101 75/102/100 80/110/108 81/111/109
f 76/103/101 81/111/109 83/112/110 82/113/111
f 112/114/112 114/115/113 79/109/107 69/91/89
f 76/103/101 82/113/111 84/116/114 74/101/99
f 257/117/115 253/118/116 85/119/117 86/120/118
f 253/118/116 252/121/119 84/116/114 85/119/117
f 85/119/117 88/122/120 87/123/121 86/120/118
f 82/113/111 83/112/110 87/123/121 88/122/120
f 82/113/111 88/122/120 85/119/117 84/116/114
f 940/124/122 941/125/123 93/126/124 94/127/125
f 942/128/126 940/129/122 94/130/125 95/131/127
f 952/132/128 944/133/129 91/134/130 535/135/131
f 947/136/132 943/137/133 92/138/134 117/139/135
f 951/140/136 946/141/137 89/142/138 519/143/139
f 953/144/140 945/145/141 90/146/142 631/147/143
f 446/148/144 447/149/145 96/150/146 97/151/147
f 623/152/148 613/153/149 99/154/150 458/155/151
f 541/156/152 391/157/153 126/158/154 537/159/155
f 619/160/156 395/161/157 128/162/158 615/163/159
f 448/164/160 447/149/145 94/127/125 93/126/124
f 555/165/161 554/166/162 1098/167/163 1100/168/164
f 557/169/165 553/170/166 147/171/167 263/172/168
f 548/173/169 562/174/170 400/175/171 119/176/172
f 543/177/173 397/178/174 129/179/175 538/180/176
f 544/181/177 536/182/178 102/183/179 396/184/180
f 559/185/181 399/186/182 130/187/183 549/188/184
f 561/189/185 393/190/186 127/191/187 550/192/188
f 667/193/189 666/194/190 104/195/191 450/196/192
f 497/197/193 500/198/194 502/199/195 499/200/196
f 465/201/197 443/202/198 106/203/199 451/204/200
f 468/205/201 444/206/202 108/207/203 466/208/204
f 466/209/204 108/210/203 956/211/205 962/212/206
f 455/213/207 452/214/208 118/215/209 273/216/210
f 950/217/211 947/136/132 117/139/135 272/218/212
f 77/106/104 79/109/107 114/115/113 116/219/213
f 78/107/105 77/106/104 116/219/213 115/220/214
f 266/221/215 270/222/216 114/115/113 112/114/112
f 69/91/89 68/90/88 113/223/217 112/114/112
f 654/224/218 401/225/219 131/226/220 646/227/221
f 639/228/222 403/229/223 132/230/224 634/231/225
f 528/232/226 405/233/227 133/234/228 522/235/229
f 760/236/230 407/237/231 134/238/232 711/239/233
f 645/240/234 123/241/235 408/242/236 656/243/237
f 452/214/208 460/244/238 392/245/239 118/215/209
f 560/246/240 547/247/241 103/248/242 398/249/243
f 520/250/244 121/251/245 404/252/246 527/253/247
f 644/254/248 655/255/249 402/256/250 120/257/251
f 632/258/252 640/259/253 404/252/246 121/251/245
f 714/260/254 122/261/255 406/262/256 710/263/257
f 641/264/258 456/265/259 388/266/260 638/267/261
f 458/268/151 99/269/150 100/270/262 449/271/263
f 545/272/264 459/273/265 390/274/266 542/275/267
f 529/276/268 457/277/269 386/278/270 526/279/271
f 657/280/272 409/281/273 135/282/274 647/283/275
f 660/284/276 648/285/277 133/286/228 634/287/225
f 658/288/278 649/289/279 134/238/232 522/290/229
f 659/291/280 647/283/275 135/282/274 616/292/281
f 643/293/282 551/294/283 136/295/284 635/296/285
f 563/297/286 552/298/287 138/299/288 523/300/289
f 625/301/290 549/188/184 130/187/183 617/302/291
f 642/303/292 539/304/293 137/305/294 636/306/295
f 546/307/296 540/308/297 139/309/298 524/310/299
f 624/311/300 538/180/176 129/179/175 618/312/301
f 558/313/302 548/173/169 119/176/172 268/314/303
f 652/315/304 650/316/305 148/317/306 264/318/307
f 256/98/96 252/121/119 141/319/308 145/320/309
f 949/321/310 948/322/311 143/323/312 254/324/313
f 454/325/314 453/326/315 144/327/316 255/328/317
f 271/329/318 270/222/216 141/319/308 142/330/319
f 267/331/320 271/329/318 142/330/319 146/332/321
f 1116/333/322 652/315/304 264/318/307 1107/334/323
f 1113/335/324 1112/336/325 1045/337/326 1047/338/327 978/339/328
f 266/221/215 269/340/329 140/341/330 145/320/309
f 653/342/331 650/316/305 147/171/167 268/314/303
f 259/343/332 153/344/333 155/345/334 260/346/335
f 262/347/336 161/348/337 157/349/338 261/350/339
f 1102/351/340 1101/352/341 159/353/342 808/354/343 810/355/344
f 415/356/345 410/357/346 151/358/347 258/359/348
f 716/360/349 713/361/350 149/362/351 265/363/352
f 260/364/335 155/365/334 161/366/337 262/367/336
f 733/368/353 724/369/354 151/358/347 410/357/346
f 556/370/355 1104/371/356 1098/167/163 554/166/162
f 725/372/357 726/373/358 176/374/359 163/375/360
f 140/376/330 269/377/329 950/217/211 948/378/311
f 413/379/361 414/380/362 166/381/363 164/382/364
f 229/383/365 230/384/366 168/385/367 169/386/368
f 233/387/369 234/388/370 170/389/371 171/390/372
f 171/390/372 170/389/371 172/391/373 173/392/374
f 172/393/373 170/394/371 179/395/375 180/396/376
f 725/372/357 149/362/351 175/397/377 726/373/358
f 230/398/366 165/399/378 177/400/379 231/401/380
f 148/317/306 713/361/350 716/360/349 264/318/307
f 412/402/381 163/375/360 165/399/378 413/403/361
f 234/404/370 168/405/367 178/406/382 235/407/383
f 204/408/384 727/409/385 729/410/386 205/411/387
f 731/412/388 732/413/389 358/414/390 341/415/391
f 172/416/373 180/417/376 183/418/392 181/419/393
f 173/392/374 172/391/373 181/420/393 182/421/394
f 173/392/374 182/421/394 185/422/395 184/423/396
f 165/399/378 163/375/360 176/374/359 177/400/379
f 181/419/393 183/418/392 188/424/397 186/425/398
f 148/317/306 274/426/399 275/427/400 174/428/401
f 186/425/398 188/424/397 191/429/402 189/430/403
f 189/430/403 191/429/402 194/431/404 192/432/405
f 190/433/406 189/434/403 192/435/405 193/436/407
f 192/437/405 194/438/404 197/439/408 195/440/409
f 193/436/407 192/435/405 195/441/409 196/442/410
f 236/443/411 237/444/412 200/445/413 198/446/414
f 238/447/415 236/448/411 198/449/414 199/450/416
f 198/446/414 200/445/413 203/451/417 201/452/418
f 199/450/416 198/449/414 201/453/418 202/454/419
f 201/452/418 203/451/417 206/455/420 204/456/384
f 202/454/419 201/453/418 204/408/384 205/411/387
f 730/457/421 724/369/354 153/344/333 259/343/332
f 206/458/420 728/459/422 727/460/385 204/461/384
f 727/460/385 728/459/422 209/462/423 207/463/424
f 729/410/386 727/409/385 207/464/424 208/465/425
f 221/466/426 222/467/427 375/468/428 374/469/429
f 226/470/430 241/471/431 379/472/432 384/473/433
f 632/258/252 736/474/434 720/475/435 120/257/251
f 726/373/358 175/397/377 340/476/436 731/412/388
f 220/477/437 221/466/426 374/469/429 373/478/438
f 187/479/439 186/480/398 189/434/403 190/433/406
f 182/481/394 181/482/393 186/480/398 187/479/439
f 719/483/440 274/426/399 120/257/251 720/475/435
f 726/373/358 731/412/388 341/415/391 176/374/359
f 240/484/441 220/477/437 373/478/438 372/485/442
f 188/424/397 183/418/392 350/486/443 351/487/444
f 218/488/445 219/489/446 371/490/447 370/491/448
f 227/492/449 226/493/430 384/494/433 378/495/450
f 244/496/451 219/497/446 218/498/445 217/499/452
f 228/500/453 227/492/449 378/495/450 383/501/454
f 223/502/455 224/503/456 377/504/457 381/505/458
f 213/506/459 246/507/460 215/508/461 214/509/462
f 203/451/417 200/445/413 356/510/463 357/511/464
f 217/512/452 218/513/445 370/514/448 369/515/465
f 243/516/466 240/517/441 219/497/446 244/496/451
f 212/518/467 232/519/468 211/520/469 249/521/470
f 246/507/460 247/522/471 216/523/472 215/508/461
f 247/522/471 244/496/451 217/499/452 216/523/472
f 222/524/427 221/525/426 220/526/437 250/527/473
f 239/528/474 212/518/467 249/521/470 245/529/475
f 211/520/469 210/530/476 248/531/477 249/521/470
f 168/405/367 230/398/366 231/401/380 178/406/382
f 167/532/478 165/533/378 230/384/366 229/383/365
f 213/506/459 239/528/474 245/529/475 246/507/460
f 250/527/473 220/526/437 240/517/441 243/516/466
f 194/431/404 191/429/402 352/534/479 353/535/480
f 210/530/476 222/524/427 250/527/473 248/531/477
f 225/536/481 242/537/482 380/538/483 382/539/484
f 211/540/469 232/541/468 362/542/485 361/543/486
f 196/442/410 195/441/409 236/448/411 238/447/415
f 195/440/409 197/439/408 237/444/412 236/443/411
f 170/394/371 234/404/370 235/407/383 179/395/375
f 169/386/368 168/385/367 234/388/370 233/387/369
f 224/503/456 225/544/481 382/545/484 377/504/457
f 223/546/455 241/547/431 243/516/466 244/496/451
f 242/548/482 225/549/481 246/507/460 245/529/475
f 215/550/461 216/551/472 368/552/487 367/553/488
f 216/551/472 217/512/452 369/515/465 368/552/487
f 225/549/481 224/554/456 247/522/471 246/507/460
f 224/554/456 223/546/455 244/496/451 247/522/471
f 241/547/431 226/555/430 250/527/473 243/516/466
f 228/556/453 242/548/482 245/529/475 249/521/470
f 154/557/489 260/346/335 262/558/336 162/559/490
f 1045/337/326 415/356/345 258/359/348 1044/560/491
f 162/561/490 262/347/336 261/350/339 156/562/492
f 412/402/381 733/368/353 725/372/357 163/375/360
f 1046/563/493 259/343/332 260/346/335 154/557/489
f 448/164/160 454/325/314 255/328/317 98/564/494
f 941/125/123 949/321/310 254/324/313 93/126/124
f 74/101/99 84/116/114 252/121/119 256/98/96
f 264/318/307 716/360/349 1118/565/495 1107/334/323
f 1104/371/356 263/172/168 652/315/304 1116/333/322
f 142/330/319 141/319/308 252/121/119 253/118/116
f 146/332/321 142/330/319 253/118/116 257/117/115
f 145/320/309 140/341/330 251/99/97 256/98/96
f 644/254/248 653/342/331 268/314/303 119/176/172
f 112/114/112 113/223/217 269/340/329 266/221/215
f 115/220/214 116/219/213 271/329/318 267/331/320
f 116/219/213 114/115/113 270/222/216 271/329/318
f 226/555/430 227/566/449 248/531/477 250/527/473
f 553/170/166 558/313/302 268/314/303 147/171/167
f 145/320/309 141/319/308 270/222/216 266/221/215
f 948/322/311 950/567/211 272/568/212 143/323/312
f 241/471/431 223/569/455 381/570/458 379/472/432
f 160/571/496 1110/572/497 1113/335/324 978/339/328 976/573/498
f 719/483/440 717/574/499 275/427/400 274/426/399
f 278/575/500 520/250/244 122/261/255 277/576/501
f 121/251/245 520/250/244 278/575/500 735/577/502
f 231/401/380 177/400/379 342/578/503 343/579/504
f 713/361/350 148/317/306 174/428/401 715/580/505
f 339/581/506 276/582/507 193/436/407 196/442/410
f 1115/583/508 1108/584/509 158/585/510 651/586/511
f 453/326/315 455/213/207 273/216/210 144/327/316
f 138/299/288 756/587/512 762/588/513 649/289/279
f 680/589/514 679/590/515 280/591/516 279/592/517
f 607/593/518 606/594/519 282/595/520 281/596/521
f 804/597/522 812/598/523 893/599/524 889/600/525
f 326/601/526 960/602/527 967/603/528 285/604/529
f 327/605/530 283/606/531 751/607/532 741/608/533
f 286/609/534 296/610/535 331/611/536 328/612/537
f 227/566/449 228/556/453 249/521/470 248/531/477
f 743/613/538 299/614/539 290/615/540 746/616/541
f 745/617/542 330/618/543 292/619/544 748/620/545
f 747/621/546 303/622/547 294/623/548 750/624/549
f 750/624/549 294/623/548 301/625/550 749/626/551
f 300/627/552 287/628/553 297/629/554 295/630/555
f 296/610/535 289/631/556 298/632/557 291/633/558
f 287/628/553 328/612/537 331/611/536 297/629/554
f 286/609/534 289/631/556 296/610/535
f 331/611/536 296/610/535 291/633/558 329/634/559
f 295/630/555 297/629/554 293/635/560 302/636/561
f 744/637/562 288/638/563 299/614/539 743/613/538
f 742/639/564 749/640/551 301/641/550 284/642/565
f 748/643/545 292/644/544 303/645/547 747/646/546
f 285/604/529 967/603/528 965/647/566 304/648/567
f 153/649/333 164/382/364 812/598/523 804/597/522
f 305/650/568 304/651/567 965/652/566 970/653/569
f 598/654/570 599/655/571 307/656/572 306/657/573
f 479/658/574 581/659/575 682/660/576 679/661/515
f 320/662/577 966/663/578 968/664/579 310/665/580
f 310/665/580 968/664/579 959/666/581 312/667/582
f 311/668/583 309/669/584 313/670/585 314/671/586
f 324/672/587 325/673/588 315/674/589 316/675/590
f 335/676/591 336/677/592 338/678/593 334/679/594
f 337/680/595 338/678/593 317/681/596 318/682/597
f 485/683/598 498/684/599 337/680/595 318/682/597
f 322/685/600 313/670/585 309/669/584 321/686/601
f 303/645/547 322/685/600 321/686/601 294/687/548
f 305/650/568 970/653/569 966/663/578 320/662/577
f 314/671/586 313/670/585 325/673/588 324/672/587
f 325/673/588 313/670/585 322/685/600 323/688/602
f 292/644/544 323/688/602 322/685/600 303/645/547
f 297/629/554 331/611/536 329/634/559 293/635/560
f 746/689/541 290/690/540 330/618/543 745/617/542
f 284/642/565 327/605/530 741/608/533 742/639/564
f 326/601/526 833/691/603 829/692/604 306/657/573
f 315/674/589 325/673/588 323/688/602 332/693/605
f 330/694/543 332/693/605 323/688/602 292/644/544
f 316/675/590 315/674/589 334/679/594 333/695/606
f 315/674/589 332/693/605 335/676/591 334/679/594
f 290/615/540 335/676/591 332/693/605 330/694/543
f 435/696/607 474/697/608 473/698/609 436/699/610
f 308/700/611 336/677/592 299/614/539 288/638/563
f 721/701/612 349/702/613 348/703/614 722/704/615
f 599/705/571 596/706/616 308/700/611 307/707/572
f 206/458/420 358/708/390 732/709/389 728/459/422
f 576/710/617 577/711/618 579/712/619 578/713/620
f 355/714/621 354/715/622 371/716/447 372/717/442
f 282/718/520 579/712/619 596/706/616 599/705/571
f 352/719/479 351/720/444 368/721/487 369/722/465
f 343/579/504 342/578/503 361/723/486 362/724/485
f 350/725/443 347/726/623 366/727/624 367/728/488
f 342/578/503 341/415/391 360/729/625 361/723/486
f 345/730/626 344/731/627 363/732/628 364/733/629
f 354/715/622 353/734/480 370/735/448 371/716/447
f 358/414/390 357/736/464 374/737/429 375/738/428
f 347/726/623 346/739/630 365/740/631 366/727/624
f 353/734/480 352/719/479 369/722/465 370/735/448
f 357/736/464 356/741/463 373/742/438 374/737/429
f 351/720/444 350/725/443 367/728/488 368/721/487
f 341/415/391 358/414/390 375/738/428 360/729/625
f 344/731/627 343/579/504 362/724/485 363/732/628
f 376/743/632 379/744/432 381/745/458 377/746/457
f 380/747/483 376/743/632 377/746/457 382/748/484
f 346/739/630 345/730/626 364/733/629 365/740/631
f 356/741/463 355/714/621 372/717/442 373/742/438
f 275/749/400 717/750/499 722/751/615 348/752/614
f 735/577/502 278/575/500 339/581/506 385/753/633
f 378/754/450 384/755/433 379/744/432 376/743/632
f 197/439/408 194/438/404 353/756/480 354/757/622
f 153/344/333 724/369/354 733/368/353 412/402/381
f 235/407/383 178/406/382 344/731/627 345/730/626
f 242/537/482 228/758/453 383/759/454 380/538/483
f 174/760/401 275/761/400 348/762/614 349/763/613
f 383/764/454 378/754/450 376/743/632 380/747/483
f 206/455/420 203/451/417 357/511/464 358/765/390
f 177/400/379 176/374/359 341/415/391 342/578/503
f 178/406/382 231/401/380 343/579/504 344/731/627
f 237/444/412 197/439/408 354/757/622 355/766/621
f 232/541/468 212/767/467 363/768/628 362/542/485
f 179/395/375 235/407/383 345/730/626 346/739/630
f 222/769/427 210/770/476 360/771/625 375/772/428
f 183/773/392 180/396/376 347/726/623 350/725/443
f 717/750/499 209/462/423 359/774/634 722/751/615
f 239/775/474 213/776/459 365/777/631 364/778/629
f 180/396/376 179/395/375 346/739/630 347/726/623
f 212/518/467 239/528/474 364/733/629 363/732/628
f 200/445/413 237/444/412 355/766/621 356/510/463
f 213/776/459 214/779/462 366/780/624 365/777/631
f 219/489/446 240/484/441 372/485/442 371/490/447
f 214/781/462 215/550/461 367/553/488 366/782/624
f 637/783/635 389/784/636 125/785/637 633/786/638
f 525/787/639 389/788/636 388/266/260 526/279/271
f 637/789/635 391/790/153 390/274/266 638/267/261
f 541/791/152 393/792/186 392/245/239 542/275/267
f 758/793/640 387/794/641 386/278/270 759/795/642
f 543/177/173 395/161/157 394/796/643 544/181/177
f 559/185/181 397/178/174 396/184/180 560/246/240
f 561/797/185 401/798/219 400/175/171 562/174/170
f 654/799/218 403/800/223 402/256/250 655/255/249
f 639/801/222 405/802/227 404/252/246 640/259/253
f 527/253/247 404/252/246 405/802/227 528/803/226
f 710/263/257 406/262/256 407/237/231 760/236/230
f 656/243/237 408/242/236 409/281/273 657/280/272
f 1118/565/495 716/360/349 265/363/352 1111/804/644
f 165/533/378 167/532/478 414/380/362 413/379/361
f 210/770/476 211/805/469 361/806/486 360/771/625
f 729/410/386 734/807/645 202/454/419 205/411/387
f 725/372/357 733/368/353 410/357/346 149/362/351
f 265/363/352 149/362/351 410/357/346 415/356/345
f 525/787/639 521/808/646 125/809/637 389/788/636
f 469/810/647 489/811/648 961/812/649 957/813/650
f 111/814/651 416/815/652 972/816/653 971/817/654
f 416/815/652 417/818/655 958/819/656 972/816/653
f 311/820/583 314/821/586 494/822/657 491/823/658
f 462/824/659 423/825/660 421/826/661 461/827/662
f 450/196/192 104/195/191 423/825/660 462/824/659
f 471/828/663 431/829/664 432/830/665 472/831/666
f 461/827/662 421/826/661 424/832/667 463/833/668
f 451/204/200 106/203/199 429/834/669 464/835/670
f 492/836/671 495/837/672 477/838/673 470/839/674
f 430/840/675 433/841/676 432/830/665 431/829/664
f 430/840/675 422/842/677 420/843/678 433/841/676
f 444/844/202 468/845/201 464/846/670 429/847/669
f 109/848/679 466/209/204 962/212/206 971/849/654
f 334/679/594 338/678/593 337/680/595 333/695/606
f 107/850/680 451/851/200 464/852/670 428/853/681
f 420/843/678 461/854/662 463/855/668 425/856/682
f 105/857/683 450/858/192 462/859/659 422/842/677
f 422/842/677 462/859/659 461/854/662 420/843/678
f 191/429/402 188/424/397 351/487/444 352/534/479
f 93/126/124 254/324/313 454/325/314 448/164/160
f 254/324/313 143/323/312 453/326/315 454/325/314
f 519/860/139 89/861/138 457/862/269 529/863/268
f 535/864/131 91/865/130 459/273/265 545/272/264
f 394/796/643 458/866/151 449/867/263 101/868/684
f 631/869/143 90/870/142 456/265/259 641/264/258
f 117/871/135 92/872/134 460/244/238 452/214/208
f 272/568/212 117/871/135 452/214/208 455/213/207
f 442/873/685 465/874/197 451/851/200 107/850/680
f 668/875/686 667/876/189 450/858/192 105/857/683
f 98/564/494 96/150/146 447/149/145 448/164/160
f 620/877/687 623/878/148 458/866/151 394/796/643
f 95/879/127 94/127/125 447/149/145 446/148/144
f 445/880/688 468/881/201 466/209/204 109/848/679
f 109/848/679 418/882/689 437/883/690 445/880/688
f 428/853/681 445/880/688 437/883/690 438/884/691
f 107/850/680 428/853/681 438/884/691 439/885/692
f 418/882/689 419/886/693 427/887/694 437/883/690
f 470/839/674 477/838/673 427/887/694 419/886/693
f 497/197/193 473/698/609 474/697/608 500/198/194
f 476/888/695 507/889/696 503/890/697 475/891/698
f 424/832/667 839/892/699 841/893/700 443/202/198
f 473/698/609 497/197/193 484/894/701 472/831/666
f 420/843/678 425/856/682 441/895/702 433/841/676
f 433/841/676 441/895/702 436/699/610 432/830/665
f 488/896/703 312/897/582 959/898/581 964/899/704
f 424/832/667 443/202/198 465/201/197 463/833/668
f 442/873/685 440/900/705 441/895/702 425/856/682
f 440/900/705 435/696/607 436/699/610 441/895/702
f 435/696/607 440/900/705 439/885/692 434/901/706
f 316/902/590 333/903/606 501/904/707 504/905/708
f 426/906/709 434/901/706 439/885/692 438/884/691
f 324/907/587 316/902/590 504/905/708 506/908/710
f 426/906/709 438/884/691 437/883/690 427/887/694
f 314/821/586 324/907/587 506/908/710 494/822/657
f 427/887/694 477/838/673 476/888/695 426/906/709
f 426/906/709 476/888/695 475/891/698 434/901/706
f 434/901/706 475/891/698 474/697/608 435/696/607
f 475/891/698 503/890/697 500/198/194 474/697/608
f 436/699/610 473/698/609 472/831/666 432/830/665
f 477/838/673 495/837/672 507/889/696 476/888/695
f 318/682/597 317/681/596 319/909/711 486/910/712 485/683/598
f 417/818/655 469/810/647 957/813/650 958/819/656
f 440/900/705 442/873/685 107/850/680 439/885/692
f 445/880/688 428/853/681 464/852/670 468/881/201
f 601/911/713 600/912/714 699/913/715 697/914/716
f 573/915/717 740/916/718 738/917/719 691/918/720
f 602/919/721 603/920/722 483/921/723 482/922/724
f 484/894/701 487/923/725 486/910/712
f 487/923/725 485/683/598 486/910/712
f 488/896/703 964/899/704 969/924/726 490/925/727
f 490/926/727 969/927/726 961/812/649 489/811/648
f 495/837/672 492/836/671 493/928/728 496/929/729
f 496/930/729 493/931/728 491/823/658 494/822/657
f 507/889/696 495/837/672 496/929/729 508/932/730
f 508/933/730 496/930/729 494/822/657 506/908/710
f 484/894/701 497/197/193 499/200/196 487/923/725
f 487/934/725 499/935/196 498/936/599 485/937/598
f 499/935/196 502/938/195 501/904/707 498/936/599
f 333/903/606 337/939/595 498/936/599 501/904/707
f 500/198/194 503/890/697 505/940/731 502/199/195
f 502/938/195 505/941/731 504/905/708 501/904/707
f 503/890/697 507/889/696 508/932/730 505/940/731
f 505/941/731 508/933/730 506/908/710 504/905/708
f 319/909/711 471/828/663 472/831/666 484/894/701 486/910/712
f 90/870/142 519/942/139 529/276/268 456/265/259
f 387/794/641 124/943/732 521/808/646 525/787/639
f 406/262/256 527/253/247 528/803/226 407/237/231
f 387/794/641 525/787/639 526/279/271 386/278/270
f 539/304/293 546/307/296 524/310/299 137/305/294
f 551/294/283 563/297/286 523/300/289 136/295/284
f 648/285/277 658/288/278 522/290/229 133/286/228
f 456/265/259 529/276/268 526/279/271 388/266/260
f 122/261/255 520/250/244 527/253/247 406/262/256
f 407/237/231 528/803/226 522/290/229 134/238/232
f 945/145/141 951/140/136 519/143/139 90/146/142
f 50/73/71 516/70/68 518/76/74 63/87/85
f 63/87/85 518/76/74 517/79/77 60/944/733
f 46/67/65 515/64/62 516/70/68 50/73/71
f 40/58/56 513/57/55 515/64/62 46/67/65
f 25/31/31 26/30/30 513/57/55 510/54/52
f 27/33/33 28/32/32 514/53/51 511/50/48
f 28/32/32 25/31/31 510/54/52 514/53/51
f 6/21/21 27/33/33 511/50/48 512/49/47
f 2946/62/60 38/61/59 509/945/6 2950/946/5
f 125/809/637 521/808/646 546/307/296 539/304/293
f 92/872/134 535/864/131 545/272/264 460/244/238
f 397/178/174 543/177/173 544/181/177 396/184/180
f 391/790/153 541/791/152 542/275/267 390/274/266
f 615/163/159 128/162/158 538/180/176 624/311/300
f 521/808/646 124/943/732 540/308/297 546/307/296
f 633/947/638 125/809/637 539/304/293 642/303/292
f 460/244/238 545/272/264 542/275/267 392/245/239
f 394/796/643 101/868/684 536/182/178 544/181/177
f 395/161/157 543/177/173 538/180/176 128/162/158
f 393/190/186 541/948/152 537/949/155 127/191/187
f 943/137/133 952/132/128 535/135/131 92/138/134
f 69/91/89 79/109/107 534/108/106 530/88/86
f 71/95/93 70/97/95 534/108/106 533/105/103
f 72/96/94 71/95/93 533/105/103 532/104/102
f 66/85/83 65/84/82 531/89/87 530/88/86
f 137/305/294 524/310/299 563/297/286 551/294/283
f 393/792/186 561/797/185 562/174/170 392/245/239
f 399/186/182 559/185/181 560/246/240 398/249/243
f 143/323/312 272/568/212 455/213/207 453/326/315
f 98/564/494 255/328/317 557/169/165 556/370/355
f 97/151/147 96/150/146 554/166/162 555/165/161
f 273/216/210 118/215/209 548/173/169 558/313/302
f 618/312/301 129/179/175 549/188/184 625/301/290
f 524/310/299 139/309/298 552/298/287 563/297/286
f 636/306/295 137/305/294 551/294/283 643/293/282
f 396/184/180 102/183/179 547/247/241 560/246/240
f 401/225/219 561/189/185 550/192/188 131/226/220
f 397/178/174 559/185/181 549/188/184 129/179/175
f 118/215/209 392/245/239 562/174/170 548/173/169
f 255/328/317 144/327/316 553/170/166 557/169/165
f 98/564/494 556/370/355 554/166/162 96/150/146
f 565/950/734 564/951/735 566/952/736 567/953/737
f 588/954/738 589/955/739 568/956/740 569/957/741
f 701/958/742 587/959/743 592/960/744 708/961/745
f 570/962/746 702/963/747 707/964/748 572/965/749
f 571/966/750 570/962/746 572/965/749 573/915/717
f 144/327/316 273/216/210 558/313/302 553/170/166
f 565/950/734 567/953/737 577/711/618 576/710/617
f 595/967/751 584/968/752 583/969/753 594/970/754
f 153/649/333 412/971/381 413/379/361 164/382/364
f 582/972/755 280/973/516 679/661/515 682/660/576
f 606/974/519 578/713/620 579/712/619 282/718/520
f 705/975/756 706/976/757 700/977/758 699/978/715
f 185/979/395 739/980/759 575/981/760 481/982/761
f 187/479/439 739/980/759 185/979/395 182/481/394
f 603/983/722 583/969/753 584/968/752 483/984/723
f 578/713/620 606/974/519 483/984/723 584/968/752
f 681/985/762 683/986/763 587/959/743 586/987/764
f 566/952/736 564/951/735 589/955/739 588/954/738
f 574/988/765 600/989/714 481/982/761 575/981/760
f 586/987/764 587/959/743 701/958/742 703/990/766
f 564/951/735 565/950/734 576/710/617 595/967/751
f 573/915/717 572/965/749 574/988/765 575/981/760
f 593/991/767 594/970/754 583/969/753 582/972/755
f 581/659/575 592/960/744 684/992/768 682/660/576
f 708/961/745 706/976/757 705/975/756 707/964/748
f 683/986/763 568/956/740 593/991/767 684/992/768
f 584/968/752 595/967/751 576/710/617 578/713/620
f 589/955/739 564/951/735 595/967/751 594/970/754
f 568/956/740 589/955/739 594/970/754 593/991/767
f 581/659/575 479/658/574 700/977/758 706/976/757
f 706/976/757 708/961/745 592/960/744 581/659/575
f 338/678/593 336/677/592 597/993/769 317/681/596
f 281/596/521 282/595/520 599/655/571 598/654/570
f 597/993/769 596/706/616 579/712/619 577/711/618
f 480/994/770 481/995/761 600/912/714 601/911/713
f 279/592/517 280/591/516 603/920/722 602/919/721
f 547/247/241 688/996/771 590/997/772 103/248/242
f 482/922/724 483/921/723 606/594/519 607/593/518
f 704/998/773 702/963/747 570/962/746 571/966/750
f 280/973/516 582/972/755 583/969/753 603/983/722
f 319/909/711 317/681/596 608/999/774 609/1000/775
f 317/681/596 597/993/769 577/711/618 608/999/774
f 567/953/737 609/1000/775 608/999/774 577/711/618
f 431/829/664 471/828/663 611/1001/776 610/1002/777
f 471/828/663 319/909/711 609/1000/775 611/1001/776
f 105/857/683 422/842/677 430/840/675 612/1003/778
f 430/840/675 431/829/664 610/1002/777 612/1003/778
f 757/1004/779 618/312/301 625/301/290 754/1005/780
f 712/1006/781 615/163/159 624/311/300 709/1007/782
f 759/795/642 761/1008/783 623/878/148 620/877/687
f 408/242/236 621/1009/784 622/1010/785 409/281/273
f 395/161/157 619/160/156 620/877/687 394/796/643
f 709/1007/782 624/311/300 618/312/301 757/1004/779
f 754/1005/780 625/301/290 617/302/291 756/587/512
f 762/588/513 659/291/280 616/292/281 711/239/233
f 123/241/235 614/1011/786 621/1009/784 408/242/236
f 409/281/273 622/1010/785 616/292/281 135/282/274
f 758/793/640 619/160/156 615/163/159 712/1006/781
f 761/1008/783 755/1012/787 613/1013/149 623/878/148
f 127/1014/187 636/306/295 643/293/282 550/1015/188
f 126/1016/154 633/947/638 642/303/292 537/1017/155
f 91/865/130 631/869/143 641/264/258 459/273/265
f 403/800/223 639/801/222 640/259/253 402/256/250
f 389/788/636 637/789/635 638/267/261 388/266/260
f 391/157/153 637/783/635 633/786/638 126/158/154
f 537/1017/155 642/303/292 636/306/295 127/1014/187
f 550/1015/188 643/293/282 635/296/285 131/1018/220
f 646/227/221 660/1019/276 634/231/225 132/230/224
f 459/273/265 641/264/258 638/267/261 390/274/266
f 120/257/251 402/256/250 640/259/253 632/258/252
f 405/233/227 639/1020/222 634/1021/225 133/234/228
f 944/133/129 953/144/140 631/147/143 91/134/130
f 61/80/78 67/86/84 628/92/90 630/94/92
f 62/81/79 61/80/78 630/94/92 629/93/91
f 70/97/95 628/92/90 626/82/80 66/85/83
f 63/87/85 60/944/733 627/83/81 626/82/80
f 131/1018/220 635/296/285 660/284/276 646/1022/221
f 756/587/512 617/302/291 659/291/280 762/588/513
f 136/295/284 523/300/289 658/288/278 648/285/277
f 398/249/243 656/243/237 657/280/272 399/186/182
f 401/798/219 654/799/218 655/255/249 400/175/171
f 120/257/251 274/426/399 653/342/331 644/254/248
f 1108/584/509 1119/1023/788 718/1024/789 158/585/510
f 593/991/767 582/972/755 682/660/576 684/992/768
f 556/370/355 557/169/165 263/172/168 1104/371/356
f 263/172/168 147/171/167 650/316/305 652/315/304
f 617/302/291 130/187/183 647/283/275 659/291/280
f 523/300/289 138/299/288 649/289/279 658/288/278
f 635/296/285 136/295/284 648/285/277 660/284/276
f 399/186/182 657/280/272 647/283/275 130/187/183
f 119/176/172 400/175/171 655/255/249 644/254/248
f 103/248/242 645/240/234 656/243/237 398/249/243
f 403/229/223 654/224/218 646/227/221 132/230/224
f 101/868/684 449/867/263 663/1025/790 661/1026/791
f 449/271/263 100/270/262 662/1027/792 663/1028/790
f 675/1029/793 588/954/738 569/957/741 678/1030/794
f 661/1026/791 664/1031/795 665/1032/796 101/868/684
f 669/1033/797 664/1031/795 661/1026/791 668/875/686
f 612/1003/778 669/1033/797 668/875/686 105/857/683
f 661/1026/791 663/1025/790 667/876/189 668/875/686
f 663/1028/790 662/1027/792 666/194/190 667/193/189
f 612/1003/778 610/1002/777 672/1034/798 669/1033/797
f 610/1002/777 611/1001/776 671/1035/799 672/1034/798
f 611/1001/776 609/1000/775 670/1036/800 671/1035/799
f 566/952/736 670/1036/800 609/1000/775 567/953/737
f 664/1031/795 673/1037/801 676/1038/802 665/1032/796
f 673/1037/801 674/1039/803 677/1040/804 676/1038/802
f 674/1039/803 675/1029/793 678/1030/794 677/1040/804
f 664/1031/795 669/1033/797 672/1034/798 673/1037/801
f 671/1035/799 674/1039/803 673/1037/801 672/1034/798
f 670/1036/800 675/1029/793 674/1039/803 671/1035/799
f 588/954/738 675/1029/793 670/1036/800 566/952/736
f 102/183/179 536/182/178 101/868/684 665/1032/796
f 587/959/743 683/986/763 684/992/768 592/960/744
f 569/957/741 568/956/740 683/986/763 681/985/762
f 478/1041/805 479/1042/574 679/590/515 680/589/514
f 676/1038/802 685/1043/806 102/183/179 665/1032/796
f 677/1040/804 686/1044/807 685/1043/806 676/1038/802
f 678/1030/794 687/1045/808 686/1044/807 677/1040/804
f 681/985/762 687/1045/808 678/1030/794 569/957/741
f 547/247/241 102/183/179 685/1043/806 688/996/771
f 686/1044/807 689/1046/809 688/996/771 685/1043/806
f 687/1045/808 690/1047/810 689/1046/809 686/1044/807
f 586/987/764 690/1047/810 687/1045/808 681/985/762
f 693/1048/811 614/1011/786 123/241/235 696/1049/812
f 573/915/717 691/918/720 694/1050/813 571/966/750
f 691/918/720 692/1051/814 695/1052/815 694/1050/813
f 692/1051/814 693/1048/811 696/1049/812 695/1052/815
f 700/1053/758 698/1054/816 697/914/716 699/913/715
f 702/963/747 704/998/773 703/990/766 701/958/742
f 274/426/399 148/317/306 650/316/305 653/342/331
f 701/958/742 708/961/745 707/964/748 702/963/747
f 698/1054/816 700/1053/758 479/1042/574 478/1041/805
f 689/1046/809 585/1055/817 590/997/772 688/996/771
f 689/1046/809 690/1047/810 580/1056/818 585/1055/817
f 690/1047/810 586/987/764 703/990/766 580/1056/818
f 605/1057/819 645/240/234 103/248/242 590/997/772
f 604/1058/820 605/1057/819 590/997/772 585/1055/817
f 604/1058/820 585/1055/817 580/1056/818 591/1059/821
f 580/1056/818 703/990/766 704/998/773 591/1059/821
f 123/241/235 645/240/234 605/1057/819 696/1049/812
f 695/1052/815 696/1049/812 605/1057/819 604/1058/820
f 694/1050/813 695/1052/815 604/1058/820 591/1059/821
f 591/1059/821 704/998/773 571/966/750 694/1050/813
f 552/298/287 754/1005/780 756/587/512 138/299/288
f 574/988/765 572/965/749 707/964/748 705/975/756
f 199/450/416 737/1060/822 385/753/633 238/447/415
f 575/981/760 739/980/759 740/916/718 573/915/717
f 149/362/351 713/361/350 715/580/505 175/397/377
f 207/463/424 209/462/423 717/750/499 719/1061/440
f 207/464/424 719/483/440 720/475/435 208/465/425
f 735/577/502 736/474/434 632/258/252 121/251/245
f 175/397/377 715/580/505 721/701/612 340/476/436
f 278/575/500 277/576/501 276/582/507 339/581/506
f 339/581/506 196/442/410 238/447/415 385/753/633
f 340/476/436 721/701/612 722/704/615 359/1062/634
f 1044/560/491 258/359/348 730/457/421 1043/1063/823
f 209/462/423 728/459/422 732/709/389 359/774/634
f 258/359/348 151/358/347 724/369/354 730/457/421
f 202/454/419 734/807/645 737/1060/822 199/450/416
f 174/428/401 349/702/613 721/701/612 715/580/505
f 720/475/435 734/807/645 729/410/386 208/465/425
f 734/807/645 720/475/435 736/474/434 737/1060/822
f 752/1064/824 693/1048/811 692/1051/814 753/1065/825
f 736/474/434 735/577/502 385/753/633 737/1060/822
f 193/436/407 738/917/719 740/916/718 190/433/406
f 649/289/279 762/588/513 711/239/233 134/238/232
f 340/476/436 359/1062/634 732/413/389 731/412/388
f 387/794/641 758/793/640 712/1006/781 124/943/732
f 457/277/269 89/1066/138 755/1012/787 761/1008/783
f 960/1067/527 307/707/572 283/606/531 327/605/530
f 751/1068/532 283/1069/531 288/1070/563 744/1071/562
f 328/612/537 287/628/553 742/639/564 741/608/533
f 298/632/557 289/631/556 744/637/562 743/613/538
f 329/1072/559 291/1073/558 746/689/541 745/617/542
f 302/636/561 293/635/560 748/643/545 747/646/546
f 291/1073/558 298/1074/557 743/1075/538 746/689/541
f 287/628/553 300/627/552 749/640/551 742/639/564
f 295/630/555 302/636/561 747/646/546 750/1076/549
f 286/609/534 328/612/537 741/608/533 751/607/532
f 293/1077/560 329/1072/559 745/617/542 748/620/545
f 289/631/556 286/609/534 751/607/532 744/637/562
f 300/627/552 295/630/555 750/1076/549 749/640/551
f 730/457/421 259/343/332 1046/563/493 1043/1063/823
f 277/576/501 752/1064/824 753/1065/825 276/582/507
f 193/436/407 276/582/507 753/1065/825 738/917/719
f 184/423/396 185/422/395 481/995/761 480/994/770
f 540/308/297 709/1007/782 757/1004/779 139/309/298
f 386/278/270 457/277/269 761/1008/783 759/795/642
f 124/943/732 712/1006/781 709/1007/782 540/308/297
f 139/309/298 757/1004/779 754/1005/780 552/298/287
f 621/1009/784 710/263/257 760/236/230 622/1010/785
f 619/160/156 758/793/640 759/795/642 620/877/687
f 614/1011/786 714/260/254 710/263/257 621/1009/784
f 622/1010/785 760/236/230 711/239/233 616/292/281
f 122/261/255 714/260/254 752/1064/824 277/576/501
f 693/1048/811 752/1064/824 714/260/254 614/1011/786
f 691/918/720 738/917/719 753/1065/825 692/1051/814
f 97/1078/147 555/1079/161 851/1080/826 794/1081/827
f 62/1082/79 629/1083/91 857/1084/828 783/1085/829
f 99/154/150 613/153/149 856/1086/830 795/1087/831
f 190/433/406 740/916/718 739/980/759 187/479/439
f 16/1088/19 9/1089/18 767/1090/832 770/1091/833
f 100/270/262 99/269/150 795/1092/831 796/1093/834
f 416/815/652 111/814/651 801/1094/835 835/1095/836
f 2942/1096/20 16/1097/19 770/1098/833 2951/1099/837
f 598/654/570 306/657/573 829/692/604 852/1100/838
f 467/1101/839 110/1102/840 800/1103/841 844/1104/842
f 839/1105/699 917/1106/843 919/1107/843 841/1108/700
f 417/818/655 416/815/652 835/1095/836 836/1109/844
f 43/1110/61 26/1111/30 775/1112/845 780/1113/846
f 18/1114/22 12/1115/15 768/1116/847 771/1117/848
f 555/1079/161 1100/1118/164 1102/351/340 810/355/344 851/1080/826
f 651/1119/511 158/1120/510 807/1121/849 858/1122/850
f 36/1123/44 45/1124/64 781/1125/851 779/1126/852
f 19/1127/25 20/1128/24 773/1129/853 772/1130/854
f 697/914/716 698/1054/816 863/1131/855 862/1132/856
f 326/601/526 285/604/529 826/1133/857 833/691/603
f 104/195/191 666/194/190 860/1134/858 797/1135/859
f 469/810/647 417/818/655 836/1109/844 922/1136/860
f 444/206/202 429/834/669 840/1137/861 842/1138/862
f 20/1139/24 18/1114/22 771/1117/848 773/1140/853
f 421/826/661 423/825/660 838/1141/863 837/1142/864
f 72/1143/94 532/1144/102 850/1145/865 785/1146/866
f 22/1147/26 19/1127/25 772/1130/854 774/1148/867
f 705/975/756 699/978/715 600/989/714 574/988/765
f 47/1149/67 43/1110/61 780/1113/846
f 423/825/660 104/195/191 797/1135/859 838/1141/863
f 446/1150/144 97/1078/147 794/1081/827 843/1151/868
f 45/66/64 49/72/70 782/1152/869 781/1153/851
f 106/203/199 443/202/198 841/893/700 798/1154/870
f 164/382/364 166/381/363 813/1155/871 812/598/523
f 602/919/721 482/922/724 847/1156/872 854/1157/873
f 81/1158/109 80/1159/108 787/1160/874 788/1161/875
f 414/380/362 167/532/478 814/1162/876 834/1163/877
f 108/207/203 444/206/202 842/1138/862 799/1164/878
f 424/832/667 421/826/661 837/1142/864 839/892/699
f 111/814/651 467/1101/839 844/1104/842 801/1094/835
f 167/532/478 229/383/365 819/1165/879 814/1162/876
f 146/1166/321 257/1167/115 821/1168/880 803/1169/881
f 629/1083/91 72/1143/94 785/1146/866 857/1084/828
f 110/1170/840 956/1171/205 963/1172/882 800/1173/841
f 26/1174/30 22/1147/26 774/1148/867 775/1175/845
f 83/1176/110 81/1158/109 788/1161/875 789/1177/883
f 169/386/368 233/387/369 820/1178/884 815/1179/885
f 698/1054/816 478/1041/805 845/1180/886 863/1131/855
f 680/589/514 279/592/517 824/1181/887 861/1182/888
f 285/604/529 304/648/567 827/1183/889 826/1133/857
f 158/585/510 718/1024/789 864/1184/890 807/1185/849
f 1105/1186/891 1115/583/508 651/586/511 159/1187/342
f 478/1041/805 680/589/514 861/1182/888 845/1180/886
f 601/911/713 697/914/716 862/1132/856 853/1188/892
f 304/651/567 305/650/568 828/1189/893 827/1190/889
f 115/1191/214 267/1192/320 823/1193/894 802/1194/895
f 171/390/372 173/392/374 817/1195/896 816/1196/897
f 829/692/604 833/691/603 912/1197/898 908/1198/899
f 429/834/669 106/203/199 798/1154/870 840/1137/861
f 78/1199/105 115/1191/214 802/1194/895 786/1200/900
f 480/994/770 601/911/713 853/1188/892 846/1201/901
f 607/593/518 281/596/521 825/1202/902 855/1203/903
f 482/922/724 607/593/518 855/1203/903 847/1156/872
f 257/1167/115 86/1204/118 790/1205/904 821/1168/880
f 305/650/568 320/662/577 832/1206/905 828/1189/893
f 229/383/365 169/386/368 815/1179/885 819/1165/879
f 312/667/582 488/1207/703 848/1208/906 831/1209/907
f 87/1210/121 83/1176/110 789/1177/883 791/1211/908
f 489/811/648 469/810/647 922/1136/860 927/1212/909
f 310/665/580 312/667/582 831/1209/907 830/1213/910
f 33/1214/43 34/1215/42 777/1216/911 776/1217/912
f 86/1204/118 87/1210/121 791/1211/908 790/1205/904
f 59/78/76 64/77/75 784/1218/843 880/1219/913
f 156/562/492 261/350/339 822/1220/914 2145/1221/915
f 2941/1222/1 3/1223/4 765/1224/916 2948/1225/917
f 184/423/396 480/994/770 846/1201/901 818/1226/918
f 2/75/73 1/1227/919 763/1228/920 764/1229/921
f 49/1230/70 62/1082/79 783/1085/829 782/1231/869
f 35/1232/45 36/1123/44 779/1126/852 778/1233/922
f 662/1027/792 100/270/262 796/1093/834 859/1234/923
f 532/1144/102 78/1199/105 786/1200/900 850/1145/865
f 155/1235/334 153/1236/333 804/1237/522 805/1238/924
f 488/1207/703 490/926/727 849/1239/925 848/1208/906
f 233/387/369 171/390/372 816/1196/897 820/1178/884
f 261/350/339 157/349/338 806/1240/926 822/1220/914
f 279/592/517 602/919/721 854/1157/873 824/1181/887
f 64/77/75 47/69/67 784/1218/843
f 34/1215/42 35/1232/45 778/1233/922 777/1216/911
f 157/1241/338 161/366/337 811/1242/927 806/1243/926
f 755/1244/787 89/1245/138 792/1246/928 865/1247/929
f 490/926/727 489/811/648 927/1212/909 849/1239/925
f 7/1248/14 15/1249/17 769/1250/930 766/1251/931
f 281/596/521 598/654/570 852/1100/838 825/1202/902
f 3/1223/4 33/1214/43 776/1217/912 765/1224/916
f 942/128/126 95/131/127 793/1252/932 954/1253/933
f 159/353/342 651/1119/511 858/1122/850 808/354/343
f 613/153/149 755/1244/787 865/1247/929 856/1086/830
f 161/366/337 155/365/334 805/1254/924 811/1242/927
f 2934/1255/934 2925/1256/935 2340/1257/936 2354/1258/937
f 946/1259/137 59/78/76 880/1219/913 955/1260/938
f 666/194/190 662/1027/792 859/1234/923 860/1134/858
f 173/392/374 184/423/396 818/1226/918 817/1195/896
f 12/1115/15 7/1248/14 766/1251/931 768/1116/847
f 718/1024/789 160/571/496 809/1261/939 864/1184/890
f 95/131/127 446/1150/144 843/1151/868 793/1252/932
f 166/381/363 414/380/362 834/1163/877 813/1155/871
f 320/662/577 310/665/580 830/1213/910 832/1206/905
f 2924/1262/940 2931/1263/941 2344/1264/942 2349/1265/943
f 770/1091/833 767/1090/832 869/1266/944 872/1267/945
f 853/1188/892 862/1132/856 937/1268/946 930/1269/947
f 816/1196/897 817/1195/896 898/1270/948 897/1271/949
f 2951/1099/837 770/1098/833 872/1272/945 2952/1273/950
f 818/1226/918 846/1201/901 924/1274/951 899/1275/952
f 817/1195/896 818/1226/918 899/1275/952 898/1270/948
f 771/1117/848 768/1116/847 870/1276/953 873/1277/954
f 865/1278/929 792/1279/928 881/1280/955 939/1281/956
f 819/1165/879 815/1179/885 896/1282/957 900/1283/958
f 772/1130/854 773/1129/853 875/1284/959 874/1285/960
f 2149/1286/961 864/1184/890 809/1261/939 981/1287/962 983/1288/963
f 820/1178/884 816/1196/897 897/1271/949 901/1289/964
f 773/1140/853 771/1117/848 873/1277/954 875/1290/959
f 1902/1291/965 1951/1292/966 2203/1293/967 2209/1294/968
f 774/1148/867 772/1130/854 874/1285/960 876/1295/969
f 2145/1296/915 2144/1297/970 982/1298/971 980/1299/972
f 775/1175/845 774/1148/867 876/1295/969 877/1300/973
f 267/1301/320 146/1166/321 803/1169/881 823/1302/894
f 776/1303/912 777/1304/911 2163/1305/974 2164/1306/975
f 1898/1153/976 1896/1307/977 2197/1308/978 2199/1309/979
f 864/1184/890 2149/1286/961 2224/1310/980 2190/1311/981
f 824/1181/887 854/1157/873 931/1312/982 903/1313/983
f 1880/1314/984 866/1315/985 2192/1316/986 2194/1317/987
f 825/1202/902 852/1100/838 929/1318/988 904/1319/989
f 1919/1320/990 1921/1321/991 2221/1322/992 2218/1323/993
f 2938/1324/994 2920/1325/995 2325/1326/996 2326/1327/997
f 826/1133/857 827/1183/889 906/1328/950 905/1329/998
f 780/1113/846 775/1112/845 877/1330/973 878/1331/999
f 807/1185/849 864/1184/890 2190/1311/981 2191/1332/1000
f 828/1189/893 832/1206/905 911/1333/1001 907/1334/1002
f 47/1149/67 780/1113/846 878/1331/999 879/1335/1003
f 830/1213/910 831/1209/907 910/1336/1004 909/1337/1005
f 1952/1338/1006 1910/1339/1007 2220/1340/1008 2219/1341/1009
f 832/1206/905 830/1213/910 909/1337/1005 911/1333/1001
f 2923/1342/1010 2926/1343/1011 2327/1344/1012 2328/1345/1013
f 833/691/603 826/1133/857 905/1329/998 912/1197/898
f 827/1190/889 828/1189/893 907/1334/1002 906/1346/950
f 1893/1303/1014 1882/1347/1015 2193/1348/1016 2196/1306/1017
f 813/1155/871 834/1163/877 913/1349/1018 894/1350/1019
f 784/1218/843 47/69/67 879/1351/1003
f 835/1352/836 801/1353/835 888/1354/843
f 836/1355/844 835/1356/836 914/1357/1020
f 866/1315/985 763/1228/920 2162/1358/1021 2192/1316/986
f 837/1359/864 838/1360/863 916/1361/843 915/1362/843
f 1895/1363/1022 1894/1304/1023 2195/1305/1024 2198/1364/1025
f 838/1360/863 797/1365/859 884/1366/843 916/1361/843
f 821/1367/880 790/1368/904 2179/1369/1026 2183/1370/1027
f 839/1105/699 837/1359/864 915/1362/843 917/1106/843
f 1959/1371/1028 1919/1320/990 2218/1323/993 2217/1372/1029
f 840/1373/861 798/1374/870 885/1375/843 918/1376/843
f 1896/1307/977 1895/1363/1022 2198/1364/1025 2197/1308/978
f 307/707/572 960/1067/527 326/1377/526 306/1378/573
f 793/1379/932 843/1380/868 2180/1381/1030 2181/1382/1031
f 842/1383/862 840/1373/861 918/1376/843 920/1384/843
f 1910/1339/1007 1946/1385/1032 2212/1386/1033 2220/1340/1008
f 1894/1304/1023 1893/1303/1014 2196/1306/1017 2195/1305/1024
f 792/1279/928 955/1260/938 880/1219/913 881/1280/955
f 844/1387/842 800/1388/841 887/1389/1034 921/1390/843
f 790/1368/904 791/1391/908 2178/1392/1035 2179/1369/1026
f 922/1393/860 836/1355/844 914/1357/1020
f 795/1394/831 856/1395/830 933/1396/1036 882/1397/1037
f 845/1180/886 861/1182/888 936/1398/1038 923/1399/1039
f 796/1400/834 795/1394/831 882/1397/1037 883/1401/1040
f 846/1201/901 853/1188/892 930/1269/947 924/1274/951
f 797/1365/859 860/1402/858 935/1403/843 884/1366/843
f 847/1156/872 855/1203/903 932/1404/1041 925/1405/1042
f 848/1208/906 849/1239/925 928/1406/1043 926/1407/1044
f 798/1374/870 841/1108/700 919/1107/843 885/1375/843
f 849/1408/925 927/1409/909 928/1410/1043
f 799/1411/878 842/1383/862 920/1384/843 886/1412/843
f 831/1209/907 848/1208/906 926/1407/1044 910/1336/1004
f 801/1353/835 844/1387/842 921/1390/843 888/1354/843
f 800/1388/841 963/1413/882 799/1411/878 886/1412/843 887/1389/1034
f 2936/1414/1045 2922/1415/1046 2346/1416/1047 2345/1417/1048
f 791/1391/908 789/1418/883 2175/1419/1049 2178/1392/1035
f 786/1291/900 802/1420/895 2176/1421/1050 2177/1294/1051
f 787/1422/874 954/1423/933 793/1379/932 2181/1382/1031 2173/1424/1052
f 805/1238/924 804/1237/522 889/1425/525 890/1426/1053
f 852/1100/838 829/692/604 908/1198/899 929/1318/988
f 822/1220/914 806/1240/926 891/1427/1054 902/1428/1055
f 854/1157/873 847/1156/872 925/1405/1042 931/1312/982
f 806/1243/926 811/1242/927 892/1429/1056 891/1430/1054
f 855/1203/903 825/1202/902 904/1319/989 932/1404/1041
f 1932/1367/1057 1914/1431/1058 2216/1432/1059 2215/1370/1060
f 856/1395/830 865/1278/929 939/1281/956 933/1396/1036
f 811/1242/927 805/1254/924 890/1433/1053 892/1429/1056
f 2151/1434/1061 2150/1435/1062 2226/1436/1063 2225/1437/1064
f 2150/1438/1062 1963/1184/1065 2222/1439/1066 2226/1440/1063
f 789/1418/883 788/1441/875 2174/1442/1067 2175/1419/1049
f 764/1229/921 763/1228/920 866/1315/985 867/1443/1068
f 1934/1444/1069 1913/1420/1070 2208/1421/1071 2214/1445/1072
f 843/1380/868 794/1339/827 2188/1340/1073 2180/1381/1030
f 2932/1446/1074 2921/1447/1075 2343/1448/1076 2336/1449/1077
f 859/1450/923 796/1400/834 883/1401/1040 934/1451/1078
f 766/1251/931 769/1250/930 871/1452/1079 868/1453/1080
f 860/1402/858 859/1450/923 934/1451/1078 935/1403/843
f 812/598/523 813/1155/871 894/1350/1019 893/599/524
f 2922/1415/1046 2933/1454/1081 2347/1455/1082 2346/1416/1047
f 861/1182/888 824/1181/887 903/1313/983 936/1398/1038
f 834/1163/877 814/1162/876 895/1456/1083 913/1349/1018
f 768/1116/847 766/1251/931 868/1453/1080 870/1276/953
f 862/1132/856 863/1131/855 938/1457/1084 937/1268/946
f 814/1162/876 819/1165/879 900/1283/958 895/1456/1083
f 2929/1458/1085 2923/1342/1010 2328/1345/1013 2323/1459/1086
f 863/1131/855 845/1180/886 923/1399/1039 938/1457/1084
f 815/1179/885 820/1178/884 901/1289/964 896/1282/957
f 89/1245/138 946/1460/137 955/1461/938 792/1246/928
f 80/1159/108 942/128/126 954/1253/933 787/1160/874
f 65/1462/82 627/1463/81 953/144/140 944/133/129
f 68/1464/88 531/1465/87 952/132/128 943/137/133
f 60/1466/733 517/1467/77 951/140/136 945/145/141
f 2149/1468/961 2151/1434/1061 2225/1437/1064 2224/1469/980
f 73/100/98 251/99/97 949/321/310 941/125/123
f 251/99/97 140/341/330 948/322/311 949/321/310
f 269/377/329 113/1470/217 947/136/132 950/217/211
f 627/1463/81 60/1466/733 945/145/141 953/144/140
f 517/1467/77 59/1471/76 946/141/137 951/140/136
f 113/1470/217 68/1464/88 943/137/133 947/136/132
f 531/1465/87 65/1462/82 944/133/129 952/132/128
f 80/1159/108 75/1472/100 940/129/122 942/128/126
f 75/102/100 73/100/98 941/125/123 940/124/122
f 308/700/611 596/706/616 597/993/769 336/677/592
f 966/663/578 970/653/569 294/623/548 321/1473/601
f 957/813/650 961/812/649 492/1474/671 470/1475/674
f 972/816/653 958/819/656 419/1476/693 418/1477/689
f 961/812/649 969/927/726 493/1478/728 492/1474/671
f 962/212/206 956/211/205 110/1479/840 467/1480/839
f 971/817/654 962/1481/206 467/1101/839 111/814/651
f 963/1172/882 956/1171/205 108/207/203 799/1164/878
f 968/664/579 966/663/578 321/1473/601 309/1482/584
f 967/603/528 960/602/527 327/1483/530 284/1484/565
f 283/606/531 307/707/572 308/700/611 288/638/563
f 958/819/656 957/813/650 470/1475/674 419/1476/693
f 969/924/726 964/899/704 491/823/658 493/931/728
f 971/817/654 972/816/653 418/1477/689 109/1485/679
f 964/899/704 959/898/581 311/820/583 491/823/658
f 965/647/566 967/603/528 284/1484/565 301/1486/550
f 970/653/569 965/652/566 301/625/550 294/623/548
f 959/666/581 968/664/579 309/1482/584 311/1487/583
f 299/614/539 336/677/592 335/676/591 290/615/540
f 425/856/682 463/855/668 465/874/197 442/873/685
f 1112/336/325 1111/804/644 265/363/352 415/356/345 1045/337/326
f 162/1488/490 156/1489/492 975/1490/1087 977/1491/1088
f 809/1492/939 160/1493/496 976/1494/498 981/1495/962
f 984/1496/1089 1036/1497/1090 1071/1498/1091 1066/1499/1092
f 983/1500/963 1020/1501/1093 2158/1502/1094 2149/1503/961
f 1046/563/493 154/557/489 974/1504/1095 1048/1505/1096
f 156/1489/492 2145/1296/915 980/1299/972 975/1490/1087
f 154/1506/489 162/1488/490 977/1491/1088 974/1507/1095
f 1119/1023/788 1110/572/497 160/571/496 718/1024/789
f 1091/1508/1097 984/1496/1089 1066/1499/1092 1095/1509/1098
f 1022/1510/1099 982/1511/971 2144/1512/970 2153/1513/1100
f 1002/1514/1101 1033/1515/1102 1072/1516/1103 1075/1517/1104
f 1077/1518/1105 1078/1519/1106 986/1520/1107 988/1521/1108
f 1079/1522/1109 1080/1523/1110 992/1524/1111 994/1525/1112
f 152/1526/1113 973/1527/1114 1060/1528/1115 1074/1529/1116
f 1036/1497/1090 996/1530/1117 1076/1531/1118 1071/1498/1091
f 1082/1532/1119 1083/1533/1120 989/1534/1121 987/1535/1122
f 1084/1536/1123 1085/1537/1124 993/1538/1125 991/1539/1126
f 1081/1540/1127 1086/1541/1128 985/1542/1129 1049/1543/1130
f 1078/1519/1106 1084/1536/1123 991/1539/1126 986/1520/1107
f 1083/1544/1120 1087/1545/1131 1050/1546/1132 989/1547/1121
f 1086/1548/1128 1077/1518/1105 988/1521/1108 985/1549/1129
f 1080/1550/1110 1082/1532/1119 987/1535/1122 992/1551/1111
f 979/1552/1133 411/1553/1134 1073/1554/1135 1059/1555/1136
f 1029/1556/1137 1030/1557/1138 1000/1558/1139 997/1559/1140
f 1031/1560/1141 1032/1561/1142 999/1562/1143 1005/1563/1144
f 1033/1515/1102 990/1564/1145 1065/1565/1146 1072/1516/1103
f 1030/1557/1138 1034/1566/1147 998/1567/1148 1000/1558/1139
f 1035/1568/1149 1031/1569/1141 1005/1570/1144 1007/1571/1150
f 723/1572/1151 152/1573/1113 1074/1574/1116 1062/1575/1152
f 996/1530/1117 1003/1576/1153 1070/1577/1154 1076/1531/1118
f 1032/1578/1142 1037/1579/1155 1001/1580/1156 999/1581/1143
f 1038/1582/1157 1039/1583/1158 1006/1584/1159 1004/1585/1160
f 1056/1586/1161 1029/1587/1137 997/1588/1140 1054/1589/1162
f 1034/1566/1147 1038/1590/1157 1004/1591/1160 998/1567/1148
f 1037/1579/1155 1055/1592/1163 1053/1593/1164 1001/1580/1156
f 1016/1594/1165 1004/1591/1160 1006/1595/1159 1017/1596/1166
f 1014/1597/1167 1005/1598/1144 999/1599/1143 1012/1600/1168
f 1012/1600/1168 999/1599/1143 1001/1601/1156 1013/1602/1169
f 1018/1603/1170 1010/1604/1171 1011/1605/1172 1019/1606/1173
f 1016/1607/1165 1008/1608/1174 1010/1609/1171 1018/1610/1170
f 1014/1597/1167 1008/1608/1174 1009/1611/1175 1015/1612/1176
f 1005/1598/1144 1014/1597/1167 1015/1612/1176 1007/1613/1150
f 1010/1609/1171 1012/1600/1168 1013/1602/1169 1011/1614/1172
f 1008/1608/1174 1014/1597/1167 1012/1600/1168 1010/1609/1171
f 1004/1591/1160 1016/1594/1165 1018/1603/1170 998/1567/1148
f 998/1567/1148 1018/1603/1170 1019/1606/1173 1000/1558/1139
f 1008/1615/1174 1016/1594/1165 1017/1596/1166 1009/1616/1175
f 1001/1580/1156 1053/1593/1164 1052/1617/1177 1013/1618/1169
f 1052/1617/1177 1051/1619/1178 1011/1620/1172 1013/1618/1169
f 1051/1621/1178 1054/1622/1162 1019/1606/1173 1011/1605/1172
f 1054/1622/1162 997/1559/1140 1000/1558/1139 1019/1606/1173
f 2147/1623/1179 2002/1624/1180 2004/1625/1181 2143/1626/1182
f 1090/1627/1183 1085/1628/1124 982/1511/971 1022/1510/1099
f 1042/1629/1184 1039/1583/1158 993/1630/1125 1025/1631/1185
f 1035/1632/1149 1040/1633/1186 1023/1634/1187 994/1525/1112
f 1040/1635/1186 1041/1636/1188 1024/1637/1189 1023/1638/1187
f 1041/1636/1188 1042/1629/1184 1025/1631/1185 1024/1637/1189
f 1079/1522/1109 1088/1639/1190 1020/1501/1093 983/1500/963
f 1088/1640/1190 1089/1641/1191 1021/1642/1192 1020/1643/1093
f 1089/1641/1191 1090/1627/1183 1022/1510/1099 1021/1642/1192
f 2005/1644/1193 2150/1645/1062 2159/1646/1194 2042/1647/1195
f 2042/1643/1195 2159/1648/1194 2155/1649/1196 2043/1642/1197
f 1009/1650/1175 1027/1651/1198 1026/1652/1199 1015/1653/1176
f 1017/1654/1166 1028/1655/1200 1027/1651/1198 1009/1650/1175
f 1006/1584/1159 1028/1655/1200 1017/1654/1166
f 1015/1653/1176 1026/1652/1199 1007/1656/1150
f 1027/1651/1198 1028/1655/1200 1042/1629/1184 1041/1636/1188
f 1026/1652/1199 1027/1651/1198 1041/1636/1188 1040/1635/1186
f 1007/1657/1150 1026/1658/1199 1040/1633/1186 1035/1632/1149
f 1028/1655/1200 1006/1584/1159 1039/1583/1158 1042/1629/1184
f 989/1547/1121 1050/1546/1132 1055/1592/1163 1037/1579/1155
f 986/1520/1107 991/1539/1126 1038/1590/1157 1034/1566/1147
f 1049/1543/1130 985/1542/1129 1029/1587/1137 1056/1586/1161
f 991/1539/1126 993/1538/1125 1039/1659/1158 1038/1590/1157
f 987/1535/1122 989/1534/1121 1037/1660/1155 1032/1561/1142
f 411/1553/1134 150/1661/1201 1061/1662/1202 1073/1554/1135
f 995/1663/1203 1002/1664/1101 1075/1665/1104 1068/1666/1204
f 994/1525/1112 992/1524/1111 1031/1667/1141 1035/1632/1149
f 988/1521/1108 986/1520/1107 1034/1566/1147 1030/1557/1138
f 150/1668/1201 723/1572/1151 1062/1575/1152 1061/1669/1202
f 992/1551/1111 987/1535/1122 1032/1561/1142 1031/1560/1141
f 985/1549/1129 988/1521/1108 1030/1557/1138 1029/1556/1137
f 723/1572/1151 150/1668/1201 1044/560/491 1043/1063/823
f 150/1668/1201 411/1670/1134 1045/337/326 1044/560/491
f 152/1573/1113 723/1572/1151 1043/1063/823 1046/563/493
f 411/1670/1134 979/1671/1133 1047/338/327 1045/337/326
f 973/1672/1114 152/1573/1113 1046/563/493 1048/1505/1096
f 1091/1508/1097 973/1672/1114 1048/1505/1096 1081/1540/1127
f 1092/1673/1205 990/1564/1145 1050/1674/1132 1087/1675/1131
f 995/1663/1203 1003/1576/1153 1051/1619/1178 1052/1617/1177
f 1002/1664/1101 995/1663/1203 1052/1617/1177 1053/1593/1164
f 1003/1576/1153 996/1530/1117 1054/1589/1162 1051/1619/1178
f 990/1676/1145 1033/1677/1102 1055/1592/1163 1050/1546/1132
f 996/1530/1117 1036/1497/1090 1056/1586/1161 1054/1589/1162
f 1033/1677/1102 1002/1664/1101 1053/1593/1164 1055/1592/1163
f 1036/1497/1090 984/1496/1089 1049/1543/1130 1056/1586/1161
f 1073/1678/1135 1061/1669/1202 1058/1679/1206 1059/1680/1136
f 1062/1575/1152 1074/1574/1116 1060/1681/1115 1057/1682/1207
f 1061/1669/1202 1062/1575/1152 1057/1682/1207 1058/1679/1206
f 1093/1683/1208 1094/1684/1209 1063/1685/1210 1064/1686/1211
f 1094/1684/1209 1095/1509/1098 1066/1499/1092 1063/1685/1210
f 1096/1687/1212 1093/1683/1208 1064/1686/1211 1065/1688/1146
f 1072/1689/1103 1067/1690/1213 1068/1666/1204 1075/1665/1104
f 1067/1690/1213 1069/1691/1214 1070/1577/1154 1068/1666/1204
f 1069/1691/1214 1071/1498/1091 1076/1531/1118 1070/1577/1154
f 1063/1685/1210 1066/1499/1092 1071/1498/1091 1069/1691/1214
f 1064/1686/1211 1063/1685/1210 1069/1691/1214 1067/1690/1213
f 1065/1688/1146 1064/1686/1211 1067/1690/1213 1072/1689/1103
f 1092/1673/1205 979/1552/1133 1059/1555/1136 1096/1692/1212
f 1003/1576/1153 995/1663/1203 1068/1666/1204 1070/1577/1154
f 990/1564/1145 1092/1673/1205 1096/1692/1212 1065/1565/1146
f 1059/1680/1136 1058/1679/1206 1093/1683/1208 1096/1687/1212
f 1057/1682/1207 1060/1681/1115 1095/1509/1098 1094/1684/1209
f 1058/1679/1206 1057/1682/1207 1094/1684/1209 1093/1683/1208
f 979/1671/1133 1092/1693/1205 1087/1545/1131 1047/338/327
f 984/1496/1089 1091/1508/1097 1081/1540/1127 1049/1543/1130
f 1024/1637/1189 1025/1631/1185 1090/1627/1183 1089/1641/1191
f 1023/1638/1187 1024/1637/1189 1089/1641/1191 1088/1640/1190
f 994/1525/1112 1023/1634/1187 1088/1639/1190 1079/1522/1109
f 1025/1631/1185 993/1630/1125 1085/1628/1124 1090/1627/1183
f 981/1495/962 976/1494/498 1082/1532/1119 1080/1550/1110
f 974/1507/1095 977/1491/1088 1077/1518/1105 1086/1548/1128
f 978/339/328 1047/338/327 1087/1545/1131 1083/1544/1120
f 975/1490/1087 980/1299/972 1084/1536/1123 1078/1519/1106
f 1048/1505/1096 974/1504/1095 1086/1541/1128 1081/1540/1127
f 980/1299/972 982/1298/971 1085/1537/1124 1084/1536/1123
f 976/573/498 978/339/328 1083/1544/1120 1082/1694/1119
f 983/1500/963 981/1695/962 1080/1523/1110 1079/1522/1109
f 977/1491/1088 975/1490/1087 1078/1519/1106 1077/1518/1105
f 973/1672/1114 1091/1508/1097 1095/1509/1098 1060/1681/1115
f 1100/168/164 1103/1696/1215 1102/1697/340
f 1103/1696/1215 1101/1698/341 1102/1697/340
f 1110/572/497 1114/1699/1216 1111/804/644 1112/336/325 1113/335/324
f 1105/1186/891 1097/1700/1217 1099/1701/1218 1106/1702/1219
f 1106/1702/1219 1099/1701/1218 1098/167/163 1104/371/356
f 1116/333/322 1107/334/323 1109/1703/1220 1117/1704/1221
f 1117/1704/1221 1109/1703/1220 1108/584/509 1115/583/508
f 1100/168/164 1098/167/163 1099/1701/1218 1103/1696/1215
f 1103/1696/1215 1099/1701/1218 1097/1700/1217 1101/1698/341
f 1119/1023/788 1108/584/509 1109/1703/1220 1120/1705/1222
f 1120/1705/1222 1109/1703/1220 1107/334/323 1118/565/495
f 1104/371/356 1116/333/322 1117/1704/1221 1106/1702/1219
f 1106/1702/1219 1117/1704/1221 1115/583/508 1105/1186/891
f 1110/572/497 1119/1023/788 1120/1705/1222 1114/1699/1216
f 1114/1699/1216 1120/1705/1222 1118/565/495 1111/804/644
f 1097/1700/1217 1105/1186/891 159/1187/342 1101/1698/341
f 2945/1706/1223 1123/1707/1224 1124/1708/1225 2954/1709/1226
f 2961/5/1227 2939/8/1228 1125/7/1229 1626/6/1230
f 2957/9/1231 1134/12/1232 1130/11/1233 2955/10/1234
f 1128/13/1235 1131/16/1236 1132/15/1237 1127/14/1238
f 1130/11/1233 1128/13/1235 1127/14/1238 1135/17/1239
f 2955/10/1234 2953/20/1240 1136/19/1241 1129/18/1242
f 2939/8/1228 1126/21/1243 1134/12/1232 2957/9/1231
f 1131/16/1236 1137/23/1244 1138/22/1245 1132/15/1237
f 1137/23/1244 1139/25/1246 1140/24/1247 1138/22/1245
f 1137/23/1244 1141/27/1248 1142/26/1249 1139/25/1246
f 1128/13/1235 1143/29/1250 1144/28/1251 1131/16/1236
f 1131/16/1236 1144/28/1251 1141/27/1248 1137/23/1244
f 1128/13/1235 1130/11/1233 1134/12/1232 1143/29/1250
f 1141/27/1248 1145/31/1252 1146/30/1253 1142/26/1249
f 1143/29/1250 1147/33/1254 1148/32/1255 1144/28/1251
f 1144/28/1251 1148/32/1255 1145/31/1252 1141/27/1248
f 1134/12/1232 1126/21/1243 1147/33/1254 1143/29/1250
f 1174/34/1256 1149/37/1257 1150/36/1258 1171/35/1259
f 1175/38/1260 1151/41/1261 1152/40/1262 1172/39/1263
f 1151/41/1261 1153/43/1264 1154/42/1265 1152/40/1262
f 1149/37/1257 1155/45/1266 1156/44/1267 1150/36/1258
f 1172/39/1263 1152/40/1262 1149/37/1257 1174/34/1256
f 1152/40/1262 1154/42/1265 1155/45/1266 1149/37/1257
f 1170/46/1268 1124/47/1225 1151/41/1261 1175/38/1260
f 1124/47/1225 1123/48/1224 1153/43/1264 1151/41/1261
f 1629/49/1269 1157/52/1270 1161/51/1271 1628/50/1272
f 1631/53/1273 1162/56/1274 1159/55/1275 1627/54/1276
f 1628/50/1272 1161/51/1271 1162/56/1274 1631/53/1273
f 1627/54/1276 1159/55/1275 1160/58/1277 1630/57/1278
f 2960/1710/1279 2956/1711/1280 1158/1712/1281 1173/1713/1282
f 1630/57/1278 1632/64/1283 1163/63/1284 1146/30/1253
f 1156/44/1267 1165/66/1285 1164/65/1286 1150/36/1258
f 1171/35/1259 1176/68/1287 1166/67/1288 1160/58/1277
f 1632/64/1283 1633/70/1289 47/69/67 1163/63/1284
f 1165/66/1285 1168/72/1290 1167/71/1291 1164/65/1286
f 1176/68/1287 1177/74/1292 1169/73/1293 1166/67/1288
f 1164/65/1286 1167/71/1291 1177/74/1292 1176/68/1287
f 1150/36/1258 1164/65/1286 1176/68/1287 1171/35/1259
f 2954/1709/1226 2960/1710/1279 1173/1713/1282 1122/1714/1294
f 1157/52/1270 1170/46/1268 1175/38/1260 1161/51/1271
f 1162/56/1274 1172/39/1263 1174/34/1256 1159/55/1275
f 1161/51/1271 1175/38/1260 1172/39/1263 1162/56/1274
f 1159/55/1275 1174/34/1256 1171/35/1259 1160/58/1277
f 1635/76/1295 1634/79/1296 59/78/76 64/77/75
f 1168/72/1290 1180/81/1297 1179/80/1298 1167/71/1291
f 1633/70/1289 1635/76/1295 64/77/75 47/69/67
f 1743/82/1299 1183/85/1300 1182/84/1301 1744/83/1302
f 1177/74/1292 1167/71/1291 1179/80/1298 1184/86/1303
f 1169/73/1293 1177/74/1292 1184/86/1303 1181/87/1304
f 1647/88/1305 1186/91/1306 1185/90/1307 1648/89/1308
f 1745/92/1309 1743/82/1299 1181/87/1304 1184/86/1303
f 1746/93/1310 1189/96/1311 1188/95/1312 1747/94/1313
f 1747/94/1313 1188/95/1312 1187/97/1314 1745/92/1309
f 1373/98/1315 1191/101/1316 1190/100/1317 1368/99/1318
f 1191/101/1316 1193/103/1319 1192/102/1320 1190/100/1317
f 1649/104/1321 1195/107/1322 1194/106/1323 1650/105/1324
f 1650/105/1324 1194/106/1323 1196/109/1325 1651/108/1326
f 1647/88/1305 1183/85/1300 1187/97/1314 1651/108/1326
f 1193/103/1319 1198/111/1327 1197/110/1328 1192/102/1320
f 1193/103/1319 1199/113/1329 1200/112/1330 1198/111/1327
f 1229/114/1331 1186/91/1306 1196/109/1325 1231/115/1332
f 1193/103/1319 1191/101/1316 1201/116/1333 1199/113/1329
f 1374/117/1334 1203/120/1335 1202/119/1336 1370/118/1337
f 1370/118/1337 1202/119/1336 1201/116/1333 1369/121/1338
f 1202/119/1336 1203/120/1335 1204/123/1339 1205/122/1340
f 1199/113/1329 1205/122/1340 1204/123/1339 1200/112/1330
f 1199/113/1329 1201/116/1333 1202/119/1336 1205/122/1340
f 1965/124/1341 1211/127/1342 1210/126/1343 1966/125/1344
f 1967/1715/1345 1212/1716/1346 1211/1717/1342 1965/1718/1341
f 1976/1719/1347 1652/1720/1348 1208/1721/1349 1969/1722/1350
f 1971/1723/1351 1234/1724/1352 1209/1725/1353 1968/1726/1354
f 1975/1727/1355 1636/1728/1356 1206/1729/1357 946/141/137
f 1977/1730/1358 1748/1731/1359 1207/1732/1360 1970/1733/1361
f 1563/148/1362 1214/151/1363 1213/150/1364 1564/149/1365
f 1740/1734/1366 1575/1735/1367 1216/1736/1368 1730/1737/1369
f 1658/1738/1370 1654/1739/1371 1243/1740/1372 1508/1741/1373
f 1736/160/1374 1732/163/1375 1245/162/1376 1512/161/1377
f 1565/164/1378 1210/126/1343 1211/127/1342 1564/149/1365
f 1672/165/1379 2122/168/1380 2120/167/1381 1671/166/1382
f 1674/169/1383 1380/172/1384 1264/171/1385 1670/170/1386
f 1665/173/1387 1236/176/1388 1517/175/1389 1679/174/1390
f 1660/177/1391 1655/180/1392 1246/179/1393 1514/178/1394
f 1661/181/1395 1513/184/1396 1219/183/1397 1653/182/1398
f 1676/185/1399 1666/188/1400 1247/187/1401 1516/186/1402
f 1678/1742/1403 1667/1743/1404 1244/1744/1405 1510/1745/1406
f 1784/1746/1407 1567/1747/1408 1221/1748/1409 1783/1749/1410
f 1614/197/1411 1616/200/1412 1619/199/1413 1617/198/1414
f 1582/1750/1415 1568/1751/1416 1223/1752/1417 1560/1753/1418
f 1585/1754/1419 1583/1755/1420 1225/1756/1421 1561/1757/1422
f 1583/209/1420 1985/212/1423 1979/211/1424 1225/210/1421
f 1572/213/1425 1390/216/1426 1235/215/1427 1569/214/1428
f 1974/1758/1429 1389/1759/1430 1234/1724/1352 1971/1723/1351
f 1194/106/1323 1233/219/1431 1231/115/1332 1196/109/1325
f 1195/107/1322 1232/220/1432 1233/219/1431 1194/106/1323
f 1383/221/1433 1229/114/1331 1231/115/1332 1387/222/1434
f 1186/91/1306 1229/114/1331 1230/223/1435 1185/90/1307
f 1771/1760/1436 1763/1761/1437 1248/1762/1438 1518/1763/1439
f 1756/1764/1440 1751/1765/1441 1249/1766/1442 1520/1767/1443
f 1645/1768/1444 1639/1769/1445 1250/1770/1446 1522/1771/1447
f 1877/236/1448 1828/239/1449 1251/238/1450 1524/237/1451
f 1762/240/1452 1773/243/1453 1525/242/1454 1240/241/1455
f 1569/214/1428 1235/215/1427 1509/245/1456 1577/244/1457
f 1677/246/1458 1515/249/1459 1220/248/1460 1664/247/1461
f 1637/250/1462 1644/253/1463 1521/252/1464 1238/251/1465
f 1761/254/1466 1237/257/1467 1519/256/1468 1772/255/1469
f 1749/258/1470 1238/251/1465 1521/252/1464 1757/259/1471
f 1831/260/1472 1827/263/1473 1523/262/1474 1239/261/1475
f 1758/264/1476 1755/267/1477 1505/266/1478 1573/265/1479
f 1575/1772/1367 1566/1773/1480 1217/1774/1481 1216/1775/1368
f 1662/272/1482 1659/275/1483 1507/274/1484 1576/273/1485
f 1646/276/1486 1643/279/1487 1503/278/1488 1574/277/1489
f 1774/280/1490 1764/283/1491 1252/282/1492 1526/281/1493
f 1777/284/1494 1751/287/1441 1250/286/1446 1765/285/1495
f 1775/288/1496 1639/290/1445 1251/238/1450 1766/289/1497
f 1776/291/1498 1733/292/1499 1252/282/1492 1764/283/1491
f 1760/293/1500 1752/296/1501 1253/295/1502 1668/294/1503
f 1680/297/1504 1640/300/1505 1255/299/1506 1669/298/1507
f 1742/301/1508 1734/302/1509 1247/187/1401 1666/188/1400
f 1759/303/1510 1753/306/1511 1254/305/1512 1656/304/1513
f 1663/307/1514 1641/310/1515 1256/309/1516 1657/308/1517
f 1741/311/1518 1735/312/1519 1246/179/1393 1655/180/1392
f 1675/313/1520 1385/314/1521 1236/176/1388 1665/173/1387
f 1769/315/1522 1381/318/1523 1265/317/1524 1767/316/1525
f 1373/98/1315 1262/320/1526 1258/319/1527 1369/121/1338
f 1973/321/1528 1371/324/1529 1260/323/1530 1972/322/1531
f 1571/325/1532 1372/328/1533 1261/327/1534 1570/326/1535
f 1388/329/1536 1259/330/1537 1258/319/1527 1387/222/1434
f 1384/331/1538 1263/332/1539 1259/330/1537 1388/329/1536
f 2138/333/1540 2129/334/1541 1381/318/1523 1769/315/1522
f 2135/335/1542 2000/339/1543 2069/338/1544 2067/337/1545 2134/336/1546
f 1383/221/1433 1262/320/1526 1257/341/1547 1386/340/1548
f 1770/342/1549 1385/314/1521 1264/171/1385 1767/316/1525
f 1376/343/1550 1377/346/1551 1272/345/1552 1270/344/1553
f 1379/1776/1554 1378/1777/1555 1274/1778/1556 1278/1779/1557
f 2124/1780/1558 1921/1781/991 1919/1782/990 1276/1783/1559 2123/1784/1560
f 1532/356/1561 1375/359/1562 1268/358/1563 1527/357/1564
f 1833/360/1565 1382/363/1566 1266/362/1567 1830/361/1568
f 1377/1785/1551 1379/1786/1554 1278/1787/1557 1272/1788/1552
f 1850/368/1569 1527/357/1564 1268/358/1563 1841/369/1570
f 1673/370/1571 1671/166/1382 2120/167/1381 2126/371/1572
f 1842/372/1573 1280/375/1574 1293/374/1575 1843/373/1576
f 1257/1789/1547 1972/1790/1531 1974/1758/1429 1386/1791/1548
f 1530/1792/1577 1281/1793/1578 1283/1794/1579 1531/1795/1580
f 1346/1796/1581 1286/1797/1582 1285/1798/1583 1347/1799/1584
f 1350/1800/1585 1288/1801/1586 1287/1802/1587 1351/1803/1588
f 1288/1801/1586 1290/1804/1589 1289/1805/1590 1287/1802/1587
f 1289/393/1590 1297/396/1591 1296/395/1592 1287/394/1587
f 1842/372/1573 1843/373/1576 1292/397/1593 1266/362/1567
f 1347/398/1584 1348/401/1594 1294/400/1595 1282/399/1596
f 1265/317/1524 1381/318/1523 1833/360/1565 1830/361/1568
f 1529/402/1597 1530/403/1577 1282/399/1596 1280/375/1574
f 1351/404/1588 1352/407/1598 1295/406/1599 1285/405/1583
f 1321/408/1600 1322/411/1601 1846/410/1602 1844/409/1603
f 1848/412/1604 1458/415/1605 1475/414/1606 1849/413/1607
f 1289/1806/1590 1298/1807/1608 1300/1808/1609 1297/1809/1591
f 1290/1804/1589 1299/1810/1610 1298/1811/1608 1289/1805/1590
f 1290/1804/1589 1301/1812/1611 1302/1813/1612 1299/1810/1610
f 1282/399/1596 1294/400/1595 1293/374/1575 1280/375/1574
f 1298/1807/1608 1303/1814/1613 1305/1815/1614 1300/1808/1609
f 1265/317/1524 1291/428/1615 1392/427/1616 1391/426/1617
f 1303/1814/1613 1306/1816/1618 1308/1817/1619 1305/1815/1614
f 1306/1816/1618 1309/1818/1620 1311/1819/1621 1308/1817/1619
f 1307/433/1622 1310/436/1623 1309/435/1620 1306/434/1618
f 1309/1820/1620 1312/1821/1624 1314/1822/1625 1311/1823/1621
f 1310/436/1623 1313/442/1626 1312/441/1624 1309/435/1620
f 1353/1824/1627 1315/1825/1628 1317/1826/1629 1354/1827/1630
f 1355/447/1631 1316/450/1632 1315/449/1628 1353/448/1627
f 1315/1825/1628 1318/1828/1633 1320/1829/1634 1317/1826/1629
f 1316/450/1632 1319/454/1635 1318/453/1633 1315/449/1628
f 1318/1828/1633 1321/1830/1600 1323/1831/1636 1320/1829/1634
f 1319/454/1635 1322/411/1601 1321/408/1600 1318/453/1633
f 1847/457/1637 1376/343/1550 1270/344/1553 1841/369/1570
f 1323/1832/1636 1321/1833/1600 1844/1834/1603 1845/1835/1638
f 1844/1834/1603 1324/1836/1639 1326/1837/1640 1845/1835/1638
f 1846/410/1602 1325/465/1641 1324/464/1639 1844/409/1603
f 1338/1838/1642 1491/1839/1643 1492/1840/1644 1339/1841/1645
f 1343/1842/1646 1501/1843/1647 1496/1844/1648 1358/1845/1649
f 1749/258/1470 1237/257/1467 1837/475/1650 1853/474/1651
f 1843/373/1576 1848/412/1604 1457/476/1652 1292/397/1593
f 1337/1846/1653 1490/1847/1654 1491/1839/1643 1338/1838/1642
f 1304/479/1655 1307/433/1622 1306/434/1618 1303/480/1613
f 1299/481/1610 1304/479/1655 1303/480/1613 1298/482/1608
f 1836/483/1656 1837/475/1650 1237/257/1467 1391/426/1617
f 1843/373/1576 1293/374/1575 1458/415/1605 1848/412/1604
f 1357/1848/1657 1489/1849/1658 1490/1847/1654 1337/1846/1653
f 1305/1815/1614 1468/1850/1659 1467/1851/1660 1300/1808/1609
f 1335/1852/1661 1487/1853/1662 1488/1854/1663 1336/1855/1664
f 1344/1856/1665 1495/1857/1666 1501/1858/1647 1343/1859/1646
f 1361/496/1667 1334/499/1668 1335/498/1661 1336/497/1664
f 1345/1860/1669 1500/1861/1670 1495/1857/1666 1344/1856/1665
f 1340/1862/1671 1498/1863/1672 1494/1864/1673 1341/1865/1674
f 1330/506/1675 1331/509/1676 1332/508/1677 1363/507/1678
f 1320/1829/1634 1474/1866/1679 1473/1867/1680 1317/1826/1629
f 1334/1868/1668 1486/1869/1681 1487/1870/1662 1335/1871/1661
f 1360/516/1682 1361/496/1667 1336/497/1664 1357/517/1657
f 1329/518/1683 1366/521/1684 1328/520/1685 1349/519/1686
f 1363/507/1678 1332/508/1677 1333/523/1687 1364/522/1688
f 1364/522/1688 1333/523/1687 1334/499/1668 1361/496/1667
f 1339/524/1645 1367/527/1689 1337/526/1653 1338/525/1642
f 1356/528/1690 1362/529/1691 1366/521/1684 1329/518/1683
f 1328/520/1685 1366/521/1684 1365/531/1692 1327/530/1693
f 1285/405/1583 1295/406/1599 1348/401/1594 1347/398/1584
f 1284/1872/1694 1346/1796/1581 1347/1799/1584 1282/1873/1596
f 1330/506/1675 1363/507/1678 1362/529/1691 1356/528/1690
f 1367/527/1689 1360/516/1682 1357/517/1657 1337/526/1653
f 1311/1819/1621 1470/1874/1695 1469/1875/1696 1308/1817/1619
f 1327/530/1693 1365/531/1692 1367/527/1689 1339/524/1645
f 1342/1876/1697 1499/1877/1698 1497/1878/1699 1359/1879/1700
f 1328/1880/1685 1478/1881/1701 1479/1882/1702 1349/1883/1686
f 1313/442/1626 1355/447/1631 1353/448/1627 1312/441/1624
f 1312/1821/1624 1353/1824/1627 1354/1827/1630 1314/1822/1625
f 1287/394/1587 1296/395/1592 1352/407/1598 1351/404/1588
f 1286/1797/1582 1350/1800/1585 1351/1803/1588 1285/1798/1583
f 1341/1865/1674 1494/1864/1673 1499/1884/1698 1342/1885/1697
f 1340/546/1671 1361/496/1667 1360/516/1682 1358/547/1649
f 1359/548/1700 1362/529/1691 1363/507/1678 1342/549/1697
f 1332/1886/1677 1484/1887/1703 1485/1888/1704 1333/1889/1687
f 1333/1889/1687 1485/1888/1704 1486/1869/1681 1334/1868/1668
f 1342/549/1697 1363/507/1678 1364/522/1688 1341/554/1674
f 1341/554/1674 1364/522/1688 1361/496/1667 1340/546/1671
f 1358/547/1649 1360/516/1682 1367/527/1689 1343/555/1646
f 1345/556/1669 1366/521/1684 1362/529/1691 1359/548/1700
f 1271/557/1705 1279/559/1706 1379/558/1554 1377/346/1551
f 2067/337/1545 2066/560/1707 1375/359/1562 1532/356/1561
f 1279/1890/1706 1273/1891/1708 1378/1777/1555 1379/1776/1554
f 1529/402/1597 1280/375/1574 1842/372/1573 1850/368/1569
f 2068/563/1709 1271/557/1705 1377/346/1551 1376/343/1550
f 1565/164/1378 1215/564/1710 1372/328/1533 1571/325/1532
f 1966/125/1344 1210/126/1343 1371/324/1529 1973/321/1528
f 1191/101/1316 1373/98/1315 1369/121/1338 1201/116/1333
f 1381/318/1523 2129/334/1541 2140/565/1711 1833/360/1565
f 2126/371/1572 2138/333/1540 1769/315/1522 1380/172/1384
f 1259/330/1537 1370/118/1337 1369/121/1338 1258/319/1527
f 1263/332/1539 1374/117/1334 1370/118/1337 1259/330/1537
f 1262/320/1526 1373/98/1315 1368/99/1318 1257/341/1547
f 1761/254/1466 1236/176/1388 1385/314/1521 1770/342/1549
f 1229/114/1331 1383/221/1433 1386/340/1548 1230/223/1435
f 1232/220/1432 1384/331/1538 1388/329/1536 1233/219/1431
f 1233/219/1431 1388/329/1536 1387/222/1434 1231/115/1332
f 1343/555/1646 1367/527/1689 1365/531/1692 1344/566/1665
f 1670/170/1386 1264/171/1385 1385/314/1521 1675/313/1520
f 1262/320/1526 1383/221/1433 1387/222/1434 1258/319/1527
f 1972/322/1531 1260/323/1530 1389/568/1430 1974/567/1429
f 1358/1845/1649 1496/1844/1648 1498/1892/1672 1340/1893/1671
f 1277/571/1712 1998/573/1713 2000/339/1543 2135/335/1542 2132/572/1714
f 1836/483/1656 1391/426/1617 1392/427/1616 1834/574/1715
f 1395/575/1716 1394/576/1717 1239/261/1475 1637/250/1462
f 1238/251/1465 1852/577/1718 1395/575/1716 1637/250/1462
f 1348/401/1594 1460/579/1719 1459/578/1720 1294/400/1595
f 1830/361/1568 1832/580/1721 1291/428/1615 1265/317/1524
f 1456/581/1722 1313/442/1626 1310/436/1623 1393/582/1723
f 2137/583/1724 1768/586/1725 1275/585/1726 2130/584/1727
f 1570/326/1535 1261/327/1534 1390/216/1426 1572/213/1425
f 1255/299/1506 1766/289/1497 1879/588/1728 1873/587/1729
f 1797/1894/1730 1396/1895/1731 1397/1896/1732 1796/1897/1733
f 1724/1898/1734 1398/1899/1735 1399/1900/1736 1723/1901/1737
f 1915/1902/1738 889/600/525 893/599/524 1923/1903/1739
f 1443/1904/1740 1402/1905/1741 1989/1906/1742 1983/1907/1743
f 1444/605/1744 1858/608/1745 1868/607/1746 1400/606/1747
f 1403/609/1748 1445/612/1749 1448/611/1750 1413/610/1751
f 1344/566/1665 1365/531/1692 1366/521/1684 1345/556/1669
f 1860/613/1752 1863/616/1753 1407/615/1754 1416/614/1755
f 1862/1908/1756 1865/1909/1757 1409/1910/1758 1447/1911/1759
f 1864/1912/1760 1867/1913/1761 1411/1914/1762 1420/1915/1763
f 1867/1913/1761 1866/1916/1764 1418/1917/1765 1411/1914/1762
f 1417/627/1766 1412/630/1767 1414/629/1768 1404/628/1769
f 1413/610/1751 1408/633/1770 1415/632/1771 1406/631/1772
f 1404/628/1769 1414/629/1768 1448/611/1750 1445/612/1749
f 1403/609/1748 1413/610/1751 1406/631/1772
f 1448/611/1750 1446/634/1773 1408/633/1770 1413/610/1751
f 1412/630/1767 1419/636/1774 1410/635/1775 1414/629/1768
f 1861/637/1776 1860/613/1752 1416/614/1755 1405/638/1777
f 1859/639/1778 1401/642/1779 1418/641/1765 1866/640/1764
f 1865/643/1757 1864/646/1760 1420/645/1763 1409/644/1758
f 1402/1905/1741 1421/1918/1780 1987/1919/1781 1989/1906/1742
f 1270/1920/1553 1915/1902/1738 1923/1903/1739 1281/1793/1578
f 1422/1921/1782 1992/1922/1783 1987/1923/1781 1421/1924/1780
f 1715/1925/1784 1423/1926/1785 1424/1927/1786 1716/1928/1787
f 1596/658/1788 1796/661/1733 1799/660/1789 1698/659/1790
f 1437/1929/1791 1427/1930/1792 1990/1931/1793 1988/1932/1794
f 1427/1930/1792 1429/1933/1795 1982/1934/1796 1990/1931/1793
f 1428/668/1797 1431/671/1798 1430/670/1799 1426/669/1800
f 1441/672/1801 1433/675/1802 1432/674/1803 1442/673/1804
f 1452/676/1805 1451/679/1806 1455/678/1807 1453/677/1808
f 1454/680/1809 1435/682/1810 1434/681/1811 1455/678/1807
f 1602/683/1812 1435/682/1810 1454/680/1809 1615/684/1813
f 1439/685/1814 1438/686/1815 1426/669/1800 1430/670/1799
f 1420/645/1763 1411/687/1762 1438/686/1815 1439/685/1814
f 1422/1921/1782 1437/1929/1791 1988/1932/1794 1992/1922/1783
f 1431/671/1798 1441/672/1801 1442/673/1804 1430/670/1799
f 1442/673/1804 1440/688/1816 1439/685/1814 1430/670/1799
f 1409/644/1758 1420/645/1763 1439/685/1814 1440/688/1816
f 1414/629/1768 1410/635/1775 1446/634/1773 1448/611/1750
f 1863/1935/1753 1862/1908/1756 1447/1911/1759 1407/1936/1754
f 1401/642/1779 1859/639/1778 1858/608/1745 1444/605/1744
f 1443/1904/1740 1423/1926/1785 1940/1937/1817 1944/1938/1818
f 1432/674/1803 1449/693/1819 1440/688/1816 1442/673/1804
f 1447/694/1759 1409/644/1758 1440/688/1816 1449/693/1819
f 1433/675/1802 1450/695/1820 1451/679/1806 1432/674/1803
f 1432/674/1803 1451/679/1806 1452/676/1805 1449/693/1819
f 1407/615/1754 1447/694/1759 1449/693/1819 1452/676/1805
f 1552/696/1821 1553/699/1822 1590/698/1823 1591/697/1824
f 1425/700/1825 1405/638/1777 1416/614/1755 1453/677/1808
f 1838/701/1826 1839/704/1827 1465/703/1828 1466/702/1829
f 1716/705/1787 1424/707/1786 1425/700/1825 1713/706/1830
f 1323/1832/1636 1845/1835/1638 1849/1939/1607 1475/1940/1606
f 1693/710/1831 1695/713/1832 1696/712/1833 1694/711/1834
f 1472/714/1835 1489/717/1658 1488/716/1663 1471/715/1836
f 1399/718/1736 1716/705/1787 1713/706/1830 1696/712/1833
f 1469/719/1696 1486/722/1681 1485/721/1704 1468/720/1659
f 1460/579/1719 1479/724/1702 1478/723/1701 1459/578/1720
f 1467/725/1660 1484/728/1703 1483/727/1837 1464/726/1838
f 1459/578/1720 1478/723/1701 1477/729/1839 1458/415/1605
f 1462/730/1840 1481/733/1841 1480/732/1842 1461/731/1843
f 1471/715/1836 1488/716/1663 1487/735/1662 1470/734/1695
f 1475/414/1606 1492/738/1644 1491/737/1643 1474/736/1679
f 1464/726/1838 1483/727/1837 1482/740/1844 1463/739/1845
f 1470/734/1695 1487/735/1662 1486/722/1681 1469/719/1696
f 1474/736/1679 1491/737/1643 1490/742/1654 1473/741/1680
f 1468/720/1659 1485/721/1704 1484/728/1703 1467/725/1660
f 1458/415/1605 1477/729/1839 1492/738/1644 1475/414/1606
f 1461/731/1843 1480/732/1842 1479/724/1702 1460/579/1719
f 1493/1941/1846 1494/1942/1673 1498/1943/1672 1496/1944/1648
f 1497/1945/1699 1499/1946/1698 1494/1942/1673 1493/1941/1846
f 1463/739/1845 1482/740/1844 1481/733/1841 1462/730/1840
f 1473/741/1680 1490/742/1654 1489/717/1658 1472/714/1835
f 1392/1947/1616 1465/1948/1828 1839/1949/1827 1834/1950/1715
f 1852/577/1718 1502/753/1847 1456/581/1722 1395/575/1716
f 1495/1951/1666 1493/1941/1846 1496/1944/1648 1501/1952/1647
f 1314/1822/1625 1471/1953/1836 1470/1954/1695 1311/1823/1621
f 1270/344/1553 1529/402/1597 1850/368/1569 1841/369/1570
f 1352/407/1598 1462/730/1840 1461/731/1843 1295/406/1599
f 1359/1879/1700 1497/1878/1699 1500/1955/1670 1345/1956/1669
f 1291/1957/1615 1466/1958/1829 1465/1959/1828 1392/1960/1616
f 1500/1961/1670 1497/1945/1699 1493/1941/1846 1495/1951/1666
f 1323/1831/1636 1475/1962/1606 1474/1866/1679 1320/1829/1634
f 1294/400/1595 1459/578/1720 1458/415/1605 1293/374/1575
f 1295/406/1599 1461/731/1843 1460/579/1719 1348/401/1594
f 1354/1827/1630 1472/1963/1835 1471/1953/1836 1314/1822/1625
f 1349/1883/1686 1479/1882/1702 1480/1964/1842 1329/1965/1683
f 1296/395/1592 1463/739/1845 1462/730/1840 1352/407/1598
f 1339/1966/1645 1492/1967/1644 1477/1968/1839 1327/1969/1693
f 1300/773/1609 1467/725/1660 1464/726/1838 1297/396/1591
f 1834/1950/1715 1839/1949/1827 1476/1970/1848 1326/1837/1640
f 1356/1971/1690 1481/1972/1841 1482/1973/1844 1330/1974/1675
f 1297/396/1591 1464/726/1838 1463/739/1845 1296/395/1592
f 1329/518/1683 1480/732/1842 1481/733/1841 1356/528/1690
f 1317/1826/1629 1473/1867/1680 1472/1963/1835 1354/1827/1630
f 1330/1974/1675 1482/1973/1844 1483/1975/1837 1331/1976/1676
f 1336/1855/1664 1488/1854/1663 1489/1849/1658 1357/1848/1657
f 1331/1977/1676 1483/1978/1837 1484/1887/1703 1332/1886/1677
f 1754/1979/1849 1750/1980/1850 1242/1981/1851 1506/1982/1852
f 1642/787/1853 1643/279/1487 1505/266/1478 1506/788/1852
f 1754/789/1849 1755/267/1477 1507/274/1484 1508/790/1373
f 1658/791/1370 1659/275/1483 1509/245/1456 1510/792/1406
f 1875/793/1854 1876/795/1855 1503/278/1488 1504/794/1856
f 1660/177/1391 1661/181/1395 1511/796/1857 1512/161/1377
f 1676/185/1399 1677/246/1458 1513/184/1396 1514/178/1394
f 1678/797/1403 1679/174/1390 1517/175/1389 1518/798/1439
f 1771/799/1436 1772/255/1469 1519/256/1468 1520/800/1443
f 1756/801/1440 1757/259/1471 1521/252/1464 1522/802/1447
f 1644/253/1463 1645/803/1444 1522/802/1447 1521/252/1464
f 1827/263/1473 1877/236/1448 1524/237/1451 1523/262/1474
f 1773/243/1453 1774/280/1490 1526/281/1493 1525/242/1454
f 2140/565/1711 2133/804/1858 1382/363/1566 1833/360/1565
f 1282/1873/1596 1530/1792/1577 1531/1795/1580 1284/1872/1694
f 1327/1969/1693 1477/1968/1839 1478/1983/1701 1328/1984/1685
f 1846/410/1602 1322/411/1601 1319/454/1635 1851/807/1859
f 1842/372/1573 1266/362/1567 1527/357/1564 1850/368/1569
f 1382/363/1566 1532/356/1561 1527/357/1564 1266/362/1567
f 1642/787/1853 1506/788/1852 1242/809/1851 1638/808/1860
f 1586/1985/1861 1980/1986/1862 1984/1987/1863 1606/1988/1864
f 1228/1989/1865 1993/1990/1866 1994/1991/1867 1533/1992/1868
f 1533/1992/1868 1994/1991/1867 1981/1993/1869 1534/1994/1870
f 1428/1995/1797 1608/1996/1871 1611/1997/1872 1431/1998/1798
f 1579/1999/1873 1578/2000/1874 1538/2001/1875 1540/2002/1876
f 1567/1747/1408 1579/1999/1873 1540/2002/1876 1221/1748/1409
f 1588/828/1877 1589/831/1878 1549/830/1879 1548/829/1880
f 1578/2000/1874 1580/2003/1881 1541/2004/1882 1538/2001/1875
f 1568/1751/1416 1581/2005/1883 1546/2006/1884 1223/1752/1417
f 1609/836/1885 1587/839/1886 1594/838/1887 1612/837/1888
f 1547/840/1889 1548/829/1880 1549/830/1879 1550/841/1890
f 1547/840/1889 1550/841/1890 1537/843/1891 1539/842/1892
f 1561/2007/1422 1546/2008/1884 1581/2009/1883 1585/2010/1419
f 1226/848/1893 1993/849/1866 1985/212/1423 1583/209/1420
f 1451/679/1806 1450/695/1820 1454/680/1809 1455/678/1807
f 1224/850/1894 1545/853/1895 1581/852/1883 1568/851/1416
f 1537/843/1891 1542/856/1896 1580/855/1881 1578/854/1874
f 1222/857/1897 1539/842/1892 1579/859/1873 1567/858/1408
f 1539/842/1892 1537/843/1891 1578/854/1874 1579/859/1873
f 1308/1817/1619 1469/1875/1696 1468/1850/1659 1305/1815/1614
f 1210/126/1343 1565/164/1378 1571/325/1532 1371/324/1529
f 1371/324/1529 1571/325/1532 1570/326/1535 1260/323/1530
f 1636/2011/1356 1646/2012/1486 1574/2013/1489 1206/2014/1357
f 1652/864/1348 1662/272/1482 1576/273/1485 1208/865/1349
f 1511/796/1857 1218/868/1898 1566/867/1480 1575/866/1367
f 1748/869/1359 1758/264/1476 1573/265/1479 1207/870/1360
f 1234/871/1352 1569/214/1428 1577/244/1457 1209/872/1353
f 1389/568/1430 1572/213/1425 1569/214/1428 1234/871/1352
f 1559/873/1899 1224/850/1894 1568/851/1416 1582/874/1415
f 1785/875/1900 1222/857/1897 1567/858/1408 1784/876/1407
f 1215/564/1710 1565/164/1378 1564/149/1365 1213/150/1364
f 1737/877/1901 1511/796/1857 1575/866/1367 1740/878/1366
f 1212/879/1346 1563/148/1362 1564/149/1365 1211/127/1342
f 1562/880/1902 1226/848/1893 1583/209/1420 1585/881/1419
f 1226/848/1893 1562/880/1902 1554/883/1903 1535/882/1904
f 1545/853/1895 1555/884/1905 1554/883/1903 1562/880/1902
f 1224/850/1894 1556/885/1906 1555/884/1905 1545/853/1895
f 1535/882/1904 1554/883/1903 1544/887/1907 1536/886/1908
f 1587/839/1886 1536/886/1908 1544/887/1907 1594/838/1887
f 1614/197/1411 1617/198/1414 1591/697/1824 1590/698/1823
f 1593/888/1909 1592/891/1910 1620/890/1911 1624/889/1912
f 1541/2004/1882 1560/1753/1418 841/893/700 839/892/699
f 1590/698/1823 1589/831/1878 1601/894/1913 1614/197/1411
f 1537/843/1891 1550/841/1890 1558/895/1914 1542/856/1896
f 1550/841/1890 1549/830/1879 1553/699/1822 1558/895/1914
f 1605/2015/1915 1986/2016/1916 1982/2017/1796 1429/2018/1795
f 1541/2004/1882 1580/2003/1881 1582/1750/1415 1560/1753/1418
f 1559/873/1899 1542/856/1896 1558/895/1914 1557/900/1917
f 1557/900/1917 1558/895/1914 1553/699/1822 1552/696/1821
f 1552/696/1821 1551/901/1918 1556/885/1906 1557/900/1917
f 1433/2019/1802 1621/2020/1919 1618/2021/1920 1450/2022/1820
f 1543/906/1921 1555/884/1905 1556/885/1906 1551/901/1918
f 1441/2023/1801 1623/2024/1922 1621/2020/1919 1433/2019/1802
f 1543/906/1921 1544/887/1907 1554/883/1903 1555/884/1905
f 1431/1998/1798 1611/1997/1872 1623/2024/1922 1441/2023/1801
f 1544/887/1907 1543/906/1921 1593/888/1909 1594/838/1887
f 1543/906/1921 1551/901/1918 1592/891/1910 1593/888/1909
f 1551/901/1918 1552/696/1821 1591/697/1824 1592/891/1910
f 1592/891/1910 1591/697/1824 1617/198/1414 1620/890/1911
f 1553/699/1822 1549/830/1879 1589/831/1878 1590/698/1823
f 1594/838/1887 1593/888/1909 1624/889/1912 1612/837/1888
f 1435/682/1810 1602/683/1812 1603/910/1923 1436/909/1924 1434/681/1811
f 1534/1994/1870 1981/1993/1869 1980/1986/1862 1586/1985/1861
f 1557/900/1917 1556/885/1906 1224/850/1894 1559/873/1899
f 1562/880/1902 1585/881/1419 1581/852/1883 1545/853/1895
f 1718/2025/1925 1814/2026/1926 1816/2027/1927 1717/2028/1928
f 1690/915/1929 1808/918/1930 1855/917/1931 1857/916/1932
f 1719/2029/1933 1599/2030/1934 1600/2031/1935 1720/2032/1936
f 1601/894/1913 1603/910/1923 1604/923/1937
f 1604/923/1937 1603/910/1923 1602/683/1812
f 1605/2015/1915 1607/2033/1938 1991/2034/1939 1986/2016/1916
f 1607/2035/1938 1606/1988/1864 1984/1987/1863 1991/2036/1939
f 1612/837/1888 1613/929/1940 1610/928/1941 1609/836/1885
f 1613/2037/1940 1611/1997/1872 1608/1996/1871 1610/2038/1941
f 1624/889/1912 1625/932/1942 1613/929/1940 1612/837/1888
f 1625/2039/1942 1623/2024/1922 1611/1997/1872 1613/2037/1940
f 1601/894/1913 1604/923/1937 1616/200/1412 1614/197/1411
f 1604/2040/1937 1602/2041/1812 1615/2042/1813 1616/2043/1412
f 1616/2043/1412 1615/2042/1813 1618/2021/1920 1619/2044/1413
f 1450/2022/1820 1618/2021/1920 1615/2042/1813 1454/2045/1809
f 1617/198/1414 1619/199/1413 1622/940/1943 1620/890/1911
f 1619/2044/1413 1618/2021/1920 1621/2020/1919 1622/2046/1943
f 1620/890/1911 1622/940/1943 1625/932/1942 1624/889/1912
f 1622/2046/1943 1621/2020/1919 1623/2024/1922 1625/2039/1942
f 1436/909/1924 1603/910/1923 1601/894/1913 1589/831/1878 1588/828/1877
f 1207/870/1360 1573/265/1479 1646/276/1486 1636/942/1356
f 1504/794/1856 1642/787/1853 1638/808/1860 1241/943/1944
f 1523/262/1474 1524/237/1451 1645/803/1444 1644/253/1463
f 1504/794/1856 1503/278/1488 1643/279/1487 1642/787/1853
f 1656/304/1513 1254/305/1512 1641/310/1515 1663/307/1514
f 1668/294/1503 1253/295/1502 1640/300/1505 1680/297/1504
f 1765/285/1495 1250/286/1446 1639/290/1445 1775/288/1496
f 1573/265/1479 1505/266/1478 1643/279/1487 1646/276/1486
f 1239/261/1475 1523/262/1474 1644/253/1463 1637/250/1462
f 1524/237/1451 1251/238/1450 1639/290/1445 1645/803/1444
f 1970/1733/1361 1207/1732/1360 1636/1728/1356 1975/1727/1355
f 1169/73/1293 1181/87/1304 1635/76/1295 1633/70/1289
f 1181/87/1304 1178/944/1945 1634/79/1296 1635/76/1295
f 1166/67/1288 1169/73/1293 1633/70/1289 1632/64/1283
f 1160/58/1277 1166/67/1288 1632/64/1283 1630/57/1278
f 1145/31/1252 1627/54/1276 1630/57/1278 1146/30/1253
f 1147/33/1254 1628/50/1272 1631/53/1273 1148/32/1255
f 1148/32/1255 1631/53/1273 1627/54/1276 1145/31/1252
f 1126/21/1243 1629/49/1269 1628/50/1272 1147/33/1254
f 2956/1711/1280 2961/2047/1227 1626/2048/1230 1158/1712/1281
f 1242/809/1851 1656/304/1513 1663/307/1514 1638/808/1860
f 1209/872/1353 1577/244/1457 1662/272/1482 1652/864/1348
f 1514/178/1394 1513/184/1396 1661/181/1395 1660/177/1391
f 1508/790/1373 1507/274/1484 1659/275/1483 1658/791/1370
f 1732/163/1375 1741/311/1518 1655/180/1392 1245/162/1376
f 1638/808/1860 1663/307/1514 1657/308/1517 1241/943/1944
f 1750/947/1850 1759/303/1510 1656/304/1513 1242/809/1851
f 1577/244/1457 1509/245/1456 1659/275/1483 1662/272/1482
f 1511/796/1857 1661/181/1395 1653/182/1398 1218/868/1898
f 1512/161/1377 1245/162/1376 1655/180/1392 1660/177/1391
f 1510/1745/1406 1244/1744/1405 1654/2049/1371 1658/2050/1370
f 1968/1726/1354 1209/1725/1353 1652/1720/1348 1976/1719/1347
f 1186/91/1306 1647/88/1305 1651/108/1326 1196/109/1325
f 1188/95/1312 1650/105/1324 1651/108/1326 1187/97/1314
f 1189/96/1311 1649/104/1321 1650/105/1324 1188/95/1312
f 1183/85/1300 1647/88/1305 1648/89/1308 1182/84/1301
f 1254/305/1512 1668/294/1503 1680/297/1504 1641/310/1515
f 1510/792/1406 1509/245/1456 1679/174/1390 1678/797/1403
f 1516/186/1402 1515/249/1459 1677/246/1458 1676/185/1399
f 1260/323/1530 1570/326/1535 1572/213/1425 1389/568/1430
f 1215/564/1710 1673/370/1571 1674/169/1383 1372/328/1533
f 1214/151/1363 1672/165/1379 1671/166/1382 1213/150/1364
f 1390/216/1426 1675/313/1520 1665/173/1387 1235/215/1427
f 1735/312/1519 1742/301/1508 1666/188/1400 1246/179/1393
f 1641/310/1515 1680/297/1504 1669/298/1507 1256/309/1516
f 1753/306/1511 1760/293/1500 1668/294/1503 1254/305/1512
f 1513/184/1396 1677/246/1458 1664/247/1461 1219/183/1397
f 1518/1763/1439 1248/1762/1438 1667/1743/1404 1678/1742/1403
f 1514/178/1394 1246/179/1393 1666/188/1400 1676/185/1399
f 1235/215/1427 1665/173/1387 1679/174/1390 1509/245/1456
f 1372/328/1533 1674/169/1383 1670/170/1386 1261/327/1534
f 1215/564/1710 1213/150/1364 1671/166/1382 1673/370/1571
f 1682/950/1946 1684/953/1947 1683/952/1948 1681/951/1949
f 1705/954/1950 1686/957/1951 1685/956/1952 1706/955/1953
f 1818/958/1954 1825/961/1955 1709/960/1956 1704/959/1957
f 1687/962/1958 1689/965/1959 1824/964/1960 1819/963/1961
f 1688/966/1962 1690/915/1929 1689/965/1959 1687/962/1958
f 1261/327/1534 1670/170/1386 1675/313/1520 1390/216/1426
f 1682/950/1946 1693/710/1831 1694/711/1834 1684/953/1947
f 1712/967/1963 1711/970/1964 1700/969/1965 1701/968/1966
f 1270/1920/1553 1281/1793/1578 1530/1792/1577 1529/2051/1597
f 1699/972/1967 1799/660/1789 1796/661/1733 1397/973/1732
f 1723/974/1737 1399/718/1736 1696/712/1833 1695/713/1832
f 1822/975/1968 1816/978/1927 1817/977/1969 1823/976/1970
f 1302/979/1612 1598/982/1971 1692/981/1972 1856/980/1973
f 1304/479/1655 1299/481/1610 1302/979/1612 1856/980/1973
f 1720/983/1936 1600/984/1935 1701/968/1966 1700/969/1965
f 1695/713/1832 1701/968/1966 1600/984/1935 1723/974/1737
f 1798/985/1974 1703/987/1975 1704/959/1957 1800/986/1976
f 1683/952/1948 1705/954/1950 1706/955/1953 1681/951/1949
f 1691/988/1977 1692/981/1972 1598/982/1971 1717/989/1928
f 1703/987/1975 1820/990/1978 1818/958/1954 1704/959/1957
f 1681/951/1949 1712/967/1963 1693/710/1831 1682/950/1946
f 1690/915/1929 1692/981/1972 1691/988/1977 1689/965/1959
f 1710/991/1979 1699/972/1967 1700/969/1965 1711/970/1964
f 1698/659/1790 1799/660/1789 1801/992/1980 1709/960/1956
f 1825/961/1955 1824/964/1960 1822/975/1968 1823/976/1970
f 1800/986/1976 1801/992/1980 1710/991/1979 1685/956/1952
f 1701/968/1966 1695/713/1832 1693/710/1831 1712/967/1963
f 1706/955/1953 1711/970/1964 1712/967/1963 1681/951/1949
f 1685/956/1952 1710/991/1979 1711/970/1964 1706/955/1953
f 1698/659/1790 1823/976/1970 1817/977/1969 1596/658/1788
f 1823/976/1970 1698/659/1790 1709/960/1956 1825/961/1955
f 1455/678/1807 1434/681/1811 1714/993/1981 1453/677/1808
f 1398/1899/1735 1715/1925/1784 1716/1928/1787 1399/1900/1736
f 1714/993/1981 1694/711/1834 1696/712/1833 1713/706/1830
f 1597/2052/1982 1718/2025/1925 1717/2028/1928 1598/2053/1971
f 1396/1895/1731 1719/2029/1933 1720/2032/1936 1397/1896/1732
f 1664/247/1461 1220/248/1460 1707/997/1983 1805/996/1984
f 1599/2030/1934 1724/1898/1734 1723/1901/1737 1600/2031/1935
f 1821/998/1985 1688/966/1962 1687/962/1958 1819/963/1961
f 1397/973/1732 1720/983/1936 1700/969/1965 1699/972/1967
f 1436/909/1924 1726/1000/1986 1725/999/1987 1434/681/1811
f 1434/681/1811 1725/999/1987 1694/711/1834 1714/993/1981
f 1684/953/1947 1694/711/1834 1725/999/1987 1726/1000/1986
f 1548/829/1880 1727/1002/1988 1728/1001/1989 1588/828/1877
f 1588/828/1877 1728/1001/1989 1726/1000/1986 1436/909/1924
f 1222/857/1897 1729/1003/1990 1547/840/1889 1539/842/1892
f 1547/840/1889 1729/1003/1990 1727/1002/1988 1548/829/1880
f 1874/1004/1991 1871/1005/1992 1742/301/1508 1735/312/1519
f 1829/1006/1993 1826/1007/1994 1741/311/1518 1732/163/1375
f 1876/795/1855 1737/877/1901 1740/878/1366 1878/1008/1995
f 1525/242/1454 1526/281/1493 1739/1010/1996 1738/1009/1997
f 1512/161/1377 1511/796/1857 1737/877/1901 1736/160/1374
f 1826/1007/1994 1874/1004/1991 1735/312/1519 1741/311/1518
f 1871/1005/1992 1873/587/1729 1734/302/1509 1742/301/1508
f 1879/588/1728 1828/239/1449 1733/292/1499 1776/291/1498
f 1240/241/1455 1525/242/1454 1738/1009/1997 1731/1011/1998
f 1526/281/1493 1252/282/1492 1733/292/1499 1739/1010/1996
f 1875/793/1854 1829/1006/1993 1732/163/1375 1736/160/1374
f 1878/1008/1995 1740/878/1366 1730/1013/1369 1872/1012/1999
f 1244/1014/1405 1667/1015/1404 1760/293/1500 1753/306/1511
f 1243/1016/1372 1654/1017/1371 1759/303/1510 1750/947/1850
f 1208/865/1349 1576/273/1485 1758/264/1476 1748/869/1359
f 1520/800/1443 1519/256/1468 1757/259/1471 1756/801/1440
f 1506/788/1852 1505/266/1478 1755/267/1477 1754/789/1849
f 1508/1741/1373 1243/1740/1372 1750/1980/1850 1754/1979/1849
f 1654/1017/1371 1244/1014/1405 1753/306/1511 1759/303/1510
f 1667/1015/1404 1248/1018/1438 1752/296/1501 1760/293/1500
f 1763/1761/1437 1249/1766/1442 1751/1765/1441 1777/2054/1494
f 1576/273/1485 1507/274/1484 1755/267/1477 1758/264/1476
f 1237/257/1467 1749/258/1470 1757/259/1471 1519/256/1468
f 1522/1771/1447 1250/1770/1446 1751/2055/1441 1756/2056/1440
f 1969/1722/1350 1208/1721/1349 1748/1731/1359 1977/1730/1358
f 1179/80/1298 1747/94/1313 1745/92/1309 1184/86/1303
f 1180/81/1297 1746/93/1310 1747/94/1313 1179/80/1298
f 1187/97/1314 1183/85/1300 1743/82/1299 1745/92/1309
f 1181/87/1304 1743/82/1299 1744/83/1302 1178/944/1945
f 1248/1018/1438 1763/1022/1437 1777/284/1494 1752/296/1501
f 1873/587/1729 1879/588/1728 1776/291/1498 1734/302/1509
f 1253/295/1502 1765/285/1495 1775/288/1496 1640/300/1505
f 1515/249/1459 1516/186/1402 1774/280/1490 1773/243/1453
f 1518/798/1439 1517/175/1389 1772/255/1469 1771/799/1436
f 1237/257/1467 1761/254/1466 1770/342/1549 1391/426/1617
f 2130/584/1727 1275/585/1726 1835/1024/2000 2141/1023/2001
f 1710/991/1979 1801/992/1980 1799/660/1789 1699/972/1967
f 1673/370/1571 2126/371/1572 1380/172/1384 1674/169/1383
f 1380/172/1384 1769/315/1522 1767/316/1525 1264/171/1385
f 1734/302/1509 1776/291/1498 1764/283/1491 1247/187/1401
f 1640/300/1505 1775/288/1496 1766/289/1497 1255/299/1506
f 1752/296/1501 1777/284/1494 1765/285/1495 1253/295/1502
f 1516/186/1402 1247/187/1401 1764/283/1491 1774/280/1490
f 1236/176/1388 1761/254/1466 1772/255/1469 1517/175/1389
f 1220/248/1460 1515/249/1459 1773/243/1453 1762/240/1452
f 1520/1767/1443 1249/1766/1442 1763/1761/1437 1771/1760/1436
f 1218/868/1898 1778/1026/2002 1780/1025/2003 1566/867/1480
f 1566/1773/1480 1780/2057/2003 1779/2058/2004 1217/1774/1481
f 1792/1029/2005 1795/1030/2006 1686/957/1951 1705/954/1950
f 1778/1026/2002 1218/868/1898 1782/1032/2007 1781/1031/2008
f 1786/1033/2009 1785/875/1900 1778/1026/2002 1781/1031/2008
f 1729/1003/1990 1222/857/1897 1785/875/1900 1786/1033/2009
f 1778/1026/2002 1785/875/1900 1784/876/1407 1780/1025/2003
f 1780/2057/2003 1784/1746/1407 1783/1749/1410 1779/2058/2004
f 1729/1003/1990 1786/1033/2009 1789/1034/2010 1727/1002/1988
f 1727/1002/1988 1789/1034/2010 1788/1035/2011 1728/1001/1989
f 1728/1001/1989 1788/1035/2011 1787/1036/2012 1726/1000/1986
f 1683/952/1948 1684/953/1947 1726/1000/1986 1787/1036/2012
f 1781/1031/2008 1782/1032/2007 1793/1038/2013 1790/1037/2014
f 1790/1037/2014 1793/1038/2013 1794/1040/2015 1791/1039/2016
f 1791/1039/2016 1794/1040/2015 1795/1030/2006 1792/1029/2005
f 1781/1031/2008 1790/1037/2014 1789/1034/2010 1786/1033/2009
f 1788/1035/2011 1789/1034/2010 1790/1037/2014 1791/1039/2016
f 1787/1036/2012 1788/1035/2011 1791/1039/2016 1792/1029/2005
f 1705/954/1950 1683/952/1948 1787/1036/2012 1792/1029/2005
f 1219/183/1397 1782/1032/2007 1218/868/1898 1653/182/1398
f 1704/959/1957 1709/960/1956 1801/992/1980 1800/986/1976
f 1686/957/1951 1798/985/1974 1800/986/1976 1685/956/1952
f 1595/2059/2017 1797/1894/1730 1796/1897/1733 1596/2060/1788
f 1793/1038/2013 1782/1032/2007 1219/183/1397 1802/1043/2018
f 1794/1040/2015 1793/1038/2013 1802/1043/2018 1803/1044/2019
f 1795/1030/2006 1794/1040/2015 1803/1044/2019 1804/1045/2020
f 1798/985/1974 1686/957/1951 1795/1030/2006 1804/1045/2020
f 1664/247/1461 1805/996/1984 1802/1043/2018 1219/183/1397
f 1803/1044/2019 1802/1043/2018 1805/996/1984 1806/1046/2021
f 1804/1045/2020 1803/1044/2019 1806/1046/2021 1807/1047/2022
f 1703/987/1975 1798/985/1974 1804/1045/2020 1807/1047/2022
f 1810/1048/2023 1813/1049/2024 1240/241/1455 1731/1011/1998
f 1690/915/1929 1688/966/1962 1811/1050/2025 1808/918/1930
f 1808/918/1930 1811/1050/2025 1812/1052/2026 1809/1051/2027
f 1809/1051/2027 1812/1052/2026 1813/1049/2024 1810/1048/2023
f 1817/2061/1969 1816/2027/1927 1814/2026/1926 1815/2062/2028
f 1819/963/1961 1818/958/1954 1820/990/1978 1821/998/1985
f 1391/426/1617 1770/342/1549 1767/316/1525 1265/317/1524
f 1818/958/1954 1819/963/1961 1824/964/1960 1825/961/1955
f 1815/2062/2028 1595/2059/2017 1596/2060/1788 1817/2061/1969
f 1806/1046/2021 1805/996/1984 1707/997/1983 1702/1055/2029
f 1806/1046/2021 1702/1055/2029 1697/1056/2030 1807/1047/2022
f 1807/1047/2022 1697/1056/2030 1820/990/1978 1703/987/1975
f 1722/1057/2031 1707/997/1983 1220/248/1460 1762/240/1452
f 1721/1058/2032 1702/1055/2029 1707/997/1983 1722/1057/2031
f 1721/1058/2032 1708/1059/2033 1697/1056/2030 1702/1055/2029
f 1697/1056/2030 1708/1059/2033 1821/998/1985 1820/990/1978
f 1240/241/1455 1813/1049/2024 1722/1057/2031 1762/240/1452
f 1812/1052/2026 1721/1058/2032 1722/1057/2031 1813/1049/2024
f 1811/1050/2025 1708/1059/2033 1721/1058/2032 1812/1052/2026
f 1708/1059/2033 1811/1050/2025 1688/966/1962 1821/998/1985
f 1669/298/1507 1255/299/1506 1873/587/1729 1871/1005/1992
f 1691/988/1977 1822/975/1968 1824/964/1960 1689/965/1959
f 1316/450/1632 1355/447/1631 1502/753/1847 1854/1060/2034
f 1692/981/1972 1690/915/1929 1857/916/1932 1856/980/1973
f 1266/362/1567 1292/397/1593 1832/580/1721 1830/361/1568
f 1324/1836/1639 1836/2063/1656 1834/1950/1715 1326/1837/1640
f 1324/464/1639 1325/465/1641 1837/475/1650 1836/483/1656
f 1852/577/1718 1238/251/1465 1749/258/1470 1853/474/1651
f 1292/397/1593 1457/476/1652 1838/701/1826 1832/580/1721
f 1395/575/1716 1456/581/1722 1393/582/1723 1394/576/1717
f 1456/581/1722 1502/753/1847 1355/447/1631 1313/442/1626
f 1457/476/1652 1476/1062/1848 1839/704/1827 1838/701/1826
f 2066/560/1707 2065/1063/2035 1847/457/1637 1375/359/1562
f 1326/1837/1640 1476/1970/1848 1849/1939/1607 1845/1835/1638
f 1375/359/1562 1847/457/1637 1841/369/1570 1268/358/1563
f 1319/454/1635 1316/450/1632 1854/1060/2034 1851/807/1859
f 1291/428/1615 1832/580/1721 1838/701/1826 1466/702/1829
f 1837/475/1650 1325/465/1641 1846/410/1602 1851/807/1859
f 1851/807/1859 1854/1060/2034 1853/474/1651 1837/475/1650
f 1869/1064/2036 1870/1065/2037 1809/1051/2027 1810/1048/2023
f 1853/474/1651 1854/1060/2034 1502/753/1847 1852/577/1718
f 1310/436/1623 1307/433/1622 1857/916/1932 1855/917/1931
f 1766/289/1497 1251/238/1450 1828/239/1449 1879/588/1728
f 1457/476/1652 1848/412/1604 1849/413/1607 1476/1062/1848
f 1504/794/1856 1241/943/1944 1829/1006/1993 1875/793/1854
f 1574/277/1489 1878/1008/1995 1872/1012/1999 1206/1066/1357
f 1983/1067/1743 1444/605/1744 1400/606/1747 1424/707/1786
f 1868/2064/1746 1861/2065/1776 1405/2066/1777 1400/2067/1747
f 1445/612/1749 1858/608/1745 1859/639/1778 1404/628/1769
f 1415/632/1771 1860/613/1752 1861/637/1776 1406/631/1772
f 1446/2068/1773 1862/1908/1756 1863/1935/1753 1408/2069/1770
f 1419/636/1774 1864/646/1760 1865/643/1757 1410/635/1775
f 1408/2069/1770 1863/1935/1753 1860/2070/1752 1415/2071/1771
f 1404/628/1769 1859/639/1778 1866/640/1764 1417/627/1766
f 1412/630/1767 1867/1076/1761 1864/646/1760 1419/636/1774
f 1403/609/1748 1868/607/1746 1858/608/1745 1445/612/1749
f 1410/2072/1775 1865/1909/1757 1862/1908/1756 1446/2068/1773
f 1406/631/1772 1861/637/1776 1868/607/1746 1403/609/1748
f 1417/627/1766 1866/640/1764 1867/1076/1761 1412/630/1767
f 1847/457/1637 2065/1063/2035 2068/563/1709 1376/343/1550
f 1394/576/1717 1393/582/1723 1870/1065/2037 1869/1064/2036
f 1310/436/1623 1855/917/1931 1870/1065/2037 1393/582/1723
f 1301/1812/1611 1597/2052/1982 1598/2053/1971 1302/1813/1612
f 1657/308/1517 1256/309/1516 1874/1004/1991 1826/1007/1994
f 1503/278/1488 1876/795/1855 1878/1008/1995 1574/277/1489
f 1241/943/1944 1657/308/1517 1826/1007/1994 1829/1006/1993
f 1256/309/1516 1669/298/1507 1871/1005/1992 1874/1004/1991
f 1738/1009/1997 1739/1010/1996 1877/236/1448 1827/263/1473
f 1736/160/1374 1737/877/1901 1876/795/1855 1875/793/1854
f 1731/1011/1998 1738/1009/1997 1827/263/1473 1831/260/1472
f 1739/1010/1996 1733/292/1499 1828/239/1449 1877/236/1448
f 1239/261/1475 1394/576/1717 1869/1064/2036 1831/260/1472
f 1810/1048/2023 1731/1011/1998 1831/260/1472 1869/1064/2036
f 1808/918/1930 1809/1051/2027 1870/1065/2037 1855/917/1931
f 1214/2073/1363 1910/2074/1007 1952/2075/1006 1672/2076/1379
f 1180/2077/1297 1900/2078/2038 1958/2079/2039 1746/2080/1310
f 1216/1736/1368 1911/2081/2040 1957/2082/2041 1730/1737/1369
f 1307/433/1622 1304/479/1655 1856/980/1973 1857/916/1932
f 1136/2083/1241 1887/2084/2042 1884/2085/2043 1129/2086/1242
f 1217/1774/1481 1912/2087/2044 1911/2088/2040 1216/1775/1368
f 1533/1992/1868 835/1095/836 801/1094/835 1228/1989/1865
f 2953/2089/1240 2962/2090/2045 1887/2091/2042 1136/2092/1241
f 1715/1925/1784 1953/2093/2046 1940/1937/1817 1423/1926/1785
f 1584/2094/2047 844/1104/842 800/1103/841 1227/2095/2048
f 1534/1994/1870 836/1109/844 835/1095/836 1533/1992/1868
f 1163/2096/1284 1897/2097/2049 1892/2098/2050 1146/2099/1253
f 1138/2100/1245 1888/2101/2051 1885/2102/2052 1132/2103/1237
f 1672/2076/1379 1952/2075/1006 1921/1781/991 2124/1780/1558 2122/2104/1380
f 1768/2105/1725 1959/2106/1028 1918/2107/2053 1275/2108/1726
f 1156/2109/1267 1896/2110/977 1898/2111/976 1165/2112/1285
f 1139/2113/1246 1889/2114/2054 1890/2115/2055 1140/2116/1247
f 1814/2026/1926 1961/2117/2056 1962/2118/2057 1815/2062/2028
f 1443/1904/1740 1944/1938/1818 1937/2119/2058 1402/1905/1741
f 1221/1748/1409 797/1135/859 860/1134/858 1783/1749/1410
f 1586/1985/1861 922/1136/860 836/1109/844 1534/1994/1870
f 1561/1757/1422 842/1138/862 840/1137/861 1546/2006/1884
f 1140/2120/1247 1890/2121/2055 1888/2101/2051 1138/2100/1245
f 1538/2001/1875 837/1142/864 838/1141/863 1540/2002/1876
f 1189/2122/1311 1901/2123/2059 1951/2124/966 1649/2125/1321
f 1142/2126/1249 1891/2127/2060 1889/2114/2054 1139/2113/1246
f 1822/975/1968 1691/988/1977 1717/989/1928 1816/978/1927
f 47/1149/67 1897/2097/2049 1163/2096/1284
f 1540/2002/1876 838/1141/863 797/1135/859 1221/1748/1409
f 1563/2128/1362 1946/2129/1032 1910/2074/1007 1214/2073/1363
f 1165/66/1285 1898/1153/976 1899/1152/2061 1168/72/1290
f 1223/1752/1417 798/1154/870 841/893/700 1560/1753/1418
f 1281/1793/1578 1923/1903/1739 1924/2130/2062 1283/1794/1579
f 1719/2029/1933 1955/2131/2063 1949/2132/2064 1599/2030/1934
f 1198/2133/1327 1904/2134/2065 1903/2135/2066 1197/2136/1328
f 1531/1795/1580 1945/2137/2067 1925/2138/2068 1284/1872/1694
f 1225/1756/1421 799/1164/878 842/1138/862 1561/1757/1422
f 1541/2004/1882 839/892/699 837/1142/864 1538/2001/1875
f 1228/1989/1865 801/1094/835 844/1104/842 1584/2094/2047
f 1284/1872/1694 1925/2138/2068 1930/2139/2069 1346/1796/1581
f 1263/2140/1539 1914/2141/1058 1932/2142/1057 1374/2143/1334
f 2935/2144/2070 2924/1262/940 2349/1265/943 2348/2145/2071
f 1746/2080/1310 1958/2079/2039 1901/2123/2059 1189/2122/1311
f 1227/2146/2048 800/1173/841 963/1172/882 1979/2147/1424
f 1146/2148/1253 1892/2149/2050 1891/2127/2060 1142/2126/1249
f 1200/2150/1330 1905/2151/2072 1904/2134/2065 1198/2133/1327
f 1286/1797/1582 1926/2152/2073 1931/2153/2074 1350/1800/1585
f 1815/2062/2028 1962/2118/2057 1947/2154/2075 1595/2059/2017
f 1797/1894/1730 1960/2155/2076 1935/2156/2077 1396/1895/1731
f 1402/1905/1741 1937/2119/2058 1938/2157/2078 1421/1918/1780
f 1275/585/1726 1918/1185/2053 1963/1184/1065 1835/1024/2000
f 2127/1186/2079 1276/1187/1559 1768/586/1725 2137/583/1724
f 1595/2059/2017 1947/2154/2075 1960/2155/2076 1797/1894/1730
f 1718/2025/1925 1954/2158/2080 1961/2117/2056 1814/2026/1926
f 1421/1924/1780 1938/2159/2078 1939/2160/2081 1422/1921/1782
f 1232/2161/1432 1913/2162/1070 1934/2163/1069 1384/2164/1538
f 1288/1801/1586 1927/2165/2082 1928/2166/2083 1290/1804/1589
f 1940/1937/1817 908/1198/899 912/1197/898 1944/1938/1818
f 1546/2006/1884 840/1137/861 798/1154/870 1223/1752/1417
f 1195/2167/1322 1902/2168/965 1913/2162/1070 1232/2161/1432
f 1597/2052/1982 1948/2169/2084 1954/2158/2080 1718/2025/1925
f 1724/1898/1734 1956/2170/2085 1936/2171/2086 1398/1899/1735
f 1599/2030/1934 1949/2132/2064 1956/2170/2085 1724/1898/1734
f 1374/2143/1334 1932/2142/1057 1906/2172/2087 1203/2173/1335
f 1422/1921/1782 1939/2160/2081 1943/2174/2088 1437/1929/1791
f 1346/1796/1581 1930/2139/2069 1926/2152/2073 1286/1797/1582
f 1429/1933/1795 1942/2175/2089 1950/2176/2090 1605/2177/1915
f 1204/2178/1339 1907/2179/2091 1905/2151/2072 1200/2150/1330
f 1606/1988/1864 927/1212/909 922/1136/860 1586/1985/1861
f 1427/1930/1792 1941/2180/2092 1942/2175/2089 1429/1933/1795
f 1153/2181/1264 1893/2182/1014 1894/2183/1023 1154/2184/1265
f 1203/2173/1335 1906/2172/2087 1907/2179/2091 1204/2178/1339
f 1273/1891/1708 2147/2185/1179 1933/2186/2093 1378/1777/1555
f 2945/2187/1223 2959/2188/2094 1882/2189/1015 1123/2190/1224
f 1301/1812/1611 1929/2191/2095 1948/2169/2084 1597/2052/1982
f 1122/1714/1294 1881/2192/2096 1880/1314/984 1121/2193/2097
f 1168/2194/1290 1899/2195/2061 1900/2078/2038 1180/2077/1297
f 1155/2196/1266 1895/2197/1022 1896/2110/977 1156/2109/1267
f 1779/2058/2004 859/1234/923 1912/2087/2044 1217/1774/1481
f 1649/2125/1321 1951/2124/966 1902/2168/965 1195/2167/1322
f 1272/2198/1552 1916/2199/2098 1915/2200/1738 1270/2201/1553
f 1605/2177/1915 1950/2176/2090 849/1239/925 1607/2035/1938
f 1350/1800/1585 1931/2153/2074 1927/2165/2082 1288/1801/1586
f 1378/1777/1555 1933/2186/2093 1917/2202/2099 1274/1778/1556
f 1396/1895/1731 1935/2156/2077 1955/2131/2063 1719/2029/1933
f 1154/2184/1265 1894/2183/1023 1895/2197/1022 1155/2196/1266
f 2928/2203/2100 2927/2204/2101 2350/2205/2102 2357/2206/2103
f 1274/2207/1556 1917/2208/2099 1922/2209/2104 1278/1787/1557
f 1872/2210/1999 1964/2211/2105 1908/2212/2106 1206/2213/1357
f 1607/2035/1938 849/1239/925 927/1212/909 1606/1988/1864
f 1127/2214/1238 1883/2215/2107 1886/2216/2108 1135/2217/1239
f 1398/1899/1735 1936/2171/2086 1953/2093/2046 1715/1925/1784
f 1123/2190/1224 1882/2189/1015 1893/2182/1014 1153/2181/1264
f 1967/1715/1345 1978/2218/2109 1909/2219/2110 1212/1716/1346
f 1276/1783/1559 1919/1782/990 1959/2106/1028 1768/2105/1725
f 1730/1737/1369 1957/2082/2041 1964/2211/2105 1872/2210/1999
f 2926/1343/1011 2930/2220/2111 2329/2221/2112 2327/1344/1012
f 1278/1787/1557 1922/2209/2104 1916/2222/2098 1272/1788/1552
f 2921/1447/1075 2928/2203/2100 2357/2206/2103 2343/1448/1076
f 2937/2223/2113 2929/1458/1085 2323/1459/1086 2324/2224/2114
f 1783/1749/1410 860/1134/858 859/1234/923 1779/2058/2004
f 1290/1804/1589 1928/2166/2083 1929/2191/2095 1301/1812/1611
f 1132/2103/1237 1885/2102/2052 1883/2215/2107 1127/2214/1238
f 1835/1024/2000 1963/1184/1065 1920/1261/2115 1277/571/1712
f 1212/1716/1346 1909/2219/2110 1946/2129/1032 1563/2128/1362
f 1283/1794/1579 1924/2130/2062 1945/2137/2067 1531/1795/1580
f 1437/1929/1791 1943/2174/2088 1941/2180/2092 1427/1930/1792
f 2930/2220/2111 2932/1446/1074 2336/1449/1077 2329/2221/2112
f 1887/2084/2042 872/1267/945 869/1266/944 1884/2085/2043
f 1954/2158/2080 930/1269/947 937/1268/946 1961/2117/2056
f 1927/2165/2082 897/1271/949 898/1270/948 1928/2166/2083
f 2962/2090/2045 2952/1273/950 872/1272/945 1887/2091/2042
f 1929/2191/2095 899/1275/952 924/1274/951 1948/2169/2084
f 1928/2166/2083 898/1270/948 899/1275/952 1929/2191/2095
f 1888/2101/2051 873/1277/954 870/1276/953 1885/2102/2052
f 1964/1278/2105 939/1281/956 881/1280/955 1908/1279/2106
f 1930/2139/2069 900/1283/958 896/1282/957 1926/2152/2073
f 1889/2114/2054 874/1285/960 875/1284/959 1890/2115/2055
f 1931/2153/2074 901/1289/964 897/1271/949 1927/2165/2082
f 1890/2121/2055 875/1290/959 873/1277/954 1888/2101/2051
f 788/1441/875 787/1422/874 2173/1424/1052 2174/1442/1067
f 1891/2127/2060 876/1295/969 874/1285/960 1889/2114/2054
f 2145/1221/915 822/1220/914 902/1428/1055 2146/2225/2116
f 1892/2149/2050 877/1300/973 876/1295/969 1891/2127/2060
f 1384/2226/1538 1934/2227/1069 1914/2141/1058 1263/2140/1539
f 823/1444/894 803/1431/881 2184/1432/2117 2182/1445/2118
f 785/2228/866 850/1292/865 2171/1293/2119 2172/2229/2120
f 783/2230/829 857/2231/828 2170/2232/2121 2169/2233/2122
f 1935/2156/2077 903/1313/983 931/1312/982 1955/2131/2063
f 2212/1386/1033 1946/1385/1032 1909/2234/2110 2213/2235/2123
f 1936/2171/2086 904/1319/989 929/1318/988 1953/2093/2046
f 2948/2236/917 765/1347/916 2161/1348/2124 2958/2237/2125
f 2925/1256/935 2919/2238/2126 2333/2239/2127 2340/1257/936
f 1937/2119/2058 905/1329/998 906/1328/950 1938/2157/2078
f 1897/2097/2049 878/1331/999 877/1330/973 1892/2098/2050
f 810/1321/344 808/1320/343 2186/1323/2128 2189/1322/2129
f 1939/2160/2081 907/1334/1002 911/1333/1001 1943/2174/2088
f 47/1149/67 879/1335/1003 878/1331/999 1897/2097/2049
f 1941/2180/2092 909/1337/1005 910/1336/1004 1942/2175/2089
f 1914/1431/1058 1934/1444/1069 2214/1445/1072 2216/1432/1059
f 1943/2174/2088 911/1333/1001 909/1337/1005 1941/2180/2092
f 2933/1454/1081 2934/1255/934 2354/1258/937 2347/1455/1082
f 1944/1938/1818 912/1197/898 905/1329/998 1937/2119/2058
f 1938/2159/2078 906/1346/950 907/1334/1002 1939/2160/2081
f 782/1152/869 783/2230/829 2169/2233/2122 2168/2240/2130
f 1924/2130/2062 894/1350/1019 913/1349/1018 1945/2137/2067
f 794/1339/827 851/1338/826 2187/1341/2131 2188/1340/1073
f 1907/1391/2091 1906/1368/2087 2211/1369/2132 2210/1392/2133
f 1905/1418/2072 1907/1391/2091 2210/1392/2133 2207/1419/2134
f 808/1320/343 858/1371/850 2185/1372/2135 2186/1323/2128
f 1963/1184/1065 1918/1185/2053 2223/1332/2136 2222/1439/1066
f 1424/707/1786 1423/1378/1785 1443/1377/1740 1983/1067/1743
f 781/1153/851 782/1152/869 2168/2240/2130 2167/1309/2137
f 1913/1420/1070 1902/1291/965 2209/1294/968 2208/1421/1071
f 858/1371/850 807/1185/849 2191/1332/1000 2185/1372/2135
f 1908/1279/2106 881/1280/955 880/1219/913 955/1260/938
f 1918/1185/2053 1959/1371/1028 2217/1372/1029 2223/1332/2136
f 1911/1394/2040 882/1397/1037 933/1396/1036 1957/1395/2041
f 1947/2154/2075 923/1399/1039 936/1398/1038 1960/2155/2076
f 1912/1400/2044 883/1401/1040 882/1397/1037 1911/1394/2040
f 1948/2169/2084 924/1274/951 930/1269/947 1954/2158/2080
f 1949/2132/2064 925/1405/1042 932/1404/1041 1956/2170/2085
f 1950/2176/2090 926/1407/1044 928/1406/1043 849/1239/925
f 1942/2175/2089 910/1336/1004 926/1407/1044 1950/2176/2090
f 2927/2204/2101 2935/2144/2070 2348/2145/2071 2350/2205/2102
f 1904/1441/2065 1905/1418/2072 2207/1419/2134 2206/1442/2138
f 1906/1368/2087 1932/1367/1057 2215/1370/1060 2211/1369/2132
f 857/2231/828 785/2228/866 2172/2229/2120 2170/2232/2121
f 1901/2228/2059 1958/2231/2039 2202/2232/2139 2204/2229/2140
f 1916/2199/2098 890/1426/1053 889/1425/525 1915/2200/1738
f 1953/2093/2046 929/1318/988 908/1198/899 1940/1937/1817
f 1933/2186/2093 902/1428/1055 891/1427/1054 1917/2202/2099
f 1955/2131/2063 931/1312/982 925/1405/1042 1949/2132/2064
f 1917/2208/2099 891/1430/1054 892/1429/1056 1922/2209/2104
f 1956/2170/2085 932/1404/1041 904/1319/989 1936/2171/2086
f 779/1307/852 781/1153/851 2167/1309/2137 2165/1308/2141
f 1957/1395/2041 933/1396/1036 939/1281/956 1964/1278/2105
f 1922/2209/2104 892/1429/1056 890/1433/1053 1916/2222/2098
f 1903/2241/2066 1904/1441/2065 2206/1442/2138 2205/2242/2142
f 2959/2236/2094 1880/2243/984 2194/2244/987 2963/2237/2143
f 1951/1292/966 1901/2228/2059 2204/2229/2140 2203/1293/967
f 1881/2192/2096 867/1443/1068 866/1315/985 1880/1314/984
f 803/1431/881 821/1367/880 2183/1370/1027 2184/1432/2117
f 1958/2231/2039 1900/2230/2038 2201/2233/2144 2202/2232/2139
f 2931/1263/941 2936/1414/1045 2345/1417/1048 2344/1264/942
f 859/1450/923 934/1451/1078 883/1401/1040 1912/1400/2044
f 1883/2215/2107 868/1453/1080 871/1452/1079 1886/2216/2108
f 1923/1903/1739 893/599/524 894/1350/1019 1924/2130/2062
f 2920/1325/995 2937/2223/2113 2324/2224/2114 2325/1326/996
f 1960/2155/2076 936/1398/1038 903/1313/983 1935/2156/2077
f 1945/2137/2067 913/1349/1018 895/1456/1083 1925/2138/2068
f 1885/2102/2052 870/1276/953 868/1453/1080 1883/2215/2107
f 1961/2117/2056 937/1268/946 938/1457/1084 1962/2118/2057
f 1925/2138/2068 895/1456/1083 900/1283/958 1930/2139/2069
f 2919/2238/2126 2938/1324/994 2326/1327/997 2333/2239/2127
f 1962/2118/2057 938/1457/1084 923/1399/1039 1947/2154/2075
f 1926/2152/2073 896/1282/957 901/1289/964 1931/2153/2074
f 1206/2213/1357 1908/2212/2106 955/1461/938 946/1460/137
f 1197/2136/1328 1903/2135/2066 1978/2218/2109 1967/1715/1345
f 1182/2245/1301 1969/1722/1350 1977/1730/1358 1744/2246/1302
f 1185/2247/1307 1968/1726/1354 1976/1719/1347 1648/2248/1308
f 1178/2249/1945 1970/1733/1361 1975/1727/1355 1634/2250/1296
f 802/1420/895 823/1444/894 2182/1445/2118 2176/1421/1050
f 1190/100/1317 1966/125/1344 1973/321/1528 1368/99/1318
f 1368/99/1318 1973/321/1528 1972/322/1531 1257/341/1547
f 1386/1791/1548 1974/1758/1429 1971/1723/1351 1230/2251/1435
f 1744/2246/1302 1977/1730/1358 1970/1733/1361 1178/2249/1945
f 1634/2250/1296 1975/1727/1355 946/141/137 59/1471/76
f 1230/2251/1435 1971/1723/1351 1968/1726/1354 1185/2247/1307
f 1648/2248/1308 1976/1719/1347 1969/1722/1350 1182/2245/1301
f 1197/2136/1328 1967/1715/1345 1965/1718/1341 1192/2252/1320
f 1192/102/1320 1965/124/1341 1966/125/1344 1190/100/1317
f 1425/700/1825 1453/677/1808 1714/993/1981 1713/706/1830
f 1988/1932/1794 1438/2253/1815 1411/1914/1762 1992/1922/1783
f 1980/1986/1862 1587/2254/1886 1609/2255/1885 1984/1987/1863
f 1994/1991/1867 1535/2256/1904 1536/2257/1908 1981/1993/1869
f 1984/1987/1863 1609/2255/1885 1610/2258/1941 1991/2036/1939
f 1985/212/1423 1584/1480/2047 1227/1479/2048 1979/211/1424
f 1993/1990/1866 1228/1989/1865 1584/2094/2047 1985/2259/1423
f 963/1172/882 799/1164/878 1225/1756/1421 1979/2147/1424
f 1990/1931/1793 1426/2260/1800 1438/2253/1815 1988/1932/1794
f 1989/1906/1742 1401/2261/1779 1444/2262/1744 1983/1907/1743
f 1400/606/1747 1405/638/1777 1425/700/1825 1424/707/1786
f 1981/1993/1869 1536/2257/1908 1587/2254/1886 1980/1986/1862
f 1991/2034/1939 1610/2038/1941 1608/1996/1871 1986/2016/1916
f 1993/1990/1866 1226/2263/1893 1535/2256/1904 1994/1991/1867
f 1986/2016/1916 1608/1996/1871 1428/1995/1797 1982/2017/1796
f 1987/1919/1781 1418/2264/1765 1401/2261/1779 1989/1906/1742
f 1992/1922/1783 1411/1914/1762 1418/1917/1765 1987/1923/1781
f 1982/1934/1796 1428/2265/1797 1426/2260/1800 1990/1931/1793
f 1416/614/1755 1407/615/1754 1452/676/1805 1453/677/1808
f 1542/856/1896 1559/873/1899 1582/874/1415 1580/855/1881
f 2134/336/1546 2067/337/1545 1532/356/1561 1382/363/1566 2133/804/1858
f 1279/2266/1706 1999/2267/2145 1997/2268/2146 1273/2269/1708
f 1920/2270/2115 2003/2271/2147 1998/2272/1713 1277/2273/1712
f 2006/1496/2148 2088/1499/2149 2093/1498/2150 2058/1497/2151
f 2150/1438/1062 2005/1288/1193 2003/1287/2147 1920/1261/2115 1963/1184/1065
f 2068/563/1709 2070/1505/2152 1996/1504/2153 1271/557/1705
f 1273/2269/1708 1997/2268/2146 2002/1624/1180 2147/1623/1179
f 1271/2274/1705 1996/2275/2153 1999/2267/2145 1279/2266/1706
f 2141/1023/2001 1835/1024/2000 1277/571/1712 2132/572/1714
f 2113/1508/2154 2117/1509/2155 2088/1499/2149 2006/1496/2148
f 2044/1510/2156 2152/1513/2157 2143/1512/1182 2004/1511/1181
f 2024/2276/2158 2097/2277/2159 2094/2278/2160 2055/2279/2161
f 2099/2280/2162 2010/2281/2163 2008/2282/2164 2100/2283/2165
f 2101/2284/2166 2016/2285/2167 2014/2286/2168 2102/2287/2169
f 1269/2288/2170 2096/2289/2171 2082/2290/2172 1995/2291/2173
f 2058/1497/2151 2093/1498/2150 2098/1531/2174 2018/1530/2175
f 2104/2292/2176 2009/2293/2177 2011/2294/2178 2105/2295/2179
f 2106/2296/2180 2013/2297/2181 2015/2298/2182 2107/2299/2183
f 2103/1540/2184 2071/1543/2185 2007/1542/2186 2108/1541/2187
f 2100/2283/2165 2008/2282/2164 2013/2297/2181 2106/2296/2180
f 2105/1544/2179 2011/1547/2178 2072/1546/2188 2109/1545/2189
f 2108/2300/2187 2007/2301/2186 2010/2281/2163 2099/2280/2162
f 2102/2302/2169 2014/2303/2168 2009/2293/2177 2104/2292/2176
f 2001/2304/2190 2081/2305/2191 2095/2306/2192 1528/2307/2193
f 2051/2308/2194 2019/2309/2195 2022/2310/2196 2052/2311/2197
f 2053/2312/2198 2027/2313/2199 2021/2314/2200 2054/2315/2201
f 2055/2279/2161 2094/2278/2160 2087/2316/2202 2012/2317/2203
f 2052/2311/2197 2022/2310/2196 2020/2318/2204 2056/2319/2205
f 2057/2320/2206 2029/2321/2207 2027/2322/2199 2053/2323/2198
f 1840/1572/2208 2084/1575/2209 2096/1574/2171 1269/1573/2170
f 2018/1530/2175 2098/1531/2174 2092/1577/2210 2025/1576/2211
f 2054/1578/2201 2021/1581/2200 2023/1580/2212 2059/1579/2213
f 2060/1582/2214 2026/1585/2215 2028/1584/2216 2061/1583/2217
f 2078/1586/2218 2076/1589/2219 2019/1588/2195 2051/1587/2194
f 2056/2319/2205 2020/2318/2204 2026/2324/2215 2060/2325/2214
f 2059/1579/2213 2023/1580/2212 2075/1593/2220 2077/1592/2221
f 2038/2326/2222 2039/2327/2223 2028/2328/2216 2026/2324/2215
f 2036/2329/2224 2034/2330/2225 2021/2331/2200 2027/2332/2199
f 2034/2330/2225 2035/2333/2226 2023/2334/2212 2021/2331/2200
f 2040/2335/2227 2041/2336/2228 2033/2337/2229 2032/2338/2230
f 2038/2339/2222 2040/2340/2227 2032/2341/2230 2030/2342/2231
f 2036/2329/2224 2037/2343/2232 2031/2344/2233 2030/2342/2231
f 2027/2332/2199 2029/2345/2207 2037/2343/2232 2036/2329/2224
f 2032/2341/2230 2033/2346/2229 2035/2333/2226 2034/2330/2225
f 2030/2342/2231 2032/2341/2230 2034/2330/2225 2036/2329/2224
f 2026/2324/2215 2020/2318/2204 2040/2335/2227 2038/2326/2222
f 2020/2318/2204 2022/2310/2196 2041/2336/2228 2040/2335/2227
f 2030/2347/2231 2031/2348/2233 2039/2327/2223 2038/2326/2222
f 2023/1580/2212 2035/1618/2226 2074/1617/2234 2075/1593/2220
f 2074/1617/2234 2035/1618/2226 2033/1620/2229 2073/1619/2235
f 2073/2349/2235 2033/2337/2229 2041/2336/2228 2076/2350/2219
f 2076/2350/2219 2041/2336/2228 2022/2310/2196 2019/2309/2195
f 765/1347/916 776/1303/912 2164/1306/975 2161/1348/2124
f 2112/1627/2236 2044/1510/2156 2004/1511/1181 2107/1628/2183
f 2064/1629/2237 2047/1631/2238 2015/1630/2182 2061/1583/2217
f 2057/2351/2206 2016/2285/2167 2045/2352/2239 2062/2353/2240
f 2062/1635/2240 2045/1638/2239 2046/1637/2241 2063/1636/2242
f 2063/1636/2242 2046/1637/2241 2047/1631/2238 2064/1629/2237
f 2101/2284/2166 2005/1644/1193 2042/1647/1195 2110/2354/2243
f 2110/1640/2243 2042/1643/1195 2043/1642/1197 2111/1641/2244
f 2111/1641/2244 2043/1642/1197 2044/1510/2156 2112/1627/2236
f 2043/1642/1197 2155/1649/1196 2152/1513/2157 2044/1510/2156
f 1020/1643/1093 1021/1642/1192 2156/1649/2245 2158/1648/1094
f 1021/1642/1192 1022/1510/1099 2153/1513/1100 2156/1649/2245
f 2031/1650/2233 2037/1653/2232 2048/1652/2246 2049/1651/2247
f 2039/1654/2223 2031/1650/2233 2049/1651/2247 2050/1655/2248
f 2028/1584/2216 2039/1654/2223 2050/1655/2248
f 2037/1653/2232 2029/1656/2207 2048/1652/2246
f 2049/1651/2247 2063/1636/2242 2064/1629/2237 2050/1655/2248
f 2048/1652/2246 2062/1635/2240 2063/1636/2242 2049/1651/2247
f 2029/2355/2207 2057/2351/2206 2062/2353/2240 2048/2356/2246
f 2050/1655/2248 2064/1629/2237 2061/1583/2217 2028/1584/2216
f 2011/1547/2178 2059/1579/2213 2077/1592/2221 2072/1546/2188
f 2008/2282/2164 2056/2319/2205 2060/2325/2214 2013/2297/2181
f 2071/1543/2185 2078/1586/2218 2051/1587/2194 2007/1542/2186
f 2013/2297/2181 2060/2325/2214 2061/2357/2217 2015/2298/2182
f 2009/2293/2177 2054/2315/2201 2059/2358/2213 2011/2294/2178
f 1528/2307/2193 2095/2306/2192 2083/2359/2249 1267/2360/2250
f 2017/1663/2251 2090/1666/2252 2097/1665/2159 2024/1664/2158
f 2016/2285/2167 2057/2351/2206 2053/2361/2198 2014/2286/2168
f 2010/2281/2163 2052/2311/2197 2056/2319/2205 2008/2282/2164
f 1267/1668/2250 2083/1669/2249 2084/1575/2209 1840/1572/2208
f 2014/2303/2168 2053/2312/2198 2054/2315/2201 2009/2293/2177
f 2007/2301/2186 2051/2308/2194 2052/2311/2197 2010/2281/2163
f 1840/1572/2208 2065/1063/2035 2066/560/1707 1267/1668/2250
f 1267/1668/2250 2066/560/1707 2067/337/1545 1528/1670/2193
f 1269/1573/2170 2068/563/1709 2065/1063/2035 1840/1572/2208
f 1528/1670/2193 2067/337/1545 2069/338/1544 2001/1671/2190
f 1995/1672/2173 2070/1505/2152 2068/563/1709 1269/1573/2170
f 2113/1508/2154 2103/1540/2184 2070/1505/2152 1995/1672/2173
f 2114/2362/2253 2109/2363/2189 2072/2364/2188 2012/2317/2203
f 2017/1663/2251 2074/1617/2234 2073/1619/2235 2025/1576/2211
f 2024/1664/2158 2075/1593/2220 2074/1617/2234 2017/1663/2251
f 2025/1576/2211 2073/1619/2235 2076/1589/2219 2018/1530/2175
f 2012/1676/2203 2072/1546/2188 2077/1592/2221 2055/1677/2161
f 2018/1530/2175 2076/1589/2219 2078/1586/2218 2058/1497/2151
f 2055/1677/2161 2077/1592/2221 2075/1593/2220 2024/1664/2158
f 2058/1497/2151 2078/1586/2218 2071/1543/2185 2006/1496/2148
f 2095/1678/2192 2081/1680/2191 2080/1679/2254 2083/1669/2249
f 2084/1575/2209 2079/1682/2255 2082/1681/2172 2096/1574/2171
f 2083/1669/2249 2080/1679/2254 2079/1682/2255 2084/1575/2209
f 2115/1683/2256 2086/1686/2257 2085/1685/2258 2116/1684/2259
f 2116/1684/2259 2085/1685/2258 2088/1499/2149 2117/1509/2155
f 2118/1687/2260 2087/1688/2202 2086/1686/2257 2115/1683/2256
f 2094/1689/2160 2097/1665/2159 2090/1666/2252 2089/1690/2261
f 2089/1690/2261 2090/1666/2252 2092/1577/2210 2091/1691/2262
f 2091/1691/2262 2092/1577/2210 2098/1531/2174 2093/1498/2150
f 2085/1685/2258 2091/1691/2262 2093/1498/2150 2088/1499/2149
f 2086/1686/2257 2089/1690/2261 2091/1691/2262 2085/1685/2258
f 2087/1688/2202 2094/1689/2160 2089/1690/2261 2086/1686/2257
f 2114/2362/2253 2118/2365/2260 2081/2305/2191 2001/2304/2190
f 2025/1576/2211 2092/1577/2210 2090/1666/2252 2017/1663/2251
f 2012/2317/2203 2087/2316/2202 2118/2365/2260 2114/2362/2253
f 2081/1680/2191 2118/1687/2260 2115/1683/2256 2080/1679/2254
f 2079/1682/2255 2116/1684/2259 2117/1509/2155 2082/1681/2172
f 2080/1679/2254 2115/1683/2256 2116/1684/2259 2079/1682/2255
f 2001/1671/2190 2069/338/1544 2109/1545/2189 2114/1693/2253
f 2006/1496/2148 2071/1543/2185 2103/1540/2184 2113/1508/2154
f 2046/1637/2241 2111/1641/2244 2112/1627/2236 2047/1631/2238
f 2045/1638/2239 2110/1640/2243 2111/1641/2244 2046/1637/2241
f 2016/2285/2167 2101/2284/2166 2110/2354/2243 2045/2352/2239
f 2047/1631/2238 2112/1627/2236 2107/1628/2183 2015/1630/2182
f 2003/2271/2147 2102/2302/2169 2104/2292/2176 1998/2272/1713
f 1996/2275/2153 2108/2300/2187 2099/2280/2162 1999/2267/2145
f 2000/339/1543 2105/1544/2179 2109/1545/2189 2069/338/1544
f 1997/2268/2146 2100/2283/2165 2106/2296/2180 2002/1624/1180
f 2070/1505/2152 2103/1540/2184 2108/1541/2187 1996/1504/2153
f 2002/1624/1180 2106/2296/2180 2107/2299/2183 2004/1625/1181
f 1998/573/1713 2104/1694/2176 2105/1544/2179 2000/339/1543
f 2005/1644/1193 2101/2284/2166 2102/2287/2169 2003/2366/2147
f 1999/2267/2145 2099/2280/2162 2100/2283/2165 1997/2268/2146
f 1995/1672/2173 2082/1681/2172 2117/1509/2155 2113/1508/2154
f 2122/168/1380 2124/1697/1558 2125/1696/2263
f 2125/1696/2263 2124/1697/1558 2123/1698/1560
f 2132/572/1714 2135/335/1542 2134/336/1546 2133/804/1858 2136/1699/2264
f 2127/1186/2079 2128/1702/2265 2121/1701/2266 2119/1700/2267
f 2128/1702/2265 2126/371/1572 2120/167/1381 2121/1701/2266
f 2138/333/1540 2139/1704/2268 2131/1703/2269 2129/334/1541
f 2139/1704/2268 2137/583/1724 2130/584/1727 2131/1703/2269
f 2122/168/1380 2125/1696/2263 2121/1701/2266 2120/167/1381
f 2125/1696/2263 2123/1698/1560 2119/1700/2267 2121/1701/2266
f 2141/1023/2001 2142/1705/2270 2131/1703/2269 2130/584/1727
f 2142/1705/2270 2140/565/1711 2129/334/1541 2131/1703/2269
f 2126/371/1572 2128/1702/2265 2139/1704/2268 2138/333/1540
f 2128/1702/2265 2127/1186/2079 2137/583/1724 2139/1704/2268
f 2132/572/1714 2136/1699/2264 2142/1705/2270 2141/1023/2001
f 2136/1699/2264 2133/804/1858 2140/565/1711 2142/1705/2270
f 2119/1700/2267 2123/1698/1560 1276/1187/1559 2127/1186/2079
f 2143/2367/1182 2148/2368/2271 2144/2369/970 2145/1221/915 2146/2225/2116 2147/2185/1179
f 2159/2370/1194 2150/1435/1062 2151/1434/1061 2160/2371/2272
f 2160/2371/2272 2151/1434/1061 2149/1468/961 2158/2372/1094
f 2143/2367/1182 2152/2373/2157 2154/2374/2273 2148/2368/2271
f 2148/2368/2271 2154/2374/2273 2153/2375/1100 2144/2369/970
f 2152/2373/2157 2155/2376/1196 2157/2377/2274 2154/2374/2273
f 2154/2374/2273 2157/2377/2274 2156/2378/2245 2153/2375/1100
f 2155/1649/1196 2159/1648/1194 2160/2379/2272 2157/2380/2274
f 2157/2380/2274 2160/2379/2272 2158/1648/1094 2156/1649/2245
f 2147/2185/1179 2146/2225/2116 902/1428/1055 1933/2186/2093
f 1900/2230/2038 1899/1152/2061 2200/2240/2275 2201/2233/2144
f 2185/1372/2135 2191/1332/1000 2257/2381/2276 2251/2382/2277
f 2210/1392/2133 2211/1369/2132 2307/2383/2278 2306/2384/2279
f 2164/1306/975 2163/1305/974 2229/2385/2280 2230/2386/2281
f 2170/2232/2121 2172/2229/2120 2238/2387/2282 2236/2388/2283
f 2190/1311/981 2224/1310/980 2320/2389/2284 2256/2390/2285
f 2207/1419/2134 2210/1392/2133 2306/2384/2279 2303/2391/2286
f 2958/2237/2125 2161/1348/2124 2227/2392/2287 2964/2393/2288
f 2187/1341/2131 2189/1322/2129 2255/2394/2289 2253/2395/2290
f 2208/1421/1071 2209/1294/968 2305/2396/2291 2304/2397/2292
f 2171/1293/2119 2177/1294/1051 2243/2396/2293 2237/2398/2294
f 2226/1440/1063 2222/1439/1066 2318/2399/2295 2322/2400/2296
f 2206/1442/2138 2207/1419/2134 2303/2391/2286 2302/2401/2297
f 2180/1381/1030 2188/1340/1073 2254/2402/2298 2246/2403/2299
f 2225/1437/1064 2226/1436/1063 2322/2404/2296 2321/2405/2300
f 2205/2242/2142 2206/1442/2138 2302/2401/2297 2301/2406/2301
f 2191/1332/1000 2190/1311/981 2256/2390/2285 2257/2381/2276
f 2224/1469/980 2225/1437/1064 2321/2405/2300 2320/2407/2284
f 2203/1293/967 2204/2229/2140 2300/2387/2302 2299/2398/2303
f 2183/1370/1027 2179/1369/1026 2245/2383/2304 2249/2408/2305
f 2216/1432/1059 2214/1445/1072 2310/2409/2306 2312/2410/2307
f 2202/2232/2139 2201/2233/2144 2297/2411/2308 2298/2388/2309
f 2189/1322/2129 2186/1323/2128 2252/2412/2310 2255/2394/2289
f 2213/2235/2123 2205/2242/2142 2301/2406/2301 2309/2413/2311
f 2201/2233/2144 2200/2240/2275 2296/2414/2312 2297/2411/2308
f 2188/1340/1073 2187/1341/2131 2253/2395/2290 2254/2402/2298
f 2194/1317/987 2192/1316/986 2259/2415/2313 2290/2416/2314
f 2200/2240/2275 2199/1309/979 2295/2417/2315 2296/2414/2312
f 2186/1323/2128 2185/1372/2135 2251/2382/2277 2252/2412/2310
f 2199/1309/979 2197/1308/978 2293/2418/2316 2295/2417/2315
f 2184/1432/2117 2183/1370/1027 2249/2408/2305 2250/2410/2317
f 2196/1306/1017 2193/1348/1016 2289/2392/2318 2292/2386/2319
f 2176/1421/1050 2182/1445/2118 2248/2409/2320 2242/2397/2321
f 2198/1364/1025 2195/1305/1024 2291/2385/2322 2294/2419/2323
f 2181/1382/1031 2180/1381/1030 2246/2403/2299 2247/2420/2324
f 2197/1308/978 2198/1364/1025 2294/2419/2323 2293/2418/2316
f 2223/1332/2136 2217/1372/1029 2313/2382/2325 2319/2381/2326
f 2195/1305/1024 2196/1306/1017 2292/2386/2319 2291/2385/2322
f 2204/2229/2140 2202/2232/2139 2298/2388/2309 2300/2387/2302
f 2179/1369/1026 2178/1392/1035 2244/2384/2327 2245/2383/2304
f 2963/2237/2143 2194/2244/987 2290/2421/2314 2966/2393/2328
f 2221/1322/992 2219/1341/1009 2315/2395/2329 2317/2394/2330
f 2178/1392/1035 2175/1419/1049 2241/2391/2331 2244/2384/2327
f 2209/1294/968 2203/1293/967 2299/2398/2303 2305/2396/2291
f 2177/1294/1051 2176/1421/1050 2242/2397/2321 2243/2396/2293
f 2182/1445/2118 2184/1432/2117 2250/2410/2317 2248/2409/2320
f 2220/1340/1008 2212/1386/1033 2308/2422/2332 2316/2423/2333
f 2175/1419/1049 2174/1442/1067 2240/2424/2334 2241/2391/2331
f 2173/1424/1052 2181/1382/1031 2247/2420/2324 2239/2425/2335
f 2222/1439/1066 2223/1332/2136 2319/2381/2326 2318/2399/2295
f 2174/1442/1067 2173/1424/1052 2239/2425/2335 2240/2424/2334
f 2192/1316/986 2162/1358/1021 2228/2426/2336 2259/2415/2313
f 2211/1369/2132 2215/1370/1060 2311/2408/2337 2307/2383/2278
f 2172/2229/2120 2171/1293/2119 2237/2398/2294 2238/2387/2282
f 2218/1323/993 2221/1322/992 2317/2394/2330 2314/2412/2338
f 2169/2233/2122 2170/2232/2121 2236/2388/2283 2235/2411/2339
f 2219/1341/1009 2220/1340/1008 2316/2423/2333 2315/2395/2329
f 2168/2240/2130 2169/2233/2122 2235/2411/2339 2234/2414/2340
f 2217/1372/1029 2218/1323/993 2314/2412/2338 2313/2382/2325
f 2167/1309/2137 2168/2240/2130 2234/2414/2340 2233/2417/2341
f 2215/1370/1060 2216/1432/1059 2312/2410/2307 2311/2408/2337
f 2165/1308/2141 2167/1309/2137 2233/2417/2341 2231/2418/2342
f 2214/1445/1072 2208/1421/1071 2304/2397/2292 2310/2409/2306
f 850/1292/865 786/1291/900 2177/1294/1051 2171/1293/2119
f 1899/1152/2061 1898/1153/976 2199/1309/979 2200/2240/2275
f 778/1363/922 779/1307/852 2165/1308/2141 2166/1364/2343
f 1921/1321/991 1952/1338/1006 2219/1341/1009 2221/1322/992
f 851/1338/826 810/1321/344 2189/1322/2129 2187/1341/2131
f 777/1304/911 778/1363/922 2166/1364/2343 2163/1305/974
f 1903/2241/2066 2205/2242/2142 2213/2235/2123 1909/2234/2110 1978/2427/2109
f 2249/2428/2305 2245/2429/2304 2276/2430/2344 2280/2431/2345
f 2230/2432/2281 2229/2433/2280 2260/2434/2346 2261/2435/2347
f 2257/2436/2276 2256/2437/2285 2287/2438/2348 2288/2439/2349
f 2232/2440/2350 2231/2441/2342 2262/2442/2351 2263/2443/2352
f 2229/2433/2280 2232/2440/2350 2263/2443/2352 2260/2434/2346
f 2227/2444/2287 2230/2432/2281 2261/2435/2347 2258/2445/2353
f 2231/2441/2342 2233/2446/2341 2264/2447/2354 2262/2442/2351
f 2233/2446/2341 2234/2448/2340 2265/2449/2355 2264/2447/2354
f 2234/2448/2340 2235/2450/2339 2266/2451/2356 2265/2449/2355
f 2235/2450/2339 2236/2452/2283 2267/2453/2357 2266/2451/2356
f 2238/2454/2282 2237/2455/2294 2268/2456/2358 2269/2457/2359
f 2240/2458/2334 2239/2459/2335 2270/2460/2360 2271/2461/2361
f 2241/2462/2331 2240/2458/2334 2271/2461/2361 2272/2463/2362
f 2243/2464/2293 2242/2465/2321 2273/2466/2363 2274/2467/2364
f 2244/2468/2327 2241/2462/2331 2272/2463/2362 2275/2469/2365
f 2245/2429/2304 2244/2468/2327 2275/2469/2365 2276/2430/2344
f 2239/2459/2335 2247/2470/2324 2277/2471/2366 2270/2460/2360
f 2246/2472/2299 2254/2473/2298 2285/2474/2367 2278/2475/2368
f 2247/2470/2324 2246/2472/2299 2278/2475/2368 2277/2471/2366
f 2242/2465/2321 2248/2476/2320 2279/2477/2369 2273/2466/2363
f 2237/2455/2294 2243/2464/2293 2274/2467/2364 2268/2456/2358
f 2250/2478/2317 2249/2428/2305 2280/2431/2345 2281/2479/2370
f 2253/2480/2290 2255/2481/2289 2286/2482/2371 2284/2483/2372
f 2252/2484/2310 2251/2485/2277 2282/2486/2373 2283/2487/2374
f 2964/2488/2288 2227/2444/2287 2258/2445/2353 2965/2489/2375
f 2236/2452/2283 2238/2454/2282 2269/2457/2359 2267/2453/2357
f 2254/2473/2298 2253/2480/2290 2284/2483/2372 2285/2474/2367
f 2251/2485/2277 2257/2436/2276 2288/2439/2349 2282/2486/2373
f 2255/2481/2289 2252/2484/2310 2283/2487/2374 2286/2482/2371
f 2248/2490/2320 2250/2478/2317 2281/2479/2370 2279/2491/2369
f 2311/2492/2337 2280/2431/2345 2276/2430/2344 2307/2493/2278
f 2292/2494/2319 2261/2435/2347 2260/2434/2346 2291/2495/2322
f 2319/2496/2326 2288/2439/2349 2287/2438/2348 2318/2497/2295
f 2294/2498/2323 2263/2443/2352 2262/2442/2351 2293/2499/2316
f 2291/2495/2322 2260/2434/2346 2263/2443/2352 2294/2498/2323
f 2289/2500/2318 2258/2445/2353 2261/2435/2347 2292/2494/2319
f 2293/2499/2316 2262/2442/2351 2264/2447/2354 2295/2501/2315
f 2295/2501/2315 2264/2447/2354 2265/2449/2355 2296/2502/2312
f 2296/2502/2312 2265/2449/2355 2266/2451/2356 2297/2503/2308
f 2297/2503/2308 2266/2451/2356 2267/2453/2357 2298/2504/2309
f 2300/2505/2302 2269/2457/2359 2268/2456/2358 2299/2506/2303
f 2302/2507/2297 2271/2461/2361 2270/2460/2360 2301/2508/2301
f 2303/2509/2286 2272/2463/2362 2271/2461/2361 2302/2507/2297
f 2305/2510/2291 2274/2467/2364 2273/2466/2363 2304/2511/2292
f 2306/2512/2279 2275/2469/2365 2272/2463/2362 2303/2509/2286
f 2307/2493/2278 2276/2430/2344 2275/2469/2365 2306/2512/2279
f 2301/2508/2301 2270/2460/2360 2277/2471/2366 2309/2513/2311
f 2308/2514/2332 2278/2475/2368 2285/2474/2367 2316/2515/2333
f 2309/2513/2311 2277/2471/2366 2278/2475/2368 2308/2514/2332
f 2304/2511/2292 2273/2466/2363 2279/2477/2369 2310/2516/2306
f 2299/2506/2303 2268/2456/2358 2274/2467/2364 2305/2510/2291
f 2312/2517/2307 2281/2479/2370 2280/2431/2345 2311/2492/2337
f 2315/2518/2329 2284/2483/2372 2286/2482/2371 2317/2519/2330
f 2314/2520/2338 2283/2487/2374 2282/2486/2373 2313/2521/2325
f 2966/2522/2328 2965/2489/2375 2258/2445/2353 2289/2500/2318
f 2298/2504/2309 2267/2453/2357 2269/2457/2359 2300/2505/2302
f 2316/2515/2333 2285/2474/2367 2284/2483/2372 2315/2518/2329
f 2313/2521/2325 2282/2486/2373 2288/2439/2349 2319/2496/2326
f 2317/2519/2330 2286/2482/2371 2283/2487/2374 2314/2520/2338
f 2310/2523/2306 2279/2491/2369 2281/2479/2370 2312/2517/2307
f 2321/2524/2300 2322/2525/2296 2318/2497/2295 2287/2438/2348
f 2321/2524/2300 2287/2438/2348 2256/2437/2285 2320/2526/2284
f 2166/1364/2343 2165/1308/2141 2231/2418/2342 2232/2419/2350
f 2163/1305/974 2166/1364/2343 2232/2419/2350 2229/2385/2280
f 2212/1386/1033 2213/2235/2123 2309/2413/2311 2308/2422/2332
f 2161/1348/2124 2164/1306/975 2230/2386/2281 2227/2392/2287
f 2380/2527/2376 2379/2528/2377 2399/2529/2378 2400/2530/2379
f 2325/1326/996 2324/2224/2114 2339/2531/2380 2352/2532/2381
f 2361/2533/2382 2330/2534/2383 2366/2535/2384 2382/2536/2385
f 2340/1257/936 2333/2239/2127 2337/2537/2386 2330/2538/2383
f 2329/2221/2112 2336/1449/1077 2356/2539/2387 2331/2540/2388
f 2348/2145/2071 2349/1265/943 2359/2541/2389 2358/2542/2390
f 2332/2543/2391 2352/2544/2381 2380/2527/2376 2375/2545/2392
f 2362/2546/2393 2360/2547/2394 2367/2548/2395 2371/2549/2396
f 2328/1345/1013 2327/1344/1012 2338/2550/2397 2351/2551/2398
f 2357/2206/2103 2350/2205/2102 2360/2552/2394 2362/2553/2393
f 2347/1455/1082 2354/1258/937 2361/2554/2382 2334/2555/2399
f 2336/1449/1077 2343/1448/1076 2342/2556/2400 2356/2539/2387
f 2343/1448/1076 2357/2206/2103 2362/2553/2393 2342/2556/2400
f 2354/1258/937 2340/1257/936 2330/2538/2383 2361/2554/2382
f 2344/1264/942 2345/1417/1048 2335/2557/2401 2355/2558/2402
f 2324/2224/2114 2323/1459/1086 2353/2559/2403 2339/2531/2380
f 2323/1459/1086 2328/1345/1013 2351/2551/2398 2353/2559/2403
f 2356/2560/2387 2342/2561/2400 2381/2562/2404 2370/2563/2405
f 2327/1344/1012 2329/2221/2112 2331/2540/2388 2338/2550/2397
f 2345/1417/1048 2346/1416/1047 2341/2564/2406 2335/2557/2401
f 2326/1327/997 2325/1326/996 2352/2532/2381 2332/2565/2391
f 2349/1265/943 2344/1264/942 2355/2558/2402 2359/2541/2389
f 2350/2205/2102 2348/2145/2071 2358/2542/2390 2360/2552/2394
f 2333/2239/2127 2326/1327/997 2332/2565/2391 2337/2537/2386
f 2346/1416/1047 2347/1455/1082 2334/2555/2399 2341/2564/2406
f 2355/2566/2402 2335/2567/2401 2372/2568/2407 2364/2569/2408
f 2339/2570/2380 2353/2571/2403 2378/2572/2409 2379/2528/2377
f 2342/2561/2400 2362/2546/2393 2371/2549/2396 2381/2562/2404
f 2351/2573/2398 2338/2574/2397 2373/2575/2410 2374/2576/2411
f 2359/2577/2389 2355/2566/2402 2364/2569/2408 2363/2578/2412
f 2360/2579/2394 2358/2580/2390 2368/2581/2413 2367/2582/2395
f 2358/2580/2390 2359/2577/2389 2363/2578/2412 2368/2581/2413
f 2330/2534/2383 2337/2583/2386 2365/2584/2414 2366/2535/2384
f 2341/2585/2406 2334/2586/2399 2377/2587/2415 2376/2588/2416
f 2337/2583/2386 2332/2589/2391 2375/2590/2392 2365/2584/2414
f 2353/2571/2403 2351/2573/2398 2374/2576/2411 2378/2572/2409
f 2338/2591/2397 2331/2592/2388 2369/2593/2417 2373/2594/2410
f 2352/2544/2381 2339/2570/2380 2379/2528/2377 2380/2527/2376
f 2334/2586/2399 2361/2533/2382 2382/2536/2385 2377/2587/2415
f 2331/2592/2388 2356/2560/2387 2370/2563/2405 2369/2593/2417
f 2335/2567/2401 2341/2595/2406 2376/2596/2416 2372/2568/2407
f 2385/2597/2418 2395/2598/2419 2415/2599/2420 2405/2600/2421
f 2371/2549/2396 2367/2548/2395 2387/2601/2422 2391/2602/2423
f 2375/2545/2392 2380/2527/2376 2400/2530/2379 2395/2603/2419
f 2381/2562/2404 2371/2549/2396 2391/2602/2423 2401/2604/2424
f 2364/2569/2408 2372/2568/2407 2392/2605/2425 2384/2606/2426
f 2373/2594/2410 2369/2593/2417 2389/2607/2427 2393/2608/2428
f 2374/2576/2411 2373/2575/2410 2393/2609/2428 2394/2610/2429
f 2372/2568/2407 2376/2596/2416 2396/2611/2430 2392/2605/2425
f 2368/2581/2413 2363/2578/2412 2383/2612/2431 2388/2613/2432
f 2363/2578/2412 2364/2569/2408 2384/2606/2426 2383/2612/2431
f 2382/2536/2385 2366/2535/2384 2386/2614/2433 2402/2615/2434
f 2365/2584/2414 2375/2590/2392 2395/2616/2419 2385/2617/2418
f 2366/2535/2384 2365/2584/2414 2385/2617/2418 2386/2614/2433
f 2379/2528/2377 2378/2572/2409 2398/2618/2435 2399/2529/2378
f 2376/2588/2416 2377/2587/2415 2397/2619/2436 2396/2620/2430
f 2367/2582/2395 2368/2581/2413 2388/2613/2432 2387/2621/2422
f 2377/2587/2415 2382/2536/2385 2402/2615/2434 2397/2619/2436
f 2378/2572/2409 2374/2576/2411 2394/2610/2429 2398/2618/2435
f 2369/2593/2417 2370/2563/2405 2390/2622/2437 2389/2607/2427
f 2370/2563/2405 2381/2562/2404 2401/2604/2424 2390/2622/2437
f 2404/2623/2438 2412/2624/2439 2432/2625/2440 2424/2626/2441
f 2386/2627/2433 2385/2597/2418 2405/2600/2421 2406/2628/2442
f 2399/2629/2378 2398/2630/2435 2418/2631/2443 2419/2632/2444
f 2396/2633/2430 2397/2634/2436 2417/2635/2445 2416/2636/2446
f 2387/2637/2422 2388/2638/2432 2408/2639/2447 2407/2640/2448
f 2397/2634/2436 2402/2641/2434 2422/2642/2449 2417/2635/2445
f 2398/2630/2435 2394/2643/2429 2414/2644/2450 2418/2631/2443
f 2389/2645/2427 2390/2646/2437 2410/2647/2451 2409/2648/2452
f 2390/2646/2437 2401/2649/2424 2421/2650/2453 2410/2647/2451
f 2400/2651/2379 2399/2629/2378 2419/2632/2444 2420/2652/2454
f 2391/2653/2423 2387/2637/2422 2407/2640/2448 2411/2654/2455
f 2395/2598/2419 2400/2651/2379 2420/2652/2454 2415/2599/2420
f 2401/2649/2424 2391/2653/2423 2411/2654/2455 2421/2650/2453
f 2384/2655/2426 2392/2656/2425 2412/2657/2439 2404/2658/2438
f 2393/2659/2428 2389/2645/2427 2409/2648/2452 2413/2660/2456
f 2394/2643/2429 2393/2659/2428 2413/2660/2456 2414/2644/2450
f 2392/2656/2425 2396/2633/2430 2416/2636/2446 2412/2657/2439
f 2388/2638/2432 2383/2661/2431 2403/2662/2457 2408/2639/2447
f 2383/2661/2431 2384/2655/2426 2404/2658/2438 2403/2662/2457
f 2402/2641/2434 2386/2627/2433 2406/2628/2442 2422/2642/2449
f 2432/2625/2440 2436/2663/2458 2456/2664/2459 2452/2665/2460
f 2413/2666/2456 2409/2667/2452 2429/2668/2461 2433/2669/2462
f 2414/2644/2450 2413/2660/2456 2433/2670/2462 2434/2671/2463
f 2412/2657/2439 2416/2636/2446 2436/2672/2458 2432/2673/2440
f 2408/2674/2447 2403/2675/2457 2423/2676/2464 2428/2677/2465
f 2403/2675/2457 2404/2623/2438 2424/2626/2441 2423/2676/2464
f 2422/2678/2449 2406/2679/2442 2426/2680/2466 2442/2681/2467
f 2405/2600/2421 2415/2599/2420 2435/2682/2468 2425/2683/2469
f 2406/2679/2442 2405/2684/2421 2425/2685/2469 2426/2680/2466
f 2419/2686/2444 2418/2687/2443 2438/2688/2470 2439/2689/2471
f 2416/2690/2446 2417/2691/2445 2437/2692/2472 2436/2693/2458
f 2407/2694/2448 2408/2674/2447 2428/2677/2465 2427/2695/2473
f 2417/2691/2445 2422/2678/2449 2442/2681/2467 2437/2692/2472
f 2418/2687/2443 2414/2696/2450 2434/2697/2463 2438/2688/2470
f 2409/2667/2452 2410/2698/2451 2430/2699/2474 2429/2668/2461
f 2410/2698/2451 2421/2700/2453 2441/2701/2475 2430/2699/2474
f 2420/2702/2454 2419/2686/2444 2439/2689/2471 2440/2703/2476
f 2411/2654/2455 2407/2640/2448 2427/2704/2473 2431/2705/2477
f 2415/2706/2420 2420/2702/2454 2440/2703/2476 2435/2707/2468
f 2421/2700/2453 2411/2708/2455 2431/2709/2477 2441/2701/2475
f 2460/2710/2478 2459/2711/2479 2479/2712/2480 2480/2713/2481
f 2428/2677/2465 2423/2676/2464 2443/2714/2482 2448/2715/2483
f 2423/2676/2464 2424/2626/2441 2444/2716/2484 2443/2714/2482
f 2442/2681/2467 2426/2680/2466 2446/2717/2485 2462/2718/2486
f 2425/2685/2469 2435/2719/2468 2455/2720/2487 2445/2721/2488
f 2426/2680/2466 2425/2685/2469 2445/2721/2488 2446/2717/2485
f 2439/2689/2471 2438/2688/2470 2458/2722/2489 2459/2723/2479
f 2436/2693/2458 2437/2692/2472 2457/2724/2490 2456/2725/2459
f 2427/2695/2473 2428/2677/2465 2448/2715/2483 2447/2726/2491
f 2437/2692/2472 2442/2681/2467 2462/2718/2486 2457/2724/2490
f 2438/2688/2470 2434/2697/2463 2454/2727/2492 2458/2722/2489
f 2429/2668/2461 2430/2699/2474 2450/2728/2493 2449/2729/2494
f 2430/2699/2474 2441/2701/2475 2461/2730/2495 2450/2728/2493
f 2440/2703/2476 2439/2689/2471 2459/2723/2479 2460/2731/2478
f 2431/2709/2477 2427/2732/2473 2447/2733/2491 2451/2734/2496
f 2435/2707/2468 2440/2703/2476 2460/2731/2478 2455/2735/2487
f 2441/2701/2475 2431/2709/2477 2451/2734/2496 2461/2730/2495
f 2424/2626/2441 2432/2625/2440 2452/2665/2460 2444/2716/2484
f 2433/2669/2462 2429/2668/2461 2449/2729/2494 2453/2736/2497
f 2434/2697/2463 2433/2737/2462 2453/2738/2497 2454/2727/2492
f 2466/2739/2498 2465/2740/2499 2485/2741/2500 2486/2742/2501
f 2451/2743/2496 2447/2744/2491 2467/2745/2502 2471/2746/2503
f 2455/2747/2487 2460/2710/2478 2480/2713/2481 2475/2748/2504
f 2461/2749/2495 2451/2743/2496 2471/2746/2503 2481/2750/2505
f 2444/2751/2484 2452/2752/2460 2472/2753/2506 2464/2754/2507
f 2453/2755/2497 2449/2756/2494 2469/2757/2508 2473/2758/2509
f 2454/2759/2492 2453/2755/2497 2473/2758/2509 2474/2760/2510
f 2452/2752/2460 2456/2761/2459 2476/2762/2511 2472/2753/2506
f 2448/2763/2483 2443/2764/2482 2463/2765/2512 2468/2766/2513
f 2443/2714/2482 2444/2716/2484 2464/2767/2507 2463/2768/2512
f 2462/2718/2486 2446/2717/2485 2466/2769/2498 2482/2770/2514
f 2445/2771/2488 2455/2747/2487 2475/2748/2504 2465/2740/2499
f 2446/2772/2485 2445/2771/2488 2465/2740/2499 2466/2739/2498
f 2459/2723/2479 2458/2722/2489 2478/2773/2515 2479/2774/2480
f 2456/2761/2459 2457/2775/2490 2477/2776/2516 2476/2762/2511
f 2447/2744/2491 2448/2763/2483 2468/2766/2513 2467/2745/2502
f 2457/2775/2490 2462/2777/2486 2482/2778/2514 2477/2776/2516
f 2458/2779/2489 2454/2759/2492 2474/2760/2510 2478/2780/2515
f 2449/2756/2494 2450/2781/2493 2470/2782/2517 2469/2757/2508
f 2450/2728/2493 2461/2730/2495 2481/2783/2505 2470/2784/2517
f 2493/2785/2518 2489/2786/2519 2509/2787/2520 2513/2788/2521
f 2479/2712/2480 2478/2780/2515 2498/2789/2522 2499/2790/2523
f 2476/2762/2511 2477/2776/2516 2497/2791/2524 2496/2792/2525
f 2467/2745/2502 2468/2766/2513 2488/2793/2526 2487/2794/2527
f 2477/2776/2516 2482/2778/2514 2502/2795/2528 2497/2791/2524
f 2478/2780/2515 2474/2760/2510 2494/2796/2529 2498/2789/2522
f 2469/2757/2508 2470/2782/2517 2490/2797/2530 2489/2786/2519
f 2470/2782/2517 2481/2750/2505 2501/2798/2531 2490/2797/2530
f 2480/2713/2481 2479/2712/2480 2499/2790/2523 2500/2799/2532
f 2471/2746/2503 2467/2745/2502 2487/2794/2527 2491/2800/2533
f 2475/2748/2504 2480/2713/2481 2500/2799/2532 2495/2801/2534
f 2481/2750/2505 2471/2746/2503 2491/2800/2533 2501/2798/2531
f 2464/2754/2507 2472/2753/2506 2492/2802/2535 2484/2803/2536
f 2473/2758/2509 2469/2757/2508 2489/2786/2519 2493/2785/2518
f 2474/2760/2510 2473/2758/2509 2493/2785/2518 2494/2796/2529
f 2472/2753/2506 2476/2762/2511 2496/2792/2525 2492/2802/2535
f 2468/2766/2513 2463/2765/2512 2483/2804/2537 2488/2793/2526
f 2463/2765/2512 2464/2754/2507 2484/2803/2536 2483/2804/2537
f 2482/2778/2514 2466/2739/2498 2486/2742/2501 2502/2795/2528
f 2465/2740/2499 2475/2748/2504 2495/2801/2534 2485/2741/2500
f 2518/2805/2538 2514/2806/2539 2534/2807/2540 2538/2808/2541
f 2494/2796/2529 2493/2785/2518 2513/2788/2521 2514/2809/2539
f 2492/2802/2535 2496/2792/2525 2516/2810/2542 2512/2811/2543
f 2488/2812/2526 2483/2813/2537 2503/2814/2544 2508/2815/2545
f 2483/2813/2537 2484/2816/2536 2504/2817/2546 2503/2814/2544
f 2502/2818/2528 2486/2819/2501 2506/2820/2547 2522/2821/2548
f 2485/2741/2500 2495/2801/2534 2515/2822/2549 2505/2823/2550
f 2486/2742/2501 2485/2741/2500 2505/2823/2550 2506/2824/2547
f 2499/2825/2523 2498/2826/2522 2518/2805/2538 2519/2827/2551
f 2496/2792/2525 2497/2791/2524 2517/2828/2552 2516/2810/2542
f 2487/2794/2527 2488/2793/2526 2508/2829/2545 2507/2830/2553
f 2497/2791/2524 2502/2795/2528 2522/2831/2548 2517/2828/2552
f 2498/2789/2522 2494/2796/2529 2514/2809/2539 2518/2832/2538
f 2489/2833/2519 2490/2834/2530 2510/2835/2554 2509/2836/2520
f 2490/2834/2530 2501/2837/2531 2521/2838/2555 2510/2835/2554
f 2500/2839/2532 2499/2825/2523 2519/2827/2551 2520/2840/2556
f 2491/2800/2533 2487/2794/2527 2507/2830/2553 2511/2841/2557
f 2495/2801/2534 2500/2799/2532 2520/2842/2556 2515/2822/2549
f 2501/2798/2531 2491/2800/2533 2511/2841/2557 2521/2843/2555
f 2484/2803/2536 2492/2802/2535 2512/2811/2543 2504/2844/2546
f 2528/2845/2558 2523/2846/2559 2543/2847/2560 2548/2848/2561
f 2509/2836/2520 2510/2835/2554 2530/2849/2562 2529/2850/2563
f 2510/2835/2554 2521/2838/2555 2541/2851/2564 2530/2849/2562
f 2520/2840/2556 2519/2827/2551 2539/2852/2565 2540/2853/2566
f 2511/2854/2557 2507/2855/2553 2527/2856/2567 2531/2857/2568
f 2515/2858/2549 2520/2840/2556 2540/2853/2566 2535/2859/2569
f 2521/2838/2555 2511/2854/2557 2531/2857/2568 2541/2851/2564
f 2504/2817/2546 2512/2860/2543 2532/2861/2570 2524/2862/2571
f 2513/2863/2521 2509/2836/2520 2529/2850/2563 2533/2864/2572
f 2514/2806/2539 2513/2865/2521 2533/2866/2572 2534/2807/2540
f 2512/2860/2543 2516/2867/2542 2536/2868/2573 2532/2861/2570
f 2508/2815/2545 2503/2814/2544 2523/2846/2559 2528/2845/2558
f 2503/2814/2544 2504/2817/2546 2524/2862/2571 2523/2846/2559
f 2522/2821/2548 2506/2820/2547 2526/2869/2574 2542/2870/2575
f 2505/2871/2550 2515/2872/2549 2535/2873/2569 2525/2874/2576
f 2506/2820/2547 2505/2871/2550 2525/2874/2576 2526/2869/2574
f 2519/2827/2551 2518/2805/2538 2538/2808/2541 2539/2852/2565
f 2516/2875/2542 2517/2876/2552 2537/2877/2577 2536/2878/2573
f 2507/2879/2553 2508/2815/2545 2528/2845/2558 2527/2880/2567
f 2517/2876/2552 2522/2821/2548 2542/2870/2575 2537/2877/2577
f 2551/2881/2578 2547/2882/2579 2567/2883/2580 2571/2884/2581
f 2523/2846/2559 2524/2862/2571 2544/2885/2582 2543/2847/2560
f 2542/2870/2575 2526/2869/2574 2546/2886/2583 2562/2887/2584
f 2525/2874/2576 2535/2873/2569 2555/2888/2585 2545/2889/2586
f 2526/2869/2574 2525/2874/2576 2545/2889/2586 2546/2886/2583
f 2539/2852/2565 2538/2808/2541 2558/2890/2587 2559/2891/2588
f 2536/2878/2573 2537/2877/2577 2557/2892/2589 2556/2893/2590
f 2527/2880/2567 2528/2845/2558 2548/2848/2561 2547/2894/2579
f 2537/2877/2577 2542/2870/2575 2562/2887/2584 2557/2892/2589
f 2538/2808/2541 2534/2807/2540 2554/2895/2591 2558/2890/2587
f 2529/2850/2563 2530/2849/2562 2550/2896/2592 2549/2897/2593
f 2530/2849/2562 2541/2851/2564 2561/2898/2594 2550/2896/2592
f 2540/2853/2566 2539/2852/2565 2559/2891/2588 2560/2899/2595
f 2531/2857/2568 2527/2856/2567 2547/2900/2579 2551/2901/2578
f 2535/2859/2569 2540/2853/2566 2560/2899/2595 2555/2902/2585
f 2541/2851/2564 2531/2857/2568 2551/2901/2578 2561/2898/2594
f 2524/2862/2571 2532/2861/2570 2552/2903/2596 2544/2885/2582
f 2533/2864/2572 2529/2850/2563 2549/2897/2593 2553/2904/2597
f 2534/2807/2540 2533/2866/2572 2553/2905/2597 2554/2895/2591
f 2532/2861/2570 2536/2868/2573 2556/2906/2590 2552/2903/2596
f 2568/2907/2598 2608/2908/2599 2607/2909/2600 2567/2883/2580
f 2555/2910/2585 2560/2911/2595 2580/2912/2601 2575/2913/2602
f 2561/2898/2594 2551/2901/2578 2571/2914/2581 2581/2915/2603
f 2544/2885/2582 2552/2903/2596 2572/2916/2604 2564/2917/2605
f 2553/2918/2597 2549/2919/2593 2569/2920/2606 2573/2921/2607
f 2554/2922/2591 2553/2918/2597 2573/2921/2607 2574/2923/2608
f 2552/2924/2596 2556/2925/2590 2576/2926/2609 2572/2927/2604
f 2548/2848/2561 2543/2847/2560 2563/2928/2610 2568/2929/2598
f 2543/2847/2560 2544/2885/2582 2564/2917/2605 2563/2928/2610
f 2562/2887/2584 2546/2886/2583 2566/2930/2611 2582/2931/2612
f 2545/2932/2586 2555/2910/2585 2575/2913/2602 2565/2933/2613
f 2546/2886/2583 2545/2889/2586 2565/2934/2613 2566/2930/2611
f 2559/2891/2588 2558/2890/2587 2578/2935/2614 2579/2936/2615
f 2556/2925/2590 2557/2937/2589 2577/2938/2616 2576/2926/2609
f 2547/2882/2579 2548/2939/2561 2568/2907/2598 2567/2883/2580
f 2557/2892/2589 2562/2887/2584 2582/2931/2612 2577/2940/2616
f 2558/2890/2587 2554/2895/2591 2574/2941/2608 2578/2935/2614
f 2549/2897/2593 2550/2896/2592 2570/2942/2617 2569/2943/2606
f 2550/2896/2592 2561/2898/2594 2581/2915/2603 2570/2942/2617
f 2560/2899/2595 2559/2891/2588 2579/2936/2615 2580/2944/2601
f 2621/2945/2618 2611/2946/2619 2594/2947/2620 2584/2948/2621
f 2582/2949/2612 2622/2950/2622 2617/2951/2623 2577/2938/2616
f 2574/2923/2608 2614/2952/2624 2618/2953/2625 2578/2954/2614
f 2570/2955/2617 2610/2956/2626 2609/2957/2627 2569/2920/2606
f 2581/2958/2603 2621/2959/2618 2610/2956/2626 2570/2955/2617
f 2579/2960/2615 2619/2961/2628 2620/2962/2629 2580/2912/2601
f 2567/2883/2580 2607/2909/2600 2611/2963/2619 2571/2884/2581
f 2580/2912/2601 2620/2962/2629 2615/2964/2630 2575/2913/2602
f 2571/2884/2581 2611/2963/2619 2621/2959/2618 2581/2958/2603
f 2572/2927/2604 2612/2965/2631 2604/2966/2632 2564/2967/2605
f 2588/2968/2633 2583/2969/2634 2624/2970/2635 2623/2971/2636
f 2569/2920/2606 2609/2957/2627 2613/2972/2637 2573/2921/2607
f 2573/2921/2607 2613/2972/2637 2614/2952/2624 2574/2923/2608
f 2576/2926/2609 2616/2973/2638 2612/2965/2631 2572/2927/2604
f 2563/2974/2610 2603/2975/2639 2608/2908/2599 2568/2907/2598
f 2566/2976/2611 2606/2977/2640 2622/2950/2622 2582/2949/2612
f 2575/2913/2602 2615/2964/2630 2605/2978/2641 2565/2933/2613
f 2565/2933/2613 2605/2978/2641 2606/2977/2640 2566/2976/2611
f 2578/2954/2614 2618/2953/2625 2619/2961/2628 2579/2960/2615
f 2577/2938/2616 2617/2951/2623 2616/2973/2638 2576/2926/2609
f 2617/2979/2623 2622/2980/2622 2583/2981/2634 2588/2982/2633
f 2622/2980/2622 2606/2983/2640 2599/2984/2642 2583/2981/2634
f 2615/2985/2630 2620/2986/2629 2585/2987/2643 2590/2988/2644
f 2603/2989/2639 2604/2990/2632 2601/2991/2645 2602/2992/2646
f 2642/2993/2647 2626/2994/2648 2646/2995/2649 2662/2996/2650
f 2611/2946/2619 2607/2997/2600 2598/2998/2651 2594/2947/2620
f 2608/2999/2599 2603/2989/2639 2602/2992/2646 2597/3000/2652
f 2607/3001/2600 2608/2999/2599 2597/3000/2652 2598/3002/2651
f 2620/2986/2629 2619/3003/2628 2586/3004/2653 2585/2987/2643
f 2612/3005/2631 2616/3006/2638 2589/3007/2654 2593/3008/2655
f 2616/3009/2638 2617/2979/2623 2588/2982/2633 2589/3010/2654
f 2610/3011/2626 2621/2945/2618 2584/2948/2621 2595/3012/2656
f 2614/3013/2624 2613/3014/2637 2592/3015/2657 2591/3016/2658
f 2619/3003/2628 2618/3017/2625 2587/3018/2659 2586/3004/2653
f 2609/3019/2627 2610/3011/2626 2595/3012/2656 2596/3020/2660
f 2613/3021/2637 2609/3019/2627 2596/3020/2660 2592/3022/2657
f 2606/2983/2640 2605/3023/2641 2600/3024/2661 2599/2984/2642
f 2618/3017/2625 2614/3013/2624 2591/3016/2658 2587/3018/2659
f 2604/2990/2632 2612/3005/2631 2593/3008/2655 2601/2991/2645
f 2605/3023/2641 2615/3025/2630 2590/3026/2644 2600/3024/2661
f 2564/2967/2605 2604/2966/2632 2603/2975/2639 2563/2974/2610
f 2597/3027/2652 2602/3028/2646 2637/3029/2662 2641/3030/2663
f 2602/3028/2646 2601/3031/2645 2631/3032/2664 2637/3029/2662
f 2586/3033/2653 2587/3034/2659 2625/3035/2665 2626/3036/2648
f 2587/3034/2659 2591/3037/2658 2634/3038/2666 2625/3035/2665
f 2600/3039/2661 2590/3040/2644 2638/3041/2667 2639/3042/2668
f 2594/3043/2620 2598/3044/2651 2627/3045/2669 2628/3046/2670
f 2595/3047/2656 2584/3048/2621 2640/3049/2671 2630/3050/2672
f 2584/3048/2621 2594/3043/2620 2628/3046/2670 2640/3049/2671
f 2596/3051/2660 2595/3047/2656 2630/3050/2672 2629/3052/2673
f 2589/3053/2654 2588/2968/2633 2623/2971/2636 2635/3054/2674
f 2592/3055/2657 2596/3051/2660 2629/3052/2673 2633/3056/2675
f 2601/3031/2645 2593/3057/2655 2632/3058/2676 2631/3032/2664
f 2590/3040/2644 2585/3059/2643 2642/3060/2647 2638/3041/2667
f 2599/3061/2642 2600/3039/2661 2639/3042/2668 2636/3062/2677
f 2591/3037/2658 2592/3055/2657 2633/3056/2675 2634/3038/2666
f 2598/3044/2651 2597/3027/2652 2641/3030/2663 2627/3045/2669
f 2593/3057/2655 2589/3053/2654 2635/3054/2674 2632/3058/2676
f 2585/3059/2643 2586/3033/2653 2626/3036/2648 2642/3060/2647
f 2583/2969/2634 2599/3061/2642 2636/3062/2677 2624/2970/2635
f 2653/3063/2678 2649/3064/2679 2669/3065/2680 2673/3066/2681
f 2624/3067/2635 2636/3068/2677 2656/3069/2682 2644/3070/2683
f 2623/3071/2636 2624/3067/2635 2644/3070/2683 2643/3072/2684
f 2641/3073/2663 2637/3074/2662 2657/3075/2685 2661/3076/2686
f 2637/3074/2662 2631/3077/2664 2651/3078/2687 2657/3075/2685
f 2626/2994/2648 2625/3079/2665 2645/3080/2688 2646/2995/2649
f 2625/3079/2665 2634/3081/2666 2654/3082/2689 2645/3080/2688
f 2639/3042/2668 2638/3041/2667 2658/3083/2690 2659/3084/2691
f 2628/3085/2670 2627/3086/2669 2647/3087/2692 2648/3088/2693
f 2630/3089/2672 2640/3090/2671 2660/3091/2694 2650/3092/2695
f 2640/3090/2671 2628/3085/2670 2648/3088/2693 2660/3091/2694
f 2629/3093/2673 2630/3089/2672 2650/3092/2695 2649/3064/2679
f 2635/3054/2674 2623/2971/2636 2643/3094/2684 2655/3095/2696
f 2633/3096/2675 2629/3093/2673 2649/3064/2679 2653/3063/2678
f 2631/3077/2664 2632/3097/2676 2652/3098/2697 2651/3078/2687
f 2638/3041/2667 2642/3060/2647 2662/3099/2650 2658/3083/2690
f 2636/3068/2677 2639/3100/2668 2659/3101/2691 2656/3069/2682
f 2634/3038/2666 2633/3056/2675 2653/3102/2678 2654/3103/2689
f 2627/3104/2669 2641/3073/2663 2661/3076/2686 2647/3105/2692
f 2632/3058/2676 2635/3054/2674 2655/3095/2696 2652/3106/2697
f 2677/3107/2698 2671/3108/2699 2691/3109/2700 2697/3110/2701
f 2651/3078/2687 2652/3098/2697 2672/3111/2702 2671/3112/2699
f 2658/3113/2690 2662/2996/2650 2682/3114/2703 2678/3115/2704
f 2656/3069/2682 2659/3101/2691 2679/3116/2705 2676/3117/2706
f 2654/3082/2689 2653/3118/2678 2673/3119/2681 2674/3120/2707
f 2647/3105/2692 2661/3076/2686 2681/3121/2708 2667/3122/2709
f 2652/3098/2697 2655/3123/2696 2675/3124/2710 2672/3111/2702
f 2662/2996/2650 2646/2995/2649 2666/3125/2711 2682/3114/2703
f 2644/3070/2683 2656/3069/2682 2676/3117/2706 2664/3126/2712
f 2643/3072/2684 2644/3070/2683 2664/3126/2712 2663/3127/2713
f 2661/3076/2686 2657/3075/2685 2677/3128/2698 2681/3121/2708
f 2657/3075/2685 2651/3078/2687 2671/3112/2699 2677/3128/2698
f 2646/2995/2649 2645/3080/2688 2665/3129/2714 2666/3125/2711
f 2645/3080/2688 2654/3082/2689 2674/3120/2707 2665/3129/2714
f 2659/3101/2691 2658/3130/2690 2678/3131/2704 2679/3116/2705
f 2648/3088/2693 2647/3087/2692 2667/3132/2709 2668/3133/2715
f 2650/3092/2695 2660/3091/2694 2680/3134/2716 2670/3135/2717
f 2660/3091/2694 2648/3088/2693 2668/3133/2715 2680/3134/2716
f 2649/3064/2679 2650/3092/2695 2670/3135/2717 2669/3065/2680
f 2655/3136/2696 2643/3072/2684 2663/3127/2713 2675/3137/2710
f 2694/3138/2718 2693/3139/2719 2713/3140/2720 2714/3141/2721
f 2666/3142/2711 2665/3143/2714 2685/3144/2722 2686/3145/2723
f 2665/3143/2714 2674/3146/2707 2694/3147/2718 2685/3144/2722
f 2679/3148/2705 2678/3149/2704 2698/3150/2724 2699/3151/2725
f 2668/3152/2715 2667/3153/2709 2687/3154/2726 2688/3155/2727
f 2670/3156/2717 2680/3157/2716 2700/3158/2728 2690/3159/2729
f 2680/3157/2716 2668/3152/2715 2688/3155/2727 2700/3158/2728
f 2669/3160/2680 2670/3156/2717 2690/3159/2729 2689/3161/2730
f 2675/3162/2710 2663/3163/2713 2683/3164/2731 2695/3165/2732
f 2673/3166/2681 2669/3160/2680 2689/3161/2730 2693/3167/2719
f 2671/3108/2699 2672/3168/2702 2692/3169/2733 2691/3109/2700
f 2678/3149/2704 2682/3170/2703 2702/3171/2734 2698/3150/2724
f 2676/3172/2706 2679/3148/2705 2699/3151/2725 2696/3173/2735
f 2674/3146/2707 2673/3166/2681 2693/3167/2719 2694/3147/2718
f 2667/3153/2709 2681/3174/2708 2701/3175/2736 2687/3154/2726
f 2672/3168/2702 2675/3162/2710 2695/3165/2732 2692/3169/2733
f 2682/3170/2703 2666/3142/2711 2686/3145/2723 2702/3171/2734
f 2664/3176/2712 2676/3172/2706 2696/3173/2735 2684/3177/2737
f 2663/3163/2713 2664/3176/2712 2684/3177/2737 2683/3164/2731
f 2681/3174/2708 2677/3107/2698 2697/3110/2701 2701/3175/2736
f 2769/3178/2738 2768/3179/2739 2871/3180/2740 2875/3181/2741
f 2687/3182/2726 2701/3183/2736 2721/3184/2742 2707/3185/2743
f 2692/3186/2733 2695/3187/2732 2715/3188/2744 2712/3189/2745
f 2702/3190/2734 2686/3191/2723 2706/3192/2746 2722/3193/2747
f 2684/3194/2737 2696/3195/2735 2716/3196/2748 2704/3197/2749
f 2683/3198/2731 2684/3194/2737 2704/3197/2749 2703/3199/2750
f 2701/3183/2736 2697/3200/2701 2717/3201/2751 2721/3184/2742
f 2697/3200/2701 2691/3202/2700 2711/3203/2752 2717/3201/2751
f 2686/3191/2723 2685/3204/2722 2705/3205/2753 2706/3192/2746
f 2685/3204/2722 2694/3138/2718 2714/3141/2721 2705/3205/2753
f 2699/3206/2725 2698/3207/2724 2718/3208/2754 2719/3209/2755
f 2688/3210/2727 2687/3211/2726 2707/3212/2743 2708/3213/2756
f 2690/3214/2729 2700/3215/2728 2720/3216/2757 2710/3217/2758
f 2700/3215/2728 2688/3210/2727 2708/3213/2756 2720/3216/2757
f 2689/3218/2730 2690/3214/2729 2710/3217/2758 2709/3219/2759
f 2695/3220/2732 2683/3198/2731 2703/3199/2750 2715/3221/2744
f 2693/3222/2719 2689/3218/2730 2709/3219/2759 2713/3223/2720
f 2691/3202/2700 2692/3186/2733 2712/3189/2745 2711/3203/2752
f 2698/3224/2724 2702/3190/2734 2722/3193/2747 2718/3225/2754
f 2696/3195/2735 2699/3206/2725 2719/3209/2755 2716/3196/2748
f 2741/3226/2760 2727/3227/2760 2872/3228/2760 2914/3229/2760
f 2735/3230/2760 2732/3231/2760 2887/3232/2760 2896/3233/2760
f 2740/3234/2760 2730/3235/2760 2881/3236/2760 2910/3237/2760
f 2729/3238/2760 2733/3239/2760 2890/3240/2760 2877/3241/2760
f 2703/3199/2750 2704/3197/2749 2761/3242/2761 2760/3243/2762
f 2709/3219/2759 2710/3217/2758 2773/3244/2763 2772/3245/2764
f 2731/3246/2760 2737/3247/2760 2901/3248/2760 2883/3249/2760
f 2738/3250/2760 2739/3251/2760 2907/3252/2760 2905/3253/2760
f 2737/3247/2760 2741/3226/2760 2914/3229/2760 2901/3248/2760
f 2730/3235/2760 2729/3238/2760 2877/3241/2760 2881/3236/2760
f 2739/3251/2760 2736/3254/2760 2899/3255/2760 2907/3252/2760
f 2727/3227/2760 2728/3256/2760 2874/3257/2760 2872/3228/2760
f 2734/3258/2760 2725/3259/2760 2866/3260/2760 2892/3261/2760
f 2723/3262/2760 2735/3230/2760 2896/3233/2760 2859/3263/2760
f 2742/3264/2760 2738/3250/2760 2905/3253/2760 2916/3265/2760
f 2711/3203/2752 2712/3189/2745 2777/3266/2765 2776/3267/2766
f 2765/3268/2767 2764/3269/2768 2865/3270/2769 2869/3271/2770
f 2722/3193/2747 2706/3192/2746 2766/3272/2771 2798/3273/2772
f 2791/3274/2773 2790/3275/2774 2904/3276/2775 2908/3277/2776
f 2704/3197/2749 2716/3196/2748 2785/3278/2777 2761/3242/2761
f 2715/3221/2744 2703/3199/2750 2760/3243/2762 2783/3279/2778
f 2721/3184/2742 2717/3201/2751 2788/3280/2779 2795/3281/2780
f 2733/3239/2760 2734/3258/2760 2892/3261/2760 2890/3240/2760
f 2706/3192/2746 2705/3205/2753 2763/3282/2781 2766/3272/2771
f 2705/3205/2753 2714/3141/2721 2782/3283/2782 2763/3282/2781
f 2719/3209/2755 2718/3208/2754 2789/3284/2783 2792/3285/2784
f 2708/3213/2756 2707/3212/2743 2767/3286/2785 2770/3287/2786
f 2710/3217/2758 2720/3216/2757 2794/3288/2787 2773/3244/2763
f 2720/3216/2757 2708/3213/2756 2770/3287/2786 2794/3288/2787
f 2713/3223/2720 2709/3219/2759 2772/3245/2764 2779/3289/2788
f 2725/3259/2760 2726/3290/2760 2868/3291/2760 2866/3260/2760
f 2732/3231/2760 2731/3246/2760 2883/3249/2760 2887/3232/2760
f 2717/3201/2751 2711/3203/2752 2776/3267/2766 2788/3280/2779
f 2718/3225/2754 2722/3193/2747 2798/3273/2772 2789/3292/2783
f 2716/3196/2748 2719/3209/2755 2792/3285/2784 2785/3278/2777
f 2714/3141/2721 2713/3140/2720 2779/3293/2788 2782/3283/2782
f 2707/3185/2743 2721/3184/2742 2795/3281/2780 2767/3294/2785
f 2712/3189/2745 2715/3188/2744 2783/3295/2778 2777/3266/2765
f 2784/3296/2789 2759/3297/2790 2860/3298/2791 2895/3299/2792
f 2764/3269/2768 2781/3300/2793 2893/3301/2794 2865/3270/2769
f 2768/3302/2739 2796/3303/2795 2913/3304/2796 2871/3305/2740
f 2780/3306/2797 2771/3307/2798 2878/3308/2799 2889/3309/2800
f 2787/3310/2801 2775/3311/2802 2884/3312/2803 2902/3313/2804
f 2781/3300/2793 2780/3314/2797 2889/3315/2800 2893/3301/2794
f 2778/3316/2805 2784/3317/2789 2895/3318/2792 2886/3319/2806
f 2762/3320/2807 2786/3321/2808 2898/3322/2809 2862/3323/2810
f 2775/3311/2802 2778/3316/2805 2886/3319/2806 2884/3312/2803
f 2790/3324/2774 2797/3325/2811 2917/3326/2812 2904/3327/2775
f 2793/3328/2813 2769/3178/2738 2875/3181/2741 2911/3329/2814
f 2771/3307/2798 2774/3330/2815 2880/3331/2816 2878/3308/2799
f 2786/3321/2808 2791/3274/2773 2908/3277/2776 2898/3322/2809
f 2728/3256/2760 2740/3234/2760 2910/3237/2760 2874/3257/2760
f 2797/3325/2811 2765/3268/2767 2869/3271/2770 2917/3326/2812
f 2796/3303/2795 2787/3310/2801 2902/3313/2804 2913/3304/2796
f 2726/3290/2760 2742/3264/2760 2916/3265/2760 2868/3291/2760
f 2774/3330/2815 2793/3328/2813 2911/3329/2814 2880/3331/2816
f 2736/3254/2760 2724/3332/2760 2863/3333/2760 2899/3255/2760
f 2738/3250/2760 2742/3264/2760 2743/3334/2760 2739/3251/2760
f 2742/3264/2760 2726/3290/2760 2747/3335/2760 2743/3334/2760
f 2726/3290/2760 2725/3259/2760 2751/3336/2760 2747/3335/2760
f 2725/3259/2760 2734/3258/2760 2755/3337/2760 2751/3336/2760
f 2734/3258/2760 2733/3239/2760 2729/3238/2760 2755/3337/2760
f 2739/3251/2760 2743/3334/2760 2744/3338/2760 2736/3254/2760
f 2743/3334/2760 2747/3335/2760 2748/3339/2760 2744/3338/2760
f 2747/3335/2760 2751/3336/2760 2752/3340/2760 2748/3339/2760
f 2751/3336/2760 2755/3337/2760 2756/3341/2760 2752/3340/2760
f 2755/3337/2760 2729/3238/2760 2730/3235/2760 2756/3341/2760
f 2736/3254/2760 2744/3338/2760 2745/3342/2760 2724/3332/2760
f 2744/3338/2760 2748/3339/2760 2749/3343/2760 2745/3342/2760
f 2748/3339/2760 2752/3340/2760 2753/3344/2760 2749/3343/2760
f 2752/3340/2760 2756/3341/2760 2757/3345/2760 2753/3344/2760
f 2756/3341/2760 2730/3235/2760 2740/3234/2760 2757/3345/2760
f 2724/3332/2760 2745/3342/2760 2746/3346/2760 2723/3262/2760
f 2745/3342/2760 2749/3343/2760 2750/3347/2760 2746/3346/2760
f 2749/3343/2760 2753/3344/2760 2754/3348/2760 2750/3347/2760
f 2753/3344/2760 2757/3345/2760 2758/3349/2760 2754/3348/2760
f 2757/3345/2760 2740/3234/2760 2728/3256/2760 2758/3349/2760
f 2723/3262/2760 2746/3346/2760 2732/3231/2760 2735/3230/2760
f 2746/3346/2760 2750/3347/2760 2731/3246/2760 2732/3231/2760
f 2750/3347/2760 2754/3348/2760 2737/3247/2760 2731/3246/2760
f 2754/3348/2760 2758/3349/2760 2741/3226/2760 2737/3247/2760
f 2758/3349/2760 2728/3256/2760 2727/3227/2760 2741/3226/2760
f 2799/3350/2817 2803/3351/2818 2762/3352/2807 2759/3353/2790
f 2836/3354/2819 2799/3350/2817 2759/3353/2790 2784/3355/2789
f 2805/3356/2820 2809/3357/2821 2766/3358/2771 2763/3359/2781
f 2833/3360/2822 2805/3356/2820 2763/3359/2781 2782/3361/2782
f 2811/3362/2823 2815/3363/2824 2770/3364/2786 2767/3365/2785
f 2767/3365/2785 2795/3366/2780 2853/3367/2825 2811/3362/2823
f 2817/3368/2826 2821/3369/2827 2774/3370/2815 2771/3371/2798
f 2771/3371/2798 2780/3372/2797 2830/3373/2828 2817/3368/2826
f 2823/3374/2829 2827/3375/2830 2778/3376/2805 2775/3377/2802
f 2841/3378/2831 2823/3374/2829 2775/3377/2802 2787/3379/2801
f 2829/3373/2832 2833/3360/2822 2782/3361/2782 2779/3372/2788
f 2848/3380/2833 2838/3381/2834 2785/3382/2777 2792/3383/2784
f 2827/3375/2830 2836/3354/2819 2784/3355/2789 2778/3376/2805
f 2780/3372/2797 2781/3361/2793 2832/3384/2835 2830/3373/2828
f 2803/3351/2818 2839/3385/2836 2786/3382/2808 2762/3352/2807
f 2781/3361/2793 2764/3359/2768 2806/3356/2837 2832/3384/2835
f 2776/3377/2766 2777/3376/2765 2826/3386/2838 2824/3387/2839
f 2777/3376/2765 2783/3355/2778 2835/3388/2840 2826/3386/2838
f 2844/3389/2841 2848/3380/2833 2792/3383/2784 2789/3390/2783
f 2857/3391/2842 2844/3389/2841 2789/3390/2783 2798/3392/2772
f 2815/3363/2824 2851/3393/2843 2794/3394/2787 2770/3364/2786
f 2818/3395/2844 2829/3373/2832 2779/3372/2788 2772/3371/2764
f 2773/3370/2763 2794/3394/2787 2851/3393/2843 2820/3396/2845
f 2772/3371/2764 2773/3370/2763 2820/3396/2845 2818/3395/2844
f 2795/3366/2780 2788/3379/2779 2842/3378/2846 2853/3367/2825
f 2791/3383/2773 2786/3382/2808 2839/3385/2836 2847/3397/2847
f 2769/3364/2738 2793/3394/2813 2850/3398/2848 2814/3399/2849
f 2768/3365/2739 2769/3364/2738 2814/3399/2849 2812/3400/2850
f 2809/3357/2821 2857/3391/2842 2798/3392/2772 2766/3358/2771
f 2812/3400/2850 2854/3367/2851 2796/3366/2795 2768/3365/2739
f 2854/3367/2851 2841/3378/2831 2787/3379/2801 2796/3366/2795
f 2797/3392/2811 2790/3390/2774 2845/3401/2852 2856/3402/2853
f 2764/3359/2768 2765/3358/2767 2808/3357/2854 2806/3356/2837
f 2765/3358/2767 2797/3392/2811 2856/3402/2853 2808/3357/2854
f 2821/3369/2827 2850/3398/2848 2793/3394/2813 2774/3370/2815
f 2788/3379/2779 2776/3377/2766 2824/3387/2839 2842/3378/2846
f 2760/3353/2762 2761/3352/2761 2802/3403/2855 2800/3404/2856
f 2761/3352/2761 2785/3382/2777 2838/3381/2834 2802/3403/2855
f 2790/3390/2774 2791/3383/2773 2847/3397/2847 2845/3401/2852
f 2724/3332/2760 2723/3262/2760 2859/3263/2760 2863/3333/2760
f 2803/3351/2818 2799/3350/2817 2801/3405/2857 2804/3406/2858
f 2804/3406/2858 2801/3405/2857 2800/3404/2856 2802/3403/2855
f 2809/3357/2821 2805/3356/2820 2807/3407/2859 2810/3408/2860
f 2810/3408/2860 2807/3407/2859 2806/3356/2837 2808/3357/2854
f 2815/3363/2824 2811/3362/2823 2813/3409/2861 2816/3410/2862
f 2816/3410/2862 2813/3409/2861 2812/3400/2850 2814/3399/2849
f 2821/3369/2827 2817/3368/2826 2819/3411/2863 2822/3412/2864
f 2822/3412/2864 2819/3411/2863 2818/3395/2844 2820/3396/2845
f 2827/3375/2830 2823/3374/2829 2825/3413/2865 2828/3414/2866
f 2828/3414/2866 2825/3413/2865 2824/3387/2839 2826/3386/2838
f 2833/3360/2822 2829/3373/2832 2831/3415/2867 2834/3416/2868
f 2834/3416/2868 2831/3415/2867 2830/3373/2828 2832/3384/2835
f 2836/3354/2819 2827/3375/2830 2828/3414/2866 2837/3417/2869
f 2837/3417/2869 2828/3414/2866 2826/3386/2838 2835/3388/2840
f 2839/3385/2836 2803/3351/2818 2804/3406/2858 2840/3418/2870
f 2840/3418/2870 2804/3406/2858 2802/3403/2855 2838/3381/2834
f 2823/3374/2829 2841/3378/2831 2843/3419/2871 2825/3413/2865
f 2825/3413/2865 2843/3419/2871 2842/3378/2846 2824/3387/2839
f 2848/3380/2833 2844/3389/2841 2846/3420/2872 2849/3421/2873
f 2849/3421/2873 2846/3420/2872 2845/3401/2852 2847/3397/2847
f 2851/3393/2843 2815/3363/2824 2816/3410/2862 2852/3422/2874
f 2852/3422/2874 2816/3410/2862 2814/3399/2849 2850/3398/2848
f 2829/3373/2832 2818/3395/2844 2819/3411/2863 2831/3415/2867
f 2831/3415/2867 2819/3411/2863 2817/3368/2826 2830/3373/2828
f 2838/3381/2834 2848/3380/2833 2849/3421/2873 2840/3418/2870
f 2840/3418/2870 2849/3421/2873 2847/3397/2847 2839/3385/2836
f 2854/3367/2851 2812/3400/2850 2813/3409/2861 2855/3423/2875
f 2855/3423/2875 2813/3409/2861 2811/3362/2823 2853/3367/2825
f 2857/3391/2842 2809/3357/2821 2810/3408/2860 2858/3424/2876
f 2858/3424/2876 2810/3408/2860 2808/3357/2854 2856/3402/2853
f 2841/3378/2831 2854/3367/2851 2855/3423/2875 2843/3419/2871
f 2843/3419/2871 2855/3423/2875 2853/3367/2825 2842/3378/2846
f 2805/3356/2820 2833/3360/2822 2834/3416/2868 2807/3407/2859
f 2807/3407/2859 2834/3416/2868 2832/3384/2835 2806/3356/2837
f 2850/3398/2848 2821/3369/2827 2822/3412/2864 2852/3422/2874
f 2852/3422/2874 2822/3412/2864 2820/3396/2845 2851/3393/2843
f 2799/3350/2817 2836/3354/2819 2837/3417/2869 2801/3405/2857
f 2801/3405/2857 2837/3417/2869 2835/3388/2840 2800/3404/2856
f 2844/3389/2841 2857/3391/2842 2858/3424/2876 2846/3420/2872
f 2846/3420/2872 2858/3424/2876 2856/3402/2853 2845/3401/2852
f 2783/3355/2778 2760/3353/2762 2800/3404/2856 2835/3388/2840
f 2860/3298/2791 2862/3323/2810 2864/3425/2877 2861/3426/2878
f 2861/3427/2878 2864/3428/2877 2863/3333/2760 2859/3263/2760
f 2866/3260/2760 2868/3291/2760 2870/3429/2879 2867/3430/2880
f 2867/3431/2880 2870/3432/2879 2869/3271/2770 2865/3270/2769
f 2872/3228/2760 2874/3257/2760 2876/3433/2881 2873/3434/2882
f 2873/3435/2882 2876/3436/2881 2875/3181/2741 2871/3180/2740
f 2878/3308/2799 2880/3331/2816 2882/3437/2883 2879/3438/2884
f 2879/3439/2884 2882/3440/2883 2881/3236/2760 2877/3241/2760
f 2884/3312/2803 2886/3319/2806 2888/3441/2885 2885/3442/2886
f 2885/3443/2886 2888/3444/2885 2887/3232/2760 2883/3249/2760
f 2890/3240/2760 2892/3261/2760 2894/3445/2887 2891/3446/2888
f 2891/3447/2888 2894/3448/2887 2893/3301/2794 2889/3315/2800
f 2886/3319/2806 2895/3318/2792 2897/3449/2889 2888/3441/2885
f 2888/3444/2885 2897/3450/2889 2896/3233/2760 2887/3232/2760
f 2862/3323/2810 2898/3322/2809 2900/3451/2890 2864/3425/2877
f 2864/3428/2877 2900/3452/2890 2899/3255/2760 2863/3333/2760
f 2902/3313/2804 2884/3312/2803 2885/3442/2886 2903/3453/2891
f 2903/3454/2891 2885/3443/2886 2883/3249/2760 2901/3248/2760
f 2905/3253/2760 2907/3252/2760 2909/3455/2892 2906/3456/2893
f 2906/3457/2893 2909/3458/2892 2908/3277/2776 2904/3276/2775
f 2874/3257/2760 2910/3237/2760 2912/3459/2894 2876/3433/2881
f 2876/3436/2881 2912/3460/2894 2911/3329/2814 2875/3181/2741
f 2877/3241/2760 2890/3240/2760 2891/3446/2888 2879/3439/2884
f 2879/3438/2884 2891/3461/2888 2889/3309/2800 2878/3308/2799
f 2907/3252/2760 2899/3255/2760 2900/3452/2890 2909/3455/2892
f 2909/3458/2892 2900/3451/2890 2898/3322/2809 2908/3277/2776
f 2871/3305/2740 2913/3304/2796 2915/3462/2895 2873/3463/2882
f 2873/3434/2882 2915/3464/2895 2914/3229/2760 2872/3228/2760
f 2868/3291/2760 2916/3265/2760 2918/3465/2896 2870/3429/2879
f 2870/3432/2879 2918/3466/2896 2917/3326/2812 2869/3271/2770
f 2913/3304/2796 2902/3313/2804 2903/3453/2891 2915/3462/2895
f 2915/3464/2895 2903/3454/2891 2901/3248/2760 2914/3229/2760
f 2892/3261/2760 2866/3260/2760 2867/3430/2880 2894/3445/2887
f 2894/3448/2887 2867/3431/2880 2865/3270/2769 2893/3301/2794
f 2880/3331/2816 2911/3329/2814 2912/3460/2894 2882/3437/2883
f 2882/3440/2883 2912/3459/2894 2910/3237/2760 2881/3236/2760
f 2895/3299/2792 2860/3298/2791 2861/3426/2878 2897/3467/2889
f 2897/3450/2889 2861/3427/2878 2859/3263/2760 2896/3233/2760
f 2916/3265/2760 2905/3253/2760 2906/3456/2893 2918/3465/2896
f 2918/3466/2896 2906/3468/2893 2904/3327/2775 2917/3326/2812
f 2759/3297/2790 2762/3320/2807 2862/3323/2810 2860/3298/2791
f 767/1090/832 9/1089/18 2938/1324/994 2919/2238/2126
f 13/3469/2897 5/3470/7 2937/2223/2113 2920/1325/995
f 1626/2048/1230 1125/3471/1229 2936/1414/1045 2931/1263/941
f 1122/1714/1294 1173/1713/1282 2935/2144/2070 2927/2204/2101
f 1129/2086/1242 1884/2085/2043 2934/1255/934 2933/1454/1081
f 869/3472/944 767/3473/832 2919/3474/2126 2925/3475/935
f 2/75/73 764/1229/921 2932/1446/1074 2930/2220/2111
f 5/3470/7 509/945/6 2929/1458/1085 2937/2223/2113
f 867/1443/1068 1881/2192/2096 2928/2203/2100 2921/1447/1075
f 54/60/58 2/75/73 2930/2220/2111 2926/1343/1011
f 1881/2192/2096 1122/1714/1294 2927/2204/2101 2928/2203/2100
f 1173/1713/1282 1158/1712/1281 2924/1262/940 2935/2144/2070
f 509/945/6 38/61/59 2923/1342/1010 2929/1458/1085
f 1133/3476/2898 1129/2086/1242 2933/1454/1081 2922/1415/1046
f 764/1229/921 867/1443/1068 2921/1447/1075 2932/1446/1074
f 1125/3471/1229 1133/3476/2898 2922/1415/1046 2936/1414/1045
f 38/61/59 54/60/58 2926/1343/1011 2923/1342/1010
f 9/1089/18 13/3469/2897 2920/1325/995 2938/1324/994
f 1158/1712/1281 1626/2048/1230 2931/1263/941 2924/1262/940
f 1884/2085/2043 869/1266/944 2925/1256/935 2934/1255/934
f 2290/3477/2314 2259/3478/2313 2965/2489/2375 2966/2522/2328
f 2228/3479/2336 2964/2488/2288 2965/2489/2375 2259/3478/2313
f 2193/1348/1016 2963/2237/2143 2966/2393/2328 2289/2392/2318
f 2162/2244/1021 2958/2237/2125 2964/2393/2288 2228/2421/2336
f 1882/1347/1015 2959/2236/2094 2963/2237/2143 2193/1348/1016
f 763/2243/920 2948/2236/917 2958/2237/2125 2162/2244/1021
f 1886/2216/2108 871/1452/1079 2952/1273/950 2962/2090/2045
f 1121/3480/2097 1880/3481/984 2959/2188/2094 2945/2187/1223
f 1135/2217/1239 1886/2216/2108 2962/2090/2045 2953/2089/1240
f 1157/3482/1270 1629/3483/1269 2961/2047/1227 2956/1711/1280
f 1124/1708/1225 1170/3484/1268 2960/1710/1279 2954/1709/1226
f 1170/3484/1268 1157/3482/1270 2956/1711/1280 2960/1710/1279
f 1125/7/1229 2939/8/1228 2957/9/1231 1133/3485/2898
f 1130/11/1233 1135/17/1239 2953/20/1240 2955/10/1234
f 1133/3485/2898 2957/9/1231 2955/10/1234 1129/18/1242
f 1629/49/1269 1126/21/1243 2939/8/1228 2961/5/1227
f 1121/2193/2097 2945/1706/1223 2954/1709/1226 1122/1714/1294
f 769/1250/930 2951/1099/837 2952/1273/950 871/1452/1079
f 1/3486/919 2941/1222/1 2948/1225/917 763/3487/920
f 15/1249/17 2942/1096/20 2951/1099/837 769/1250/930
f 37/3488/50 2946/62/60 2950/946/5 512/3489/47
f 4/3/3 2943/2/2 2949/59/57 51/3490/46
f 51/3490/46 2949/59/57 2946/62/60 37/3488/50
f 5/7/7 13/3485/2897 2947/9/9 2940/8/8
f 10/11/11 2944/10/10 2942/20/20 15/17/17
f 13/3485/2897 9/18/18 2944/10/10 2947/9/9
f 512/49/47 2950/5/5 2940/8/8 6/21/21
f 1/1227/919 2/75/73 2943/2/2 2941/1/1
