# Blender 4.0.2
# www.blender.org
mtllib chess_Rook.mtl
o Piece_02.004
v 0.000014 0.006631 0.059999
v 0.011723 0.006220 0.058887
v 0.022990 0.005811 0.055511
v 0.033382 0.005421 0.050001
v 0.042499 0.005063 0.042567
v 0.049992 0.004753 0.033497
v 0.055572 0.004501 0.023137
v 0.059024 0.004318 0.011888
v 0.060217 0.004210 0.000180
v 0.059103 0.004182 -0.011537
v 0.055727 0.004234 -0.022811
v 0.050218 0.004365 -0.033210
v 0.042787 0.004570 -0.042334
v 0.033720 0.004841 -0.049833
v 0.023366 0.005167 -0.055418
v 0.012122 0.005536 -0.058874
v 0.000421 0.005934 -0.060070
v -0.011289 0.006345 -0.058958
v -0.022556 0.006754 -0.055583
v -0.032947 0.007144 -0.050072
v -0.042065 0.007502 -0.042639
v -0.049557 0.007812 -0.033568
v -0.055137 0.008064 -0.023209
v -0.058590 0.008247 -0.011959
v -0.059782 0.008355 -0.000251
v -0.058669 0.008383 0.011465
v -0.055293 0.008331 0.022739
v -0.049784 0.008200 0.033138
v -0.042353 0.007995 0.042263
v -0.033286 0.007724 0.049761
v -0.022932 0.007398 0.055346
v -0.011688 0.007029 0.058803
v 0.000128 0.010096 0.061599
v 0.012153 0.009674 0.060457
v 0.023724 0.009254 0.056990
v 0.034396 0.008853 0.051331
v 0.043759 0.008486 0.043697
v 0.051454 0.008167 0.034382
v 0.057184 0.007909 0.023743
v 0.060730 0.007720 0.012190
v 0.061955 0.007610 0.000166
v 0.060812 0.007581 -0.011866
v 0.057344 0.007635 -0.023445
v 0.051686 0.007769 -0.034125
v 0.044055 0.007980 -0.043495
v 0.034744 0.008258 -0.051196
v 0.024110 0.008593 -0.056932
v 0.012563 0.008972 -0.060482
v 0.000546 0.009380 -0.061709
v -0.011480 0.009802 -0.060568
v -0.023051 0.010222 -0.057101
v -0.033723 0.010623 -0.051442
v -0.043086 0.010990 -0.043808
v -0.050781 0.011309 -0.034493
v -0.056511 0.011568 -0.023854
v -0.060057 0.011756 -0.012301
v -0.061282 0.011867 -0.000277
v -0.060138 0.011896 0.011756
v -0.056671 0.011842 0.023334
v -0.051013 0.011707 0.034014
v -0.043382 0.011496 0.043384
v -0.034070 0.011218 0.051085
v -0.023437 0.010883 0.056821
v -0.011890 0.010505 0.060371
v 0.000235 0.013747 0.066663
v 0.013252 0.013290 0.065427
v 0.025778 0.012836 0.061674
v 0.037330 0.012402 0.055548
v 0.047466 0.012005 0.047285
v 0.055795 0.011659 0.037201
v 0.061998 0.011379 0.025685
v 0.065836 0.011176 0.013179
v 0.067162 0.011056 0.000164
v 0.065925 0.011024 -0.012861
v 0.062171 0.011083 -0.025395
v 0.056047 0.011229 -0.036955
v 0.047786 0.011456 -0.047098
v 0.037707 0.011757 -0.055434
v 0.026196 0.012120 -0.061643
v 0.013696 0.012530 -0.065486
v 0.000688 0.012972 -0.066815
v -0.012329 0.013429 -0.065579
v -0.024854 0.013883 -0.061826
v -0.036407 0.014318 -0.055701
v -0.046542 0.014715 -0.047437
v -0.054872 0.015060 -0.037353
v -0.061075 0.015340 -0.025837
v -0.064913 0.015544 -0.013331
v -0.066238 0.015664 -0.000316
v -0.065001 0.015695 0.012709
v -0.061248 0.015637 0.025243
v -0.055123 0.015491 0.036803
v -0.046862 0.015263 0.046946
v -0.036783 0.014962 0.055282
v -0.025272 0.014600 0.061491
v -0.012773 0.014189 0.065334
v 0.045188 0.010137 0.045068
v 0.053126 0.009808 0.035459
v -0.012217 0.012219 0.062268
v 0.000179 0.011798 0.063534
v -0.023730 0.011927 -0.058911
v -0.034739 0.012341 -0.053073
v 0.059037 0.009541 0.024484
v -0.044398 0.012720 -0.045198
v 0.062694 0.009347 0.012566
v -0.052335 0.013049 -0.035589
v 0.063958 0.009233 0.000163
v -0.058247 0.013316 -0.024614
v 0.062778 0.009203 -0.012249
v -0.061904 0.013510 -0.012697
v 0.059202 0.009258 -0.024193
v -0.063167 0.013624 -0.000293
v 0.053365 0.009397 -0.035209
v -0.061988 0.013654 0.012119
v 0.045493 0.009615 -0.044875
v -0.058412 0.013598 0.024063
v 0.035888 0.009901 -0.052819
v -0.052575 0.013459 0.035079
v 0.024919 0.010247 -0.058736
v 0.012584 0.011362 0.062357
v -0.044703 0.013242 0.044745
v 0.013007 0.010638 -0.062398
v 0.024520 0.010929 0.058780
v -0.035098 0.012955 0.052689
v 0.000611 0.011059 -0.063664
v 0.035529 0.010516 0.052943
v -0.024129 0.012610 0.058606
v -0.011794 0.011494 -0.062487
v 0.000378 0.017861 0.066640
v 0.013395 0.017404 0.065404
v 0.025920 0.016950 0.061651
v 0.037472 0.016516 0.055525
v 0.047608 0.016118 0.047262
v 0.055937 0.015773 0.037178
v 0.062140 0.015493 0.025662
v 0.065978 0.015289 0.013156
v 0.067304 0.015169 0.000140
v 0.066067 0.015138 -0.012885
v 0.062314 0.015196 -0.025418
v 0.056189 0.015342 -0.036978
v 0.047928 0.015570 -0.047122
v 0.037849 0.015871 -0.055458
v 0.026338 0.016234 -0.061667
v 0.013838 0.016644 -0.065509
v 0.000830 0.017086 -0.066838
v -0.012187 0.017543 -0.065603
v -0.024712 0.017997 -0.061850
v -0.036265 0.018431 -0.055724
v -0.046400 0.018829 -0.047460
v -0.054730 0.019174 -0.037377
v -0.060932 0.019454 -0.025861
v -0.064770 0.019658 -0.013354
v -0.066096 0.019778 -0.000339
v -0.064859 0.019809 0.012686
v -0.061106 0.019750 0.025219
v -0.054981 0.019605 0.036780
v -0.046720 0.019377 0.046923
v -0.036641 0.019076 0.055259
v -0.025130 0.018713 0.061468
v -0.012631 0.018303 0.065310
v 0.000498 0.020905 0.062373
v 0.012686 0.020477 0.061216
v 0.024414 0.020052 0.057702
v 0.035231 0.019645 0.051966
v 0.044721 0.019273 0.044228
v 0.052520 0.018950 0.034787
v 0.058328 0.018688 0.024004
v 0.061922 0.018497 0.012294
v 0.063163 0.018385 0.000107
v 0.062005 0.018355 -0.012088
v 0.058490 0.018410 -0.023823
v 0.052756 0.018546 -0.034648
v 0.045021 0.018760 -0.044145
v 0.035583 0.019042 -0.051950
v 0.024806 0.019381 -0.057764
v 0.013102 0.019765 -0.061362
v 0.000922 0.020179 -0.062606
v -0.011266 0.020607 -0.061449
v -0.022994 0.021032 -0.057935
v -0.033811 0.021439 -0.052200
v -0.043301 0.021811 -0.044462
v -0.051100 0.022134 -0.035021
v -0.056908 0.022396 -0.024238
v -0.060502 0.022587 -0.012528
v -0.061743 0.022699 -0.000341
v -0.060584 0.022729 0.011854
v -0.057070 0.022674 0.023590
v -0.051336 0.022537 0.034414
v -0.043601 0.022324 0.043911
v -0.034163 0.022042 0.051717
v -0.023386 0.021703 0.057530
v -0.011682 0.021319 0.061128
v 0.000724 0.027124 0.059286
v 0.012317 0.026717 0.058185
v 0.023472 0.026313 0.054843
v 0.033761 0.025926 0.049387
v 0.042788 0.025572 0.042027
v 0.050206 0.025265 0.033047
v 0.055730 0.025015 0.022791
v 0.059148 0.024834 0.011653
v 0.060329 0.024727 0.000061
v 0.059227 0.024699 -0.011539
v 0.055884 0.024751 -0.022701
v 0.050430 0.024881 -0.032997
v 0.043073 0.025084 -0.042031
v 0.034096 0.025352 -0.049455
v 0.023845 0.025675 -0.054984
v 0.012712 0.026040 -0.058407
v 0.001127 0.026434 -0.059590
v -0.010466 0.026841 -0.058490
v -0.021621 0.027245 -0.055148
v -0.031910 0.027632 -0.049692
v -0.040936 0.027986 -0.042332
v -0.048355 0.028294 -0.033352
v -0.053879 0.028543 -0.023095
v -0.057297 0.028724 -0.011957
v -0.058478 0.028831 -0.000366
v -0.057376 0.028859 0.011234
v -0.054033 0.028807 0.022396
v -0.048579 0.028677 0.032692
v -0.041221 0.028474 0.041726
v -0.032245 0.028206 0.049150
v -0.021993 0.027883 0.054679
v -0.010861 0.027518 0.058102
v 0.000907 0.032698 0.061836
v 0.013004 0.032274 0.060687
v 0.024644 0.031851 0.057200
v 0.035379 0.031448 0.051507
v 0.044798 0.031079 0.043828
v 0.052539 0.030758 0.034457
v 0.058303 0.030498 0.023756
v 0.061870 0.030308 0.012134
v 0.063102 0.030197 0.000039
v 0.061952 0.030168 -0.012065
v 0.058464 0.030222 -0.023712
v 0.052772 0.030358 -0.034455
v 0.045096 0.030569 -0.043881
v 0.035729 0.030849 -0.051628
v 0.025032 0.031186 -0.057398
v 0.013416 0.031567 -0.060969
v 0.001328 0.031978 -0.062204
v -0.010768 0.032403 -0.061056
v -0.022408 0.032825 -0.057568
v -0.033144 0.033228 -0.051875
v -0.042563 0.033597 -0.044196
v -0.050303 0.033918 -0.034825
v -0.056067 0.034178 -0.024124
v -0.059634 0.034368 -0.012502
v -0.060866 0.034479 -0.000407
v -0.059716 0.034508 0.011697
v -0.056228 0.034454 0.023344
v -0.050537 0.034319 0.034087
v -0.042860 0.034107 0.043513
v -0.033493 0.033827 0.051260
v -0.022797 0.033490 0.057030
v -0.011181 0.033109 0.060601
v 0.001151 0.039700 0.061305
v 0.013152 0.039278 0.060166
v 0.024700 0.038860 0.056706
v 0.035350 0.038459 0.051058
v 0.044695 0.038093 0.043440
v 0.052374 0.037775 0.034143
v 0.058092 0.037517 0.023526
v 0.061631 0.037329 0.011996
v 0.062853 0.037218 -0.000003
v 0.061712 0.037189 -0.012011
v 0.058252 0.037243 -0.023566
v 0.052605 0.037378 -0.034224
v 0.044990 0.037588 -0.043575
v 0.035697 0.037865 -0.051261
v 0.025085 0.038199 -0.056985
v 0.013561 0.038578 -0.060527
v 0.001568 0.038985 -0.061753
v -0.010432 0.039406 -0.060613
v -0.021980 0.039825 -0.057154
v -0.032630 0.040225 -0.051506
v -0.041975 0.040592 -0.043887
v -0.049654 0.040910 -0.034591
v -0.055372 0.041168 -0.023974
v -0.058911 0.041356 -0.012444
v -0.060133 0.041467 -0.000445
v -0.058992 0.041496 0.011563
v -0.055532 0.041442 0.023118
v -0.049886 0.041307 0.033776
v -0.042270 0.041097 0.043127
v -0.032977 0.040820 0.050813
v -0.022365 0.040485 0.056537
v -0.010841 0.040107 0.060080
v 0.001352 0.044985 0.056225
v 0.012368 0.044598 0.055180
v 0.022968 0.044214 0.052004
v 0.032745 0.043846 0.046820
v 0.041322 0.043510 0.039826
v 0.048371 0.043218 0.031293
v 0.053620 0.042981 0.021547
v 0.056868 0.042808 0.010963
v 0.057990 0.042707 -0.000051
v 0.056943 0.042680 -0.011074
v 0.053767 0.042730 -0.021681
v 0.048584 0.042853 -0.031464
v 0.041593 0.043046 -0.040048
v 0.033063 0.043301 -0.047103
v 0.023322 0.043608 -0.052357
v 0.012744 0.043955 -0.055609
v 0.001735 0.044329 -0.056734
v -0.009281 0.044715 -0.055688
v -0.019881 0.045100 -0.052512
v -0.029657 0.045467 -0.047328
v -0.038235 0.045804 -0.040335
v -0.045284 0.046096 -0.031801
v -0.050533 0.046333 -0.022055
v -0.053781 0.046505 -0.011472
v -0.054903 0.046607 -0.000457
v -0.053856 0.046633 0.010566
v -0.050680 0.046584 0.021172
v -0.045497 0.046460 0.030956
v -0.038506 0.046268 0.039540
v -0.029976 0.046013 0.046594
v -0.020235 0.045706 0.051849
v -0.009656 0.045359 0.055101
v 0.001547 0.049832 0.048490
v 0.011060 0.049498 0.047587
v 0.020213 0.049166 0.044844
v 0.028656 0.048849 0.040368
v 0.036063 0.048558 0.034329
v 0.042149 0.048306 0.026960
v 0.046682 0.048101 0.018544
v 0.049487 0.047952 0.009405
v 0.050456 0.047865 -0.000107
v 0.049552 0.047842 -0.009625
v 0.046809 0.047885 -0.018784
v 0.042333 0.047991 -0.027233
v 0.036296 0.048158 -0.034645
v 0.028931 0.048378 -0.040737
v 0.020519 0.048643 -0.045274
v 0.011384 0.048942 -0.048082
v 0.001878 0.049265 -0.049054
v -0.007635 0.049599 -0.048151
v -0.016788 0.049931 -0.045408
v -0.025230 0.050249 -0.040931
v -0.032637 0.050539 -0.034893
v -0.038724 0.050791 -0.027524
v -0.043257 0.050996 -0.019108
v -0.046062 0.051145 -0.009969
v -0.047031 0.051233 -0.000457
v -0.046126 0.051255 0.009061
v -0.043384 0.051213 0.018220
v -0.038908 0.051106 0.026669
v -0.032871 0.050940 0.034081
v -0.025505 0.050720 0.040173
v -0.017093 0.050455 0.044710
v -0.007959 0.050155 0.047519
v 0.001744 0.055288 0.046134
v 0.010803 0.054970 0.045274
v 0.019520 0.054654 0.042662
v 0.027560 0.054352 0.038399
v 0.034614 0.054076 0.032648
v 0.040411 0.053835 0.025630
v 0.044728 0.053640 0.017615
v 0.047399 0.053499 0.008912
v 0.048322 0.053415 -0.000146
v 0.047460 0.053393 -0.009211
v 0.044848 0.053434 -0.017933
v 0.040586 0.053536 -0.025979
v 0.034837 0.053694 -0.033038
v 0.027822 0.053904 -0.038840
v 0.019811 0.054156 -0.043161
v 0.011112 0.054441 -0.045835
v 0.002059 0.054749 -0.046760
v -0.007000 0.055067 -0.045900
v -0.015717 0.055383 -0.043288
v -0.023757 0.055685 -0.039025
v -0.030811 0.055962 -0.033274
v -0.036607 0.056202 -0.026256
v -0.040924 0.056397 -0.018242
v -0.043595 0.056539 -0.009538
v -0.044518 0.056622 -0.000480
v -0.043657 0.056644 0.008585
v -0.041045 0.056603 0.017307
v -0.036782 0.056502 0.025353
v -0.031033 0.056343 0.032412
v -0.024019 0.056134 0.038213
v -0.016008 0.055882 0.042534
v -0.007309 0.055596 0.045209
v 0.001856 0.058395 0.045038
v 0.010704 0.058085 0.044198
v 0.019219 0.057776 0.041647
v 0.027073 0.057481 0.037483
v 0.033963 0.057210 0.031865
v 0.039625 0.056976 0.025010
v 0.043842 0.056785 0.017182
v 0.046451 0.056647 0.008680
v 0.047352 0.056565 -0.000168
v 0.046511 0.056544 -0.009022
v 0.043959 0.056584 -0.017542
v 0.039796 0.056683 -0.025401
v 0.034180 0.056838 -0.032296
v 0.027328 0.057042 -0.037963
v 0.019503 0.057289 -0.042184
v 0.011006 0.057568 -0.044796
v 0.002163 0.057868 -0.045700
v -0.006686 0.058179 -0.044860
v -0.015200 0.058488 -0.042309
v -0.023054 0.058783 -0.038144
v -0.029944 0.059053 -0.032527
v -0.035606 0.059288 -0.025672
v -0.039823 0.059478 -0.017843
v -0.042432 0.059617 -0.009342
v -0.043333 0.059698 -0.000494
v -0.042492 0.059719 0.008361
v -0.039941 0.059680 0.016881
v -0.035777 0.059581 0.024740
v -0.030162 0.059426 0.031635
v -0.023310 0.059221 0.037302
v -0.015485 0.058975 0.041522
v -0.006987 0.058696 0.044135
v 0.001972 0.061812 0.045586
v 0.010931 0.061497 0.044735
v 0.019552 0.061185 0.042152
v 0.027504 0.060886 0.037936
v 0.034480 0.060612 0.032248
v 0.040213 0.060375 0.025308
v 0.044483 0.060182 0.017381
v 0.047124 0.060042 0.008773
v 0.048037 0.059959 -0.000185
v 0.047185 0.059937 -0.009150
v 0.044602 0.059978 -0.017777
v 0.040386 0.060078 -0.025734
v 0.034700 0.060235 -0.032715
v 0.027763 0.060442 -0.038453
v 0.019840 0.060692 -0.042727
v 0.011237 0.060974 -0.045372
v 0.002283 0.061278 -0.046286
v -0.006676 0.061593 -0.045436
v -0.015298 0.061905 -0.042853
v -0.023249 0.062204 -0.038636
v -0.030225 0.062478 -0.032949
v -0.035959 0.062715 -0.026008
v -0.040228 0.062908 -0.018082
v -0.042870 0.063048 -0.009474
v -0.043782 0.063131 -0.000515
v -0.042930 0.063152 0.008450
v -0.040347 0.063112 0.017076
v -0.036132 0.063012 0.025033
v -0.030446 0.062855 0.032015
v -0.023508 0.062648 0.037753
v -0.015585 0.062398 0.042026
v -0.006982 0.062116 0.044671
v 0.002012 0.063286 0.048643
v 0.011569 0.062950 0.047736
v 0.020765 0.062617 0.044980
v 0.029247 0.062298 0.040482
v 0.036689 0.062006 0.034415
v 0.042805 0.061753 0.027011
v 0.047359 0.061547 0.018556
v 0.050177 0.061398 0.009374
v 0.051151 0.061310 -0.000183
v 0.050242 0.061287 -0.009746
v 0.047486 0.061330 -0.018948
v 0.042989 0.061437 -0.027436
v 0.036924 0.061604 -0.034883
v 0.029524 0.061825 -0.041004
v 0.021072 0.062091 -0.045562
v 0.011895 0.062392 -0.048384
v 0.002344 0.062717 -0.049360
v -0.007214 0.063052 -0.048453
v -0.016410 0.063386 -0.045697
v -0.024892 0.063705 -0.041199
v -0.032334 0.063996 -0.035132
v -0.038449 0.064250 -0.027728
v -0.043004 0.064455 -0.019273
v -0.045822 0.064605 -0.010091
v -0.046795 0.064693 -0.000534
v -0.045887 0.064716 0.009029
v -0.043131 0.064673 0.018231
v -0.038634 0.064566 0.026719
v -0.032569 0.064399 0.034166
v -0.025168 0.064178 0.040287
v -0.016717 0.063912 0.044845
v -0.007539 0.063611 0.047667
v 0.002103 0.065921 0.048628
v 0.011660 0.065585 0.047721
v 0.020856 0.065252 0.044965
v 0.029338 0.064933 0.040467
v 0.036780 0.064641 0.034400
v 0.042896 0.064388 0.026996
v 0.047450 0.064182 0.018541
v 0.050268 0.064033 0.009359
v 0.051242 0.063945 -0.000198
v 0.050333 0.063922 -0.009761
v 0.047577 0.063964 -0.018963
v 0.043080 0.064072 -0.027451
v 0.037015 0.064239 -0.034898
v 0.029615 0.064460 -0.041019
v 0.021163 0.064726 -0.045577
v 0.011986 0.065027 -0.048399
v 0.002435 0.065352 -0.049375
v -0.007122 0.065687 -0.048468
v -0.016319 0.066021 -0.045712
v -0.024801 0.066340 -0.041214
v -0.032243 0.066631 -0.035147
v -0.038358 0.066885 -0.027743
v -0.042913 0.067090 -0.019288
v -0.045731 0.067240 -0.010106
v -0.046704 0.067328 -0.000549
v -0.045796 0.067351 0.009014
v -0.043040 0.067308 0.018216
v -0.038543 0.067201 0.026704
v -0.032478 0.067034 0.034151
v -0.025077 0.066813 0.040272
v -0.016626 0.066547 0.044830
v -0.007448 0.066246 0.047652
v 0.002182 0.068013 0.046631
v 0.011352 0.067691 0.045761
v 0.020176 0.067371 0.043117
v 0.028315 0.067065 0.038801
v 0.035455 0.066785 0.032980
v 0.041323 0.066542 0.025876
v 0.045693 0.066344 0.017763
v 0.048397 0.066201 0.008953
v 0.049331 0.066116 -0.000217
v 0.048459 0.066094 -0.009392
v 0.045815 0.066135 -0.018222
v 0.041500 0.066238 -0.026366
v 0.035681 0.066399 -0.033512
v 0.028580 0.066611 -0.039385
v 0.020471 0.066866 -0.043759
v 0.011665 0.067155 -0.046466
v 0.002501 0.067466 -0.047402
v -0.006669 0.067788 -0.046532
v -0.015493 0.068108 -0.043888
v -0.023632 0.068414 -0.039572
v -0.030772 0.068694 -0.033751
v -0.036640 0.068937 -0.026647
v -0.041010 0.069135 -0.018534
v -0.043714 0.069278 -0.009723
v -0.044648 0.069363 -0.000554
v -0.043776 0.069385 0.008622
v -0.041132 0.069344 0.017451
v -0.036817 0.069241 0.025595
v -0.030998 0.069080 0.032741
v -0.023897 0.068868 0.038614
v -0.015788 0.068613 0.042988
v -0.006982 0.068324 0.045695
v 0.002282 0.070639 0.044150
v 0.010971 0.070334 0.043325
v 0.019332 0.070030 0.040820
v 0.027044 0.069741 0.036731
v 0.033810 0.069475 0.031215
v 0.039370 0.069245 0.024484
v 0.043511 0.069058 0.016796
v 0.046073 0.068922 0.008448
v 0.046958 0.068842 -0.000241
v 0.046132 0.068821 -0.008935
v 0.043626 0.068860 -0.017302
v 0.039538 0.068957 -0.025019
v 0.034023 0.069109 -0.031790
v 0.027295 0.069310 -0.037354
v 0.019611 0.069552 -0.041499
v 0.011267 0.069826 -0.044064
v 0.002584 0.070121 -0.044951
v -0.006106 0.070426 -0.044126
v -0.014467 0.070730 -0.041621
v -0.022178 0.071019 -0.037532
v -0.028944 0.071285 -0.032016
v -0.034505 0.071515 -0.025285
v -0.038645 0.071702 -0.017597
v -0.041207 0.071838 -0.009249
v -0.042092 0.071918 -0.000560
v -0.041266 0.071939 0.008134
v -0.038761 0.071900 0.016501
v -0.034672 0.071803 0.024218
v -0.029158 0.071651 0.030989
v -0.022430 0.071450 0.036553
v -0.014746 0.071208 0.040698
v -0.006402 0.070934 0.043263
v 0.002373 0.073240 0.043684
v 0.010974 0.072938 0.042867
v 0.019251 0.072637 0.040387
v 0.026884 0.072351 0.036340
v 0.033582 0.072088 0.030879
v 0.039085 0.071860 0.024216
v 0.043184 0.071675 0.016607
v 0.045720 0.071540 0.008343
v 0.046596 0.071461 -0.000257
v 0.045778 0.071440 -0.008863
v 0.043298 0.071479 -0.017145
v 0.039251 0.071575 -0.024784
v 0.033793 0.071726 -0.031486
v 0.027133 0.071925 -0.036994
v 0.019527 0.072164 -0.041097
v 0.011268 0.072435 -0.043636
v 0.002672 0.072727 -0.044514
v -0.005929 0.073029 -0.043698
v -0.014205 0.073329 -0.041218
v -0.021839 0.073616 -0.037170
v -0.028536 0.073879 -0.031710
v -0.034040 0.074107 -0.025047
v -0.038139 0.074292 -0.017437
v -0.040675 0.074427 -0.009174
v -0.041551 0.074506 -0.000574
v -0.040733 0.074527 0.008033
v -0.038253 0.074488 0.016314
v -0.034206 0.074392 0.023953
v -0.028748 0.074241 0.030655
v -0.022087 0.074042 0.036164
v -0.014482 0.073803 0.040266
v -0.006222 0.073532 0.042805
v 0.002412 0.074056 0.040675
v 0.010427 0.073775 0.039914
v 0.018140 0.073495 0.037603
v 0.025254 0.073228 0.033831
v 0.031495 0.072983 0.028743
v 0.036624 0.072770 0.022534
v 0.040443 0.072598 0.015443
v 0.042806 0.072472 0.007742
v 0.043623 0.072399 -0.000273
v 0.042861 0.072379 -0.008293
v 0.040550 0.072415 -0.016010
v 0.036778 0.072505 -0.023129
v 0.031692 0.072645 -0.029374
v 0.025485 0.072831 -0.034507
v 0.018398 0.073054 -0.038331
v 0.010701 0.073306 -0.040697
v 0.002691 0.073579 -0.041515
v -0.005324 0.073860 -0.040754
v -0.013037 0.074140 -0.038443
v -0.020151 0.074407 -0.034671
v -0.026392 0.074652 -0.029583
v -0.031521 0.074864 -0.023374
v -0.035340 0.075037 -0.016283
v -0.037703 0.075162 -0.008582
v -0.038520 0.075236 -0.000568
v -0.037758 0.075255 0.007453
v -0.035447 0.075219 0.015170
v -0.031675 0.075130 0.022289
v -0.026589 0.074989 0.028534
v -0.020382 0.074804 0.033667
v -0.013295 0.074581 0.037490
v -0.005598 0.074328 0.039857
v 0.002779 0.084451 0.038585
v 0.010398 0.084183 0.037862
v 0.017729 0.083917 0.035665
v 0.024492 0.083663 0.032079
v 0.030424 0.083430 0.027243
v 0.035300 0.083228 0.021340
v 0.038930 0.083065 0.014600
v 0.041177 0.082945 0.007279
v 0.041953 0.082875 -0.000339
v 0.041229 0.082857 -0.007963
v 0.039032 0.082891 -0.015299
v 0.035447 0.082976 -0.022066
v 0.030612 0.083110 -0.028003
v 0.024712 0.083286 -0.032882
v 0.017974 0.083498 -0.036516
v 0.010658 0.083738 -0.038766
v 0.003044 0.083997 -0.039544
v -0.004576 0.084264 -0.038820
v -0.011907 0.084530 -0.036624
v -0.018669 0.084784 -0.033038
v -0.024602 0.085017 -0.028201
v -0.029477 0.085219 -0.022299
v -0.033108 0.085383 -0.015558
v -0.035355 0.085502 -0.008238
v -0.036131 0.085572 -0.000619
v -0.035406 0.085591 0.007004
v -0.033209 0.085557 0.014340
v -0.029624 0.085471 0.021107
v -0.024789 0.085338 0.027044
v -0.018889 0.085162 0.031924
v -0.012152 0.084949 0.035558
v -0.004835 0.084709 0.037807
v 0.003640 0.108977 0.034710
v 0.010531 0.108735 0.034056
v 0.017161 0.108495 0.032069
v 0.023276 0.108265 0.028826
v 0.028642 0.108055 0.024452
v 0.033051 0.107872 0.019114
v 0.036334 0.107724 0.013018
v 0.038366 0.107616 0.006398
v 0.039068 0.107552 -0.000492
v 0.038413 0.107536 -0.007387
v 0.036426 0.107567 -0.014022
v 0.033184 0.107644 -0.020141
v 0.028811 0.107765 -0.025510
v 0.023476 0.107924 -0.029923
v 0.017382 0.108116 -0.033210
v 0.010765 0.108333 -0.035244
v 0.003880 0.108567 -0.035948
v -0.003011 0.108809 -0.035294
v -0.009641 0.109049 -0.033307
v -0.015757 0.109279 -0.030064
v -0.021122 0.109490 -0.025690
v -0.025531 0.109672 -0.020352
v -0.028815 0.109821 -0.014256
v -0.030847 0.109928 -0.007636
v -0.031548 0.109992 -0.000746
v -0.030893 0.110008 0.006149
v -0.028907 0.109978 0.012784
v -0.025665 0.109900 0.018903
v -0.021292 0.109780 0.024273
v -0.015956 0.109620 0.028685
v -0.009863 0.109428 0.031972
v -0.003246 0.109211 0.034006
v 0.004446 0.132059 0.032388
v 0.010909 0.131832 0.031774
v 0.017128 0.131606 0.029911
v 0.022864 0.131391 0.026869
v 0.027897 0.131193 0.022766
v 0.032033 0.131022 0.017759
v 0.035113 0.130883 0.012041
v 0.037019 0.130782 0.005831
v 0.037677 0.130722 -0.000631
v 0.037063 0.130707 -0.007099
v 0.035199 0.130736 -0.013322
v 0.032158 0.130808 -0.019062
v 0.028056 0.130921 -0.024099
v 0.023051 0.131071 -0.028238
v 0.017336 0.131251 -0.031321
v 0.011129 0.131454 -0.033229
v 0.004670 0.131674 -0.033889
v -0.001793 0.131901 -0.033275
v -0.008012 0.132126 -0.031412
v -0.013749 0.132342 -0.028370
v -0.018781 0.132539 -0.024267
v -0.022917 0.132711 -0.019260
v -0.025997 0.132850 -0.013542
v -0.027903 0.132951 -0.007332
v -0.028561 0.133010 -0.000869
v -0.027947 0.133026 0.005598
v -0.026083 0.132997 0.011821
v -0.023042 0.132925 0.017561
v -0.018940 0.132811 0.022598
v -0.013935 0.132662 0.026737
v -0.008220 0.132482 0.029820
v -0.002013 0.132278 0.031728
v 0.005180 0.153270 0.031925
v 0.011577 0.153045 0.031318
v 0.017732 0.152822 0.029474
v 0.023409 0.152609 0.026463
v 0.028390 0.152413 0.022403
v 0.032483 0.152244 0.017447
v 0.035531 0.152106 0.011788
v 0.037417 0.152006 0.005643
v 0.038068 0.151947 -0.000753
v 0.037460 0.151932 -0.007154
v 0.035616 0.151960 -0.013313
v 0.032606 0.152032 -0.018994
v 0.028547 0.152144 -0.023978
v 0.023594 0.152292 -0.028075
v 0.017937 0.152470 -0.031126
v 0.011795 0.152672 -0.033014
v 0.005402 0.152889 -0.033667
v -0.000994 0.153113 -0.033060
v -0.007149 0.153337 -0.031216
v -0.012826 0.153550 -0.028206
v -0.017807 0.153745 -0.024145
v -0.021900 0.153915 -0.019190
v -0.024948 0.154053 -0.013530
v -0.026835 0.154153 -0.007385
v -0.027486 0.154212 -0.000989
v -0.026878 0.154227 0.005412
v -0.025034 0.154198 0.011571
v -0.022024 0.154127 0.017252
v -0.017964 0.154015 0.022236
v -0.013011 0.153867 0.026333
v -0.007355 0.153689 0.029384
v -0.001212 0.153487 0.031272
v 0.005586 0.165067 0.032460
v 0.012100 0.164839 0.031842
v 0.018368 0.164611 0.029964
v 0.024149 0.164394 0.026898
v 0.029221 0.164195 0.022763
v 0.033389 0.164022 0.017716
v 0.036494 0.163882 0.011953
v 0.038414 0.163780 0.005695
v 0.039078 0.163720 -0.000818
v 0.038458 0.163705 -0.007336
v 0.036580 0.163734 -0.013608
v 0.033515 0.163807 -0.019394
v 0.029381 0.163921 -0.024470
v 0.024337 0.164071 -0.028641
v 0.018577 0.164253 -0.031748
v 0.012322 0.164458 -0.033671
v 0.005812 0.164679 -0.034336
v -0.000702 0.164908 -0.033718
v -0.006970 0.165135 -0.031840
v -0.012751 0.165353 -0.028774
v -0.017823 0.165552 -0.024639
v -0.021992 0.165724 -0.019593
v -0.025096 0.165864 -0.013830
v -0.027016 0.165966 -0.007571
v -0.027680 0.166026 -0.001058
v -0.027061 0.166042 0.005460
v -0.025182 0.166013 0.011732
v -0.022117 0.165940 0.017517
v -0.017984 0.165826 0.022593
v -0.012940 0.165675 0.026765
v -0.007179 0.165494 0.029872
v -0.000924 0.165289 0.031795
v 0.005847 0.172661 0.032852
v 0.012445 0.172429 0.032225
v 0.018795 0.172199 0.030323
v 0.024652 0.171979 0.027217
v 0.029790 0.171778 0.023028
v 0.034012 0.171603 0.017916
v 0.037157 0.171461 0.012078
v 0.039103 0.171357 0.005738
v 0.039775 0.171297 -0.000860
v 0.039147 0.171281 -0.007463
v 0.037245 0.171310 -0.013817
v 0.034140 0.171384 -0.019677
v 0.029952 0.171500 -0.024819
v 0.024842 0.171652 -0.029045
v 0.019007 0.171836 -0.032193
v 0.012670 0.172044 -0.034141
v 0.006076 0.172268 -0.034815
v -0.000523 0.172500 -0.034188
v -0.006873 0.172730 -0.032286
v -0.012729 0.172950 -0.029180
v -0.017867 0.173152 -0.024991
v -0.022090 0.173327 -0.019879
v -0.025234 0.173469 -0.014041
v -0.027180 0.173572 -0.007701
v -0.027852 0.173633 -0.001103
v -0.027225 0.173649 0.005500
v -0.025322 0.173619 0.011854
v -0.022217 0.173545 0.017714
v -0.018030 0.173430 0.022856
v -0.012920 0.173277 0.027082
v -0.007085 0.173093 0.030230
v -0.000748 0.172885 0.032178
v 0.005876 0.173656 0.034088
v 0.012718 0.173415 0.033438
v 0.019300 0.173177 0.031466
v 0.025372 0.172949 0.028247
v 0.030699 0.172740 0.023904
v 0.035076 0.172558 0.018604
v 0.038336 0.172411 0.012552
v 0.040353 0.172304 0.005979
v 0.041050 0.172241 -0.000861
v 0.040400 0.172225 -0.007706
v 0.038427 0.172255 -0.014293
v 0.035208 0.172332 -0.020369
v 0.030867 0.172452 -0.025700
v 0.025570 0.172610 -0.030081
v 0.019520 0.172800 -0.033344
v 0.012951 0.173016 -0.035363
v 0.006114 0.173248 -0.036062
v -0.000727 0.173488 -0.035413
v -0.007310 0.173727 -0.033440
v -0.013381 0.173955 -0.030221
v -0.018708 0.174164 -0.025878
v -0.023085 0.174346 -0.020578
v -0.026345 0.174493 -0.014526
v -0.028362 0.174600 -0.007953
v -0.029059 0.174663 -0.001113
v -0.028409 0.174679 0.005732
v -0.026436 0.174649 0.012319
v -0.023217 0.174572 0.018395
v -0.018876 0.174452 0.023726
v -0.013579 0.174294 0.028107
v -0.007529 0.174104 0.031370
v -0.000960 0.173888 0.033389
v 0.005867 0.173672 0.036927
v 0.013262 0.173413 0.036225
v 0.020377 0.173154 0.034093
v 0.026940 0.172908 0.030613
v 0.032698 0.172682 0.025918
v 0.037430 0.172486 0.020190
v 0.040954 0.172327 0.013648
v 0.043134 0.172211 0.006543
v 0.043887 0.172143 -0.000851
v 0.043184 0.172125 -0.008250
v 0.041052 0.172158 -0.015370
v 0.037573 0.172241 -0.021938
v 0.032880 0.172371 -0.027700
v 0.027154 0.172542 -0.032436
v 0.020615 0.172748 -0.035963
v 0.013514 0.172981 -0.038146
v 0.006124 0.173232 -0.038901
v -0.001271 0.173491 -0.038199
v -0.008386 0.173749 -0.036067
v -0.014949 0.173996 -0.032587
v -0.020707 0.174222 -0.027892
v -0.025439 0.174418 -0.022164
v -0.028963 0.174577 -0.015622
v -0.031143 0.174693 -0.008517
v -0.031897 0.174761 -0.001123
v -0.031194 0.174779 0.006276
v -0.029061 0.174746 0.013396
v -0.025582 0.174663 0.019964
v -0.020889 0.174533 0.025726
v -0.015163 0.174362 0.030462
v -0.008624 0.174156 0.033989
v -0.001523 0.173923 0.036172
v 0.005916 0.175100 0.036919
v 0.013311 0.174840 0.036217
v 0.020427 0.174582 0.034085
v 0.026989 0.174335 0.030605
v 0.032747 0.174110 0.025910
v 0.037479 0.173913 0.020182
v 0.041003 0.173754 0.013640
v 0.043183 0.173639 0.006535
v 0.043937 0.173571 -0.000859
v 0.043234 0.173553 -0.008258
v 0.041101 0.173586 -0.015378
v 0.037622 0.173669 -0.021946
v 0.032929 0.173798 -0.027708
v 0.027203 0.173969 -0.032444
v 0.020664 0.174175 -0.035971
v 0.013563 0.174408 -0.038154
v 0.006173 0.174659 -0.038909
v -0.001222 0.174919 -0.038207
v -0.008337 0.175177 -0.036075
v -0.014900 0.175424 -0.032595
v -0.020658 0.175649 -0.027901
v -0.025390 0.175846 -0.022172
v -0.028914 0.176005 -0.015630
v -0.031094 0.176120 -0.008525
v -0.031847 0.176188 -0.001131
v -0.031144 0.176206 0.006268
v -0.029012 0.176173 0.013388
v -0.025533 0.176090 0.019956
v -0.020840 0.175961 0.025718
v -0.015114 0.175790 0.030453
v -0.008575 0.175584 0.033981
v -0.001474 0.175351 0.036164
v 0.006119 0.180970 0.036885
v 0.013514 0.180710 0.036183
v 0.020629 0.180452 0.034051
v 0.027192 0.180206 0.030571
v 0.032950 0.179980 0.025877
v 0.037682 0.179784 0.020148
v 0.041206 0.179625 0.013606
v 0.043386 0.179509 0.006502
v 0.044140 0.179441 -0.000892
v 0.043437 0.179423 -0.008292
v 0.041304 0.179456 -0.015412
v 0.037825 0.179539 -0.021979
v 0.033132 0.179668 -0.027742
v 0.027406 0.179839 -0.032477
v 0.020867 0.180045 -0.036004
v 0.013766 0.180278 -0.038187
v 0.006376 0.180530 -0.038942
v -0.001019 0.180789 -0.038241
v -0.008134 0.181047 -0.036109
v -0.014697 0.181294 -0.032628
v -0.020455 0.181520 -0.027934
v -0.025187 0.181716 -0.022206
v -0.028711 0.181875 -0.015663
v -0.030891 0.181991 -0.008559
v -0.031644 0.182059 -0.001165
v -0.030941 0.182077 0.006235
v -0.028809 0.182043 0.013355
v -0.025330 0.181960 0.019922
v -0.020637 0.181831 0.025684
v -0.014911 0.181660 0.030420
v -0.008372 0.181454 0.033947
v -0.001271 0.181221 0.036130
v 0.006188 0.182442 0.031899
v 0.012612 0.182216 0.031289
v 0.018793 0.181992 0.029437
v 0.024495 0.181778 0.026414
v 0.029497 0.181582 0.022336
v 0.033607 0.181412 0.017360
v 0.036668 0.181273 0.011676
v 0.038563 0.181173 0.005504
v 0.039217 0.181114 -0.000919
v 0.038606 0.181098 -0.007347
v 0.036754 0.181127 -0.013532
v 0.033731 0.181199 -0.019237
v 0.029655 0.181311 -0.024243
v 0.024680 0.181460 -0.028357
v 0.019000 0.181639 -0.031421
v 0.012831 0.181841 -0.033318
v 0.006411 0.182059 -0.033973
v -0.000013 0.182285 -0.033364
v -0.006194 0.182509 -0.031512
v -0.011895 0.182723 -0.028488
v -0.016898 0.182920 -0.024410
v -0.021008 0.183090 -0.019434
v -0.024069 0.183228 -0.013751
v -0.025963 0.183329 -0.007579
v -0.026618 0.183388 -0.001155
v -0.026007 0.183403 0.005273
v -0.024155 0.183374 0.011458
v -0.021132 0.183302 0.017163
v -0.017055 0.183190 0.022169
v -0.012081 0.183041 0.026283
v -0.006401 0.182863 0.029347
v -0.000232 0.182660 0.031243
v 0.006204 0.183121 0.033939
v 0.013027 0.182881 0.033292
v 0.019592 0.182643 0.031325
v 0.025647 0.182416 0.028114
v 0.030959 0.182207 0.023783
v 0.035325 0.182027 0.018497
v 0.038576 0.181880 0.012461
v 0.040587 0.181773 0.005907
v 0.041282 0.181710 -0.000915
v 0.040634 0.181694 -0.007742
v 0.038667 0.181724 -0.014311
v 0.035456 0.181801 -0.020370
v 0.031127 0.181920 -0.025687
v 0.025844 0.182078 -0.030056
v 0.019811 0.182268 -0.033310
v 0.013259 0.182483 -0.035324
v 0.006441 0.182715 -0.036021
v -0.000381 0.182954 -0.035373
v -0.006946 0.183192 -0.033406
v -0.013001 0.183420 -0.030196
v -0.018314 0.183628 -0.025864
v -0.022680 0.183809 -0.020579
v -0.025931 0.183956 -0.014543
v -0.027942 0.184063 -0.007988
v -0.028637 0.184125 -0.001166
v -0.027989 0.184142 0.005660
v -0.026021 0.184111 0.012229
v -0.022811 0.184035 0.018289
v -0.018482 0.183915 0.023605
v -0.013199 0.183758 0.027974
v -0.007166 0.183568 0.031228
v -0.000614 0.183353 0.033243
v 0.006243 0.185017 0.041273
v 0.014498 0.184727 0.040489
v 0.022441 0.184439 0.038109
v 0.029768 0.184163 0.034224
v 0.036196 0.183911 0.028984
v 0.041478 0.183692 0.022589
v 0.045412 0.183515 0.015286
v 0.047846 0.183386 0.007355
v 0.048686 0.183310 -0.000900
v 0.047902 0.183290 -0.009160
v 0.045521 0.183327 -0.017108
v 0.041637 0.183419 -0.024439
v 0.036398 0.183564 -0.030872
v 0.030006 0.183755 -0.036158
v 0.022707 0.183985 -0.040096
v 0.014780 0.184245 -0.042533
v 0.006530 0.184525 -0.043376
v -0.001725 0.184815 -0.042592
v -0.009668 0.185103 -0.040212
v -0.016994 0.185378 -0.036327
v -0.023422 0.185630 -0.031087
v -0.028705 0.185849 -0.024692
v -0.032638 0.186027 -0.017389
v -0.035072 0.186156 -0.009457
v -0.035913 0.186232 -0.001203
v -0.035128 0.186252 0.007057
v -0.032748 0.186215 0.015005
v -0.028864 0.186122 0.022336
v -0.023625 0.185978 0.028769
v -0.017233 0.185787 0.034055
v -0.009933 0.185557 0.037993
v -0.002006 0.185297 0.040430
v 0.006328 0.187862 0.045117
v 0.015336 0.187545 0.044262
v 0.024003 0.187231 0.041665
v 0.031998 0.186931 0.037426
v 0.039012 0.186656 0.031707
v 0.044776 0.186417 0.024729
v 0.049069 0.186223 0.016760
v 0.051725 0.186082 0.008105
v 0.052642 0.185999 -0.000902
v 0.051786 0.185977 -0.009915
v 0.049189 0.186018 -0.018589
v 0.044950 0.186119 -0.026589
v 0.039234 0.186276 -0.033608
v 0.032258 0.186485 -0.039377
v 0.024293 0.186735 -0.043673
v 0.015643 0.187019 -0.046333
v 0.006641 0.187325 -0.047252
v -0.002367 0.187641 -0.046397
v -0.011035 0.187956 -0.043800
v -0.019030 0.188256 -0.039561
v -0.026044 0.188531 -0.033842
v -0.031808 0.188770 -0.026864
v -0.036100 0.188964 -0.018895
v -0.038756 0.189105 -0.010240
v -0.039674 0.189188 -0.001233
v -0.038818 0.189210 0.007780
v -0.036220 0.189169 0.016454
v -0.031982 0.189068 0.024454
v -0.026265 0.188911 0.031473
v -0.019290 0.188702 0.037242
v -0.011324 0.188451 0.041538
v -0.002674 0.188168 0.044198
v 0.006456 0.191565 0.045096
v 0.015464 0.191249 0.044241
v 0.024131 0.190934 0.041644
v 0.032126 0.190634 0.037405
v 0.039140 0.190359 0.031686
v 0.044904 0.190120 0.024708
v 0.049197 0.189926 0.016739
v 0.051853 0.189785 0.008084
v 0.052770 0.189702 -0.000923
v 0.051914 0.189680 -0.009936
v 0.049317 0.189721 -0.018610
v 0.045078 0.189822 -0.026610
v 0.039362 0.189979 -0.033629
v 0.032386 0.190188 -0.039398
v 0.024421 0.190439 -0.043694
v 0.015771 0.190722 -0.046354
v 0.006769 0.191028 -0.047273
v -0.002239 0.191345 -0.046418
v -0.010907 0.191659 -0.043821
v -0.018902 0.191959 -0.039582
v -0.025916 0.192234 -0.033863
v -0.031680 0.192473 -0.026885
v -0.035972 0.192667 -0.018916
v -0.038628 0.192808 -0.010261
v -0.039546 0.192891 -0.001254
v -0.038690 0.192913 0.007759
v -0.036092 0.192872 0.016432
v -0.031854 0.192771 0.024433
v -0.026137 0.192614 0.031452
v -0.019162 0.192405 0.037221
v -0.011196 0.192155 0.041517
v -0.002546 0.191871 0.044177
v 0.006502 0.192555 0.041742
v 0.014857 0.192262 0.040949
v 0.022896 0.191970 0.038540
v 0.030311 0.191692 0.034608
v 0.036817 0.191437 0.029304
v 0.042163 0.191215 0.022832
v 0.046144 0.191035 0.015441
v 0.048608 0.190904 0.007413
v 0.049459 0.190827 -0.000941
v 0.048665 0.190807 -0.009301
v 0.046256 0.190845 -0.017345
v 0.042324 0.190939 -0.024765
v 0.037022 0.191085 -0.031276
v 0.030553 0.191278 -0.036626
v 0.023165 0.191511 -0.040611
v 0.015142 0.191774 -0.043078
v 0.006792 0.192058 -0.043931
v -0.001563 0.192351 -0.043138
v -0.009602 0.192643 -0.040729
v -0.017017 0.192921 -0.036797
v -0.023523 0.193176 -0.031493
v -0.028869 0.193398 -0.025021
v -0.032850 0.193578 -0.017629
v -0.035314 0.193708 -0.009602
v -0.036165 0.193785 -0.001248
v -0.035370 0.193805 0.007112
v -0.032961 0.193768 0.015156
v -0.029030 0.193674 0.022577
v -0.023728 0.193528 0.029087
v -0.017259 0.193335 0.034438
v -0.009870 0.193102 0.038423
v -0.001847 0.192839 0.040889
v 0.006557 0.194442 0.044433
v 0.015439 0.194131 0.043590
v 0.023986 0.193821 0.041029
v 0.031868 0.193524 0.036849
v 0.038784 0.193253 0.031211
v 0.044468 0.193018 0.024331
v 0.048700 0.192827 0.016473
v 0.051319 0.192688 0.007939
v 0.052223 0.192606 -0.000942
v 0.051379 0.192584 -0.009829
v 0.048818 0.192624 -0.018381
v 0.044639 0.192724 -0.026269
v 0.039003 0.192879 -0.033190
v 0.032125 0.193085 -0.038878
v 0.024271 0.193332 -0.043114
v 0.015742 0.193612 -0.045736
v 0.006866 0.193913 -0.046643
v -0.002016 0.194225 -0.045800
v -0.010562 0.194535 -0.043239
v -0.018445 0.194831 -0.039059
v -0.025361 0.195103 -0.033421
v -0.031044 0.195338 -0.026540
v -0.035276 0.195529 -0.018683
v -0.037895 0.195668 -0.010149
v -0.038800 0.195750 -0.001268
v -0.037955 0.195771 0.007619
v -0.035395 0.195732 0.016171
v -0.031216 0.195632 0.024059
v -0.025579 0.195477 0.030980
v -0.018701 0.195271 0.036668
v -0.010847 0.195024 0.040904
v -0.002319 0.194744 0.043526
v -0.000031 0.205269 -0.037579
v -0.007020 0.205540 -0.035485
v 0.021413 0.210082 0.033407
v 0.027860 0.209840 0.029988
v 0.033517 0.209618 0.025377
v -0.027233 0.206353 -0.015401
v -0.029375 0.206467 -0.008422
v 0.043757 0.208813 0.006345
v 0.044496 0.208746 -0.000918
v 0.043806 0.208729 -0.008187
v 0.006982 0.205464 0.036220
v 0.014246 0.205209 0.035531
v 0.033683 0.208970 -0.027293
v 0.028058 0.209138 -0.031945
v 0.021635 0.209340 -0.035410
v 0.037988 0.204299 0.019779
v 0.041449 0.204143 0.013352
v -0.013302 0.210567 -0.032094
v -0.018958 0.210788 -0.027482
v -0.023606 0.210981 -0.021855
v 0.041546 0.203977 -0.015154
v 0.038128 0.204059 -0.021605
v -0.029950 0.211318 -0.001185
v -0.029259 0.211335 0.006083
v -0.027165 0.211303 0.013078
v 0.014494 0.204785 -0.037527
v 0.007234 0.205014 -0.038269
v -0.013502 0.211214 0.029840
v -0.007078 0.211011 0.033305
v -0.000102 0.210783 0.035450
v -0.023912 0.206437 0.019556
v -0.019302 0.206310 0.025217
v 0.021237 0.204974 0.033436
v 0.027684 0.204731 0.030017
v 0.033340 0.204510 0.025406
v 0.043592 0.204047 0.006373
v 0.044332 0.203980 -0.000891
v 0.043641 0.203962 -0.008160
v 0.033519 0.204204 -0.027266
v 0.027894 0.204372 -0.031918
v 0.021470 0.204574 -0.035383
v -0.013466 0.205800 -0.032067
v -0.019123 0.206022 -0.027455
v -0.023771 0.206215 -0.021828
v -0.030114 0.206552 -0.001158
v -0.029424 0.206569 0.006110
v -0.027329 0.206537 0.013105
v -0.013676 0.206160 0.029869
v -0.007253 0.205958 0.033334
v -0.000277 0.205729 0.035478
v 0.001376 0.205267 -0.030375
v -0.004235 0.205484 -0.028693
v -0.020465 0.206137 -0.012567
v -0.022185 0.206229 -0.006964
v 0.007007 0.205424 0.028880
v 0.012839 0.205219 0.028326
v 0.031902 0.204488 0.015679
v 0.034681 0.204362 0.010518
v 0.034759 0.204230 -0.012369
v 0.032014 0.204295 -0.017549
v 0.013038 0.204878 -0.030333
v 0.007209 0.205062 -0.030928
v -0.017798 0.206205 0.015500
v -0.014097 0.206103 0.020045
v 0.018452 0.205029 0.026644
v 0.023628 0.204835 0.023899
v 0.028170 0.204657 0.020197
v 0.036401 0.204285 0.004915
v 0.036995 0.204232 -0.000917
v 0.036441 0.204218 -0.006753
v 0.028313 0.204411 -0.022094
v 0.023797 0.204546 -0.025829
v 0.018639 0.204709 -0.028611
v -0.009411 0.205693 -0.025949
v -0.013953 0.205871 -0.022246
v -0.017685 0.206026 -0.017728
v -0.022778 0.206296 -0.001132
v -0.022224 0.206311 0.004704
v -0.020542 0.206284 0.010320
v -0.009580 0.205982 0.023780
v -0.004422 0.205820 0.026562
v 0.001179 0.205636 0.028284
v 0.026700 0.204460 -0.020848
v 0.020632 0.204656 -0.023307
v 0.014044 0.204859 -0.024831
v 0.007190 0.205081 -0.025362
v 0.000332 0.205325 -0.024880
v -0.006265 0.205579 -0.023403
v -0.012348 0.205821 -0.020988
v 0.028849 0.204413 -0.014820
v 0.022104 0.204631 -0.016649
v 0.014782 0.204856 -0.017787
v 0.007165 0.205102 -0.018190
v -0.000454 0.205374 -0.017842
v -0.007783 0.205652 -0.016757
v -0.014539 0.205915 -0.014976
v 0.030163 0.204417 -0.008065
v 0.022999 0.204651 -0.009049
v 0.015224 0.204891 -0.009667
v 0.007137 0.205154 -0.009895
v -0.000951 0.205443 -0.009725
v -0.008729 0.205731 -0.009163
v -0.015898 0.206003 -0.008231
v 0.030590 0.204446 -0.000940
v 0.023283 0.204693 -0.000966
v 0.015353 0.204945 -0.000995
v 0.007107 0.205220 -0.001024
v -0.001138 0.205517 -0.001054
v -0.009067 0.205806 -0.001083
v -0.016373 0.206076 -0.001109
v 0.030115 0.204502 0.006182
v 0.022945 0.204750 0.007114
v 0.015165 0.205000 0.007677
v 0.007077 0.205274 0.007847
v -0.001009 0.205567 0.007618
v -0.008783 0.205846 0.007000
v -0.015946 0.206103 0.006016
v 0.028755 0.204573 0.012927
v 0.021998 0.204812 0.014708
v 0.014668 0.205052 0.015793
v 0.007049 0.205315 0.016141
v -0.000567 0.205595 0.015739
v -0.007888 0.205855 0.014600
v -0.014633 0.206094 0.012771
v 0.026565 0.204686 0.018939
v 0.020481 0.204907 0.021355
v 0.013882 0.205126 0.022832
v 0.007025 0.205364 0.023314
v 0.000171 0.205616 0.022782
v -0.006416 0.205842 0.021258
v -0.012484 0.206046 0.018799
v -0.000164 0.000281 0.048408
v 0.009277 -0.000050 0.047512
v 0.018362 -0.000380 0.044789
v 0.026742 -0.000695 0.040346
v 0.034094 -0.000983 0.034352
v 0.040135 -0.001233 0.027038
v 0.044634 -0.001436 0.018685
v 0.047418 -0.001584 0.009614
v 0.048380 -0.001671 0.000174
v 0.047482 -0.001694 -0.009273
v 0.044760 -0.001652 -0.018364
v 0.040317 -0.001546 -0.026749
v 0.034326 -0.001381 -0.034107
v 0.027015 -0.001162 -0.040153
v 0.018666 -0.000899 -0.044656
v 0.009599 -0.000602 -0.047444
v 0.000164 -0.000281 -0.048408
v -0.009277 0.000050 -0.047512
v -0.018362 0.000380 -0.044789
v -0.026742 0.000695 -0.040346
v -0.034094 0.000983 -0.034352
v -0.040135 0.001233 -0.027038
v -0.044634 0.001436 -0.018685
v -0.047418 0.001584 -0.009614
v -0.048380 0.001671 -0.000174
v -0.047482 0.001694 0.009273
v -0.044760 0.001652 0.018364
v -0.040317 0.001546 0.026749
v -0.034326 0.001381 0.034107
v -0.027015 0.001162 0.040153
v -0.018666 0.000899 0.044656
v -0.009599 0.000602 0.047444
v -0.031715 0.001279 0.032090
v -0.021893 0.000962 0.036070
v -0.011229 0.000607 0.038538
v -0.000134 0.000229 0.039398
v 0.010968 -0.000159 0.038617
v 0.021648 -0.000542 0.036226
v 0.031496 -0.000905 0.032317
v -0.035194 0.001344 0.022332
v -0.024276 0.000983 0.025293
v -0.012424 0.000584 0.027135
v -0.000094 0.000161 0.027787
v 0.012240 -0.000268 0.027224
v 0.024104 -0.000688 0.025467
v 0.035042 -0.001083 0.022584
v -0.037320 0.001355 0.011398
v -0.025724 0.000963 0.012990
v -0.013139 0.000534 0.013991
v -0.000049 0.000083 0.014360
v 0.013044 -0.000371 0.014085
v 0.025635 -0.000811 0.013175
v 0.037242 -0.001221 0.011665
v -0.038012 0.001313 -0.000137
v -0.026183 0.000904 -0.000094
v -0.013348 0.000461 -0.000048
v 0.000000 -0.000000 -0.000000
v 0.013348 -0.000461 0.000048
v 0.026183 -0.000904 0.000094
v 0.038012 -0.001313 0.000137
v -0.037242 0.001221 -0.011665
v -0.025635 0.000811 -0.013175
v -0.013044 0.000371 -0.014085
v 0.000049 -0.000083 -0.014360
v 0.013139 -0.000534 -0.013991
v 0.025724 -0.000963 -0.012990
v 0.037320 -0.001355 -0.011398
v -0.035042 0.001083 -0.022584
v -0.024104 0.000688 -0.025467
v -0.012240 0.000268 -0.027224
v 0.000094 -0.000161 -0.027787
v 0.012424 -0.000584 -0.027135
v 0.024276 -0.000983 -0.025293
v 0.035194 -0.001344 -0.022332
v -0.031496 0.000905 -0.032317
v -0.021648 0.000542 -0.036226
v -0.010968 0.000159 -0.038617
v 0.000134 -0.000229 -0.039398
v 0.011229 -0.000607 -0.038538
v 0.021893 -0.000962 -0.036070
v 0.031715 -0.001279 -0.032090
v 0.009838 0.212648 0.041432
v 0.007099 0.210117 0.044344
v 0.004662 0.215471 0.044046
v 0.007295 0.215373 0.041680
v 0.007190 0.212750 0.044329
v 0.007190 0.212750 0.044329
v 0.007190 0.212750 0.044329
v 0.007281 0.215382 0.044314
v 0.007204 0.212740 0.041695
v 0.012927 0.212539 0.041138
v 0.015654 0.215079 0.040886
v 0.018685 0.214979 0.042715
v 0.015981 0.209806 0.043501
v 0.015563 0.212447 0.040901
v 0.016072 0.212438 0.043486
v 0.016163 0.215071 0.043471
v 0.016072 0.212438 0.043486
v 0.016072 0.212438 0.043486
v 0.024709 0.214761 0.040910
v 0.024527 0.209496 0.040940
v 0.024618 0.212128 0.040925
v 0.032592 0.214464 0.036730
v 0.032410 0.209199 0.036760
v 0.032501 0.211832 0.036745
v 0.039508 0.214193 0.031092
v 0.039326 0.208928 0.031122
v 0.039417 0.211561 0.031107
v 0.043514 0.214027 0.026241
v 0.042988 0.214031 0.022770
v 0.044142 0.211343 0.020453
v 0.045009 0.208693 0.024241
v 0.045191 0.213958 0.024211
v 0.045100 0.211325 0.024226
v 0.042897 0.211399 0.022785
v 0.045100 0.211325 0.024226
v 0.045100 0.211325 0.024226
v 0.045616 0.211276 0.017717
v 0.046980 0.213851 0.015374
v 0.050196 0.213726 0.013836
v 0.049242 0.208502 0.016383
v 0.046889 0.211219 0.015389
v 0.049333 0.211134 0.016368
v 0.049424 0.213767 0.016354
v 0.049333 0.211134 0.016368
v 0.049333 0.211134 0.016368
v 0.052043 0.213628 0.007820
v 0.051861 0.208363 0.007850
v 0.051952 0.210995 0.007835
v 0.052947 0.213546 -0.001061
v 0.052765 0.208281 -0.001031
v 0.052856 0.210913 -0.001046
v 0.052103 0.213524 -0.009948
v 0.051921 0.208259 -0.009918
v 0.052012 0.210892 -0.009933
v 0.050298 0.213552 -0.015976
v 0.047123 0.213659 -0.017460
v 0.045787 0.211057 -0.019777
v 0.049360 0.208299 -0.018470
v 0.049542 0.213564 -0.018500
v 0.049451 0.210932 -0.018485
v 0.047032 0.211027 -0.017445
v 0.049451 0.210932 -0.018485
v 0.049451 0.210932 -0.018485
v 0.044328 0.211091 -0.022532
v 0.043192 0.213753 -0.024899
v 0.043700 0.213710 -0.028430
v 0.045181 0.208399 -0.026358
v 0.043101 0.211120 -0.024884
v 0.045272 0.211031 -0.026373
v 0.045363 0.213664 -0.026388
v 0.045272 0.211031 -0.026373
v 0.045272 0.211031 -0.026373
v 0.039726 0.213819 -0.033309
v 0.039544 0.208554 -0.033279
v 0.039635 0.211187 -0.033294
v 0.032849 0.214025 -0.038997
v 0.032667 0.208760 -0.038967
v 0.032758 0.211392 -0.038982
v 0.024995 0.214272 -0.043233
v 0.024813 0.209007 -0.043203
v 0.024904 0.211639 -0.043218
v 0.018982 0.214469 -0.045082
v 0.015957 0.214590 -0.043271
v 0.013233 0.212047 -0.043514
v 0.016284 0.209287 -0.045825
v 0.016466 0.214552 -0.045855
v 0.016375 0.211919 -0.045840
v 0.015866 0.211957 -0.043256
v 0.016375 0.211919 -0.045840
v 0.016375 0.211919 -0.045840
v 0.007494 0.212236 -0.044100
v 0.007408 0.209589 -0.046732
v 0.007499 0.212221 -0.046747
v -0.000880 0.212530 -0.043305
v -0.001474 0.209900 -0.045889
v -0.001383 0.212533 -0.045904
v -0.006405 0.212736 -0.041650
v -0.008851 0.215461 -0.040916
v -0.012164 0.215563 -0.042125
v -0.010020 0.210210 -0.043328
v -0.008942 0.212828 -0.040901
v -0.009929 0.212843 -0.043343
v -0.009838 0.215475 -0.043358
v -0.009929 0.212843 -0.043343
v -0.009929 0.212843 -0.043343
v -0.017721 0.215772 -0.039178
v -0.017903 0.210507 -0.039148
v -0.017812 0.213139 -0.039163
v -0.024637 0.216043 -0.033540
v -0.024819 0.210778 -0.033510
v -0.024728 0.213410 -0.033525
v -0.030320 0.216278 -0.026660
v -0.030502 0.211013 -0.026630
v -0.030411 0.213646 -0.026645
v -0.033304 0.216413 -0.021120
v -0.032139 0.216397 -0.017748
v -0.032993 0.213806 -0.015192
v -0.034735 0.211204 -0.018772
v -0.034553 0.216469 -0.018802
v -0.034644 0.213837 -0.018787
v -0.032230 0.213765 -0.017733
v -0.034644 0.213837 -0.018787
v -0.034644 0.213837 -0.018787
v -0.033907 0.213854 -0.012212
v -0.034600 0.216528 -0.009703
v -0.037438 0.216633 -0.007648
v -0.037353 0.211343 -0.010239
v -0.034691 0.213896 -0.009688
v -0.037262 0.213976 -0.010253
v -0.037171 0.216608 -0.010268
v -0.037262 0.213976 -0.010253
v -0.037262 0.213976 -0.010253
v -0.038076 0.216690 -0.001388
v -0.038258 0.211425 -0.001358
v -0.038167 0.214058 -0.001373
v -0.037232 0.216712 0.007500
v -0.037414 0.211447 0.007530
v -0.037323 0.214079 0.007515
v -0.034671 0.216672 0.016052
v -0.034853 0.211407 0.016081
v -0.034762 0.214039 0.016066
v -0.031725 0.216602 0.021612
v -0.028275 0.216493 0.022518
v -0.026678 0.213814 0.024579
v -0.030674 0.211307 0.023970
v -0.030492 0.216572 0.023940
v -0.030583 0.213940 0.023955
v -0.028366 0.213861 0.022533
v -0.030583 0.213940 0.023955
v -0.030583 0.213940 0.023955
v -0.024715 0.213760 0.026989
v -0.022962 0.216347 0.029030
v -0.022826 0.216356 0.032539
v -0.025037 0.211152 0.030891
v -0.023053 0.213714 0.029045
v -0.024946 0.213784 0.030876
v -0.024855 0.216417 0.030861
v -0.024946 0.213784 0.030876
v -0.024946 0.213784 0.030876
v -0.017978 0.216211 0.036549
v -0.018160 0.210946 0.036579
v -0.018069 0.213579 0.036564
v -0.010124 0.215964 0.040785
v -0.010306 0.210699 0.040815
v -0.010215 0.213331 0.040800
v -0.001595 0.215684 0.043407
v -0.001777 0.210419 0.043437
v -0.001686 0.213052 0.043422
v 0.004987 0.224809 0.041350
v 0.007527 0.222087 0.041642
v 0.004895 0.222192 0.044008
v 0.007618 0.224720 0.041627
v 0.007604 0.224735 0.044261
v 0.007513 0.222103 0.044276
v 0.004985 0.224824 0.043993
v 0.018509 0.224335 0.040067
v 0.018917 0.221700 0.042677
v 0.015886 0.221794 0.040848
v 0.019008 0.224332 0.042662
v 0.016486 0.224424 0.043418
v 0.016395 0.221791 0.043433
v 0.015977 0.224426 0.040833
v 0.024018 0.224135 0.038417
v 0.024942 0.221481 0.040872
v 0.025033 0.224114 0.040857
v 0.031435 0.223856 0.034484
v 0.032824 0.221185 0.036692
v 0.032915 0.223817 0.036677
v 0.037943 0.223601 0.029178
v 0.039740 0.220914 0.031053
v 0.039831 0.223546 0.031038
v 0.041604 0.223449 0.024747
v 0.043220 0.220746 0.022732
v 0.043747 0.220748 0.026203
v 0.043311 0.223379 0.022717
v 0.045515 0.223311 0.024158
v 0.045424 0.220678 0.024173
v 0.043838 0.223380 0.026188
v 0.048081 0.223157 0.012796
v 0.050429 0.220446 0.013797
v 0.047212 0.220566 0.015336
v 0.050520 0.223079 0.013782
v 0.049747 0.223120 0.016300
v 0.049656 0.220487 0.016315
v 0.047305 0.223198 0.015322
v 0.049772 0.223067 0.007286
v 0.052275 0.220348 0.007782
v 0.052366 0.222980 0.007767
v 0.050625 0.222990 -0.001078
v 0.053180 0.220266 -0.001099
v 0.053270 0.222899 -0.001114
v 0.049831 0.222970 -0.009448
v 0.052335 0.220245 -0.009986
v 0.052426 0.222877 -0.010001
v 0.048180 0.222996 -0.014962
v 0.047356 0.220374 -0.017499
v 0.050530 0.220273 -0.016015
v 0.047447 0.223007 -0.017514
v 0.049865 0.222917 -0.018553
v 0.049774 0.220285 -0.018538
v 0.050621 0.222905 -0.016030
v 0.041845 0.223146 -0.027001
v 0.043932 0.220430 -0.028468
v 0.043424 0.220468 -0.024937
v 0.044023 0.223063 -0.028483
v 0.045686 0.223017 -0.026441
v 0.045595 0.220384 -0.026426
v 0.043515 0.223100 -0.024952
v 0.038201 0.223247 -0.031476
v 0.039959 0.220540 -0.033347
v 0.040050 0.223172 -0.033362
v 0.031719 0.223440 -0.036838
v 0.033081 0.220745 -0.039035
v 0.033172 0.223377 -0.039050
v 0.024315 0.223674 -0.040832
v 0.025227 0.220992 -0.043272
v 0.025318 0.223625 -0.043286
v 0.018806 0.223854 -0.042526
v 0.016189 0.221305 -0.043309
v 0.019215 0.221190 -0.045120
v 0.016280 0.223937 -0.043324
v 0.016789 0.223905 -0.045909
v 0.016698 0.221272 -0.045894
v 0.019306 0.223822 -0.045135
v -0.010858 0.224896 -0.039710
v -0.011932 0.222283 -0.042163
v -0.008619 0.222175 -0.040955
v -0.011841 0.224916 -0.042178
v -0.009515 0.224828 -0.043412
v -0.009606 0.222196 -0.043397
v -0.008528 0.224808 -0.040969
v -0.015951 0.225087 -0.037010
v -0.017489 0.222492 -0.039217
v -0.017398 0.225124 -0.039232
v -0.022469 0.225343 -0.031694
v -0.024405 0.222763 -0.033578
v -0.024314 0.225396 -0.033593
v -0.027826 0.225565 -0.025208
v -0.030088 0.222999 -0.026698
v -0.029997 0.225631 -0.026713
v -0.030562 0.225688 -0.020128
v -0.031907 0.223112 -0.017786
v -0.033071 0.223133 -0.021159
v -0.031816 0.225745 -0.017801
v -0.034229 0.225822 -0.018855
v -0.034320 0.223190 -0.018840
v -0.032980 0.225766 -0.021174
v -0.034517 0.225899 -0.007112
v -0.037206 0.223353 -0.007686
v -0.034368 0.223243 -0.009741
v -0.037115 0.225985 -0.007701
v -0.036848 0.225961 -0.010322
v -0.036939 0.223329 -0.010307
v -0.034277 0.225876 -0.009756
v -0.035100 0.225952 -0.001385
v -0.037844 0.223411 -0.001426
v -0.037753 0.226043 -0.001441
v -0.034304 0.225972 0.006984
v -0.036999 0.223432 0.007461
v -0.036908 0.226064 0.007446
v -0.031891 0.225934 0.015038
v -0.034438 0.223392 0.016013
v -0.034347 0.226025 0.015998
v -0.029192 0.225870 0.020131
v -0.028043 0.223208 0.022480
v -0.031493 0.223322 0.021574
v -0.027955 0.225840 0.022466
v -0.030168 0.225925 0.023886
v -0.030259 0.223293 0.023901
v -0.031402 0.225954 0.021559
v -0.020581 0.225632 0.030650
v -0.022594 0.223077 0.032501
v -0.022730 0.223061 0.028992
v -0.022503 0.225709 0.032486
v -0.024532 0.225770 0.030807
v -0.024623 0.223137 0.030822
v -0.022639 0.225694 0.028977
v -0.016151 0.225500 0.034313
v -0.017745 0.222932 0.036510
v -0.017654 0.225564 0.036495
v -0.008760 0.225267 0.038299
v -0.009891 0.222684 0.040747
v -0.009800 0.225317 0.040732
v -0.000734 0.225004 0.040766
v -0.001362 0.222404 0.043369
v -0.001271 0.225037 0.043354
v 0.009853 0.212637 0.038576
v 0.007310 0.215362 0.038798
v 0.004729 0.215436 0.036152
v 0.004547 0.210177 0.036182
v 0.009488 0.210003 0.035713
v 0.007219 0.212730 0.038813
v 0.007233 0.212720 0.036179
v 0.007324 0.215352 0.036164
v 0.004638 0.212807 0.036167
v 0.007018 0.210090 0.035948
v 0.009866 0.212627 0.035929
v 0.012010 0.209915 0.035474
v 0.016952 0.209741 0.035005
v 0.017134 0.215001 0.034975
v 0.015097 0.215089 0.038059
v 0.012375 0.212549 0.038337
v 0.014481 0.209828 0.035239
v 0.014497 0.212465 0.035489
v 0.017043 0.212371 0.034990
v 0.014588 0.215097 0.035474
v 0.015006 0.212456 0.038074
v 0.011863 0.212557 0.035739
v 0.041703 0.211424 0.018857
v 0.040533 0.214113 0.021164
v 0.036878 0.214244 0.021875
v 0.036697 0.208984 0.021904
v 0.039069 0.208877 0.017500
v 0.040442 0.211481 0.021179
v 0.038239 0.211555 0.019737
v 0.038330 0.214187 0.019722
v 0.036788 0.211614 0.021890
v 0.037883 0.208931 0.019702
v 0.039492 0.211498 0.017411
v 0.040269 0.208823 0.015273
v 0.042608 0.208718 0.010930
v 0.042790 0.213977 0.010900
v 0.044235 0.213946 0.014275
v 0.042903 0.211370 0.016630
v 0.041438 0.208770 0.013101
v 0.041700 0.211398 0.013311
v 0.042699 0.211347 0.010915
v 0.041791 0.214031 0.013296
v 0.044144 0.211314 0.014290
v 0.040443 0.211455 0.015644
v 0.042986 0.211167 -0.018573
v 0.044306 0.213770 -0.016250
v 0.042870 0.213839 -0.012807
v 0.042688 0.208580 -0.012777
v 0.040343 0.208636 -0.017205
v 0.044215 0.211138 -0.016235
v 0.041797 0.211233 -0.015195
v 0.041888 0.213865 -0.015210
v 0.042779 0.211210 -0.012792
v 0.041515 0.208608 -0.014991
v 0.040560 0.211262 -0.017530
v 0.039162 0.208664 -0.019434
v 0.036852 0.208719 -0.023794
v 0.037033 0.213978 -0.023824
v 0.040641 0.213858 -0.023150
v 0.041805 0.211195 -0.020802
v 0.038007 0.208691 -0.021614
v 0.038379 0.211314 -0.021647
v 0.036942 0.211349 -0.023809
v 0.038470 0.213947 -0.021662
v 0.040550 0.211225 -0.023135
v 0.039620 0.211285 -0.019304
v 0.012625 0.212085 -0.040433
v 0.015345 0.214635 -0.040168
v 0.017378 0.214583 -0.037066
v 0.017196 0.209329 -0.037036
v 0.012248 0.209485 -0.037541
v 0.015254 0.212003 -0.040153
v 0.014745 0.212040 -0.037569
v 0.014836 0.214673 -0.037584
v 0.017287 0.211956 -0.037051
v 0.014722 0.209407 -0.037288
v 0.012114 0.212123 -0.037837
v 0.007394 0.209637 -0.038295
v 0.007489 0.212254 -0.040957
v 0.007485 0.212270 -0.038310
v 0.000129 0.209892 -0.037606
v -0.000283 0.212527 -0.040220
v 0.000220 0.212525 -0.037621
v -0.004496 0.210073 -0.035952
v -0.009260 0.210258 -0.034524
v -0.009078 0.215511 -0.034554
v -0.007665 0.215443 -0.037984
v -0.005228 0.212712 -0.038738
v -0.006878 0.210166 -0.035238
v -0.006769 0.212796 -0.035527
v -0.009169 0.212885 -0.034539
v -0.006678 0.215428 -0.035541
v -0.007756 0.212810 -0.037969
v -0.004237 0.212697 -0.036285
v -0.030189 0.213722 -0.013968
v -0.029305 0.216313 -0.016511
v -0.025888 0.216187 -0.017851
v -0.026070 0.210928 -0.017821
v -0.027518 0.211005 -0.013104
v -0.029396 0.213681 -0.016496
v -0.026982 0.213609 -0.015442
v -0.026891 0.216241 -0.015457
v -0.025979 0.213558 -0.017836
v -0.026794 0.210966 -0.015463
v -0.027760 0.213650 -0.012908
v -0.028258 0.211044 -0.010693
v -0.029728 0.211122 -0.005903
v -0.029546 0.216382 -0.005933
v -0.031605 0.216435 -0.009044
v -0.030929 0.213762 -0.011557
v -0.028993 0.211083 -0.008298
v -0.029124 0.213722 -0.008463
v -0.029637 0.213752 -0.005918
v -0.029033 0.216355 -0.008478
v -0.031696 0.213803 -0.009029
v -0.028349 0.213681 -0.010989
v -0.024218 0.213726 0.023001
v -0.025786 0.216404 0.020922
v -0.025003 0.216357 0.017335
v -0.025184 0.211097 0.017365
v -0.022069 0.211012 0.021190
v -0.025877 0.213772 0.020937
v -0.023661 0.213693 0.019515
v -0.023570 0.216325 0.019500
v -0.025093 0.213727 0.017350
v -0.023627 0.211055 0.019278
v -0.021987 0.213647 0.021571
v -0.020471 0.210968 0.023152
v -0.017312 0.210880 0.027031
v -0.017130 0.216140 0.027001
v -0.020853 0.216268 0.026991
v -0.022620 0.213682 0.024963
v -0.018892 0.210924 0.025092
v -0.019051 0.213566 0.025176
v -0.017221 0.213510 0.027016
v -0.018960 0.216198 0.025161
v -0.020944 0.213636 0.027006
v -0.020720 0.213612 0.023126
v 0.005001 0.224792 0.038483
v 0.004936 0.222144 0.035858
v 0.007542 0.222071 0.038760
v 0.005027 0.224777 0.035843
v 0.007646 0.224688 0.036111
v 0.007555 0.222055 0.036126
v 0.007633 0.224703 0.038745
v 0.017955 0.224338 0.037254
v 0.015329 0.221797 0.038021
v 0.017341 0.221709 0.034681
v 0.015420 0.224430 0.038006
v 0.014911 0.224433 0.035421
v 0.014820 0.221800 0.035436
v 0.017432 0.224341 0.034666
v 0.021809 0.221547 0.033342
v 0.022916 0.224158 0.035767
v 0.021900 0.224179 0.033327
v 0.028257 0.221304 0.029923
v 0.029828 0.223898 0.032101
v 0.028348 0.223937 0.029908
v 0.033913 0.221082 0.025312
v 0.035892 0.223660 0.027157
v 0.034004 0.223715 0.025297
v 0.039188 0.223524 0.023166
v 0.036884 0.220959 0.021714
v 0.040765 0.220822 0.021126
v 0.036975 0.223592 0.021699
v 0.038652 0.223522 0.019669
v 0.038561 0.220890 0.019684
v 0.040856 0.223454 0.021111
v 0.045331 0.223246 0.011694
v 0.044467 0.220655 0.014237
v 0.042796 0.220692 0.010740
v 0.044555 0.223287 0.014221
v 0.042114 0.223366 0.013243
v 0.042023 0.220734 0.013258
v 0.042887 0.223325 0.010725
v 0.044165 0.220620 0.006278
v 0.046849 0.223165 0.006744
v 0.044256 0.223252 0.006263
v 0.044905 0.220553 -0.000985
v 0.047641 0.223094 -0.001037
v 0.044996 0.223185 -0.001000
v 0.044214 0.220535 -0.008254
v 0.046900 0.223075 -0.008822
v 0.044305 0.223168 -0.008269
v 0.045417 0.223098 -0.013774
v 0.042875 0.220556 -0.012725
v 0.044538 0.220478 -0.016288
v 0.042966 0.223189 -0.012740
v 0.042210 0.223200 -0.015263
v 0.042119 0.220568 -0.015248
v 0.044629 0.223111 -0.016303
v 0.039296 0.223244 -0.025253
v 0.040873 0.220566 -0.023189
v 0.037038 0.220695 -0.023742
v 0.040964 0.223198 -0.023203
v 0.038793 0.223282 -0.021715
v 0.038702 0.220649 -0.021700
v 0.037129 0.223328 -0.023757
v 0.034091 0.220777 -0.027360
v 0.036031 0.223334 -0.029262
v 0.034182 0.223409 -0.027375
v 0.028467 0.220945 -0.032012
v 0.030011 0.223514 -0.034239
v 0.028558 0.223577 -0.032027
v 0.022043 0.221147 -0.035477
v 0.023137 0.223731 -0.037947
v 0.022134 0.223779 -0.035492
v 0.018202 0.223893 -0.039464
v 0.017584 0.221293 -0.036848
v 0.015577 0.221343 -0.040206
v 0.017675 0.223926 -0.036863
v 0.015158 0.224008 -0.037637
v 0.015067 0.221376 -0.037622
v 0.015668 0.223976 -0.040221
v -0.009689 0.224872 -0.036816
v -0.007434 0.222151 -0.038022
v -0.008772 0.222218 -0.034346
v -0.007343 0.224784 -0.038037
v -0.006355 0.224763 -0.035595
v -0.006446 0.222131 -0.035580
v -0.008681 0.224851 -0.034361
v -0.012894 0.222373 -0.032161
v -0.014250 0.225043 -0.034398
v -0.012803 0.225006 -0.032176
v -0.018550 0.222595 -0.027549
v -0.020303 0.225280 -0.029463
v -0.018459 0.225228 -0.027564
v -0.023198 0.222788 -0.021922
v -0.025278 0.225487 -0.023442
v -0.023107 0.225420 -0.021937
v -0.027730 0.225597 -0.018891
v -0.025411 0.222888 -0.017814
v -0.029073 0.223021 -0.016549
v -0.025320 0.225520 -0.017829
v -0.026569 0.225576 -0.015510
v -0.026660 0.222944 -0.015495
v -0.028982 0.225654 -0.016564
v -0.031579 0.225801 -0.006465
v -0.031373 0.223143 -0.009082
v -0.029069 0.223082 -0.005896
v -0.031282 0.225776 -0.009097
v -0.028711 0.225690 -0.008531
v -0.028802 0.223058 -0.008516
v -0.028978 0.225714 -0.005911
v -0.029542 0.223125 -0.001253
v -0.032103 0.225848 -0.001323
v -0.029451 0.225757 -0.001268
v -0.028851 0.223142 0.006016
v -0.031365 0.225867 0.006463
v -0.028760 0.225775 0.006001
v -0.026756 0.223109 0.013011
v -0.029122 0.225832 0.013956
v -0.026665 0.225742 0.012996
v -0.026699 0.225775 0.018532
v -0.024572 0.223057 0.017135
v -0.025555 0.223113 0.020883
v -0.024481 0.225690 0.017120
v -0.023247 0.225661 0.019447
v -0.023338 0.223028 0.019462
v -0.025461 0.225745 0.020867
v -0.018505 0.225549 0.028643
v -0.020621 0.222977 0.026953
v -0.016699 0.222840 0.026801
v -0.020530 0.225609 0.026938
v -0.018637 0.225533 0.025108
v -0.018728 0.222901 0.025123
v -0.016608 0.225473 0.026786
v -0.013104 0.222733 0.029775
v -0.014516 0.225430 0.031942
v -0.013013 0.225365 0.029760
v -0.006680 0.222531 0.033240
v -0.007629 0.225213 0.035657
v -0.006589 0.225163 0.033225
v 0.000296 0.222302 0.035384
v -0.000151 0.224968 0.037957
v 0.000387 0.224934 0.035369
v 0.002233 0.069133 0.043208
v 0.002264 0.070021 0.043109
v 0.002248 0.069469 0.042180
v 0.010750 0.069723 0.042303
v 0.010737 0.068834 0.042400
v 0.010552 0.069178 0.041391
v 0.018915 0.069427 0.039857
v 0.018919 0.068537 0.039949
v 0.018542 0.068888 0.038997
v 0.026446 0.069144 0.035864
v 0.026466 0.068254 0.035947
v 0.025911 0.068611 0.035090
v 0.033053 0.068885 0.030477
v 0.033088 0.067994 0.030548
v 0.032377 0.068357 0.029818
v 0.038483 0.068660 0.023903
v 0.038529 0.067769 0.023961
v 0.037690 0.068137 0.023386
v 0.042526 0.068477 0.016396
v 0.042582 0.067586 0.016437
v 0.041647 0.067959 0.016039
v 0.045028 0.068344 0.008244
v 0.045089 0.067453 0.008267
v 0.044096 0.067829 0.008062
v 0.045892 0.068266 -0.000241
v 0.045955 0.067374 -0.000235
v 0.044941 0.067752 -0.000241
v 0.045086 0.068246 -0.008731
v 0.045147 0.067354 -0.008744
v 0.044152 0.067732 -0.008550
v 0.042639 0.068284 -0.016902
v 0.042695 0.067392 -0.016932
v 0.041758 0.067769 -0.016545
v 0.038646 0.068379 -0.024438
v 0.038694 0.067487 -0.024484
v 0.037851 0.067862 -0.023919
v 0.033261 0.068527 -0.031050
v 0.033297 0.067636 -0.031111
v 0.032581 0.068008 -0.030390
v 0.026691 0.068724 -0.036484
v 0.026712 0.067833 -0.036557
v 0.026152 0.068200 -0.035708
v 0.019187 0.068960 -0.040532
v 0.019193 0.068070 -0.040613
v 0.018809 0.068431 -0.039668
v 0.011039 0.069227 -0.043037
v 0.011027 0.068338 -0.043123
v 0.010835 0.068693 -0.042119
v 0.002559 0.069515 -0.043903
v 0.002529 0.068626 -0.043991
v 0.002537 0.068975 -0.042967
v -0.005926 0.069813 -0.043098
v -0.005975 0.068925 -0.043184
v -0.005767 0.069266 -0.042179
v -0.014092 0.070109 -0.040651
v -0.014158 0.069222 -0.040733
v -0.013757 0.069556 -0.039785
v -0.021622 0.070392 -0.036658
v -0.021705 0.069505 -0.036731
v -0.021126 0.069833 -0.035877
v -0.028230 0.070652 -0.031271
v -0.028326 0.069765 -0.031332
v -0.027592 0.070086 -0.030606
v -0.033659 0.070877 -0.024697
v -0.033768 0.069990 -0.024745
v -0.032905 0.070307 -0.024173
v -0.037703 0.071059 -0.017190
v -0.037820 0.070173 -0.017221
v -0.036862 0.070485 -0.016827
v -0.040205 0.071192 -0.009038
v -0.040327 0.070307 -0.009051
v -0.039310 0.070615 -0.008849
v -0.041069 0.071270 -0.000553
v -0.041193 0.070385 -0.000548
v -0.040156 0.070692 -0.000547
v -0.040263 0.071291 0.007937
v -0.040385 0.070405 0.007960
v -0.039367 0.070712 0.007762
v -0.037816 0.071252 0.016108
v -0.037933 0.070367 0.016148
v -0.036972 0.070674 0.015757
v -0.033823 0.071157 0.023644
v -0.033932 0.070272 0.023701
v -0.033066 0.070581 0.023132
v -0.028438 0.071009 0.030256
v -0.028535 0.070123 0.030327
v -0.027796 0.070436 0.029602
v -0.021868 0.070813 0.035690
v -0.021951 0.069926 0.035773
v -0.021366 0.070244 0.034920
v -0.014364 0.070576 0.039738
v -0.014431 0.069690 0.039829
v -0.014023 0.070013 0.038880
v -0.006216 0.070309 0.042243
v -0.006265 0.069422 0.042339
v -0.006050 0.069751 0.041332
v 0.000580 0.022811 0.057853
v 0.000663 0.025155 0.057374
v 0.000616 0.023636 0.055899
v 0.011881 0.024761 0.056309
v 0.011889 0.022414 0.056780
v 0.011544 0.023252 0.054861
v 0.022675 0.024370 0.053075
v 0.022771 0.022020 0.053519
v 0.022060 0.022871 0.051710
v 0.032631 0.023996 0.047795
v 0.032807 0.021642 0.048197
v 0.031759 0.022506 0.046567
v 0.041366 0.023653 0.040674
v 0.041613 0.021297 0.041018
v 0.040269 0.022173 0.039630
v 0.048544 0.023355 0.031984
v 0.048849 0.020997 0.032258
v 0.047261 0.021883 0.031164
v 0.053889 0.023114 0.022059
v 0.054238 0.020754 0.022253
v 0.052469 0.021648 0.021495
v 0.057197 0.022939 0.011282
v 0.057572 0.020577 0.011388
v 0.055691 0.021477 0.010996
v 0.058339 0.022835 0.000065
v 0.058724 0.020473 0.000080
v 0.056805 0.021376 0.000068
v 0.057273 0.022808 -0.011159
v 0.057649 0.020446 -0.011235
v 0.055766 0.021350 -0.010867
v 0.054039 0.022859 -0.021961
v 0.054389 0.020496 -0.022124
v 0.052615 0.021399 -0.021389
v 0.048760 0.022984 -0.031923
v 0.049068 0.020623 -0.032167
v 0.047473 0.021521 -0.031095
v 0.041641 0.023181 -0.040664
v 0.041891 0.020821 -0.040980
v 0.040537 0.021712 -0.039611
v 0.032955 0.023440 -0.047848
v 0.033134 0.021082 -0.048222
v 0.032075 0.021965 -0.046609
v 0.023035 0.023752 -0.053199
v 0.023134 0.021397 -0.053616
v 0.022411 0.022269 -0.051822
v 0.012263 0.024106 -0.056511
v 0.012275 0.021754 -0.056954
v 0.011917 0.022614 -0.055048
v 0.001053 0.024487 -0.057656
v 0.000973 0.022138 -0.058109
v 0.000996 0.022985 -0.056164
v -0.010165 0.024881 -0.056591
v -0.010335 0.022535 -0.057035
v -0.009933 0.023369 -0.055127
v -0.020959 0.025272 -0.053357
v -0.021217 0.022929 -0.053775
v -0.020449 0.023750 -0.051976
v -0.030915 0.025646 -0.048078
v -0.031254 0.023307 -0.048453
v -0.030148 0.024114 -0.046833
v -0.039650 0.025989 -0.040956
v -0.040059 0.023652 -0.041274
v -0.038657 0.024448 -0.039895
v -0.046828 0.026286 -0.032266
v -0.047295 0.023952 -0.032513
v -0.045650 0.024738 -0.031429
v -0.052173 0.026528 -0.022342
v -0.052684 0.024195 -0.022509
v -0.050858 0.024973 -0.021761
v -0.055481 0.026703 -0.011564
v -0.056019 0.024372 -0.011644
v -0.054080 0.025144 -0.011261
v -0.056624 0.026807 -0.000348
v -0.057171 0.024476 -0.000336
v -0.055193 0.025245 -0.000334
v -0.055557 0.026834 0.010877
v -0.056095 0.024504 0.010980
v -0.054154 0.025271 0.010601
v -0.052323 0.026783 0.021678
v -0.052835 0.024453 0.021868
v -0.051003 0.025222 0.021124
v -0.047045 0.026658 0.031641
v -0.047514 0.024326 0.031912
v -0.045861 0.025100 0.030829
v -0.039926 0.026461 0.040382
v -0.040337 0.024128 0.040724
v -0.038926 0.024908 0.039345
v -0.031239 0.026202 0.047566
v -0.031580 0.023867 0.047966
v -0.030464 0.024656 0.046344
v -0.021319 0.025889 0.052917
v -0.021580 0.023552 0.053360
v -0.020800 0.024351 0.051557
v -0.010547 0.025536 0.056228
v -0.010721 0.023195 0.056698
v -0.010305 0.024007 0.054783
v -0.000078 0.003946 0.059708
v -0.000050 0.004776 0.059759
v 0.011611 0.004367 0.058652
v 0.011571 0.003537 0.058602
v 0.022831 0.003960 0.055290
v 0.022781 0.003130 0.055244
v 0.033180 0.003571 0.049803
v 0.033120 0.002741 0.049761
v 0.042259 0.003215 0.042400
v 0.042191 0.002386 0.042366
v 0.049721 0.002906 0.033368
v 0.049646 0.002077 0.033341
v 0.055277 0.002655 0.023052
v 0.055197 0.001826 0.023035
v 0.058715 0.002473 0.011849
v 0.058632 0.001644 0.011842
v 0.059903 0.002365 0.000189
v 0.059818 0.001537 0.000194
v 0.058794 0.002337 -0.011478
v 0.058711 0.001508 -0.011463
v 0.055432 0.002389 -0.022705
v 0.055352 0.001561 -0.022680
v 0.049946 0.002520 -0.033061
v 0.049871 0.001691 -0.033026
v 0.042546 0.002724 -0.042147
v 0.042478 0.001895 -0.042103
v 0.033517 0.002994 -0.049615
v 0.033457 0.002165 -0.049564
v 0.023206 0.003319 -0.055177
v 0.023155 0.002489 -0.055120
v 0.012008 0.003686 -0.058619
v 0.011969 0.002856 -0.058560
v 0.000356 0.004082 -0.059810
v 0.000327 0.003252 -0.059749
v -0.011305 0.004491 -0.058703
v -0.011323 0.003661 -0.058643
v -0.022525 0.004898 -0.055341
v -0.022532 0.004067 -0.055285
v -0.032874 0.005287 -0.049853
v -0.032871 0.004456 -0.049802
v -0.041953 0.005643 -0.042451
v -0.041942 0.004811 -0.042407
v -0.049414 0.005953 -0.033418
v -0.049397 0.005121 -0.033382
v -0.054971 0.006203 -0.023102
v -0.054948 0.005371 -0.023076
v -0.058409 0.006386 -0.011899
v -0.058383 0.005553 -0.011883
v -0.059597 0.006493 -0.000240
v -0.059570 0.005661 -0.000235
v -0.058488 0.006521 0.011428
v -0.058462 0.005689 0.011422
v -0.055126 0.006469 0.022655
v -0.055103 0.005637 0.022639
v -0.049640 0.006338 0.033011
v -0.049622 0.005506 0.032985
v -0.042240 0.006134 0.042097
v -0.042229 0.005302 0.042062
v -0.033211 0.005865 0.049564
v -0.033208 0.005033 0.049523
v -0.022899 0.005540 0.055126
v -0.022907 0.004708 0.055080
v -0.011702 0.005172 0.058569
v -0.011720 0.004341 0.058519
v -0.000066 0.004208 0.058854
v -0.000056 0.004501 0.058854
v -0.000059 0.004355 0.058375
v 0.011428 0.004098 0.057764
v 0.011417 0.003805 0.057764
v 0.011331 0.003955 0.057294
v 0.022478 0.003697 0.054453
v 0.022467 0.003404 0.054453
v 0.022291 0.003558 0.054010
v 0.032670 0.003314 0.049049
v 0.032658 0.003021 0.049049
v 0.032399 0.003178 0.048650
v 0.041612 0.002963 0.041759
v 0.041600 0.002670 0.041759
v 0.041268 0.002830 0.041419
v 0.048960 0.002659 0.032863
v 0.048948 0.002366 0.032863
v 0.048557 0.002528 0.032595
v 0.054432 0.002412 0.022703
v 0.054420 0.002119 0.022704
v 0.053984 0.002283 0.022519
v 0.057818 0.002232 0.011670
v 0.057806 0.001939 0.011671
v 0.057343 0.002105 0.011576
v 0.058988 0.002126 0.000188
v 0.058975 0.001833 0.000189
v 0.058503 0.002000 0.000187
v 0.057896 0.002099 -0.011303
v 0.057884 0.001806 -0.011301
v 0.057420 0.001972 -0.011210
v 0.054585 0.002150 -0.022360
v 0.054573 0.001857 -0.022358
v 0.054136 0.002023 -0.022177
v 0.049182 0.002279 -0.032559
v 0.049170 0.001986 -0.032556
v 0.048777 0.002151 -0.032293
v 0.041894 0.002480 -0.041507
v 0.041882 0.002187 -0.041504
v 0.041548 0.002350 -0.041168
v 0.033002 0.002745 -0.048862
v 0.032990 0.002452 -0.048858
v 0.032729 0.002614 -0.048462
v 0.022847 0.003065 -0.054339
v 0.022836 0.002772 -0.054335
v 0.022657 0.002931 -0.053895
v 0.011819 0.003427 -0.057729
v 0.011809 0.003134 -0.057725
v 0.011719 0.003290 -0.057258
v 0.000343 0.003817 -0.058902
v 0.000333 0.003524 -0.058898
v 0.000337 0.003677 -0.058421
v -0.011140 0.004220 -0.057812
v -0.011150 0.003927 -0.057808
v -0.011053 0.004076 -0.057339
v -0.022190 0.004621 -0.054501
v -0.022200 0.004328 -0.054497
v -0.022013 0.004474 -0.054055
v -0.032382 0.005004 -0.049096
v -0.032391 0.004711 -0.049093
v -0.032122 0.004854 -0.048695
v -0.041324 0.005355 -0.041806
v -0.041333 0.005061 -0.041803
v -0.040991 0.005202 -0.041464
v -0.048672 0.005659 -0.032910
v -0.048681 0.005366 -0.032907
v -0.048279 0.005504 -0.032641
v -0.054144 0.005906 -0.022751
v -0.054153 0.005613 -0.022748
v -0.053707 0.005749 -0.022564
v -0.057530 0.006086 -0.011717
v -0.057539 0.005793 -0.011715
v -0.057065 0.005927 -0.011621
v -0.058700 0.006192 -0.000235
v -0.058708 0.005899 -0.000233
v -0.058225 0.006032 -0.000232
v -0.057608 0.006219 0.011256
v -0.057616 0.005926 0.011257
v -0.057142 0.006059 0.011164
v -0.054297 0.006168 0.022313
v -0.054305 0.005875 0.022314
v -0.053858 0.006008 0.022131
v -0.048894 0.006039 0.032512
v -0.048902 0.005746 0.032512
v -0.048499 0.005881 0.032247
v -0.041606 0.005838 0.041460
v -0.041615 0.005545 0.041460
v -0.041271 0.005681 0.041122
v -0.032714 0.005573 0.048814
v -0.032723 0.005279 0.048814
v -0.032451 0.005418 0.048417
v -0.022559 0.005253 0.054292
v -0.022569 0.004960 0.054291
v -0.022379 0.005101 0.053849
v -0.011532 0.004891 0.057682
v -0.011542 0.004598 0.057681
v -0.011442 0.004742 0.057212
v -0.000194 0.000332 0.057231
v -0.000117 0.002831 0.059714
v -0.000203 0.000347 0.059729
v 0.011533 0.002422 0.058609
v 0.010968 -0.000059 0.056171
v 0.011447 -0.000062 0.058623
v 0.022743 0.002016 0.055250
v 0.021709 -0.000449 0.052953
v 0.022657 -0.000469 0.055264
v 0.033082 0.001627 0.049767
v 0.031616 -0.000821 0.047700
v 0.032996 -0.000857 0.049782
v 0.042153 0.001271 0.042372
v 0.040308 -0.001162 0.040614
v 0.042067 -0.001213 0.042386
v 0.049607 0.000962 0.033348
v 0.047450 -0.001458 0.031967
v 0.049521 -0.001522 0.033362
v 0.055158 0.000712 0.023041
v 0.052770 -0.001698 0.022091
v 0.055073 -0.001772 0.023055
v 0.058593 0.000529 0.011849
v 0.056061 -0.001873 0.011367
v 0.058507 -0.001955 0.011863
v 0.059780 0.000422 0.000200
v 0.057198 -0.001976 0.000205
v 0.059694 -0.002062 0.000214
v 0.058672 0.000394 -0.011456
v 0.056137 -0.002003 -0.010964
v 0.058586 -0.002090 -0.011442
v 0.055313 0.000446 -0.022673
v 0.052918 -0.001953 -0.021712
v 0.055228 -0.002038 -0.022659
v 0.049832 0.000577 -0.033019
v 0.047666 -0.001828 -0.031625
v 0.049746 -0.001907 -0.033005
v 0.042439 0.000781 -0.042097
v 0.040582 -0.001632 -0.040323
v 0.042353 -0.001703 -0.042083
v 0.033418 0.001050 -0.049558
v 0.031939 -0.001374 -0.047472
v 0.033333 -0.001434 -0.049543
v 0.023117 0.001375 -0.055114
v 0.022068 -0.001063 -0.052796
v 0.023031 -0.001110 -0.055100
v 0.011930 0.001742 -0.058553
v 0.011349 -0.000711 -0.056091
v 0.011844 -0.000743 -0.058539
v 0.000288 0.002137 -0.059743
v 0.000194 -0.000332 -0.057231
v 0.000203 -0.000347 -0.059729
v -0.011361 0.002546 -0.058637
v -0.010968 0.000059 -0.056171
v -0.011447 0.000062 -0.058623
v -0.022571 0.002953 -0.055278
v -0.021709 0.000449 -0.052953
v -0.022657 0.000469 -0.055264
v -0.032910 0.003341 -0.049796
v -0.031616 0.000821 -0.047700
v -0.032996 0.000857 -0.049782
v -0.041981 0.003697 -0.042400
v -0.040308 0.001162 -0.040614
v -0.042067 0.001213 -0.042386
v -0.049435 0.004006 -0.033376
v -0.047450 0.001458 -0.031967
v -0.049521 0.001522 -0.033362
v -0.054987 0.004257 -0.023069
v -0.052770 0.001698 -0.022091
v -0.055073 0.001772 -0.023055
v -0.058422 0.004439 -0.011877
v -0.056061 0.001873 -0.011367
v -0.058507 0.001955 -0.011863
v -0.059608 0.004546 -0.000229
v -0.057198 0.001976 -0.000205
v -0.059694 0.002062 -0.000214
v -0.058501 0.004574 0.011428
v -0.056137 0.002003 0.010964
v -0.058586 0.002090 0.011442
v -0.055142 0.004522 0.022645
v -0.052918 0.001953 0.021712
v -0.055228 0.002038 0.022659
v -0.049660 0.004391 0.032991
v -0.047666 0.001828 0.031625
v -0.049746 0.001907 0.033005
v -0.042267 0.004188 0.042069
v -0.040582 0.001632 0.040323
v -0.042353 0.001703 0.042083
v -0.033247 0.003918 0.049529
v -0.031939 0.001374 0.047472
v -0.033333 0.001434 0.049543
v -0.022945 0.003594 0.055086
v -0.022068 0.001063 0.052796
v -0.023031 0.001110 0.055100
v -0.011758 0.003227 0.058525
v -0.011349 0.000711 0.056091
v -0.011844 0.000743 0.058539
v -0.066167 0.017721 -0.000327
v -0.064842 0.017601 -0.013343
v 0.056118 0.013285 -0.036967
v 0.062242 0.013140 -0.025406
v -0.064930 0.017752 0.012697
v 0.047857 0.013513 -0.047110
v -0.061177 0.017694 0.025231
v 0.037778 0.013814 -0.055446
v -0.055052 0.017548 0.036791
v 0.026267 0.014177 -0.061655
v 0.013324 0.015347 0.065416
v 0.000307 0.015804 0.066651
v -0.046791 0.017320 0.046934
v 0.013767 0.014587 -0.065498
v 0.025849 0.014893 0.061663
v -0.036712 0.017019 0.055271
v 0.000759 0.015029 -0.066827
v 0.037401 0.014459 0.055537
v -0.025201 0.016656 0.061479
v -0.012258 0.015486 -0.065591
v 0.047537 0.014061 0.047273
v -0.012702 0.016246 0.065322
v -0.024783 0.015940 -0.061838
v 0.055866 0.013716 0.037190
v -0.036336 0.016374 -0.055712
v 0.062069 0.013436 0.025673
v -0.046471 0.016772 -0.047449
v 0.065907 0.013232 0.013167
v -0.054801 0.017117 -0.037365
v 0.067233 0.013112 0.000152
v -0.061004 0.017397 -0.025849
v 0.065996 0.013081 -0.012873
v -0.023521 0.213442 -0.021869
v -0.018873 0.213246 -0.027496
v -0.013216 0.213030 -0.032108
v 0.021720 0.211803 -0.035424
v 0.028143 0.211595 -0.031959
v 0.033768 0.211431 -0.027307
v 0.043891 0.211189 -0.008201
v 0.044581 0.211202 -0.000932
v 0.043842 0.211274 0.006331
v 0.033590 0.211736 0.025365
v 0.027933 0.211953 0.029976
v 0.021486 0.212200 0.033395
v -0.013427 0.213387 0.029828
v -0.007003 0.213180 0.033293
v -0.000027 0.212956 0.035437
v -0.027079 0.213763 0.013064
v -0.029174 0.213791 0.006069
v -0.029865 0.213779 -0.001199
v -0.023430 0.216093 -0.021884
v -0.018781 0.215909 -0.027511
v -0.013125 0.215679 -0.032123
v 0.021811 0.214452 -0.035439
v 0.028235 0.214258 -0.031974
v 0.033860 0.214082 -0.027322
v 0.043983 0.213841 -0.008216
v 0.044673 0.213867 -0.000947
v 0.043933 0.213925 0.006316
v 0.033681 0.214388 0.025350
v 0.028025 0.214618 0.029961
v 0.021578 0.214852 0.033380
v -0.013335 0.216038 0.029813
v -0.006911 0.215844 0.033278
v 0.000064 0.215607 0.035422
vn 0.6195 -0.6529 0.4357
vn 0.7849 -0.3090 0.5370
vn 0.6653 -0.3040 0.6819
vn 0.5230 -0.6489 0.5526
vn -0.4493 -0.6221 -0.6412
vn -0.5394 -0.2708 -0.7973
vn -0.3735 -0.2770 -0.8853
vn -0.3154 -0.6271 -0.7122
vn 0.6914 -0.6562 0.3022
vn 0.8740 -0.3130 0.3716
vn 0.2716 -0.6393 0.7194
vn 0.3538 -0.2921 0.8886
vn 0.1739 -0.2856 0.9425
vn 0.1264 -0.6340 0.7629
vn -0.5668 -0.6175 -0.5454
vn -0.6850 -0.2651 -0.6786
vn 0.7359 -0.6585 0.1573
vn 0.9291 -0.3159 0.1920
vn -0.6633 -0.6135 -0.4285
vn -0.8046 -0.2601 -0.5338
vn 0.7513 -0.6599 0.0064
vn 0.9482 -0.3177 0.0051
vn -0.7352 -0.6103 -0.2950
vn -0.8937 -0.2561 -0.3684
vn 0.7370 -0.6603 -0.1446
vn 0.9304 -0.3181 -0.1820
vn -0.7797 -0.6079 -0.1500
vn -0.9488 -0.2532 -0.1888
vn 0.6935 -0.6596 -0.2899
vn 0.8765 -0.3173 -0.3620
vn -0.7951 -0.6065 0.0008
vn -0.9679 -0.2515 -0.0018
vn 0.6225 -0.6579 -0.4239
vn 0.7885 -0.3152 -0.5281
vn -0.7807 -0.6061 0.1518
vn -0.9501 -0.2510 0.1853
vn 0.5267 -0.6553 -0.5415
vn 0.6699 -0.3119 -0.6738
vn -0.7372 -0.6068 0.2971
vn -0.8962 -0.2519 0.3653
vn 0.4099 -0.6518 -0.6381
vn 0.5251 -0.3076 -0.7935
vn -0.6662 -0.6085 0.4311
vn -0.8082 -0.2540 0.5313
vn 0.2764 -0.6476 -0.7101
vn 0.3598 -0.3024 -0.8827
vn -0.5705 -0.6112 0.5487
vn -0.6896 -0.2572 0.6770
vn 0.1315 -0.6428 -0.7546
vn 0.1803 -0.2965 -0.9379
vn -0.0245 -0.6287 0.7772
vn -0.0131 -0.2790 0.9602
vn -0.1999 -0.2726 0.9411
vn -0.1753 -0.6236 0.7618
vn -0.4536 -0.6146 0.6453
vn -0.5448 -0.2616 0.7967
vn -0.0193 -0.6377 -0.7700
vn -0.0066 -0.2901 -0.9570
vn 0.4055 -0.6443 0.6484
vn 0.5197 -0.2983 0.8006
vn -0.3202 -0.6188 0.7173
vn -0.3795 -0.2668 0.8859
vn -0.1702 -0.6324 -0.7557
vn -0.1936 -0.2836 -0.9392
vn -0.0345 -0.9994 0.0057
vn 0.2799 -0.6146 0.7375
vn 0.1310 -0.6092 0.7821
vn -0.4638 -0.5894 0.6615
vn -0.5836 -0.5858 0.5624
vn -0.0183 -0.6130 -0.7898
vn 0.1363 -0.6183 -0.7741
vn 0.4172 -0.6198 0.6647
vn -0.3269 -0.5937 0.7353
vn -0.1731 -0.6076 -0.7752
vn 0.5377 -0.6245 0.5664
vn -0.1783 -0.5986 0.7810
vn -0.3220 -0.6022 -0.7306
vn 0.6367 -0.6286 0.4466
vn -0.0237 -0.6038 0.7968
vn -0.4593 -0.5970 -0.6577
vn 0.7104 -0.6320 0.3097
vn -0.5798 -0.5923 -0.5595
vn 0.7561 -0.6344 0.1610
vn -0.6788 -0.5882 -0.4396
vn 0.7718 -0.6358 0.0063
vn -0.7525 -0.5849 -0.3028
vn 0.7571 -0.6362 -0.1485
vn -0.7981 -0.5825 -0.1541
vn 0.7125 -0.6355 -0.2975
vn -0.8139 -0.5810 0.0006
vn 0.6397 -0.6338 -0.4349
vn -0.7992 -0.5807 0.1554
vn 0.5415 -0.6310 -0.5555
vn -0.7546 -0.5814 0.3044
vn 0.4217 -0.6275 -0.6546
vn -0.6818 -0.5831 0.4418
vn 0.2849 -0.6232 -0.7284
vn 0.4602 -0.8228 0.3335
vn 0.7131 -0.4973 0.4941
vn 0.6033 -0.4928 0.6271
vn 0.3868 -0.8197 0.4224
vn -0.0299 -0.8044 0.5934
vn -0.0194 -0.4698 0.8825
vn -0.1909 -0.4640 0.8650
vn -0.1447 -0.8005 0.5817
vn -0.3532 -0.7993 -0.4861
vn -0.5025 -0.4623 -0.7306
vn -0.3502 -0.4680 -0.8114
vn -0.2513 -0.8032 -0.5402
vn 0.5150 -0.8253 0.2319
vn 0.7948 -0.5010 0.3423
vn -0.4426 -0.7958 -0.4132
vn -0.6361 -0.4571 -0.6217
vn 0.5488 -0.8271 0.1215
vn 0.8454 -0.5037 0.1774
vn -0.5161 -0.7928 -0.3243
vn -0.7459 -0.4525 -0.4887
vn 0.5605 -0.8281 0.0067
vn 0.8629 -0.5053 0.0059
vn -0.5708 -0.7903 -0.2227
vn -0.8277 -0.4488 -0.3369
vn 0.5496 -0.8284 -0.1082
vn 0.8466 -0.5057 -0.1658
vn -0.6047 -0.7885 -0.1123
vn -0.8783 -0.4461 -0.1720
vn 0.5165 -0.8279 -0.2188
vn 0.7971 -0.5050 -0.3311
vn -0.6164 -0.7875 0.0025
vn -0.8958 -0.4446 -0.0005
vn 0.4625 -0.8266 -0.3208
vn 0.7164 -0.5030 -0.4835
vn -0.6054 -0.7872 0.1174
vn -0.8794 -0.4441 0.1713
vn 0.3896 -0.8246 -0.4102
vn 0.6075 -0.5000 -0.6172
vn -0.5723 -0.7877 0.2280
vn -0.8300 -0.4449 0.3365
vn 0.3007 -0.8219 -0.4838
vn 0.4746 -0.4961 -0.7271
vn -0.5183 -0.7890 0.3300
vn -0.7492 -0.4468 0.4889
vn 0.1991 -0.8187 -0.5386
vn 0.3228 -0.4913 -0.8090
vn 0.0849 -0.8084 0.5825
vn 0.1522 -0.4758 0.8663
vn -0.4454 -0.7910 0.4194
vn -0.6403 -0.4498 0.6226
vn 0.0888 -0.8151 -0.5725
vn 0.1581 -0.4859 -0.8596
vn 0.1954 -0.8124 0.5494
vn 0.3173 -0.4818 0.8168
vn -0.3565 -0.7936 0.4930
vn -0.5074 -0.4538 0.7325
vn -0.0259 -0.8112 -0.5842
vn -0.0134 -0.4800 -0.8771
vn 0.2973 -0.8162 0.4953
vn 0.4696 -0.4876 0.7360
vn -0.2550 -0.7968 0.5478
vn -0.3557 -0.4586 0.8144
vn -0.1408 -0.8072 -0.5733
vn -0.1850 -0.4740 -0.8609
vn -0.9994 0.0345 -0.0036
vn -0.8801 0.4747 -0.0057
vn -0.8623 0.4731 -0.1805
vn -0.9795 0.0327 -0.1986
vn 0.8329 -0.0319 -0.5526
vn 0.7616 0.4151 -0.4976
vn 0.8438 0.4132 -0.3424
vn 0.9246 -0.0341 -0.3794
vn -0.9809 0.0350 0.1916
vn -0.8635 0.4751 0.1691
vn 0.7091 -0.0285 -0.7046
vn 0.6507 0.4182 -0.6338
vn -0.9246 0.0341 0.3794
vn -0.8131 0.4743 0.3374
vn 0.5581 -0.0240 -0.8295
vn 0.5154 0.4222 -0.7457
vn -0.8329 0.0319 0.5526
vn -0.7309 0.4724 0.4926
vn 0.3856 -0.0186 -0.9225
vn 0.3608 0.4271 -0.8291
vn 0.1916 -0.0010 0.9815
vn 0.1871 0.4428 0.8769
vn 0.0123 0.4490 0.8935
vn -0.0034 0.0058 1.0000
vn -0.7091 0.0285 0.7046
vn -0.6200 0.4693 0.6288
vn 0.1983 -0.0124 -0.9801
vn 0.1930 0.4326 -0.8807
vn 0.3793 -0.0078 0.9252
vn 0.3552 0.4367 0.8265
vn -0.5581 0.0240 0.8295
vn -0.4847 0.4653 0.7407
vn 0.0034 -0.0058 -1.0000
vn 0.0184 0.4386 -0.8985
vn 0.5524 -0.0144 0.8334
vn 0.5103 0.4309 0.7443
vn -0.3856 0.0186 0.9225
vn -0.3302 0.4604 0.8240
vn -0.1916 0.0010 -0.9815
vn -0.1564 0.4447 -0.8819
vn 0.7043 -0.0203 0.7096
vn 0.6464 0.4256 0.6333
vn -0.1983 0.0124 0.9801
vn -0.1623 0.4549 0.8756
vn -0.3793 0.0078 -0.9252
vn -0.3245 0.4508 -0.8315
vn 0.8291 -0.0255 0.5585
vn 0.7582 0.4209 0.4979
vn -0.5524 0.0144 -0.8334
vn -0.4796 0.4566 -0.7493
vn 0.9220 -0.0297 0.3860
vn 0.8415 0.4172 0.3433
vn -0.7043 0.0203 -0.7096
vn -0.6157 0.4620 -0.6384
vn 0.9795 -0.0327 0.1986
vn 0.8930 0.4144 0.1754
vn -0.8291 0.0255 -0.5585
vn -0.7275 0.4666 -0.5030
vn 0.9994 -0.0345 0.0036
vn 0.9108 0.4128 0.0007
vn -0.9220 0.0297 -0.3860
vn -0.8108 0.4703 -0.3484
vn 0.9809 -0.0350 -0.1916
vn 0.8942 0.4124 -0.1742
vn 0.3051 0.8595 0.4102
vn 0.2189 0.8627 0.4559
vn -0.1621 0.8759 0.4545
vn -0.2480 0.8786 0.4082
vn -0.0655 0.8671 -0.4938
vn 0.0316 0.8637 -0.5030
vn 0.3807 0.8565 0.3485
vn -0.0688 0.8728 0.4832
vn -0.1590 0.8705 -0.4658
vn 0.4429 0.8539 0.2733
vn 0.0283 0.8695 0.4931
vn -0.2452 0.8737 -0.4201
vn 0.4892 0.8518 0.1873
vn -0.3208 0.8767 -0.3584
vn 0.5178 0.8503 0.0940
vn -0.3830 0.8793 -0.2831
vn 0.5277 0.8494 -0.0031
vn -0.4293 0.8814 -0.1972
vn 0.5185 0.8492 -0.1003
vn -0.4579 0.8829 -0.1039
vn 0.4905 0.8496 -0.1939
vn -0.4678 0.8838 -0.0067
vn 0.4448 0.8507 -0.2802
vn -0.4586 0.8840 0.0905
vn 0.3831 0.8524 -0.3559
vn -0.4306 0.8836 0.1840
vn 0.3079 0.8546 -0.4181
vn -0.3849 0.8825 0.2703
vn 0.2220 0.8573 -0.4644
vn 0.1254 0.8661 0.4839
vn -0.3232 0.8808 0.3460
vn 0.1287 0.8604 -0.4931
vn 0.6749 -0.7234 0.1457
vn 0.7893 -0.5908 0.1672
vn 0.7418 -0.5883 0.3219
vn 0.6338 -0.7212 0.2795
vn -0.6159 -0.6819 -0.3946
vn -0.7041 -0.5427 -0.4580
vn -0.6010 -0.5470 -0.5827
vn -0.5268 -0.6856 -0.5025
vn 0.6890 -0.7247 0.0065
vn 0.8057 -0.5923 0.0062
vn -0.6822 -0.6789 -0.2715
vn -0.7808 -0.5393 -0.3155
vn 0.6758 -0.7250 -0.1327
vn 0.7904 -0.5927 -0.1550
vn -0.7233 -0.6767 -0.1378
vn -0.8283 -0.5367 -0.1608
vn 0.6357 -0.7244 -0.2668
vn 0.7440 -0.5919 -0.3100
vn -0.7374 -0.6754 0.0014
vn -0.8447 -0.5353 0.0002
vn 0.5702 -0.7228 -0.3904
vn 0.6682 -0.5901 -0.4531
vn -0.7242 -0.6751 0.1407
vn -0.8294 -0.5349 0.1614
vn 0.4819 -0.7204 -0.4988
vn 0.5660 -0.5873 -0.5785
vn -0.6841 -0.6757 0.2747
vn -0.7829 -0.5356 0.3164
vn 0.3741 -0.7172 -0.5880
vn 0.4413 -0.5836 -0.6817
vn -0.6186 -0.6773 0.3983
vn -0.7072 -0.5374 0.4595
vn 0.2510 -0.7133 -0.6544
vn 0.2989 -0.5791 -0.7585
vn -0.5302 -0.6797 0.5068
vn -0.6050 -0.5402 0.5850
vn 0.1173 -0.7089 -0.6955
vn 0.1442 -0.5740 -0.8060
vn -0.0266 -0.6959 0.7176
vn -0.0223 -0.5590 0.8289
vn -0.1832 -0.5535 0.8124
vn -0.1657 -0.6912 0.7034
vn -0.4225 -0.6829 0.5959
vn -0.4803 -0.5439 0.6881
vn -0.0218 -0.7042 -0.7097
vn -0.0167 -0.5686 -0.8225
vn 0.3700 -0.7103 0.5988
vn 0.4366 -0.5756 0.6914
vn 0.2937 -0.5702 0.7672
vn 0.2465 -0.7056 0.6643
vn -0.2994 -0.6868 0.6623
vn -0.3379 -0.5484 0.7649
vn -0.1610 -0.6993 -0.6965
vn -0.1777 -0.5629 -0.8072
vn 0.4784 -0.7145 0.5104
vn 0.5620 -0.5805 0.5891
vn -0.2949 -0.6944 -0.6563
vn -0.3327 -0.5573 -0.7608
vn 0.5675 -0.7182 0.4026
vn 0.6651 -0.5848 0.4644
vn -0.4184 -0.6898 -0.5908
vn -0.4756 -0.5519 -0.6850
vn 0.1388 -0.5646 0.8136
vn 0.1126 -0.7008 0.7044
vn 0.4184 0.9047 -0.0807
vn 0.4257 0.9049 -0.0038
vn -0.3544 0.9314 -0.0835
vn -0.3317 0.9302 -0.1574
vn 0.3962 0.9050 -0.1548
vn -0.3622 0.9321 -0.0066
vn 0.3600 0.9059 -0.2230
vn -0.3549 0.9323 0.0703
vn 0.3113 0.9072 -0.2830
vn -0.3327 0.9319 0.1443
vn 0.2517 0.9090 -0.3322
vn -0.2966 0.9311 0.2126
vn 0.1837 0.9111 -0.3689
vn 0.1073 0.9181 0.3817
vn 0.0304 0.9208 0.3890
vn -0.2478 0.9297 0.2725
vn 0.1099 0.9136 -0.3916
vn 0.1813 0.9154 0.3595
vn -0.1882 0.9279 0.3217
vn 0.0331 0.9162 -0.3994
vn 0.2495 0.9128 0.3233
vn -0.1202 0.9258 0.3584
vn -0.0438 0.9189 -0.3921
vn 0.3094 0.9105 0.2745
vn -0.0464 0.9234 0.3811
vn -0.1178 0.9216 -0.3699
vn 0.3586 0.9084 0.2149
vn -0.1860 0.9241 -0.3338
vn 0.3952 0.9068 0.1469
vn -0.2459 0.9265 -0.2850
vn 0.4179 0.9056 0.0731
vn -0.2951 0.9285 -0.2254
vn 0.6915 -0.2065 -0.6922
vn 0.8133 -0.2099 -0.5427
vn -0.9159 -0.1449 0.3743
vn -0.9713 -0.1440 0.1895
vn 0.5429 -0.2021 -0.8151
vn -0.8256 -0.1471 0.5447
vn 0.3732 -0.1968 -0.9066
vn 0.1824 -0.1795 0.9667
vn -0.0095 -0.1728 0.9849
vn -0.7038 -0.1504 0.6942
vn 0.1889 -0.1907 -0.9633
vn 0.3671 -0.1862 0.9114
vn -0.5553 -0.1549 0.8171
vn -0.0028 -0.1842 -0.9829
vn 0.5374 -0.1926 0.8211
vn -0.3856 -0.1602 0.9087
vn -0.1947 -0.1775 -0.9647
vn 0.6868 -0.1985 0.6992
vn -0.2013 -0.1662 0.9653
vn -0.3794 -0.1708 -0.9093
vn 0.8096 -0.2035 0.5506
vn -0.5497 -0.1644 -0.8190
vn 0.9010 -0.2077 0.3808
vn -0.6991 -0.1585 -0.6972
vn 0.9576 -0.2107 0.1964
vn -0.8219 -0.1534 -0.5485
vn 0.9772 -0.2124 0.0045
vn -0.9134 -0.1493 -0.3788
vn 0.9589 -0.2129 -0.1875
vn -0.9700 -0.1463 -0.1944
vn 0.9036 -0.2120 -0.3722
vn -0.9895 -0.1445 -0.0025
vn 0.1958 0.3837 -0.9025
vn 0.3678 0.3781 -0.8496
vn 0.3621 0.3879 0.8476
vn 0.1897 0.3942 0.8993
vn -0.4989 0.4172 0.7596
vn -0.6376 0.4213 0.6449
vn 0.0168 0.3898 -0.9208
vn 0.5211 0.3819 0.7633
vn -0.3405 0.4122 0.8451
vn -0.1624 0.3961 -0.9037
vn 0.6606 0.3765 0.6496
vn -0.1685 0.4065 0.8980
vn -0.3348 0.4023 -0.8521
vn 0.7752 0.3717 0.5108
vn 0.0105 0.4005 0.9163
vn -0.4938 0.4083 -0.7678
vn 0.8606 0.3679 0.3523
vn -0.6332 0.4138 -0.6541
vn 0.9134 0.3651 0.1802
vn -0.7479 0.4185 -0.5153
vn 0.9316 0.3634 0.0010
vn -0.8332 0.4224 -0.3568
vn 0.9146 0.3630 -0.1782
vn -0.8861 0.4252 -0.1847
vn 0.8629 0.3638 -0.3507
vn -0.9043 0.4268 -0.0055
vn 0.7787 0.3658 -0.5098
vn -0.8873 0.4273 0.1737
vn 0.6650 0.3689 -0.6494
vn -0.8356 0.4265 0.3462
vn 0.5262 0.3731 -0.7641
vn -0.7513 0.4245 0.5053
vn -0.2162 0.7730 -0.5964
vn -0.0961 0.7686 -0.6324
vn 0.5571 0.7517 0.3531
vn 0.4772 0.7550 0.4497
vn 0.0244 0.7717 0.6355
vn -0.1003 0.7759 0.6228
vn -0.3270 0.7772 -0.5377
vn 0.6166 0.7490 0.2426
vn -0.4241 0.7810 -0.4585
vn 0.6534 0.7470 0.1227
vn -0.5040 0.7843 -0.3618
vn 0.6661 0.7459 -0.0021
vn -0.5635 0.7870 -0.2514
vn 0.6542 0.7456 -0.1270
vn -0.6003 0.7889 -0.1315
vn 0.6182 0.7461 -0.2471
vn -0.6130 0.7901 -0.0067
vn 0.5595 0.7475 -0.3580
vn -0.6011 0.7904 0.1182
vn 0.4803 0.7497 -0.4552
vn -0.5651 0.7898 0.2384
vn 0.3837 0.7526 -0.5352
vn -0.5064 0.7884 0.3492
vn 0.2733 0.7561 -0.5947
vn 0.1492 0.7673 0.6237
vn -0.4272 0.7862 0.4465
vn 0.1534 0.7600 -0.6315
vn 0.2693 0.7629 0.5877
vn -0.3306 0.7833 0.5264
vn 0.0287 0.7643 -0.6443
vn 0.3800 0.7588 0.5290
vn -0.2202 0.7799 0.5859
vn -0.6030 0.6749 -0.4253
vn -0.5089 0.6710 -0.5393
vn 0.7769 0.6296 -0.0010
vn 0.7619 0.6310 0.1462
vn -0.6732 0.6781 -0.2950
vn 0.7629 0.6293 -0.1483
vn -0.7166 0.6804 -0.1536
vn 0.7205 0.6299 -0.2900
vn -0.7316 0.6817 -0.0064
vn 0.6512 0.6316 -0.4208
vn -0.7176 0.6821 0.1408
vn 0.5578 0.6341 -0.5355
vn -0.6751 0.6814 0.2826
vn 0.4438 0.6376 -0.6297
vn -0.6059 0.6798 0.4133
vn 0.3137 0.6417 -0.6999
vn 0.1673 0.6549 0.7370
vn 0.0201 0.6601 0.7509
vn -0.5125 0.6772 0.5280
vn 0.1723 0.6463 -0.7434
vn 0.3089 0.6497 0.6945
vn -0.3985 0.6738 0.6223
vn 0.0252 0.6513 -0.7584
vn 0.4396 0.6448 0.6253
vn -0.2683 0.6697 0.6925
vn -0.1220 0.6565 -0.7444
vn 0.5542 0.6403 0.5318
vn -0.1270 0.6651 0.7359
vn -0.2636 0.6616 -0.7020
vn 0.6484 0.6364 0.4178
vn -0.3942 0.6665 -0.6327
vn 0.7185 0.6333 0.2876
vn -0.9200 0.3919 -0.0054
vn -0.9015 0.3902 -0.1873
vn 0.7895 0.3299 -0.5176
vn 0.8751 0.3278 -0.3560
vn -0.9027 0.3923 0.1767
vn 0.6740 0.3331 -0.6594
vn -0.8502 0.3915 0.3519
vn 0.5331 0.3373 -0.7759
vn -0.7646 0.3895 0.5135
vn 0.3722 0.3423 -0.8627
vn 0.1912 0.3587 0.9136
vn 0.0093 0.3651 0.9309
vn -0.6491 0.3863 0.6553
vn 0.1974 0.3481 -0.9164
vn 0.3663 0.3524 0.8612
vn -0.5082 0.3821 0.7718
vn 0.0156 0.3543 -0.9350
vn 0.5278 0.3463 0.7755
vn -0.3473 0.3770 0.8586
vn -0.1664 0.3606 -0.9177
vn 0.6695 0.3407 0.6600
vn -0.1726 0.3713 0.9123
vn -0.3415 0.3670 -0.8653
vn 0.7860 0.3359 0.5191
vn -0.5030 0.3731 -0.7796
vn 0.8727 0.3320 0.3581
vn -0.6447 0.3786 -0.6641
vn 0.9263 0.3291 0.1833
vn -0.7611 0.3835 -0.5232
vn 0.9449 0.3275 0.0013
vn -0.8478 0.3874 -0.3622
vn 0.9276 0.3270 -0.1808
vn -0.8268 0.1173 0.5501
vn -0.9183 0.1194 0.3775
vn 0.3871 0.0669 -0.9196
vn 0.5590 0.0615 -0.8269
vn 0.1939 0.0844 0.9774
vn -0.0004 0.0912 0.9958
vn -0.7035 0.1139 0.7015
vn 0.2005 0.0731 -0.9770
vn 0.3809 0.0776 0.9214
vn -0.5531 0.1094 0.8259
vn 0.0063 0.0797 -0.9968
vn 0.5533 0.0711 0.8299
vn -0.3812 0.1040 0.9186
vn -0.1880 0.0865 -0.9784
vn 0.7047 0.0652 0.7065
vn -0.1946 0.0978 0.9760
vn -0.3750 0.0933 -0.9223
vn 0.8290 0.0601 0.5560
vn -0.5474 0.0997 -0.8309
vn 0.9216 0.0559 0.3841
vn -0.6988 0.1057 -0.7075
vn 0.9789 0.0528 0.1974
vn -0.8231 0.1108 -0.5570
vn 0.9987 0.0510 0.0031
vn -0.9157 0.1150 -0.3851
vn 0.9802 0.0506 -0.1914
vn -0.9730 0.1180 -0.1984
vn 0.9242 0.0514 -0.3785
vn -0.9928 0.1198 -0.0041
vn 0.8328 0.0536 -0.5510
vn -0.9743 0.1203 0.1904
vn 0.7094 0.0570 -0.7025
vn 0.4138 -0.6270 0.6600
vn 0.2775 -0.6219 0.7323
vn -0.3250 -0.6011 0.7301
vn -0.4609 -0.5968 0.6569
vn -0.1722 -0.6149 -0.7696
vn -0.0186 -0.6203 -0.7842
vn 0.5335 -0.6317 0.5625
vn -0.1775 -0.6059 0.7755
vn -0.3201 -0.6095 -0.7253
vn 0.6318 -0.6358 0.4435
vn -0.0240 -0.6111 0.7912
vn -0.4564 -0.6044 -0.6530
vn 0.7050 -0.6391 0.3075
vn -0.5760 -0.5997 -0.5555
vn 0.7503 -0.6415 0.1599
vn -0.6743 -0.5956 -0.4364
vn 0.7659 -0.6429 0.0063
vn -0.7475 -0.5923 -0.3005
vn 0.7513 -0.6433 -0.1474
vn -0.7928 -0.5899 -0.1529
vn 0.7070 -0.6426 -0.2953
vn -0.8085 -0.5885 0.0007
vn 0.6347 -0.6409 -0.4317
vn -0.7939 -0.5881 0.1544
vn 0.5372 -0.6382 -0.5515
vn -0.7496 -0.5888 0.3023
vn 0.4183 -0.6346 -0.6498
vn -0.6773 -0.5906 0.4388
vn 0.2824 -0.6303 -0.7231
vn 0.1297 -0.6165 0.7766
vn -0.5798 -0.5932 0.5585
vn 0.1349 -0.6255 -0.7685
vn 0.7698 -0.5446 0.3327
vn 0.6904 -0.5411 0.4802
vn -0.6197 -0.5019 -0.6034
vn -0.4899 -0.5070 -0.7091
vn 0.8190 -0.5473 0.1726
vn -0.7263 -0.4975 -0.4743
vn 0.8359 -0.5488 0.0060
vn -0.8057 -0.4939 -0.3268
vn 0.8201 -0.5492 -0.1607
vn -0.8549 -0.4913 -0.1667
vn 0.7721 -0.5484 -0.3212
vn -0.8718 -0.4898 -0.0001
vn 0.6936 -0.5466 -0.4692
vn -0.8560 -0.4894 0.1666
vn 0.5879 -0.5437 -0.5990
vn -0.8080 -0.4901 0.3271
vn 0.4589 -0.5398 -0.7057
vn -0.7295 -0.4920 0.4751
vn 0.3115 -0.5352 -0.7852
vn 0.1458 -0.5202 0.8415
vn -0.0208 -0.5143 0.8573
vn -0.6238 -0.4949 0.6049
vn 0.1515 -0.5299 -0.8344
vn 0.3061 -0.5260 0.7935
vn -0.4948 -0.4988 0.7116
vn -0.0151 -0.5242 -0.8514
vn 0.4540 -0.5316 0.7151
vn -0.3474 -0.5034 0.7911
vn -0.1817 -0.5184 -0.8356
vn 0.5838 -0.5366 0.6093
vn -0.1874 -0.5087 0.8403
vn -0.3420 -0.5126 -0.7876
vn 0.9270 0.3286 -0.1807
vn 0.9443 0.3290 0.0013
vn -0.9008 0.3917 -0.1872
vn -0.8472 0.3889 -0.3620
vn 0.8746 0.3294 -0.3558
vn -0.9194 0.3934 -0.0054
vn 0.7890 0.3314 -0.5173
vn -0.9021 0.3938 0.1766
vn 0.6736 0.3346 -0.6590
vn -0.8496 0.3930 0.3517
vn 0.5328 0.3388 -0.7754
vn -0.7641 0.3910 0.5132
vn 0.3720 0.3439 -0.8622
vn 0.1912 0.3602 0.9131
vn 0.0093 0.3666 0.9303
vn -0.6487 0.3878 0.6549
vn 0.1974 0.3496 -0.9159
vn 0.3662 0.3539 0.8606
vn -0.5078 0.3836 0.7713
vn 0.0156 0.3558 -0.9344
vn 0.5276 0.3478 0.7750
vn -0.3470 0.3785 0.8581
vn -0.1662 0.3622 -0.9172
vn 0.6692 0.3423 0.6596
vn -0.1724 0.3728 0.9118
vn -0.3412 0.3685 -0.8647
vn 0.7855 0.3375 0.5187
vn -0.5026 0.3746 -0.7792
vn 0.8722 0.3335 0.3578
vn -0.6442 0.3801 -0.6637
vn 0.9258 0.3307 0.1831
vn -0.7606 0.3850 -0.5228
vn 0.4181 0.8197 -0.3915
vn 0.4861 0.8178 -0.3081
vn -0.4787 0.8541 0.2035
vn -0.5096 0.8545 0.1004
vn 0.3352 0.8222 -0.4601
vn -0.4283 0.8529 0.2986
vn 0.2405 0.8251 -0.5112
vn 0.1341 0.8348 0.5340
vn 0.0270 0.8385 0.5442
vn -0.3604 0.8510 0.3820
vn 0.1377 0.8285 -0.5428
vn 0.2371 0.8310 0.5032
vn -0.2775 0.8485 0.4506
vn 0.0307 0.8321 -0.5537
vn 0.3321 0.8275 0.4528
vn -0.1828 0.8455 0.5017
vn -0.0763 0.8359 -0.5435
vn 0.4155 0.8242 0.3848
vn -0.0800 0.8422 0.5333
vn -0.1794 0.8396 -0.5127
vn 0.4840 0.8213 0.3019
vn -0.2744 0.8432 -0.4623
vn 0.5350 0.8190 0.2071
vn -0.3578 0.8465 -0.3943
vn 0.5666 0.8174 0.1043
vn -0.4263 0.8493 -0.3114
vn 0.5775 0.8164 -0.0028
vn -0.4773 0.8516 -0.2166
vn 0.5673 0.8161 -0.1099
vn -0.5089 0.8533 -0.1138
vn 0.5365 0.8166 -0.2130
vn -0.5198 0.8543 -0.0067
vn -0.0281 -0.8652 -0.5007
vn -0.0110 -0.4130 -0.9107
vn 0.1670 -0.4190 -0.8925
vn 0.0705 -0.8685 -0.4906
vn 0.2495 -0.8695 0.4263
vn 0.4903 -0.4208 0.7633
vn 0.3322 -0.4148 0.8471
vn 0.1620 -0.8662 0.4727
vn -0.2248 -0.8528 0.4713
vn -0.3661 -0.3907 0.8446
vn -0.5236 -0.3858 0.7596
vn -0.3120 -0.8501 0.4243
vn -0.1267 -0.8617 -0.4913
vn -0.1891 -0.4067 -0.8938
vn 0.3263 -0.8725 0.3637
vn 0.6289 -0.4262 0.6502
vn -0.1301 -0.8559 0.5004
vn -0.1951 -0.3963 0.8971
vn -0.2216 -0.8583 -0.4629
vn -0.3604 -0.4005 -0.8424
vn 0.3894 -0.8751 0.2873
vn 0.7429 -0.4309 0.5123
vn -0.3091 -0.8550 -0.4165
vn -0.5185 -0.3946 -0.7586
vn 0.4364 -0.8772 0.2001
vn 0.8277 -0.4348 0.3547
vn 0.1609 -0.4086 0.8984
vn 0.0671 -0.8628 0.5011
vn -0.3859 -0.8520 -0.3539
vn -0.6571 -0.3891 -0.6456
vn 0.4655 -0.8788 0.1053
vn 0.8802 -0.4376 0.1837
vn -0.4490 -0.8494 -0.2775
vn -0.7711 -0.3844 -0.5076
vn 0.4755 -0.8797 0.0067
vn 0.8984 -0.4392 0.0056
vn -0.4960 -0.8472 -0.1903
vn -0.8559 -0.3806 -0.3501
vn 0.4661 -0.8799 -0.0920
vn 0.8814 -0.4396 -0.1726
vn -0.5251 -0.8457 -0.0955
vn -0.9084 -0.3778 -0.1790
vn 0.4377 -0.8795 -0.1869
vn 0.8301 -0.4388 -0.3440
vn -0.5351 -0.8448 0.0031
vn -0.9266 -0.3762 -0.0010
vn 0.3913 -0.8784 -0.2745
vn 0.7463 -0.4368 -0.5022
vn -0.5257 -0.8445 0.1018
vn -0.9096 -0.3757 0.1772
vn 0.3287 -0.8767 -0.3513
vn 0.6333 -0.4337 -0.6409
vn -0.4973 -0.8450 0.1967
vn -0.8583 -0.3765 0.3487
vn 0.2524 -0.8744 -0.4145
vn 0.4954 -0.4296 -0.7550
vn -0.4509 -0.8461 0.2843
vn -0.7745 -0.3785 0.5068
vn 0.1652 -0.8716 -0.4615
vn 0.3380 -0.4246 -0.8399
vn -0.3883 -0.8478 0.3611
vn -0.6615 -0.3816 0.6456
vn -0.0315 -0.8593 0.5105
vn -0.0172 -0.4024 0.9153
vn -0.0873 0.9504 -0.2984
vn -0.0279 0.9483 -0.3162
vn 0.2953 0.9399 0.1715
vn 0.2558 0.9415 0.2193
vn 0.0317 0.9498 0.3112
vn -0.0300 0.9519 0.3049
vn -0.1422 0.9525 -0.2693
vn 0.3247 0.9386 0.1168
vn -0.1902 0.9544 -0.2301
vn 0.3429 0.9376 0.0575
vn -0.2298 0.9560 -0.1823
vn 0.3492 0.9370 -0.0043
vn -0.2592 0.9574 -0.1276
vn 0.3434 0.9369 -0.0661
vn -0.2774 0.9583 -0.0683
vn 0.3255 0.9372 -0.1255
vn -0.2837 0.9589 -0.0065
vn 0.2965 0.9379 -0.1804
vn -0.2778 0.9590 0.0553
vn 0.2573 0.9389 -0.2285
vn -0.2600 0.9588 0.1147
vn 0.2095 0.9404 -0.2680
vn -0.2310 0.9581 0.1696
vn 0.1549 0.9421 -0.2975
vn 0.0935 0.9476 0.3054
vn -0.1918 0.9570 0.2177
vn 0.0956 0.9440 -0.3157
vn 0.1529 0.9455 0.2876
vn -0.1439 0.9556 0.2573
vn 0.0338 0.9461 -0.3220
vn 0.2077 0.9434 0.2585
vn -0.0893 0.9538 0.2867
vn -0.6038 0.6739 -0.4258
vn -0.5095 0.6700 -0.5399
vn 0.7778 0.6285 -0.0010
vn 0.7628 0.6299 0.1463
vn -0.6741 0.6770 -0.2954
vn 0.7638 0.6282 -0.1485
vn -0.7175 0.6793 -0.1538
vn 0.7213 0.6288 -0.2904
vn -0.7325 0.6807 -0.0064
vn 0.6519 0.6305 -0.4213
vn -0.7185 0.6810 0.1410
vn 0.5584 0.6331 -0.5361
vn -0.6760 0.6804 0.2829
vn 0.4443 0.6365 -0.6305
vn -0.6067 0.6787 0.4138
vn 0.3140 0.6406 -0.7008
vn 0.1674 0.6538 0.7379
vn 0.0201 0.6590 0.7519
vn -0.5132 0.6762 0.5286
vn 0.1725 0.6452 -0.7443
vn 0.3092 0.6487 0.6954
vn -0.3991 0.6727 0.6230
vn 0.0252 0.6502 -0.7593
vn 0.4400 0.6438 0.6260
vn -0.2687 0.6686 0.6933
vn -0.1222 0.6554 -0.7453
vn 0.5548 0.6393 0.5325
vn -0.1272 0.6640 0.7368
vn -0.2640 0.6605 -0.7028
vn 0.6491 0.6354 0.4183
vn -0.3948 0.6655 -0.6335
vn 0.7193 0.6322 0.2879
vn -0.6939 0.7200 -0.0065
vn -0.6796 0.7187 -0.1466
vn 0.6223 0.6723 -0.4009
vn 0.6883 0.6707 -0.2765
vn -0.6806 0.7204 0.1337
vn 0.5334 0.6747 -0.5101
vn -0.6402 0.7197 0.2686
vn 0.4249 0.6780 -0.5998
vn -0.5743 0.7182 0.3930
vn 0.3010 0.6819 -0.6666
vn 0.1617 0.6945 0.7011
vn 0.0216 0.6994 0.7144
vn -0.4854 0.7157 0.5022
vn 0.1665 0.6863 -0.7080
vn 0.2965 0.6896 0.6607
vn -0.3769 0.7125 0.5919
vn 0.0265 0.6911 -0.7223
vn 0.4209 0.6849 0.5948
vn -0.2530 0.7086 0.6587
vn -0.1136 0.6960 -0.7090
vn 0.5300 0.6806 0.5058
vn -0.1184 0.7042 0.7001
vn -0.2485 0.7009 -0.6686
vn 0.6196 0.6769 0.3973
vn -0.3728 0.7055 -0.6027
vn 0.6864 0.6739 0.2733
vn -0.4819 0.7098 -0.5137
vn 0.7277 0.6717 0.1387
vn -0.5716 0.7135 -0.4052
vn 0.7420 0.6704 -0.0014
vn -0.6383 0.7165 -0.2812
vn 0.7287 0.6701 -0.1416
vn -0.8147 0.2025 0.5434
vn -0.9051 0.2047 0.3728
vn 0.3858 0.1527 -0.9098
vn 0.5557 0.1474 -0.8182
vn 0.1947 0.1700 0.9660
vn 0.0026 0.1768 0.9843
vn -0.6927 0.1991 0.6932
vn 0.2013 0.1588 -0.9666
vn 0.3796 0.1633 0.9106
vn -0.5439 0.1947 0.8162
vn 0.0093 0.1653 -0.9862
vn 0.5502 0.1569 0.8202
vn -0.3740 0.1893 0.9079
vn -0.1829 0.1721 -0.9680
vn 0.6998 0.1510 0.6982
vn -0.1895 0.1833 0.9646
vn -0.3678 0.1788 -0.9126
vn 0.8228 0.1459 0.5493
vn -0.5384 0.1852 -0.8221
vn 0.9143 0.1418 0.3793
vn -0.6880 0.1910 -0.7001
vn 0.9710 0.1388 0.1947
vn -0.8109 0.1961 -0.5513
vn 0.9906 0.1370 0.0026
vn -0.9025 0.2003 -0.3813
vn 0.9723 0.1366 -0.1897
vn -0.9592 0.2033 -0.1966
vn 0.9169 0.1374 -0.3747
vn -0.9787 0.2051 -0.0045
vn 0.8265 0.1396 -0.5454
vn -0.9605 0.2055 0.1878
vn 0.7045 0.1429 -0.6951
vn -0.3784 0.1410 0.9148
vn -0.5496 0.1464 0.8225
vn -0.1860 0.1236 -0.9748
vn 0.0076 0.1168 -0.9931
vn 0.7032 0.1024 0.7036
vn 0.5525 0.1083 0.8265
vn -0.1926 0.1349 0.9720
vn -0.3722 0.1303 -0.9189
vn 0.8271 0.0973 0.5536
vn 0.0009 0.1283 0.9917
vn -0.5440 0.1368 -0.8279
vn 0.9193 0.0931 0.3824
vn -0.6947 0.1427 -0.7050
vn 0.9764 0.0901 0.1964
vn -0.8186 0.1478 -0.5550
vn 0.9961 0.0883 0.0029
vn -0.9108 0.1520 -0.3838
vn 0.9777 0.0878 -0.1908
vn -0.9679 0.1550 -0.1978
vn 0.9219 0.0887 -0.3772
vn -0.9876 0.1568 -0.0043
vn 0.8308 0.0909 -0.5491
vn -0.9692 0.1573 0.1894
vn 0.7080 0.0942 -0.6999
vn -0.9134 0.1564 0.3758
vn 0.5581 0.0987 -0.8239
vn -0.8223 0.1542 0.5477
vn 0.3869 0.1041 -0.9162
vn 0.1944 0.1215 0.9734
vn -0.6995 0.1509 0.6985
vn 0.2010 0.1102 -0.9734
vn 0.3807 0.1148 0.9176
vn -0.7013 0.0757 -0.7089
vn -0.5497 0.0697 -0.8325
vn 0.9799 0.0227 0.1980
vn 0.9225 0.0258 0.3851
vn -0.8259 0.0808 -0.5580
vn 0.9998 0.0209 0.0033
vn -0.9187 0.0850 -0.3857
vn 0.9813 0.0204 -0.1916
vn -0.9761 0.0881 -0.1986
vn 0.9251 0.0213 -0.3791
vn -0.9959 0.0899 -0.0039
vn 0.8335 0.0235 -0.5520
vn -0.9774 0.0903 0.1910
vn 0.7099 0.0269 -0.7038
vn -0.9213 0.0894 0.3785
vn 0.5591 0.0314 -0.8285
vn -0.8297 0.0873 0.5514
vn 0.3869 0.0368 -0.9214
vn 0.1933 0.0543 0.9796
vn -0.0015 0.0612 0.9981
vn -0.7061 0.0839 0.7032
vn 0.1999 0.0430 -0.9789
vn 0.3807 0.0475 0.9235
vn -0.5553 0.0794 0.8279
vn 0.0053 0.0496 -0.9988
vn 0.5535 0.0411 0.8318
vn -0.3831 0.0739 0.9208
vn -0.1894 0.0564 -0.9803
vn 0.7051 0.0351 0.7082
vn -0.1961 0.0678 0.9782
vn -0.3768 0.0632 -0.9241
vn 0.8297 0.0299 0.5574
vn -0.9800 0.0153 -0.1985
vn -0.9225 0.0122 -0.3858
vn 0.9239 -0.0516 -0.3792
vn 0.9801 -0.0524 -0.1914
vn -0.9998 0.0171 -0.0035
vn 0.8321 -0.0494 -0.5524
vn -0.9813 0.0175 0.1916
vn 0.7084 -0.0460 -0.7043
vn -0.9251 0.0167 0.3794
vn 0.5574 -0.0415 -0.8292
vn -0.8333 0.0145 0.5526
vn 0.3849 -0.0360 -0.9222
vn -0.7096 0.0111 0.7045
vn 0.1910 -0.0185 0.9814
vn -0.0040 -0.0116 0.9999
vn 0.1977 -0.0299 -0.9798
vn -0.5586 0.0066 0.8294
vn 0.3787 -0.0253 0.9252
vn 0.0028 -0.0233 -0.9997
vn -0.3861 0.0011 0.9224
vn 0.5517 -0.0318 0.8334
vn -0.1922 -0.0164 -0.9812
vn -0.1989 -0.0050 0.9800
vn 0.7036 -0.0378 0.7096
vn -0.3799 -0.0096 -0.9250
vn 0.8284 -0.0429 0.5586
vn -0.5529 -0.0031 -0.8332
vn 0.9213 -0.0471 0.3860
vn -0.7048 0.0029 -0.7094
vn 0.9788 -0.0502 0.1987
vn -0.8296 0.0080 -0.5584
vn 0.9986 -0.0520 0.0037
vn -0.9251 -0.0200 0.3791
vn -0.9813 -0.0191 0.1916
vn 0.5554 -0.0780 -0.8279
vn 0.7062 -0.0825 -0.7032
vn -0.8335 -0.0221 0.5521
vn 0.3832 -0.0726 -0.9208
vn 0.1895 -0.0551 0.9803
vn -0.0053 -0.0482 0.9988
vn -0.7099 -0.0256 0.7038
vn 0.1961 -0.0664 -0.9783
vn 0.3769 -0.0619 0.9242
vn -0.5591 -0.0301 0.8286
vn 0.0015 -0.0598 -0.9982
vn 0.5497 -0.0684 0.8325
vn -0.3869 -0.0355 0.9214
vn -0.1932 -0.0530 -0.9797
vn 0.7014 -0.0743 0.7089
vn -0.1999 -0.0416 0.9789
vn -0.3806 -0.0462 -0.9236
vn 0.8260 -0.0795 0.5580
vn -0.5535 -0.0397 -0.8319
vn 0.9188 -0.0837 0.3857
vn -0.7051 -0.0338 -0.7083
vn 0.9762 -0.0867 0.1986
vn -0.8297 -0.0286 -0.5574
vn 0.9961 -0.0885 0.0039
vn -0.9225 -0.0244 -0.3851
vn 0.9776 -0.0890 -0.1910
vn -0.9800 -0.0214 -0.1980
vn 0.9214 -0.0881 -0.3785
vn -0.9998 -0.0196 -0.0033
vn 0.8298 -0.0859 -0.5515
vn -0.5086 -0.4493 0.7345
vn -0.6419 -0.4453 0.6243
vn -0.0133 -0.4756 -0.8796
vn 0.1587 -0.4814 -0.8620
vn 0.4711 -0.4831 0.7380
vn 0.3184 -0.4774 0.8190
vn -0.3565 -0.4541 0.8166
vn -0.1853 -0.4695 -0.8632
vn 0.6051 -0.4884 0.6288
vn -0.1912 -0.4595 0.8674
vn -0.3509 -0.4635 -0.8136
vn 0.7152 -0.4929 0.4955
vn -0.0193 -0.4653 0.8849
vn -0.5036 -0.4578 -0.7327
vn 0.7972 -0.4966 0.3432
vn -0.6376 -0.4525 -0.6234
vn 0.8480 -0.4993 0.1779
vn -0.7477 -0.4480 -0.4901
vn 0.8655 -0.5009 0.0058
vn -0.8297 -0.4443 -0.3379
vn 0.8491 -0.5013 -0.1663
vn -0.8805 -0.4416 -0.1725
vn 0.7995 -0.5005 -0.3320
vn -0.8980 -0.4400 -0.0005
vn 0.7185 -0.4986 -0.4848
vn -0.8816 -0.4396 0.1717
vn 0.6093 -0.4956 -0.6189
vn -0.8320 -0.4403 0.3374
vn 0.4761 -0.4916 -0.7291
vn -0.7511 -0.4423 0.4902
vn 0.3239 -0.4868 -0.8112
vn 0.1528 -0.4714 0.8686
vn -0.0339 -0.9480 0.3165
vn -0.0945 -0.9459 0.3103
vn -0.2047 -0.9453 -0.2539
vn -0.1508 -0.9473 -0.2824
vn 0.2540 -0.9590 0.1255
vn 0.2251 -0.9577 0.1792
vn -0.2519 -0.9435 -0.2154
vn 0.2719 -0.9600 0.0672
vn -0.2908 -0.9419 -0.1684
vn 0.2781 -0.9605 0.0065
vn -0.3197 -0.9406 -0.1147
vn 0.2723 -0.9607 -0.0542
vn -0.3376 -0.9396 -0.0564
vn 0.2548 -0.9604 -0.1126
vn -0.3438 -0.9390 0.0043
vn 0.2263 -0.9597 -0.1665
vn -0.3380 -0.9389 0.0650
vn 0.1878 -0.9587 -0.2138
vn -0.3205 -0.9392 0.1234
vn 0.1408 -0.9573 -0.2527
vn -0.2919 -0.9399 0.1773
vn 0.0871 -0.9556 -0.2816
vn 0.0268 -0.9501 0.3108
vn -0.2534 -0.9409 0.2246
vn 0.0289 -0.9537 -0.2995
vn 0.0852 -0.9522 0.2933
vn -0.2064 -0.9423 0.2635
vn -0.0318 -0.9516 -0.3057
vn 0.1390 -0.9543 0.2647
vn -0.1528 -0.9440 0.2924
vn -0.0925 -0.9495 -0.2999
vn 0.1863 -0.9561 0.2262
vn 0.5825 -0.7085 -0.3983
vn 0.6493 -0.7101 -0.2722
vn -0.7376 -0.6598 0.1433
vn -0.7511 -0.6601 0.0013
vn 0.4924 -0.7060 -0.5089
vn -0.6967 -0.6604 0.2800
vn 0.3825 -0.7027 -0.5999
vn -0.6299 -0.6620 0.4061
vn 0.2570 -0.6988 -0.6676
vn 0.1158 -0.6860 0.7183
vn -0.0262 -0.6810 0.7318
vn -0.5398 -0.6645 0.5167
vn 0.1207 -0.6943 -0.7095
vn 0.2524 -0.6910 0.6774
vn -0.4299 -0.6678 0.6077
vn -0.0212 -0.6895 -0.7240
vn 0.3784 -0.6957 0.6106
vn -0.3043 -0.6718 0.6754
vn -0.1632 -0.6845 -0.7105
vn 0.4890 -0.7001 0.5204
vn -0.1680 -0.6762 0.7173
vn -0.2998 -0.6796 -0.6696
vn 0.5798 -0.7038 0.4105
vn -0.4258 -0.6748 -0.6028
vn 0.6474 -0.7069 0.2849
vn -0.5363 -0.6705 -0.5126
vn 0.6893 -0.7091 0.1485
vn -0.6272 -0.6667 -0.4027
vn 0.7038 -0.7104 0.0065
vn -0.6948 -0.6637 -0.2771
vn 0.6903 -0.7107 -0.1355
vn -0.7367 -0.6615 -0.1407
vn -0.1362 0.5796 -0.8034
vn 0.0228 0.5740 -0.8185
vn 0.5942 0.5622 0.5752
vn 0.4704 0.5670 0.6762
vn -0.1417 0.5889 0.7957
vn -0.2943 0.5939 0.7488
vn -0.2892 0.5851 -0.7576
vn 0.6959 0.5580 0.4521
vn 0.0172 0.5835 0.8119
vn -0.4304 0.5904 -0.6828
vn 0.7717 0.5545 0.3114
vn -0.5542 0.5953 -0.5818
vn 0.8186 0.5521 0.1586
vn -0.6559 0.5995 -0.4587
vn 0.8348 0.5506 -0.0004
vn -0.7317 0.6029 -0.3180
vn 0.8197 0.5502 -0.1595
vn -0.7786 0.6054 -0.1652
vn 0.7738 0.5509 -0.3126
vn -0.7948 0.6069 -0.0062
vn 0.6990 0.5527 -0.4538
vn -0.7796 0.6073 0.1529
vn 0.5981 0.5555 -0.5777
vn -0.7338 0.6066 0.3060
vn 0.4750 0.5592 -0.6795
vn -0.6590 0.6048 0.4472
vn 0.3344 0.5636 -0.7554
vn 0.1762 0.5779 0.7969
vn -0.5581 0.6020 0.5711
vn 0.1817 0.5686 -0.8023
vn 0.3292 0.5723 0.7510
vn -0.4350 0.5983 0.6729
vn -0.7038 0.0324 -0.7096
vn -0.5520 0.0264 -0.8335
vn 0.9799 -0.0207 0.1985
vn 0.9224 -0.0176 0.3859
vn -0.8286 0.0375 -0.5586
vn 0.9997 -0.0225 0.0035
vn -0.9215 0.0417 -0.3860
vn 0.9812 -0.0229 -0.1916
vn -0.9790 0.0448 -0.1987
vn 0.9250 -0.0221 -0.3794
vn -0.9989 0.0466 -0.0037
vn 0.8332 -0.0199 -0.5526
vn -0.9804 0.0470 0.1915
vn 0.7094 -0.0165 -0.7046
vn -0.9241 0.0462 0.3793
vn 0.5584 -0.0120 -0.8295
vn -0.8324 0.0440 0.5525
vn 0.3860 -0.0065 -0.9225
vn 0.1920 0.0110 0.9813
vn -0.0030 0.0179 0.9998
vn -0.7086 0.0406 0.7044
vn 0.1987 -0.0004 -0.9801
vn 0.3797 0.0042 0.9251
vn -0.5576 0.0361 0.8293
vn 0.0038 0.0062 -1.0000
vn 0.5528 -0.0023 0.8333
vn -0.3851 0.0306 0.9224
vn -0.1912 0.0131 -0.9815
vn 0.7046 -0.0083 0.7095
vn -0.1979 0.0245 0.9799
vn -0.3789 0.0199 -0.9252
vn 0.8294 -0.0134 0.5584
vn -0.3034 -0.9516 -0.0493
vn -0.2875 -0.9524 -0.1010
vn 0.2218 -0.9700 -0.0992
vn 0.2373 -0.9703 -0.0474
vn -0.3088 -0.9511 0.0045
vn 0.1965 -0.9694 -0.1469
vn -0.3037 -0.9510 0.0583
vn 0.1624 -0.9685 -0.1889
vn -0.2882 -0.9512 0.1101
vn 0.1207 -0.9672 -0.2233
vn -0.2629 -0.9518 0.1579
vn 0.0731 -0.9657 -0.2490
vn 0.0197 -0.9609 0.2762
vn -0.0341 -0.9590 0.2813
vn -0.2288 -0.9528 0.1998
vn 0.0215 -0.9641 -0.2648
vn 0.0714 -0.9628 0.2607
vn -0.1871 -0.9540 0.2342
vn -0.0323 -0.9622 -0.2703
vn 0.1192 -0.9646 0.2353
vn -0.1396 -0.9555 0.2599
vn -0.0861 -0.9603 -0.2652
vn 0.1610 -0.9662 0.2012
vn -0.0879 -0.9572 0.2758
vn -0.1378 -0.9585 -0.2497
vn 0.1955 -0.9677 0.1595
vn -0.1856 -0.9567 -0.2244
vn 0.2211 -0.9688 0.1119
vn -0.2275 -0.9550 -0.1903
vn 0.2370 -0.9696 0.0602
vn -0.2619 -0.9536 -0.1486
vn 0.2424 -0.9701 0.0065
vn -0.4334 -0.8850 0.1702
vn -0.4579 -0.8846 0.0885
vn 0.2117 -0.9103 -0.3558
vn 0.2774 -0.9122 -0.3014
vn -0.3935 -0.8859 0.2455
vn 0.1367 -0.9079 -0.3963
vn 0.0523 -0.9003 0.4322
vn -0.0326 -0.8973 0.4402
vn -0.3396 -0.8874 0.3117
vn 0.0552 -0.9052 -0.4213
vn 0.1339 -0.9032 0.4077
vn -0.2739 -0.8894 0.3660
vn -0.0296 -0.9024 -0.4300
vn 0.2093 -0.9061 0.3678
vn -0.1989 -0.8917 0.4065
vn -0.1145 -0.8994 -0.4219
vn 0.2753 -0.9087 0.3139
vn -0.1174 -0.8944 0.4316
vn -0.1961 -0.8964 -0.3975
vn 0.3296 -0.9109 0.2481
vn -0.2715 -0.8936 -0.3575
vn 0.3701 -0.9127 0.1731
vn -0.3375 -0.8910 -0.3036
vn 0.3951 -0.9141 0.0915
vn -0.3918 -0.8887 -0.2379
vn 0.4037 -0.9148 0.0067
vn -0.4323 -0.8869 -0.1628
vn 0.3957 -0.9151 -0.0782
vn -0.4573 -0.8856 -0.0813
vn 0.3712 -0.9147 -0.1599
vn -0.4660 -0.8848 0.0036
vn 0.3313 -0.9137 -0.2353
vn -0.5160 -0.4197 0.7467
vn -0.6515 -0.4156 0.6347
vn -0.0122 -0.4464 -0.8947
vn 0.1627 -0.4524 -0.8769
vn 0.4804 -0.4541 0.7503
vn 0.3251 -0.4483 0.8327
vn -0.3612 -0.4246 0.8302
vn -0.1872 -0.4403 -0.8781
vn 0.6167 -0.4595 0.6392
vn -0.1932 -0.4301 0.8819
vn -0.3556 -0.4342 -0.8277
vn 0.7287 -0.4641 0.5037
vn -0.0183 -0.4360 0.8997
vn -0.5109 -0.4284 -0.7453
vn 0.8120 -0.4679 0.3488
vn -0.6472 -0.4230 -0.6342
vn 0.8636 -0.4706 0.1807
vn -0.7592 -0.4184 -0.4986
vn 0.8815 -0.4722 0.0057
vn -0.8425 -0.4146 -0.3438
vn 0.8648 -0.4726 -0.1694
vn -0.8941 -0.4119 -0.1757
vn 0.8144 -0.4718 -0.3379
vn -0.9120 -0.4103 -0.0007
vn 0.7320 -0.4699 -0.4933
vn -0.8953 -0.4098 0.1744
vn 0.6210 -0.4668 -0.6297
vn -0.8449 -0.4106 0.3429
vn 0.4855 -0.4628 -0.7417
vn -0.7625 -0.4126 0.4983
vn 0.3307 -0.4579 -0.8252
vn 0.1567 -0.4422 0.8831
vn 0.0172 0.5835 0.8120
vn 0.6959 0.5579 0.4521
vn 0.8186 0.5520 0.1586
vn -0.7797 0.6072 0.1529
vn -0.7338 0.6065 0.3060
vn 0.4750 0.5591 -0.6795
vn 0.3293 0.5723 0.7510
vn -0.2944 0.5939 0.7488
vn -0.1362 0.5796 -0.8035
vn -0.9036 0.1945 -0.3816
vn -0.8120 0.1903 -0.5518
vn 0.9731 0.1307 -0.1899
vn 0.9914 0.1311 0.0026
vn -0.9603 0.1975 -0.1968
vn 0.9176 0.1316 -0.3751
vn -0.9799 0.1992 -0.0045
vn 0.8271 0.1337 -0.5459
vn -0.9617 0.1997 0.1880
vn 0.7050 0.1371 -0.6958
vn -0.9062 0.1988 0.3732
vn 0.5561 0.1415 -0.8190
vn -0.8157 0.1967 0.5440
vn 0.3860 0.1469 -0.9107
vn 0.1947 0.1642 0.9670
vn 0.0024 0.1709 0.9853
vn -0.6936 0.1933 0.6939
vn 0.2013 0.1529 -0.9675
vn 0.3798 0.1575 0.9116
vn -0.5447 0.1889 0.8171
vn 0.0091 0.1595 -0.9872
vn 0.5505 0.1510 0.8210
vn -0.3746 0.1835 0.9089
vn -0.1833 0.1662 -0.9689
vn 0.7003 0.1452 0.6989
vn -0.1899 0.1775 0.9656
vn -0.3684 0.1729 -0.9134
vn 0.8234 0.1401 0.5499
vn -0.5391 0.1794 -0.8229
vn 0.9151 0.1359 0.3797
vn -0.6889 0.1852 -0.7008
vn 0.9718 0.1329 0.1949
vn -0.8904 -0.4209 0.1734
vn -0.9069 -0.4213 -0.0006
vn 0.6168 -0.4775 -0.6258
vn 0.7271 -0.4805 -0.4902
vn -0.8402 -0.4216 0.3409
vn 0.4821 -0.4735 -0.7372
vn -0.7584 -0.4236 0.4954
vn 0.3283 -0.4686 -0.8201
vn 0.1553 -0.4530 0.8779
vn -0.0187 -0.4469 0.8944
vn -0.6480 -0.4266 0.6309
vn 0.1612 -0.4632 -0.8715
vn 0.3227 -0.4591 0.8277
vn -0.5133 -0.4307 0.7423
vn -0.0126 -0.4572 -0.8893
vn 0.4770 -0.4649 0.7459
vn -0.3595 -0.4355 0.8253
vn -0.1865 -0.4511 -0.8727
vn 0.6125 -0.4702 0.6355
vn -0.1925 -0.4410 0.8766
vn -0.3539 -0.4451 -0.8226
vn 0.7238 -0.4748 0.5007
vn -0.5083 -0.4393 -0.7407
vn 0.8067 -0.4785 0.3468
vn -0.6437 -0.4340 -0.6303
vn 0.8580 -0.4813 0.1797
vn -0.7550 -0.4293 -0.4956
vn 0.8757 -0.4829 0.0058
vn -0.8379 -0.4256 -0.3417
vn 0.8591 -0.4833 -0.1683
vn -0.8892 -0.4229 -0.1746
vn 0.8090 -0.4825 -0.3358
vn -0.1013 0.0092 0.9948
vn 0.5395 -0.0139 0.8419
vn 0.0342 0.9994 -0.0061
vn 0.0339 0.9994 -0.0060
vn 0.0331 0.9994 -0.0070
vn 0.0339 0.9994 -0.0068
vn -0.9805 0.0328 -0.1937
vn 0.0349 0.9994 -0.0069
vn 0.0358 0.9993 -0.0073
vn 0.0351 0.9994 -0.0061
vn 0.0348 0.9994 -0.0061
vn 0.7704 -0.0230 0.6372
vn 0.0345 0.9994 -0.0057
vn -0.4681 0.0112 -0.8836
vn 0.0365 0.9993 -0.0047
vn 0.0364 0.9993 -0.0047
vn 0.9994 -0.0345 0.0053
vn 0.5467 -0.0237 -0.8370
vn -0.8798 0.0277 -0.4746
vn 0.0325 0.9995 -0.0063
vn 0.9573 -0.0347 -0.2868
vn -0.3996 0.0190 0.9165
vn 0.0364 0.9993 -0.0067
vn -0.3946 0.0084 -0.9188
vn -0.8830 0.0332 0.4682
vn 0.0329 0.9995 -0.0043
vn 0.2934 -0.0156 -0.9559
vn 0.5650 -0.0148 0.8249
vn 0.8291 -0.0254 0.5585
vn -0.6946 0.0199 -0.7191
vn -0.3713 0.0181 0.9283
vn 0.2145 -0.0130 -0.9766
vn -0.9805 0.0350 0.1933
vn 0.9265 -0.0342 -0.3748
vn -0.9943 0.0338 -0.1016
vn -0.6366 0.0264 0.7707
vn 0.9554 -0.0314 0.2937
vn 0.0346 0.9994 -0.0057
vn -0.2388 0.0164 -0.9709
vn -0.1009 0.6762 -0.7298
vn 0.0087 0.6724 -0.7402
vn 0.0527 0.0062 -0.9986
vn -0.0814 0.0053 -0.9967
vn -0.0938 0.0185 -0.9954
vn -0.1072 0.0062 -0.9942
vn 0.2869 -0.0045 0.9580
vn 0.7747 -0.0304 -0.6316
vn 0.5421 -0.0160 -0.8401
vn 0.5357 -0.0233 -0.8441
vn -0.2478 0.0304 0.9683
vn -0.1128 0.6884 0.7165
vn -0.2626 0.7046 0.6593
vn -0.4026 0.0272 0.9150
vn -0.9828 0.0410 -0.1801
vn -0.6855 0.7147 -0.1390
vn -0.6487 0.6977 -0.3040
vn -0.9392 0.0441 -0.3404
vn 0.8593 -0.0190 -0.5112
vn 0.6269 0.6529 -0.4251
vn 0.6951 0.6662 -0.2701
vn 0.9319 -0.0262 -0.3618
vn 0.5683 -0.0069 0.8228
vn 0.4301 0.6803 0.5935
vn 0.2930 0.6742 0.6780
vn 0.4268 0.0067 0.9043
vn -0.9856 0.0350 0.1653
vn -0.9840 0.0430 0.1729
vn 0.4198 0.6736 -0.6082
vn 0.5575 0.6547 -0.5104
vn 0.6743 -0.0138 -0.7383
vn 0.8139 -0.0248 0.5805
vn 0.8186 -0.0170 0.5741
vn -0.6953 0.0361 0.7178
vn -0.6900 0.0280 0.7232
vn 0.2244 -0.0133 -0.9744
vn 0.2175 -0.0055 -0.9760
vn 0.9995 -0.0266 -0.0154
vn 0.9991 -0.0380 -0.0183
vn -0.9415 0.0481 0.3336
vn -0.6507 0.7011 0.2915
vn -0.6864 0.7162 0.1261
vn -0.3970 0.0159 -0.9177
vn -0.2584 0.6967 -0.6692
vn 0.9024 -0.0152 0.4305
vn 0.7089 0.6540 0.2643
vn 0.6181 0.6727 0.4067
vn -0.4824 0.7113 0.5112
vn -0.5994 0.6999 0.3885
vn -0.8043 0.0448 0.5926
vn 0.1758 0.6815 -0.7104
vn -0.6851 0.0195 -0.7282
vn -0.6901 0.0272 -0.7232
vn 0.7460 0.6659 -0.0099
vn 0.7410 0.6523 0.1594
vn 0.9884 -0.0196 0.1504
vn -0.4100 0.0194 0.9119
vn -0.9845 0.0330 -0.1724
vn 0.9326 -0.0376 -0.3589
vn 0.5744 -0.0152 0.8184
vn -0.8003 0.0380 -0.5984
vn -0.5967 0.6952 -0.4009
vn -0.4788 0.7051 -0.5230
vn 0.7831 -0.0225 -0.6214
vn 0.7752 -0.0095 -0.6316
vn 0.7668 -0.0219 -0.6416
vn 0.7377 0.6597 -0.1434
vn 0.9517 -0.0230 0.3061
vn 0.9559 -0.0105 0.2935
vn 0.9593 -0.0232 0.2813
vn -0.7038 0.7103 -0.0065
vn 0.2019 0.0005 0.9794
vn 0.1703 0.6775 0.7156
vn 0.0148 0.6829 0.7303
vn -0.0137 0.0081 0.9999
vn -0.7952 0.0429 0.6048
vn 0.0679 0.0040 -0.9977
vn -0.4039 0.0088 -0.9148
vn -0.7912 0.0359 -0.6106
vn 0.3044 0.6717 -0.6754
vn -0.9465 0.0466 0.3192
vn 0.6629 -0.0151 -0.7486
vn -0.2603 0.0265 0.9652
vn -0.3826 0.7027 0.5999
vn 0.9898 -0.0247 0.1401
vn 0.3006 0.0126 0.9537
vn 0.3069 0.0110 0.9517
vn 0.4382 0.0020 0.8989
vn 0.8957 -0.0165 0.4443
vn -0.1211 0.0260 0.9923
vn -0.1144 0.0271 0.9931
vn -0.8733 0.0357 -0.4859
vn -0.8789 0.0486 -0.4746
vn -0.8856 0.0361 -0.4630
vn 0.8645 -0.0241 -0.5021
vn 0.5364 0.6704 0.5127
vn -0.8886 0.0416 0.4568
vn -0.8821 0.0540 0.4680
vn -0.8765 0.0411 0.4797
vn -0.3785 0.6956 -0.6106
vn -0.9444 0.0427 -0.3261
vn -0.2537 0.0153 -0.9672
vn 0.0346 0.9994 -0.0069
vn 0.0321 0.9994 -0.0082
vn 0.0331 0.9994 -0.0078
vn 0.0346 0.9994 -0.0047
vn 0.0326 0.9995 -0.0055
vn 0.0338 0.9994 -0.0038
vn 0.0338 0.9994 -0.0047
vn 0.0340 0.9994 -0.0044
vn 0.0355 0.9993 -0.0077
vn 0.0349 0.9994 -0.0075
vn 0.0330 0.9994 -0.0084
vn 0.0340 0.9994 -0.0070
vn 0.0364 0.9993 -0.0078
vn 0.0343 0.9994 -0.0044
vn 0.0340 0.9994 -0.0069
vn 0.0329 0.9995 -0.0023
vn 0.0321 0.9994 -0.0098
vn 0.0346 0.9994 -0.0071
vn 0.0335 0.9994 -0.0049
vn 0.0320 0.9995 -0.0046
vn 0.0325 0.9995 -0.0041
vn 0.0358 0.9993 -0.0052
vn 0.0358 0.9993 -0.0078
vn 0.0338 0.9994 -0.0057
vn 0.0369 0.9993 -0.0048
vn 0.0373 0.9993 -0.0052
vn 0.0336 0.9994 -0.0038
vn 0.0337 0.9994 -0.0067
vn 0.0349 0.9994 -0.0053
vn 0.0353 0.9994 -0.0035
vn 0.0321 0.9995 -0.0020
vn 0.0336 0.9994 -0.0057
vn 0.0336 0.9994 -0.0067
vn 0.0335 0.9994 -0.0059
vn 0.0339 0.9994 -0.0046
vn 0.0336 0.9994 -0.0052
vn 0.0313 0.9995 -0.0099
vn 0.0323 0.9995 -0.0027
vn 0.0326 0.9995 -0.0050
vn 0.0327 0.9994 -0.0065
vn 0.0327 0.9994 -0.0060
vn 0.0330 0.9994 -0.0048
vn 0.0329 0.9994 -0.0054
vn 0.0318 0.9995 -0.0091
vn 0.0318 0.9995 -0.0026
vn 0.0320 0.9995 -0.0045
vn 0.0322 0.9995 -0.0064
vn 0.0324 0.9995 -0.0063
vn 0.0328 0.9995 -0.0051
vn 0.0329 0.9994 -0.0057
vn 0.0325 0.9994 -0.0090
vn 0.0338 0.9994 -0.0031
vn 0.0340 0.9994 -0.0045
vn 0.0342 0.9994 -0.0067
vn 0.0347 0.9994 -0.0066
vn 0.0351 0.9994 -0.0054
vn 0.0355 0.9994 -0.0058
vn 0.0357 0.9993 -0.0087
vn 0.0365 0.9993 -0.0031
vn 0.0364 0.9993 -0.0044
vn 0.0361 0.9993 -0.0069
vn 0.0362 0.9993 -0.0069
vn 0.0364 0.9993 -0.0058
vn 0.0366 0.9993 -0.0059
vn 0.0367 0.9993 -0.0084
vn 0.0382 0.9993 -0.0027
vn 0.0377 0.9993 -0.0039
vn 0.0369 0.9993 -0.0068
vn 0.0366 0.9993 -0.0070
vn 0.0364 0.9993 -0.0057
vn 0.0365 0.9993 -0.0078
vn 0.0370 0.9993 -0.0033
vn 0.0370 0.9993 -0.0037
vn 0.0358 0.9993 -0.0068
vn 0.0356 0.9993 -0.0069
vn 0.0348 0.9994 -0.0046
vn 0.0340 0.9994 -0.0052
vn 0.8376 0.5463 -0.0003
vn 0.8213 0.5478 0.1592
vn -0.7346 0.5988 -0.3191
vn -0.6585 0.5954 -0.4603
vn 0.8224 0.5459 -0.1600
vn -0.7816 0.6013 -0.1658
vn 0.7764 0.5466 -0.3137
vn -0.7979 0.6028 -0.0062
vn 0.7013 0.5484 -0.4554
vn -0.7827 0.6032 0.1535
vn 0.6000 0.5512 -0.5797
vn -0.7367 0.6025 0.3071
vn 0.4765 0.5549 -0.6819
vn -0.6616 0.6007 0.4489
vn 0.3354 0.5594 -0.7581
vn 0.0171 0.5793 0.8149
vn -0.1424 0.5847 0.7986
vn -0.5603 0.5979 0.5732
vn 0.1821 0.5644 -0.8052
vn 0.3302 0.5681 0.7538
vn 0.1767 0.5737 0.7998
vn -0.4368 0.5942 0.6754
vn 0.0226 0.5698 -0.8215
vn 0.4719 0.5628 0.6787
vn -0.2956 0.5898 0.7515
vn -0.1370 0.5754 -0.8063
vn 0.5961 0.5579 0.5774
vn -0.2905 0.5810 -0.7603
vn 0.6982 0.5537 0.4537
vn -0.4321 0.5863 -0.6852
vn 0.7743 0.5503 0.3126
vn -0.5564 0.5912 -0.5839
vn 0.0348 0.9994 -0.0035
vn 0.7312 0.6822 0.0013
vn 0.7477 0.6640 0.0064
vn 0.1511 0.9883 -0.0215
vn -0.1661 -0.0834 0.9826
vn 0.6680 -0.0189 0.7439
vn 0.0347 0.9994 -0.0035
vn 0.0546 0.9268 0.3716
vn -0.2714 0.8379 0.4736
vn -0.6687 0.7313 0.1342
vn -0.5160 0.0227 0.8563
vn 0.2668 0.3678 0.8908
vn 0.7210 0.3528 0.5963
vn 0.5674 0.8190 -0.0853
vn 0.9881 -0.0350 -0.1499
vn 0.4123 0.6898 -0.5951
vn 0.3512 0.9196 0.1760
vn 0.3522 0.9191 0.1765
vn 0.2577 0.8240 0.5046
vn -0.2367 0.7194 0.6531
vn 0.4312 -0.0098 0.9022
vn 0.8968 0.3460 0.2757
vn 0.8997 0.3433 -0.2696
vn 0.2508 0.8250 -0.5064
vn 0.4229 -0.0198 -0.9060
vn -0.2532 0.7125 -0.6544
vn 0.3526 0.9183 -0.1799
vn 0.3537 0.9178 -0.1806
vn 0.5738 0.8153 0.0774
vn 0.4252 0.6960 0.5785
vn 0.9892 -0.0334 0.1428
vn 0.7269 0.3468 -0.5927
vn 0.2738 0.3589 -0.8923
vn -0.2697 0.8352 -0.4793
vn -0.5130 0.0128 -0.8583
vn -0.6689 0.7296 -0.1422
vn 0.0572 0.9241 -0.3778
vn -0.0887 0.9275 -0.3633
vn 0.2048 0.8243 -0.5278
vn 0.6794 0.6823 -0.2702
vn 0.3422 -0.0172 -0.9395
vn -0.4330 0.3803 -0.8173
vn -0.8092 0.3934 -0.4365
vn -0.5118 0.8403 0.1784
vn -0.9446 0.0345 0.3263
vn -0.2595 0.7201 0.6435
vn -0.3398 0.9336 -0.1134
vn -0.3385 0.9342 -0.1130
vn -0.3100 0.8379 -0.4493
vn 0.1746 0.6975 -0.6950
vn -0.5859 0.0156 -0.8102
vn -0.9126 0.3981 -0.0932
vn -0.8106 0.3977 0.4298
vn -0.1285 0.8329 0.5383
vn -0.2536 0.0143 0.9672
vn 0.4047 0.6968 0.5922
vn -0.2720 0.9334 0.2341
vn -0.2710 0.9339 0.2333
vn -0.5355 0.8443 0.0199
vn -0.4679 0.7207 -0.5115
vn -0.9986 0.0347 0.0387
vn -0.5858 0.3923 0.7092
vn -0.0472 0.7132 0.6994
vn 0.5675 0.5566 0.6067
vn 0.7311 0.6823 -0.0003
vn -0.6689 0.7314 0.1326
vn -0.4033 0.5907 0.6989
vn 0.2273 0.7035 0.6734
vn 0.5692 0.6904 0.4465
vn 0.8304 0.5426 -0.1262
vn 0.4110 0.6899 -0.5958
vn -0.2381 0.7195 0.6524
vn 0.3732 0.5648 0.7361
vn 0.7000 0.6845 0.2037
vn 0.7014 0.6821 -0.2068
vn 0.3667 0.5550 -0.7467
vn -0.2546 0.7126 -0.6537
vn 0.4240 0.6962 0.5793
vn 0.8304 0.5454 0.1137
vn 0.5722 0.6852 -0.4506
vn 0.2319 0.6957 -0.6799
vn -0.4010 0.5823 -0.7072
vn -0.6689 0.7299 -0.1410
vn 0.6796 0.6825 -0.2690
vn 0.3004 0.5577 -0.7738
vn -0.3066 0.7146 -0.6288
vn -0.5977 0.7263 -0.3396
vn -0.7543 0.6010 0.2642
vn -0.2581 0.7201 0.6441
vn 0.1761 0.6975 -0.6946
vn -0.4611 0.5840 -0.6681
vn -0.6786 0.7306 -0.0759
vn -0.5999 0.7301 0.3271
vn -0.1880 0.5845 0.7893
vn 0.4059 0.6969 0.5913
vn -0.4667 0.7208 -0.5125
vn -0.7996 0.5999 0.0285
vn -0.4257 0.7253 0.5410
vn -0.0379 0.7393 -0.6723
vn 0.2730 0.3492 -0.8964
vn 0.7185 -0.0354 -0.6946
vn 0.0847 -0.0180 -0.9962
vn -0.4116 0.3733 -0.8314
vn -0.2714 -0.0055 -0.9624
vn -0.8369 0.0192 -0.5470
vn -0.5648 0.7595 -0.3227
vn -0.5881 0.3760 -0.7161
vn -0.1858 -0.0057 -0.9826
vn -0.7810 0.0140 -0.6243
vn -0.9108 0.3983 -0.1088
vn -0.9507 0.0217 -0.3093
vn -0.9168 0.0273 0.3984
vn -0.5670 0.7632 0.3100
vn -0.9148 0.3911 0.1011
vn -0.9204 0.0230 -0.3902
vn -0.9528 0.0253 0.3026
vn -0.5890 0.3917 0.7069
vn -0.7852 0.0213 0.6188
vn -0.1784 0.0051 0.9840
vn -0.0549 0.7386 0.6719
vn -0.4180 0.3812 0.8246
vn -0.6694 0.7292 -0.1422
vn -0.8388 0.0255 0.5439
vn -0.2780 0.0057 0.9606
vn 0.2314 0.7285 0.6448
vn 0.5910 0.3457 0.7289
vn 0.4532 -0.0200 0.8912
vn 0.9258 -0.0365 0.3764
vn 0.6797 0.6818 -0.2703
vn 0.6668 0.7199 0.1929
vn 0.7371 0.3452 0.5810
vn 0.3600 -0.0138 0.9328
vn 0.8871 -0.0374 0.4601
vn 0.9424 0.3259 -0.0752
vn 0.9916 -0.0450 0.1211
vn 0.8300 -0.0384 -0.5564
vn 0.5455 0.7205 -0.4281
vn 0.8995 0.3347 -0.2807
vn 0.9750 -0.0391 0.2188
vn 0.8732 -0.0444 -0.4853
vn 0.4677 0.3389 -0.8163
vn 0.6488 -0.0362 -0.7601
vn -0.0030 -0.0122 -0.9999
vn 0.6243 0.5583 -0.5464
vn 0.0961 0.7002 -0.7075
vn 0.0958 -0.0184 -0.9952
vn 0.7351 -0.0357 -0.6770
vn -0.1784 0.7098 -0.6814
vn -0.6755 0.6039 -0.4230
vn -0.8499 0.0199 -0.5265
vn -0.2821 -0.0051 -0.9594
vn -0.1017 0.5827 -0.8063
vn -0.5203 0.7229 -0.4546
vn -0.7740 0.0137 -0.6330
vn -0.1620 -0.0064 -0.9868
vn -0.6511 0.7288 -0.2117
vn -0.7132 0.6088 0.3475
vn -0.9069 0.0272 0.4206
vn -0.9541 0.0219 -0.2987
vn -0.7151 0.6067 -0.3471
vn -0.6525 0.7312 0.1988
vn -0.9561 0.0253 0.2919
vn -0.9107 0.0227 -0.4125
vn -0.5234 0.7281 0.4426
vn -0.0958 0.5901 0.8016
vn 0.4239 0.6962 0.5793
vn -0.1544 0.0044 0.9880
vn -0.7783 0.0211 0.6275
vn -0.6767 0.6091 0.4136
vn -0.1830 0.7177 0.6719
vn -0.2886 0.0060 0.9574
vn -0.8517 0.0260 0.5233
vn 0.3554 0.6988 0.6208
vn 0.7831 0.5578 0.2750
vn 0.9346 -0.0367 0.3538
vn 0.4631 -0.0204 0.8861
vn 0.2855 0.5767 0.7655
vn 0.6465 0.6871 0.3315
vn 0.8819 -0.0372 0.4699
vn 0.3373 -0.0128 0.9413
vn 0.7275 0.6828 0.0678
vn 0.6776 0.5578 -0.4793
vn 0.8163 -0.0379 -0.5764
vn 0.9936 -0.0418 0.1050
vn 0.8063 0.5555 0.2032
vn 0.6488 0.6832 -0.3351
vn 0.8811 -0.0412 -0.4711
vn 0.9694 -0.0386 0.2425
vn 0.4746 0.6880 -0.5490
vn -0.0114 0.5796 -0.8148
vn -0.0272 -0.0112 -0.9996
vn 0.6403 -0.0359 -0.7673
vn 0.0261 0.6808 -0.7320
vn -0.1158 0.6858 -0.7185
vn 0.2998 0.6796 0.6696
vn 0.4258 0.6748 0.6028
vn 0.5363 0.6705 0.5126
vn 0.7367 0.6615 0.1407
vn 0.7511 0.6601 -0.0013
vn 0.7376 0.6598 -0.1433
vn 0.5398 0.6645 -0.5167
vn 0.4299 0.6678 -0.6077
vn -0.3784 0.6957 -0.6106
vn -0.4890 0.7001 -0.5204
vn -0.5798 0.7038 -0.4105
vn -0.7038 0.7104 -0.0065
vn -0.6903 0.7107 0.1355
vn -0.6493 0.7101 0.2722
vn -0.3825 0.7027 0.5999
vn -0.2570 0.6988 0.6676
vn -0.1207 0.6943 0.7095
vn 0.0135 0.7418 0.6705
vn 0.1643 0.7365 0.6562
vn -0.2341 0.7348 -0.6367
vn -0.3857 0.0034 -0.9226
vn -0.3524 0.7392 -0.5739
vn -0.4562 0.7433 -0.4893
vn -0.6997 0.0154 -0.7143
vn -0.6444 0.7518 -0.1399
vn -0.9810 0.0281 -0.1920
vn -0.6580 0.7530 -0.0066
vn -0.6453 0.7533 0.1268
vn -0.9823 0.0303 0.1850
vn -0.4595 0.7489 0.4775
vn -0.7045 0.0237 0.7093
vn -0.3563 0.7458 0.5629
vn -0.2384 0.7421 0.6265
vn -0.3919 0.0141 0.9199
vn 0.4028 0.7196 0.5656
vn 0.5578 -0.0193 0.8297
vn 0.5067 0.7155 0.4810
vn 0.5920 0.7120 0.3777
vn 0.8251 -0.0300 0.5641
vn 0.7084 0.7058 -0.0017
vn 0.9993 -0.0379 -0.0050
vn 0.6957 0.7055 -0.1351
vn 0.6573 0.7061 -0.2635
vn 0.9277 -0.0375 -0.3714
vn 0.4067 0.7130 -0.5712
vn 0.5523 -0.0285 -0.8332
vn 0.2888 0.7167 -0.6348
vn 0.1608 0.7209 -0.6741
vn 0.2047 -0.0173 -0.9787
vn 0.1943 0.1091 0.9749
vn 0.0004 0.1159 0.9933
vn 0.3808 0.1023 0.9190
vn 0.5529 0.0958 0.8277
vn 0.7038 0.0899 0.7047
vn 0.8278 0.0848 0.5545
vn 0.9202 0.0806 0.3830
vn 0.9774 0.0775 0.1968
vn 0.9971 0.0758 0.0029
vn 0.9787 0.0753 -0.1910
vn 0.9228 0.0762 -0.3777
vn 0.8316 0.0784 -0.5498
vn 0.7086 0.0817 -0.7009
vn 0.5585 0.0862 -0.8250
vn 0.3870 0.0916 -0.9175
vn 0.2009 0.0977 -0.9747
vn 0.0072 0.1043 -0.9945
vn -0.1867 0.1111 -0.9761
vn -0.3732 0.1179 -0.9202
vn -0.5452 0.1243 -0.8290
vn -0.6962 0.1303 -0.7059
vn -0.8202 0.1354 -0.5558
vn -0.9126 0.1396 -0.3843
vn -0.9698 0.1426 -0.1980
vn -0.9895 0.1444 -0.0042
vn -0.9711 0.1449 0.1898
vn -0.9152 0.1440 0.3764
vn -0.8240 0.1418 0.5486
vn -0.7010 0.1384 0.6996
vn -0.5509 0.1339 0.8238
vn -0.3794 0.1286 0.9162
vn -0.1933 0.1224 0.9735
vn 0.1947 0.2030 0.9596
vn 0.0037 0.2097 0.9778
vn 0.3784 0.1963 0.9046
vn 0.5478 0.1899 0.8147
vn 0.6965 0.1841 0.6935
vn 0.8187 0.1790 0.5456
vn 0.9097 0.1749 0.3767
vn 0.9660 0.1719 0.1933
vn 0.9854 0.1702 0.0024
vn 0.9673 0.1697 -0.1887
vn 0.9122 0.1706 -0.3725
vn 0.8224 0.1727 -0.5421
vn 0.7012 0.1761 -0.6909
vn 0.5534 0.1805 -0.8132
vn 0.3845 0.1858 -0.9042
vn 0.2012 0.1918 -0.9606
vn 0.0104 0.1983 -0.9801
vn -0.1806 0.2050 -0.9620
vn -0.3643 0.2117 -0.9069
vn -0.5337 0.2180 -0.8171
vn -0.6824 0.2239 -0.6959
vn -0.8046 0.2289 -0.5479
vn -0.8956 0.2330 -0.3790
vn -0.9519 0.2360 -0.1956
vn -0.9713 0.2378 -0.0047
vn -0.9532 0.2382 0.1864
vn -0.8981 0.2374 0.3702
vn -0.8083 0.2352 0.5398
vn -0.6871 0.2319 0.6886
vn -0.5393 0.2275 0.8108
vn -0.3704 0.2222 0.9019
vn -0.1871 0.2161 0.9583
vn 0.0217 -0.9580 0.2860
vn -0.0341 -0.9560 0.2913
vn -0.0898 -0.9541 0.2856
vn 0.0753 -0.9599 0.2700
vn 0.1983 0.9493 0.2440
vn 0.1465 0.9512 0.2715
vn 0.1248 -0.9618 0.2437
vn 0.2437 0.9475 0.2069
vn 0.1682 -0.9635 0.2083
vn 0.2811 0.9460 0.1617
vn 0.2039 -0.9650 0.1651
vn 0.3089 0.9447 0.1101
vn 0.2305 -0.9662 0.1158
vn 0.3261 0.9438 0.0540
vn 0.2469 -0.9670 0.0622
vn 0.3320 0.9433 -0.0044
vn 0.2526 -0.9675 0.0065
vn 0.3265 0.9431 -0.0628
vn 0.2473 -0.9677 -0.0493
vn 0.3097 0.9434 -0.1190
vn 0.2312 -0.9674 -0.1030
vn 0.2822 0.9440 -0.1708
vn 0.2050 -0.9668 -0.1525
vn 0.2452 0.9451 -0.2163
vn 0.1696 -0.9658 -0.1960
vn 0.2000 0.9464 -0.2536
vn 0.1264 -0.9645 -0.2317
vn 0.1483 0.9480 -0.2815
vn 0.0771 -0.9630 -0.2583
vn 0.0923 0.9499 -0.2987
vn 0.0236 -0.9612 -0.2747
vn 0.0340 0.9519 -0.3047
vn -0.0321 -0.9593 -0.2804
vn -0.0244 0.9539 -0.2991
vn -0.0879 -0.9574 -0.2751
vn -0.0806 0.9559 -0.2823
vn -0.1415 -0.9554 -0.2591
vn -0.1324 0.9579 -0.2548
vn -0.1910 -0.9536 -0.2328
vn -0.1778 0.9597 -0.2178
vn -0.2345 -0.9519 -0.1974
vn -0.2151 0.9612 -0.1726
vn -0.2701 -0.9504 -0.1542
vn -0.2430 0.9625 -0.1209
vn -0.2967 -0.9492 -0.1049
vn -0.2602 0.9634 -0.0649
vn -0.3131 -0.9483 -0.0513
vn -0.2661 0.9639 -0.0065
vn -0.3188 -0.9478 0.0044
vn -0.2606 0.9641 0.0519
vn -0.3135 -0.9477 0.0602
vn -0.2437 0.9638 0.1081
vn -0.2974 -0.9479 0.1139
vn -0.2163 0.9631 0.1599
vn -0.2712 -0.9485 0.1634
vn -0.1792 0.9621 0.2054
vn -0.2358 -0.9495 0.2069
vn -0.1340 0.9608 0.2428
vn -0.1926 -0.9508 0.2426
vn -0.0824 0.9591 0.2706
vn -0.1433 -0.9524 0.2692
vn -0.0264 0.9573 0.2879
vn 0.0903 0.9533 0.2883
vn 0.0319 0.9553 0.2938
vn -0.0036 -0.0016 1.0000
vn 0.1914 -0.0085 0.9815
vn 0.3791 -0.0153 0.9252
vn 0.5521 -0.0218 0.8335
vn 0.7040 -0.0277 0.7097
vn 0.8288 -0.0329 0.5586
vn 0.9217 -0.0371 0.3860
vn 0.9792 -0.0402 0.1986
vn 0.9991 -0.0420 0.0036
vn 0.9806 -0.0424 -0.1915
vn 0.9243 -0.0416 -0.3793
vn 0.8326 -0.0394 -0.5525
vn 0.7088 -0.0360 -0.7045
vn 0.5578 -0.0314 -0.8294
vn 0.3853 -0.0260 -0.9224
vn 0.1980 -0.0199 -0.9800
vn 0.0031 -0.0132 -0.9999
vn -0.1919 -0.0064 -0.9814
vn -0.3796 0.0004 -0.9252
vn -0.5527 0.0069 -0.8334
vn -0.7045 0.0129 -0.7096
vn -0.8293 0.0180 -0.5585
vn -0.9223 0.0222 -0.3859
vn -0.9798 0.0253 -0.1986
vn -0.9996 0.0271 -0.0035
vn -0.9811 0.0276 0.1916
vn -0.9249 0.0267 0.3794
vn -0.8331 0.0245 0.5526
vn -0.7093 0.0211 0.7046
vn -0.5583 0.0166 0.8295
vn -0.3858 0.0111 0.9225
vn -0.1985 0.0050 0.9801
vn 0.3825 -0.7028 -0.5999
vn 0.5688 -0.0197 0.8222
vn 0.8176 -0.0297 0.5751
vn -0.6950 0.0234 0.7187
vn -0.4041 0.0145 0.9146
vn -0.9835 0.0283 -0.1789
vn -0.9847 0.0303 0.1719
vn -0.3979 0.0038 -0.9174
vn -0.6901 0.0150 -0.7236
vn 0.2177 -0.0178 -0.9758
vn 0.5412 -0.0282 -0.8404
vt 0.520504 0.780972
vt 0.521266 0.780887
vt 0.521266 0.775350
vt 0.520504 0.775458
vt 0.679375 0.558552
vt 0.680138 0.558467
vt 0.680138 0.564784
vt 0.679375 0.564842
vt 0.520504 0.787262
vt 0.521266 0.787204
vt 0.693674 0.042996
vt 0.694436 0.043054
vt 0.694436 0.036200
vt 0.693674 0.036170
vt 0.679375 0.553038
vt 0.680138 0.552930
vt 0.520504 0.794088
vt 0.521266 0.794058
vt 0.763577 0.826168
vt 0.764339 0.826253
vt 0.764339 0.831790
vt 0.763577 0.831682
vt 0.520504 0.801187
vt 0.521266 0.801187
vt 0.763577 0.819878
vt 0.764339 0.819936
vt 0.520504 0.808285
vt 0.521266 0.808315
vt 0.763577 0.813052
vt 0.764339 0.813081
vt 0.520504 0.815111
vt 0.521266 0.815169
vt 0.763577 0.805953
vt 0.764339 0.805953
vt 0.520504 0.821402
vt 0.521266 0.821486
vt 0.763577 0.798854
vt 0.764339 0.798825
vt 0.520504 0.826916
vt 0.521266 0.827023
vt 0.763577 0.792029
vt 0.764339 0.791970
vt 0.679375 0.598982
vt 0.680138 0.599066
vt 0.680138 0.604603
vt 0.679375 0.604496
vt 0.763577 0.785738
vt 0.764339 0.785653
vt 0.679375 0.592691
vt 0.680138 0.592749
vt 0.763577 0.780224
vt 0.764339 0.780116
vt 0.679375 0.585865
vt 0.680138 0.585895
vt 0.693674 0.029071
vt 0.694436 0.029071
vt 0.694436 0.021943
vt 0.693674 0.021973
vt 0.693674 0.008856
vt 0.694436 0.008772
vt 0.694436 0.003235
vt 0.693674 0.003342
vt 0.679375 0.578767
vt 0.680138 0.578767
vt 0.693674 0.049287
vt 0.694436 0.049371
vt 0.693674 0.015147
vt 0.694436 0.015089
vt 0.679375 0.571668
vt 0.680138 0.571638
vt 0.693674 0.054800
vt 0.694436 0.054908
vt 0.229855 0.631615
vt 0.226657 0.629084
vt 0.224490 0.633886
vt 0.227293 0.637293
vt 0.198020 0.584476
vt 0.199730 0.589212
vt 0.203334 0.587002
vt 0.202281 0.581863
vt 0.221732 0.637970
vt 0.224032 0.642121
vt 0.207159 0.585875
vt 0.206804 0.580531
vt 0.202281 0.648528
vt 0.203334 0.643389
vt 0.199730 0.641179
vt 0.198020 0.645915
vt 0.218489 0.641179
vt 0.220198 0.645915
vt 0.211060 0.585875
vt 0.211415 0.580531
vt 0.196487 0.637970
vt 0.194186 0.642121
vt 0.214885 0.643389
vt 0.215938 0.648528
vt 0.214885 0.587002
vt 0.215938 0.581863
vt 0.193729 0.633886
vt 0.190925 0.637293
vt 0.211060 0.644516
vt 0.211415 0.649860
vt 0.218489 0.589212
vt 0.220198 0.584476
vt 0.191562 0.629084
vt 0.188364 0.631615
vt 0.221732 0.592421
vt 0.224032 0.588270
vt 0.190069 0.623748
vt 0.186599 0.625307
vt 0.207159 0.644516
vt 0.206804 0.649860
vt 0.224490 0.596505
vt 0.227293 0.593098
vt 0.189308 0.618083
vt 0.185699 0.618610
vt 0.226657 0.601307
vt 0.229855 0.598776
vt 0.189308 0.612308
vt 0.185699 0.611781
vt 0.228149 0.606643
vt 0.231620 0.605084
vt 0.190069 0.606643
vt 0.186599 0.605084
vt 0.228910 0.612308
vt 0.232519 0.611781
vt 0.191562 0.601307
vt 0.188364 0.598776
vt 0.228910 0.618083
vt 0.232519 0.618610
vt 0.193729 0.596505
vt 0.190925 0.593098
vt 0.228149 0.623748
vt 0.231620 0.625307
vt 0.196487 0.592421
vt 0.194186 0.588270
vt 0.695857 0.043431
vt 0.695857 0.036392
vt 0.695857 0.008224
vt 0.695857 0.002538
vt 0.681559 0.578767
vt 0.681559 0.586087
vt 0.695857 0.049919
vt 0.695857 0.014711
vt 0.681559 0.571446
vt 0.695857 0.055605
vt 0.695857 0.021751
vt 0.681559 0.564407
vt 0.522687 0.780339
vt 0.522687 0.774653
vt 0.695857 0.029071
vt 0.681559 0.557919
vt 0.522687 0.786827
vt 0.681559 0.552233
vt 0.522687 0.793866
vt 0.765761 0.826800
vt 0.765761 0.832487
vt 0.522687 0.801187
vt 0.765761 0.820313
vt 0.522687 0.808507
vt 0.765761 0.813274
vt 0.522687 0.815547
vt 0.765761 0.805953
vt 0.522687 0.822034
vt 0.765761 0.798632
vt 0.522687 0.827720
vt 0.765761 0.791593
vt 0.681559 0.599614
vt 0.681559 0.605300
vt 0.765761 0.785106
vt 0.681559 0.593127
vt 0.765761 0.779419
vt 0.441818 0.064500
vt 0.440820 0.063288
vt 0.437833 0.069909
vt 0.438971 0.070810
vt 0.437010 0.100293
vt 0.435775 0.100848
vt 0.437833 0.108204
vt 0.438971 0.107304
vt 0.487040 0.100293
vt 0.488275 0.100848
vt 0.489324 0.093038
vt 0.488040 0.092851
vt 0.445441 0.059135
vt 0.444623 0.057658
vt 0.485079 0.107304
vt 0.486217 0.108204
vt 0.449702 0.054919
vt 0.449094 0.053234
vt 0.482232 0.113613
vt 0.483230 0.114825
vt 0.454437 0.052015
vt 0.454062 0.050187
vt 0.478609 0.118979
vt 0.479427 0.120456
vt 0.459463 0.050535
vt 0.459336 0.048633
vt 0.474348 0.123194
vt 0.474956 0.124880
vt 0.464587 0.050535
vt 0.464714 0.048633
vt 0.469613 0.126098
vt 0.469988 0.127927
vt 0.469613 0.052015
vt 0.469988 0.050187
vt 0.464587 0.127579
vt 0.464714 0.129480
vt 0.474348 0.054919
vt 0.474956 0.053234
vt 0.459463 0.127579
vt 0.459336 0.129480
vt 0.478609 0.059135
vt 0.479427 0.057658
vt 0.454437 0.126098
vt 0.454062 0.127927
vt 0.482232 0.064500
vt 0.483230 0.063288
vt 0.436010 0.092851
vt 0.434726 0.093038
vt 0.449702 0.123194
vt 0.449094 0.124880
vt 0.485079 0.070810
vt 0.486217 0.069909
vt 0.436010 0.085263
vt 0.434726 0.085075
vt 0.445441 0.118979
vt 0.444623 0.120456
vt 0.487040 0.077820
vt 0.488275 0.077266
vt 0.437010 0.077820
vt 0.435775 0.077266
vt 0.441818 0.113613
vt 0.440820 0.114825
vt 0.488040 0.085263
vt 0.489324 0.085075
vt 0.487244 0.092735
vt 0.487244 0.085379
vt 0.439676 0.106746
vt 0.442436 0.112862
vt 0.439676 0.071368
vt 0.437775 0.078164
vt 0.486275 0.078164
vt 0.445948 0.118063
vt 0.436805 0.085379
vt 0.484374 0.071368
vt 0.450079 0.122150
vt 0.436805 0.092735
vt 0.481614 0.065252
vt 0.454669 0.124965
vt 0.437775 0.099949
vt 0.478101 0.060050
vt 0.459541 0.126400
vt 0.473971 0.055963
vt 0.464509 0.126400
vt 0.469381 0.053148
vt 0.469381 0.124965
vt 0.464509 0.051713
vt 0.473971 0.122150
vt 0.459541 0.051713
vt 0.478101 0.118063
vt 0.454669 0.053148
vt 0.481614 0.112862
vt 0.450079 0.055963
vt 0.484374 0.106746
vt 0.445948 0.060050
vt 0.486275 0.099949
vt 0.442436 0.065252
vt 0.212042 0.169867
vt 0.212888 0.169867
vt 0.212888 0.177792
vt 0.212042 0.177792
vt 0.062703 0.319531
vt 0.063549 0.319531
vt 0.063549 0.312509
vt 0.062703 0.312509
vt 0.212042 0.161943
vt 0.212888 0.161943
vt 0.062703 0.325687
vt 0.063549 0.325687
vt 0.212042 0.154323
vt 0.212888 0.154323
vt 0.285123 0.200378
vt 0.285969 0.200378
vt 0.285969 0.206533
vt 0.285123 0.206533
vt 0.212042 0.147301
vt 0.212888 0.147301
vt 0.285123 0.193355
vt 0.285969 0.193355
vt 0.140550 0.308066
vt 0.141396 0.308066
vt 0.141396 0.300142
vt 0.140550 0.300142
vt 0.212042 0.141145
vt 0.212888 0.141145
vt 0.285123 0.185735
vt 0.285969 0.185735
vt 0.140550 0.315686
vt 0.141396 0.315686
vt 0.140550 0.277575
vt 0.141396 0.277575
vt 0.141396 0.271420
vt 0.140550 0.271420
vt 0.285123 0.177811
vt 0.285969 0.177811
vt 0.140550 0.322709
vt 0.141396 0.322709
vt 0.140550 0.284598
vt 0.141396 0.284598
vt 0.285123 0.169886
vt 0.285969 0.169886
vt 0.140550 0.328864
vt 0.141396 0.328864
vt 0.140550 0.292218
vt 0.141396 0.292218
vt 0.285123 0.162267
vt 0.285969 0.162267
vt 0.062703 0.274398
vt 0.063549 0.274398
vt 0.063549 0.268242
vt 0.062703 0.268242
vt 0.285123 0.155244
vt 0.285969 0.155244
vt 0.062703 0.281420
vt 0.063549 0.281420
vt 0.285123 0.149089
vt 0.285969 0.149089
vt 0.062703 0.289040
vt 0.063549 0.289040
vt 0.212042 0.192434
vt 0.212888 0.192434
vt 0.212888 0.198589
vt 0.212042 0.198589
vt 0.062703 0.296964
vt 0.063549 0.296964
vt 0.212042 0.185412
vt 0.212888 0.185412
vt 0.062703 0.304889
vt 0.063549 0.304889
vt 0.449279 0.546731
vt 0.450950 0.547482
vt 0.449968 0.554794
vt 0.448230 0.554541
vt 0.454324 0.584290
vt 0.455674 0.582650
vt 0.459235 0.587922
vt 0.458127 0.589921
vt 0.502828 0.554541
vt 0.501090 0.554794
vt 0.500108 0.547482
vt 0.501779 0.546731
vt 0.451337 0.539374
vt 0.452877 0.540593
vt 0.451337 0.577670
vt 0.452877 0.576450
vt 0.502828 0.562503
vt 0.501090 0.562250
vt 0.454324 0.532753
vt 0.455674 0.534394
vt 0.449279 0.570313
vt 0.450950 0.569562
vt 0.501779 0.570313
vt 0.500108 0.569562
vt 0.458127 0.527123
vt 0.459235 0.529122
vt 0.499721 0.577670
vt 0.498181 0.576450
vt 0.462598 0.522699
vt 0.463421 0.524980
vt 0.496734 0.584290
vt 0.495384 0.582650
vt 0.467566 0.519652
vt 0.468073 0.522127
vt 0.492931 0.589921
vt 0.491823 0.587922
vt 0.472840 0.518098
vt 0.473011 0.520672
vt 0.488460 0.594345
vt 0.487637 0.592064
vt 0.478218 0.518098
vt 0.478046 0.520672
vt 0.483492 0.597392
vt 0.482985 0.594917
vt 0.483492 0.519652
vt 0.482985 0.522127
vt 0.478218 0.598945
vt 0.478046 0.596371
vt 0.488460 0.522699
vt 0.487637 0.524980
vt 0.472840 0.598945
vt 0.473011 0.596371
vt 0.492931 0.527123
vt 0.491823 0.529122
vt 0.467566 0.597392
vt 0.468073 0.594917
vt 0.496734 0.532753
vt 0.495384 0.534394
vt 0.448230 0.562503
vt 0.449968 0.562250
vt 0.462598 0.594345
vt 0.463421 0.592064
vt 0.499721 0.539374
vt 0.498181 0.540593
vt 0.464385 0.527650
vt 0.464012 0.526618
vt 0.460030 0.530558
vt 0.460532 0.531463
vt 0.493803 0.580729
vt 0.494414 0.581471
vt 0.497075 0.575575
vt 0.496378 0.575023
vt 0.794143 0.462633
vt 0.794948 0.462633
vt 0.794948 0.455576
vt 0.794143 0.455804
vt 0.490526 0.585581
vt 0.491028 0.586486
vt 0.794143 0.469462
vt 0.794948 0.469691
vt 0.486673 0.589394
vt 0.487045 0.590426
vt 0.477846 0.523685
vt 0.477924 0.522521
vt 0.473134 0.522521
vt 0.473212 0.523685
vt 0.827506 0.734303
vt 0.828311 0.734303
vt 0.828311 0.741361
vt 0.827506 0.741132
vt 0.482391 0.525024
vt 0.482621 0.523904
vt 0.827506 0.727474
vt 0.828311 0.727246
vt 0.486673 0.527650
vt 0.487045 0.526618
vt 0.473212 0.593358
vt 0.473134 0.594523
vt 0.477924 0.594523
vt 0.477846 0.593358
vt 0.490526 0.531463
vt 0.491027 0.530558
vt 0.468667 0.592020
vt 0.468437 0.593140
vt 0.493803 0.536315
vt 0.494414 0.535572
vt 0.464385 0.589394
vt 0.464012 0.590426
vt 0.496378 0.542021
vt 0.497075 0.541469
vt 0.835450 0.435625
vt 0.836255 0.435625
vt 0.836255 0.428567
vt 0.835450 0.428796
vt 0.460532 0.585581
vt 0.460030 0.586486
vt 0.002963 0.360955
vt 0.003768 0.360955
vt 0.003768 0.368013
vt 0.002963 0.367785
vt 0.452907 0.548360
vt 0.452150 0.548021
vt 0.451216 0.554976
vt 0.452003 0.555091
vt 0.457255 0.580729
vt 0.456644 0.581471
vt 0.002963 0.354126
vt 0.003768 0.353898
vt 0.454680 0.542021
vt 0.453983 0.541469
vt 0.454680 0.575023
vt 0.453983 0.575575
vt 0.499055 0.561953
vt 0.499842 0.562068
vt 0.499842 0.554976
vt 0.499055 0.555091
vt 0.457255 0.536315
vt 0.456644 0.535572
vt 0.498151 0.568683
vt 0.498908 0.569023
vt 0.451216 0.562068
vt 0.452003 0.561953
vt 0.473193 0.523403
vt 0.468611 0.524753
vt 0.486763 0.589644
vt 0.490648 0.585801
vt 0.477865 0.523403
vt 0.482447 0.592291
vt 0.482447 0.524753
vt 0.477865 0.593641
vt 0.486763 0.527400
vt 0.473193 0.593641
vt 0.490648 0.531243
vt 0.468611 0.592291
vt 0.493951 0.536135
vt 0.451812 0.561981
vt 0.452723 0.568766
vt 0.464295 0.589644
vt 0.496547 0.541887
vt 0.451812 0.555063
vt 0.460410 0.585801
vt 0.498334 0.548278
vt 0.452723 0.548278
vt 0.457107 0.580909
vt 0.499246 0.555063
vt 0.454511 0.541887
vt 0.454511 0.575157
vt 0.499246 0.561981
vt 0.457107 0.536135
vt 0.498334 0.568766
vt 0.460410 0.531243
vt 0.496547 0.575157
vt 0.464295 0.527400
vt 0.493951 0.580909
vt 0.794948 0.488213
vt 0.797235 0.489324
vt 0.797235 0.483604
vt 0.794948 0.482731
vt 0.828311 0.720460
vt 0.830598 0.719858
vt 0.830598 0.726939
vt 0.003768 0.381053
vt 0.006055 0.381926
vt 0.006055 0.387646
vt 0.003768 0.386535
vt 0.828311 0.714205
vt 0.830598 0.713332
vt 0.003768 0.374799
vt 0.006055 0.375400
vt 0.836255 0.442682
vt 0.838541 0.442989
vt 0.838541 0.435625
vt 0.828311 0.708723
vt 0.830598 0.707612
vt 0.006055 0.368319
vt 0.836255 0.449469
vt 0.838541 0.450070
vt 0.836255 0.415527
vt 0.838541 0.414654
vt 0.838541 0.408934
vt 0.836255 0.410045
vt 0.006055 0.360955
vt 0.836255 0.455723
vt 0.838541 0.456596
vt 0.836255 0.421781
vt 0.838541 0.421180
vt 0.006055 0.353591
vt 0.836255 0.461205
vt 0.838541 0.462316
vt 0.838541 0.428261
vt 0.003768 0.347112
vt 0.006055 0.346510
vt 0.794948 0.442535
vt 0.797235 0.441662
vt 0.797235 0.435942
vt 0.794948 0.437053
vt 0.003768 0.340857
vt 0.006055 0.339984
vt 0.794948 0.448789
vt 0.797235 0.448188
vt 0.003768 0.335375
vt 0.006055 0.334264
vt 0.797235 0.455269
vt 0.828311 0.754401
vt 0.830598 0.755274
vt 0.830598 0.760994
vt 0.828311 0.759883
vt 0.797235 0.462633
vt 0.828311 0.748147
vt 0.830598 0.748748
vt 0.797235 0.469997
vt 0.830598 0.741667
vt 0.794948 0.476477
vt 0.797235 0.477078
vt 0.830598 0.734303
vt 0.008935 0.368261
vt 0.008935 0.375286
vt 0.841422 0.449956
vt 0.841422 0.442931
vt 0.841422 0.414820
vt 0.841422 0.409145
vt 0.008935 0.360955
vt 0.841422 0.456430
vt 0.841422 0.421294
vt 0.008935 0.353650
vt 0.841422 0.462105
vt 0.841422 0.428319
vt 0.008935 0.346625
vt 0.800115 0.441828
vt 0.800115 0.436153
vt 0.841422 0.435625
vt 0.008935 0.340150
vt 0.800115 0.448302
vt 0.008935 0.334476
vt 0.800115 0.455327
vt 0.833478 0.755108
vt 0.833478 0.760783
vt 0.800115 0.462633
vt 0.833478 0.748634
vt 0.800115 0.469939
vt 0.833478 0.741609
vt 0.800115 0.476964
vt 0.833478 0.734303
vt 0.800115 0.483438
vt 0.833478 0.726998
vt 0.800115 0.489113
vt 0.833478 0.719973
vt 0.008935 0.381760
vt 0.008935 0.387435
vt 0.833478 0.713498
vt 0.833478 0.707824
vt 0.011121 0.347801
vt 0.011121 0.354249
vt 0.619690 0.551790
vt 0.621416 0.550083
vt 0.624303 0.555292
vt 0.622835 0.557465
vt 0.843608 0.435625
vt 0.843608 0.428919
vt 0.654768 0.499848
vt 0.653615 0.502403
vt 0.649602 0.499227
vt 0.650396 0.496387
vt 0.617353 0.545316
vt 0.619271 0.544140
vt 0.658601 0.504505
vt 0.657133 0.506678
vt 0.802301 0.455927
vt 0.802301 0.449478
vt 0.661746 0.510180
vt 0.660020 0.511887
vt 0.802301 0.462633
vt 0.664083 0.516654
vt 0.662165 0.517830
vt 0.802301 0.469339
vt 0.835664 0.741010
vt 0.835664 0.747458
vt 0.802301 0.475788
vt 0.835664 0.734303
vt 0.619690 0.510180
vt 0.621416 0.511887
vt 0.619271 0.517830
vt 0.617353 0.516654
vt 0.835664 0.727597
vt 0.622835 0.504505
vt 0.624303 0.506678
vt 0.835664 0.721149
vt 0.626668 0.499848
vt 0.627821 0.502403
vt 0.661746 0.551790
vt 0.660020 0.550083
vt 0.662165 0.544140
vt 0.664083 0.545316
vt 0.631040 0.496387
vt 0.631834 0.499227
vt 0.843608 0.442331
vt 0.658601 0.557465
vt 0.657133 0.555292
vt 0.011121 0.367662
vt 0.011121 0.374110
vt 0.843608 0.448780
vt 0.654768 0.562122
vt 0.653615 0.559567
vt 0.011121 0.360955
vt 0.626668 0.562122
vt 0.627821 0.559567
vt 0.631834 0.562743
vt 0.631040 0.565582
vt 0.650396 0.565582
vt 0.649602 0.562743
vt 0.843608 0.422470
vt 0.657386 0.514494
vt 0.654893 0.509995
vt 0.617503 0.530985
vt 0.620672 0.530985
vt 0.621057 0.536776
vt 0.617949 0.537691
vt 0.659239 0.519625
vt 0.617949 0.524279
vt 0.621057 0.525194
vt 0.663486 0.524279
vt 0.660379 0.525194
vt 0.622198 0.519625
vt 0.663933 0.530985
vt 0.660764 0.530985
vt 0.624050 0.514494
vt 0.663486 0.537691
vt 0.660379 0.536776
vt 0.626543 0.509995
vt 0.659239 0.542344
vt 0.629581 0.506304
vt 0.657386 0.547476
vt 0.633047 0.503561
vt 0.636189 0.564699
vt 0.636807 0.560098
vt 0.640718 0.560669
vt 0.640718 0.565360
vt 0.654893 0.551975
vt 0.636189 0.497270
vt 0.636807 0.501872
vt 0.633047 0.558409
vt 0.651855 0.555666
vt 0.640718 0.496610
vt 0.640718 0.501301
vt 0.629581 0.555666
vt 0.648389 0.558409
vt 0.645247 0.497270
vt 0.644629 0.501872
vt 0.626543 0.551975
vt 0.645247 0.564699
vt 0.644629 0.560098
vt 0.648389 0.503561
vt 0.624050 0.547476
vt 0.651855 0.506304
vt 0.622198 0.542344
vt 0.303277 0.628795
vt 0.305527 0.628795
vt 0.305527 0.634310
vt 0.303277 0.634586
vt 0.605133 0.546786
vt 0.607382 0.546000
vt 0.607382 0.541112
vt 0.605133 0.541654
vt 0.303277 0.623004
vt 0.305527 0.623280
vt 0.605133 0.551284
vt 0.607382 0.550283
vt 0.303277 0.617435
vt 0.305527 0.617977
vt 0.746528 0.670706
vt 0.748778 0.669920
vt 0.748778 0.674203
vt 0.746528 0.675204
vt 0.303277 0.612303
vt 0.305527 0.613089
vt 0.746528 0.665574
vt 0.748778 0.665032
vt 0.308043 0.706078
vt 0.310293 0.705802
vt 0.310293 0.700287
vt 0.308043 0.700287
vt 0.303277 0.607805
vt 0.305527 0.608806
vt 0.746528 0.660005
vt 0.748778 0.659729
vt 0.308043 0.711646
vt 0.310293 0.711105
vt 0.308043 0.683796
vt 0.310293 0.684582
vt 0.310293 0.680298
vt 0.308043 0.679297
vt 0.746528 0.654214
vt 0.748778 0.654214
vt 0.308043 0.716778
vt 0.310293 0.715992
vt 0.308043 0.688928
vt 0.310293 0.689469
vt 0.746528 0.648423
vt 0.748778 0.648699
vt 0.308043 0.721277
vt 0.310293 0.720276
vt 0.308043 0.694496
vt 0.310293 0.694772
vt 0.746528 0.642855
vt 0.748778 0.643396
vt 0.605133 0.513803
vt 0.607382 0.514589
vt 0.607382 0.510305
vt 0.605133 0.509305
vt 0.746528 0.637723
vt 0.748778 0.638509
vt 0.605133 0.518935
vt 0.607382 0.519476
vt 0.746528 0.633225
vt 0.748778 0.634225
vt 0.605133 0.524503
vt 0.607382 0.524780
vt 0.303277 0.645286
vt 0.305527 0.644500
vt 0.305527 0.648784
vt 0.303277 0.649784
vt 0.605133 0.530294
vt 0.607382 0.530294
vt 0.303277 0.640154
vt 0.305527 0.639613
vt 0.605133 0.536085
vt 0.607382 0.535809
vt 0.306807 0.613454
vt 0.306807 0.618228
vt 0.750058 0.664781
vt 0.750058 0.669555
vt 0.311573 0.705674
vt 0.311573 0.700287
vt 0.306807 0.609269
vt 0.750058 0.659601
vt 0.311573 0.710854
vt 0.311573 0.684946
vt 0.311573 0.680762
vt 0.750058 0.654214
vt 0.311573 0.715628
vt 0.311573 0.689720
vt 0.750058 0.648827
vt 0.311573 0.719812
vt 0.311573 0.694900
vt 0.750058 0.643647
vt 0.608663 0.514954
vt 0.608663 0.510769
vt 0.750058 0.638873
vt 0.608663 0.519728
vt 0.750058 0.634689
vt 0.608663 0.524907
vt 0.306807 0.644136
vt 0.306807 0.648320
vt 0.608663 0.530294
vt 0.306807 0.639362
vt 0.608663 0.535681
vt 0.306807 0.634182
vt 0.608663 0.540861
vt 0.306807 0.628795
vt 0.608663 0.545635
vt 0.306807 0.623408
vt 0.608663 0.549820
vt 0.750058 0.673740
vt 0.312977 0.715820
vt 0.312977 0.710986
vt 0.312977 0.689588
vt 0.312977 0.684754
vt 0.751462 0.648760
vt 0.751462 0.654214
vt 0.312977 0.720056
vt 0.312977 0.694833
vt 0.751462 0.643515
vt 0.610066 0.514762
vt 0.610066 0.510525
vt 0.312977 0.700287
vt 0.751462 0.638682
vt 0.610066 0.519595
vt 0.751462 0.634445
vt 0.610066 0.524840
vt 0.308211 0.644327
vt 0.308211 0.648564
vt 0.610066 0.530294
vt 0.308211 0.639494
vt 0.610066 0.535749
vt 0.308211 0.634249
vt 0.610066 0.540994
vt 0.308211 0.628795
vt 0.610066 0.545827
vt 0.308211 0.623340
vt 0.610066 0.550064
vt 0.308211 0.618096
vt 0.751462 0.669747
vt 0.751462 0.673984
vt 0.308211 0.613262
vt 0.751462 0.664913
vt 0.312977 0.705741
vt 0.308211 0.609025
vt 0.751462 0.659669
vt 0.312977 0.680518
vt 0.279366 0.792644
vt 0.278567 0.794086
vt 0.281850 0.797334
vt 0.282444 0.795689
vt 0.296825 0.744278
vt 0.297191 0.742493
vt 0.293318 0.741352
vt 0.293195 0.743209
vt 0.276749 0.788769
vt 0.275775 0.789952
vt 0.300245 0.746376
vt 0.300839 0.744730
vt 0.274693 0.784212
vt 0.273582 0.785091
vt 0.303322 0.749421
vt 0.304121 0.747978
vt 0.273276 0.779148
vt 0.272071 0.779690
vt 0.305939 0.753296
vt 0.306913 0.752113
vt 0.272554 0.773773
vt 0.271300 0.773956
vt 0.307996 0.757853
vt 0.309107 0.756974
vt 0.272554 0.768292
vt 0.271300 0.768109
vt 0.309412 0.762917
vt 0.310618 0.762375
vt 0.273276 0.762917
vt 0.272071 0.762375
vt 0.310134 0.768292
vt 0.311388 0.768109
vt 0.274693 0.757853
vt 0.273582 0.756974
vt 0.310134 0.773773
vt 0.311388 0.773956
vt 0.276749 0.753296
vt 0.275775 0.752113
vt 0.296825 0.797786
vt 0.297191 0.799572
vt 0.300839 0.797334
vt 0.300245 0.795689
vt 0.309412 0.779148
vt 0.310618 0.779690
vt 0.279366 0.749421
vt 0.278567 0.747979
vt 0.293195 0.798856
vt 0.293318 0.800712
vt 0.307996 0.784212
vt 0.309107 0.785091
vt 0.282444 0.746376
vt 0.281850 0.744730
vt 0.289494 0.798856
vt 0.289370 0.800712
vt 0.305939 0.788769
vt 0.306913 0.789952
vt 0.285863 0.744278
vt 0.285498 0.742493
vt 0.285863 0.797786
vt 0.285498 0.799572
vt 0.303322 0.792644
vt 0.304121 0.794086
vt 0.289494 0.743209
vt 0.289370 0.741352
vt 0.625594 0.332658
vt 0.626677 0.332658
vt 0.626677 0.326840
vt 0.625594 0.326840
vt 0.133092 0.203973
vt 0.134176 0.203973
vt 0.134176 0.209567
vt 0.133092 0.209567
vt 0.625594 0.338253
vt 0.626677 0.338253
vt 0.133092 0.198154
vt 0.134176 0.198154
vt 0.625594 0.343409
vt 0.626677 0.343409
vt 0.133092 0.192336
vt 0.134176 0.192336
vt 0.625594 0.347929
vt 0.626677 0.347929
vt 0.133092 0.186741
vt 0.134176 0.186741
vt 0.336448 0.039965
vt 0.337531 0.039965
vt 0.337531 0.044484
vt 0.336448 0.044484
vt 0.133092 0.181585
vt 0.134176 0.181585
vt 0.336448 0.034809
vt 0.337531 0.034809
vt 0.147391 0.397796
vt 0.148474 0.397796
vt 0.148474 0.391977
vt 0.147391 0.391977
vt 0.133092 0.177066
vt 0.134176 0.177066
vt 0.336448 0.029214
vt 0.337531 0.029214
vt 0.147391 0.403390
vt 0.148474 0.403390
vt 0.147391 0.375408
vt 0.148474 0.375408
vt 0.148474 0.370889
vt 0.147391 0.370889
vt 0.336448 0.023396
vt 0.337531 0.023396
vt 0.147391 0.408547
vt 0.148474 0.408547
vt 0.147391 0.380565
vt 0.148474 0.380565
vt 0.336448 0.017577
vt 0.337531 0.017577
vt 0.147391 0.413066
vt 0.148474 0.413066
vt 0.147391 0.386159
vt 0.148474 0.386159
vt 0.336448 0.011983
vt 0.337531 0.011983
vt 0.625594 0.310271
vt 0.626677 0.310271
vt 0.626677 0.305752
vt 0.625594 0.305752
vt 0.336448 0.006827
vt 0.337531 0.006827
vt 0.625594 0.315427
vt 0.626677 0.315427
vt 0.336448 0.002307
vt 0.337531 0.002307
vt 0.625594 0.321022
vt 0.626677 0.321022
vt 0.133092 0.214723
vt 0.134176 0.214723
vt 0.134176 0.219243
vt 0.133092 0.219243
vt 0.830871 0.785808
vt 0.830350 0.786738
vt 0.827212 0.783596
vt 0.827600 0.782534
vt 0.135041 0.187203
vt 0.135041 0.192572
vt 0.833648 0.789964
vt 0.833015 0.790726
vt 0.808421 0.834986
vt 0.808810 0.833924
vt 0.812302 0.836099
vt 0.812061 0.837253
vt 0.835824 0.794843
vt 0.835103 0.795406
vt 0.149339 0.397560
vt 0.149339 0.391977
vt 0.805150 0.831712
vt 0.805671 0.830783
vt 0.338396 0.028978
vt 0.338396 0.034346
vt 0.149339 0.402928
vt 0.802373 0.827556
vt 0.803007 0.826795
vt 0.338396 0.023396
vt 0.800299 0.794561
vt 0.801017 0.795136
vt 0.799548 0.800307
vt 0.798769 0.799950
vt 0.800198 0.822678
vt 0.800919 0.822114
vt 0.338396 0.017813
vt 0.802510 0.789717
vt 0.803138 0.790488
vt 0.149339 0.386395
vt 0.149339 0.381027
vt 0.338396 0.012445
vt 0.805317 0.785605
vt 0.805831 0.786543
vt 0.835722 0.822960
vt 0.835005 0.822385
vt 0.836473 0.817214
vt 0.837253 0.817570
vt 0.808612 0.782383
vt 0.808993 0.783451
vt 0.833511 0.827803
vt 0.832883 0.827032
vt 0.627542 0.321258
vt 0.627542 0.315889
vt 0.830704 0.831915
vt 0.830190 0.830977
vt 0.627542 0.326840
vt 0.827410 0.835137
vt 0.827029 0.834069
vt 0.627542 0.332423
vt 0.135041 0.203737
vt 0.135041 0.209105
vt 0.627542 0.337791
vt 0.135041 0.198154
vt 0.823720 0.781422
vt 0.823961 0.780268
vt 0.835816 0.806306
vt 0.836244 0.806247
vt 0.835562 0.801028
vt 0.835150 0.801210
vt 0.802286 0.796153
vt 0.801908 0.795850
vt 0.800517 0.800750
vt 0.800927 0.800938
vt 0.802195 0.821117
vt 0.801815 0.821414
vt 0.803794 0.825849
vt 0.804127 0.825448
vt 0.835797 0.811497
vt 0.836224 0.811563
vt 0.804249 0.791853
vt 0.803918 0.791447
vt 0.800871 0.816311
vt 0.800460 0.816492
vt 0.835095 0.816582
vt 0.835505 0.816770
vt 0.806741 0.788202
vt 0.806470 0.787708
vt 0.833736 0.821367
vt 0.834114 0.821670
vt 0.809666 0.785341
vt 0.809466 0.784779
vt 0.799797 0.805958
vt 0.800224 0.806024
vt 0.831773 0.825668
vt 0.832103 0.826074
vt 0.812912 0.783381
vt 0.812789 0.782771
vt 0.829281 0.829318
vt 0.829551 0.829812
vt 0.816353 0.782395
vt 0.816314 0.781762
vt 0.826356 0.832179
vt 0.826556 0.832742
vt 0.819859 0.782423
vt 0.819903 0.781791
vt 0.823110 0.834140
vt 0.823232 0.834749
vt 0.823293 0.783463
vt 0.823420 0.782856
vt 0.819668 0.835125
vt 0.819708 0.835758
vt 0.826525 0.785475
vt 0.826729 0.784916
vt 0.816163 0.835097
vt 0.816118 0.835730
vt 0.829429 0.788382
vt 0.829703 0.787893
vt 0.812728 0.834057
vt 0.812601 0.834665
vt 0.831894 0.792072
vt 0.832228 0.791671
vt 0.809497 0.832045
vt 0.809292 0.832604
vt 0.833826 0.796404
vt 0.834206 0.796107
vt 0.806593 0.829138
vt 0.806318 0.829628
vt 0.800206 0.811214
vt 0.799778 0.811273
vt 0.835132 0.816599
vt 0.835835 0.811503
vt 0.837232 0.811718
vt 0.806717 0.788158
vt 0.804219 0.791816
vt 0.798769 0.811412
vt 0.800167 0.811220
vt 0.800834 0.816327
vt 0.799488 0.816920
vt 0.833770 0.821394
vt 0.809648 0.785291
vt 0.831802 0.825704
vt 0.812500 0.781333
vt 0.812901 0.783326
vt 0.829305 0.829363
vt 0.816220 0.780268
vt 0.816350 0.782339
vt 0.826374 0.832229
vt 0.820008 0.780298
vt 0.819863 0.782367
vt 0.823521 0.836188
vt 0.823121 0.834194
vt 0.823305 0.783409
vt 0.819802 0.837253
vt 0.819672 0.835182
vt 0.826543 0.785425
vt 0.816014 0.837223
vt 0.816159 0.835154
vt 0.829454 0.788338
vt 0.812717 0.834112
vt 0.831924 0.792036
vt 0.809479 0.832095
vt 0.833860 0.796377
vt 0.798789 0.805803
vt 0.800186 0.806018
vt 0.806568 0.829182
vt 0.836534 0.800601
vt 0.835187 0.801194
vt 0.800890 0.800921
vt 0.804097 0.825484
vt 0.837253 0.806108
vt 0.835854 0.806301
vt 0.802252 0.796126
vt 0.802161 0.821143
vt 0.931505 0.583716
vt 0.932576 0.583563
vt 0.932576 0.587630
vt 0.931505 0.587825
vt 0.933093 0.257263
vt 0.934164 0.257263
vt 0.934164 0.252027
vt 0.933093 0.251974
vt 0.931505 0.579028
vt 0.932576 0.578923
vt 0.933093 0.262553
vt 0.934164 0.262500
vt 0.931505 0.573941
vt 0.932576 0.573888
vt 0.933093 0.267640
vt 0.934164 0.267534
vt 0.931505 0.568651
vt 0.932576 0.568651
vt 0.933093 0.272327
vt 0.934164 0.272175
vt 0.931505 0.563362
vt 0.932576 0.563415
vt 0.933093 0.276436
vt 0.934164 0.276242
vt 0.931505 0.558275
vt 0.932576 0.558380
vt 0.016405 0.931644
vt 0.017476 0.931491
vt 0.017476 0.935559
vt 0.016405 0.935753
vt 0.931505 0.553587
vt 0.932576 0.553740
vt 0.016405 0.926956
vt 0.017476 0.926851
vt 0.933093 0.521514
vt 0.934164 0.521460
vt 0.934164 0.516224
vt 0.933093 0.516224
vt 0.931505 0.549478
vt 0.932576 0.549673
vt 0.016405 0.921870
vt 0.017476 0.921816
vt 0.933093 0.526600
vt 0.934164 0.526495
vt 0.933093 0.501160
vt 0.934164 0.501312
vt 0.934164 0.497245
vt 0.933093 0.497051
vt 0.016405 0.916580
vt 0.017476 0.916580
vt 0.933093 0.531288
vt 0.934164 0.531135
vt 0.933093 0.505848
vt 0.934164 0.505953
vt 0.016405 0.911290
vt 0.017476 0.911344
vt 0.933093 0.535397
vt 0.934164 0.535202
vt 0.933093 0.510934
vt 0.934164 0.510988
vt 0.016405 0.906204
vt 0.017476 0.906309
vt 0.933093 0.242199
vt 0.934164 0.242352
vt 0.934164 0.238285
vt 0.933093 0.238090
vt 0.016405 0.901516
vt 0.017476 0.901669
vt 0.933093 0.246887
vt 0.934164 0.246992
vt 0.016405 0.897407
vt 0.017476 0.897601
vt 0.307836 0.856317
vt 0.307715 0.854498
vt 0.310962 0.853541
vt 0.311321 0.855291
vt 0.314604 0.805936
vt 0.314022 0.807549
vt 0.310963 0.805672
vt 0.311321 0.803923
vt 0.304283 0.856317
vt 0.304404 0.854498
vt 0.317558 0.808859
vt 0.316775 0.810273
vt 0.300798 0.855291
vt 0.301156 0.853541
vt 0.320071 0.812580
vt 0.319116 0.813740
vt 0.297515 0.853277
vt 0.298097 0.851665
vt 0.322045 0.816955
vt 0.320956 0.817816
vt 0.288021 0.826976
vt 0.289249 0.827155
vt 0.289249 0.832058
vt 0.288021 0.832237
vt 0.294560 0.850354
vt 0.295344 0.848941
vt 0.323405 0.821816
vt 0.322223 0.822346
vt 0.288714 0.821815
vt 0.289895 0.822346
vt 0.292048 0.846634
vt 0.293002 0.845474
vt 0.324098 0.826976
vt 0.322869 0.827155
vt 0.290074 0.816954
vt 0.291163 0.817816
vt 0.290074 0.842259
vt 0.291163 0.841397
vt 0.324098 0.832238
vt 0.322869 0.832058
vt 0.292048 0.812580
vt 0.293002 0.813739
vt 0.288714 0.837398
vt 0.289895 0.836867
vt 0.323405 0.837398
vt 0.322223 0.836867
vt 0.294560 0.808859
vt 0.295344 0.810272
vt 0.322045 0.842259
vt 0.320956 0.841397
vt 0.297515 0.805936
vt 0.298097 0.807548
vt 0.320071 0.846634
vt 0.319116 0.845474
vt 0.300798 0.803923
vt 0.301156 0.805672
vt 0.317558 0.850354
vt 0.316775 0.848941
vt 0.304283 0.802896
vt 0.304404 0.804716
vt 0.314604 0.853277
vt 0.314022 0.851665
vt 0.307836 0.802896
vt 0.307715 0.804716
vt 0.820395 0.003474
vt 0.819931 0.009811
vt 0.817155 0.009811
vt 0.817474 0.003474
vt 0.008600 0.775589
vt 0.008920 0.781926
vt 0.006144 0.781926
vt 0.005680 0.775589
vt 0.370819 0.774000
vt 0.370981 0.780338
vt 0.374114 0.780338
vt 0.374114 0.774000
vt 0.822954 0.003474
vt 0.822364 0.009811
vt 0.011769 0.775589
vt 0.011932 0.781926
vt 0.367650 0.774000
vt 0.367969 0.780338
vt 0.383498 0.774000
vt 0.383034 0.780338
vt 0.385467 0.780338
vt 0.386058 0.774000
vt 0.015064 0.775589
vt 0.015064 0.781926
vt 0.364730 0.774000
vt 0.365193 0.780338
vt 0.380578 0.774000
vt 0.380258 0.780338
vt 0.018360 0.775589
vt 0.018197 0.781926
vt 0.362170 0.774000
vt 0.362760 0.780338
vt 0.377409 0.774000
vt 0.377246 0.780338
vt 0.021528 0.775589
vt 0.021209 0.781926
vt 0.821983 0.294209
vt 0.821520 0.300546
vt 0.823953 0.300546
vt 0.824543 0.294209
vt 0.024449 0.775589
vt 0.023985 0.781926
vt 0.819063 0.294209
vt 0.818744 0.300546
vt 0.027008 0.775589
vt 0.026418 0.781926
vt 0.815894 0.294209
vt 0.815732 0.300546
vt 0.801626 0.003474
vt 0.802090 0.009811
vt 0.799657 0.009811
vt 0.799066 0.003474
vt 0.812599 0.294209
vt 0.812599 0.300546
vt 0.804546 0.003474
vt 0.804866 0.009811
vt 0.809304 0.294209
vt 0.809467 0.300546
vt 0.807715 0.003474
vt 0.807878 0.009811
vt 0.806135 0.294209
vt 0.806455 0.300546
vt 0.811010 0.003474
vt 0.811010 0.009811
vt 0.803215 0.294209
vt 0.803679 0.300546
vt 0.814306 0.003474
vt 0.814143 0.009811
vt 0.800655 0.294209
vt 0.801246 0.300546
vt 0.003711 0.781926
vt 0.003120 0.775589
vt 0.379671 0.795287
vt 0.382181 0.795287
vt 0.017897 0.796876
vt 0.015064 0.796876
vt 0.363846 0.795287
vt 0.366046 0.795287
vt 0.376947 0.795287
vt 0.020621 0.796876
vt 0.820667 0.315496
vt 0.822867 0.315496
vt 0.374114 0.795287
vt 0.023132 0.796876
vt 0.818156 0.315496
vt 0.025332 0.796876
vt 0.815432 0.315496
vt 0.802943 0.024761
vt 0.800742 0.024761
vt 0.812599 0.315496
vt 0.805453 0.024761
vt 0.809766 0.315496
vt 0.808177 0.024761
vt 0.807042 0.315496
vt 0.811010 0.024761
vt 0.804532 0.315496
vt 0.813843 0.024761
vt 0.802331 0.315496
vt 0.816567 0.024761
vt 0.006997 0.796876
vt 0.004796 0.796876
vt 0.819078 0.024761
vt 0.009507 0.796876
vt 0.371281 0.795287
vt 0.821278 0.024761
vt 0.012231 0.796876
vt 0.368557 0.795287
vt 0.384382 0.795287
vt 0.024696 0.810940
vt 0.022632 0.810940
vt 0.815256 0.329560
vt 0.817812 0.329560
vt 0.803443 0.038825
vt 0.801379 0.038825
vt 0.812599 0.329560
vt 0.805798 0.038825
vt 0.809942 0.329560
vt 0.808353 0.038825
vt 0.807387 0.329560
vt 0.811010 0.038825
vt 0.805032 0.329560
vt 0.813668 0.038825
vt 0.802968 0.329560
vt 0.816223 0.038825
vt 0.007497 0.810940
vt 0.005433 0.810940
vt 0.818578 0.038825
vt 0.009852 0.810940
vt 0.371457 0.809351
vt 0.374114 0.809351
vt 0.820642 0.038825
vt 0.012407 0.810940
vt 0.368901 0.809351
vt 0.381681 0.809351
vt 0.383745 0.809351
vt 0.015064 0.810940
vt 0.366547 0.809351
vt 0.379326 0.809351
vt 0.017722 0.810940
vt 0.364483 0.809351
vt 0.376771 0.809351
vt 0.020277 0.810940
vt 0.820166 0.329560
vt 0.822230 0.329560
vt 0.808381 0.051743
vt 0.805852 0.051743
vt 0.807441 0.342478
vt 0.809969 0.342478
vt 0.811010 0.051743
vt 0.805110 0.342478
vt 0.813640 0.051743
vt 0.803067 0.342478
vt 0.816169 0.051743
vt 0.007575 0.823859
vt 0.005532 0.823859
vt 0.818500 0.051743
vt 0.009906 0.823859
vt 0.820542 0.051743
vt 0.371484 0.822270
vt 0.374114 0.822270
vt 0.012434 0.823859
vt 0.381603 0.822270
vt 0.383646 0.822270
vt 0.368955 0.822270
vt 0.015064 0.823859
vt 0.379272 0.822270
vt 0.366625 0.822270
vt 0.017694 0.823859
vt 0.376744 0.822270
vt 0.364582 0.822270
vt 0.020223 0.823859
vt 0.820088 0.342478
vt 0.822131 0.342478
vt 0.022553 0.823859
vt 0.817758 0.342478
vt 0.024596 0.823859
vt 0.815229 0.342478
vt 0.803521 0.051743
vt 0.801479 0.051743
vt 0.812599 0.342478
vt 0.816264 0.058926
vt 0.813688 0.058926
vt 0.007438 0.831041
vt 0.005357 0.831041
vt 0.818637 0.058926
vt 0.009811 0.831041
vt 0.371436 0.829452
vt 0.374114 0.829452
vt 0.820717 0.058926
vt 0.012386 0.831041
vt 0.368861 0.829452
vt 0.381740 0.829452
vt 0.383821 0.829452
vt 0.015064 0.831041
vt 0.366487 0.829452
vt 0.379367 0.829452
vt 0.017742 0.831041
vt 0.364407 0.829452
vt 0.376792 0.829452
vt 0.020318 0.831041
vt 0.820226 0.349660
vt 0.822306 0.349660
vt 0.022691 0.831041
vt 0.817852 0.349660
vt 0.024771 0.831041
vt 0.815277 0.349660
vt 0.803384 0.058926
vt 0.801304 0.058926
vt 0.812599 0.349660
vt 0.805757 0.058926
vt 0.809921 0.349660
vt 0.808332 0.058926
vt 0.807346 0.349660
vt 0.811010 0.058926
vt 0.804973 0.349660
vt 0.802892 0.349660
vt 0.381840 0.834075
vt 0.383947 0.834075
vt 0.015064 0.835664
vt 0.012351 0.835664
vt 0.366388 0.834075
vt 0.368792 0.834075
vt 0.379436 0.834075
vt 0.017777 0.835664
vt 0.364281 0.834075
vt 0.376827 0.834075
vt 0.020386 0.835664
vt 0.820325 0.354283
vt 0.822432 0.354283
vt 0.374114 0.834075
vt 0.022790 0.835664
vt 0.817921 0.354283
vt 0.024898 0.835664
vt 0.815312 0.354283
vt 0.803284 0.063549
vt 0.801177 0.063549
vt 0.812599 0.354283
vt 0.805689 0.063549
vt 0.809886 0.354283
vt 0.808297 0.063549
vt 0.807277 0.354283
vt 0.811010 0.063549
vt 0.804873 0.354283
vt 0.813723 0.063549
vt 0.802766 0.354283
vt 0.816332 0.063549
vt 0.007338 0.835664
vt 0.005231 0.835664
vt 0.818736 0.063549
vt 0.009743 0.835664
vt 0.371401 0.834075
vt 0.820844 0.063549
vt 0.543348 0.868658
vt 0.543742 0.869138
vt 0.545312 0.865658
vt 0.544862 0.865302
vt 0.528561 0.835890
vt 0.528413 0.835167
vt 0.525802 0.836768
vt 0.526043 0.837435
vt 0.528561 0.875300
vt 0.528413 0.876023
vt 0.531185 0.876840
vt 0.531235 0.876088
vt 0.531235 0.835102
vt 0.531185 0.834350
vt 0.526043 0.873755
vt 0.525802 0.874422
vt 0.533961 0.835102
vt 0.534011 0.834350
vt 0.523776 0.871513
vt 0.523452 0.872097
vt 0.536635 0.835890
vt 0.536783 0.835167
vt 0.521848 0.868658
vt 0.521454 0.869138
vt 0.539153 0.837435
vt 0.539394 0.836768
vt 0.520334 0.865302
vt 0.519884 0.865658
vt 0.541420 0.839677
vt 0.541744 0.839093
vt 0.519291 0.861572
vt 0.518802 0.861792
vt 0.543348 0.842532
vt 0.543742 0.842052
vt 0.518759 0.857613
vt 0.518251 0.857687
vt 0.544862 0.845888
vt 0.545312 0.845532
vt 0.518759 0.853577
vt 0.518251 0.853503
vt 0.545906 0.849618
vt 0.546394 0.849398
vt 0.519291 0.849618
vt 0.518802 0.849398
vt 0.541420 0.871513
vt 0.541744 0.872097
vt 0.546437 0.853577
vt 0.546945 0.853503
vt 0.520334 0.845888
vt 0.519884 0.845532
vt 0.539153 0.873755
vt 0.539394 0.874422
vt 0.546437 0.857613
vt 0.546945 0.857687
vt 0.521848 0.842532
vt 0.521454 0.842052
vt 0.536635 0.875300
vt 0.536783 0.876023
vt 0.545906 0.861573
vt 0.546394 0.861792
vt 0.523776 0.839677
vt 0.523452 0.839093
vt 0.533961 0.876088
vt 0.534011 0.876840
vt 0.517685 0.862293
vt 0.518854 0.866473
vt 0.544644 0.840956
vt 0.542484 0.837757
vt 0.517089 0.857857
vt 0.546342 0.844717
vt 0.517089 0.853333
vt 0.547511 0.848897
vt 0.517685 0.848897
vt 0.542484 0.873433
vt 0.544644 0.870234
vt 0.548107 0.853333
vt 0.518855 0.844717
vt 0.539944 0.875946
vt 0.548107 0.857857
vt 0.520552 0.840956
vt 0.537122 0.877677
vt 0.547511 0.862293
vt 0.522712 0.837757
vt 0.534126 0.878559
vt 0.546342 0.866473
vt 0.525252 0.835244
vt 0.531071 0.878559
vt 0.528074 0.833513
vt 0.528074 0.877677
vt 0.531071 0.832631
vt 0.525252 0.875946
vt 0.534126 0.832631
vt 0.522712 0.873433
vt 0.537122 0.833513
vt 0.520552 0.870234
vt 0.539944 0.835244
vt 0.433895 0.596225
vt 0.434482 0.596225
vt 0.434482 0.600215
vt 0.433895 0.600215
vt 0.640428 0.591897
vt 0.641015 0.591897
vt 0.641015 0.587395
vt 0.640428 0.587395
vt 0.727807 0.933305
vt 0.728395 0.933305
vt 0.728395 0.936802
vt 0.727807 0.936802
vt 0.433895 0.591897
vt 0.434482 0.591897
vt 0.640428 0.596225
vt 0.641015 0.596225
vt 0.640428 0.574575
vt 0.641015 0.574575
vt 0.641015 0.571078
vt 0.640428 0.571078
vt 0.433895 0.587395
vt 0.434482 0.587395
vt 0.640428 0.600215
vt 0.641015 0.600215
vt 0.640428 0.578564
vt 0.641015 0.578564
vt 0.433895 0.582893
vt 0.434482 0.582893
vt 0.640428 0.603712
vt 0.641015 0.603712
vt 0.640428 0.582893
vt 0.641015 0.582893
vt 0.433895 0.578564
vt 0.434482 0.578564
vt 0.762759 0.938391
vt 0.763346 0.938391
vt 0.763346 0.934894
vt 0.762759 0.934894
vt 0.433895 0.574575
vt 0.434482 0.574575
vt 0.762759 0.942380
vt 0.763346 0.942380
vt 0.433895 0.571078
vt 0.434482 0.571078
vt 0.762759 0.946709
vt 0.763346 0.946709
vt 0.727807 0.962442
vt 0.728395 0.962442
vt 0.728395 0.965939
vt 0.727807 0.965939
vt 0.762759 0.951211
vt 0.763346 0.951211
vt 0.727807 0.958452
vt 0.728395 0.958452
vt 0.762759 0.955712
vt 0.763346 0.955712
vt 0.727807 0.954124
vt 0.728395 0.954124
vt 0.762759 0.960041
vt 0.763346 0.960041
vt 0.727807 0.949622
vt 0.728395 0.949622
vt 0.762759 0.964031
vt 0.763346 0.964031
vt 0.727807 0.945120
vt 0.728395 0.945120
vt 0.762759 0.967527
vt 0.763346 0.967527
vt 0.727807 0.940791
vt 0.728395 0.940791
vt 0.434482 0.603712
vt 0.433895 0.603712
vt 0.436897 0.582893
vt 0.436897 0.587395
vt 0.643429 0.603712
vt 0.643429 0.600215
vt 0.643429 0.582893
vt 0.643429 0.578564
vt 0.436897 0.578564
vt 0.765761 0.938391
vt 0.765761 0.934894
vt 0.643429 0.587395
vt 0.436897 0.574575
vt 0.765761 0.942380
vt 0.436897 0.571078
vt 0.765761 0.946709
vt 0.730809 0.962442
vt 0.730809 0.965939
vt 0.765761 0.951211
vt 0.730809 0.958452
vt 0.765761 0.955712
vt 0.730809 0.954124
vt 0.765761 0.960041
vt 0.730809 0.949622
vt 0.765761 0.964031
vt 0.730809 0.945120
vt 0.765761 0.967527
vt 0.730809 0.940791
vt 0.436897 0.600215
vt 0.436897 0.603712
vt 0.730809 0.936802
vt 0.436897 0.596225
vt 0.643429 0.591897
vt 0.730809 0.933305
vt 0.436897 0.591897
vt 0.643429 0.596225
vt 0.643429 0.574575
vt 0.643429 0.571078
vt 0.170104 0.792669
vt 0.169903 0.795684
vt 0.167250 0.795684
vt 0.167049 0.792669
vt 0.158690 0.833471
vt 0.159988 0.831129
vt 0.162195 0.833312
vt 0.161231 0.835984
vt 0.173100 0.793552
vt 0.172506 0.796451
vt 0.156530 0.830272
vt 0.158112 0.828351
vt 0.175923 0.795283
vt 0.174958 0.797955
vt 0.154833 0.826511
vt 0.156637 0.825083
vt 0.178463 0.797796
vt 0.177165 0.800138
vt 0.153664 0.822332
vt 0.155622 0.821453
vt 0.180623 0.800995
vt 0.179041 0.802916
vt 0.153068 0.817895
vt 0.155104 0.817598
vt 0.182320 0.804756
vt 0.180516 0.806184
vt 0.153068 0.813372
vt 0.155104 0.813669
vt 0.183489 0.808935
vt 0.181531 0.809814
vt 0.153664 0.808935
vt 0.155622 0.809815
vt 0.184085 0.813372
vt 0.182049 0.813669
vt 0.154833 0.804756
vt 0.156637 0.806184
vt 0.175923 0.835984
vt 0.174958 0.833312
vt 0.177165 0.831129
vt 0.178463 0.833471
vt 0.184085 0.817895
vt 0.182049 0.817598
vt 0.156530 0.800995
vt 0.158112 0.802917
vt 0.173100 0.837715
vt 0.172506 0.834816
vt 0.183489 0.822332
vt 0.181531 0.821452
vt 0.158690 0.797796
vt 0.159988 0.800138
vt 0.170104 0.838598
vt 0.169904 0.835583
vt 0.182320 0.826511
vt 0.180516 0.825083
vt 0.161231 0.795283
vt 0.162195 0.797955
vt 0.167049 0.838598
vt 0.167250 0.835583
vt 0.180623 0.830272
vt 0.179041 0.828350
vt 0.164053 0.793552
vt 0.164647 0.796451
vt 0.164053 0.837715
vt 0.164647 0.834816
vt 0.177698 0.799176
vt 0.175354 0.796858
vt 0.154818 0.821814
vt 0.155897 0.825669
vt 0.179691 0.802127
vt 0.154268 0.817720
vt 0.181257 0.805598
vt 0.154268 0.813547
vt 0.182335 0.809453
vt 0.154818 0.809453
vt 0.182885 0.813547
vt 0.155897 0.805598
vt 0.175354 0.834409
vt 0.177698 0.832091
vt 0.182885 0.817720
vt 0.157462 0.802127
vt 0.172750 0.836007
vt 0.182335 0.821814
vt 0.159455 0.799176
vt 0.169986 0.836821
vt 0.181257 0.825669
vt 0.161799 0.796858
vt 0.167167 0.836821
vt 0.179691 0.829140
vt 0.164403 0.795260
vt 0.164403 0.836007
vt 0.167167 0.794446
vt 0.161799 0.834409
vt 0.169986 0.794446
vt 0.159455 0.832091
vt 0.172750 0.795260
vt 0.157462 0.829140
vt 0.185224 0.808156
vt 0.183919 0.803490
vt 0.151929 0.808156
vt 0.151264 0.813109
vt 0.185889 0.813109
vt 0.153234 0.803491
vt 0.176777 0.838351
vt 0.179613 0.835546
vt 0.185889 0.818158
vt 0.155129 0.799292
vt 0.173626 0.840284
vt 0.185224 0.823111
vt 0.157540 0.795721
vt 0.170282 0.841269
vt 0.183919 0.827776
vt 0.160376 0.792916
vt 0.166871 0.841269
vt 0.182024 0.831975
vt 0.163527 0.790983
vt 0.163527 0.840284
vt 0.166871 0.789998
vt 0.160376 0.838351
vt 0.170282 0.789998
vt 0.157540 0.835546
vt 0.173626 0.790983
vt 0.155129 0.831975
vt 0.176777 0.792916
vt 0.153234 0.827777
vt 0.179613 0.795721
vt 0.151929 0.823111
vt 0.182024 0.799292
vt 0.151264 0.818158
vt 0.186742 0.823793
vt 0.187468 0.818389
vt 0.156534 0.793905
vt 0.153902 0.797801
vt 0.170437 0.843608
vt 0.174087 0.842533
vt 0.185318 0.828884
vt 0.159628 0.790843
vt 0.166716 0.843608
vt 0.183251 0.833466
vt 0.163066 0.788735
vt 0.163066 0.842533
vt 0.180619 0.837362
vt 0.166716 0.787660
vt 0.159628 0.840424
vt 0.170437 0.787660
vt 0.156534 0.837362
vt 0.174087 0.788734
vt 0.153902 0.833466
vt 0.177525 0.790843
vt 0.151835 0.828884
vt 0.180619 0.793905
vt 0.150411 0.823793
vt 0.183251 0.797801
vt 0.149685 0.818389
vt 0.185318 0.802383
vt 0.149685 0.812878
vt 0.186742 0.807474
vt 0.150411 0.807474
vt 0.187468 0.812878
vt 0.151835 0.802383
vt 0.177525 0.840424
vt 0.659382 0.906344
vt 0.660905 0.906344
vt 0.660905 0.900861
vt 0.659382 0.900861
vt 0.583124 0.892317
vt 0.584647 0.892317
vt 0.584647 0.897176
vt 0.583124 0.897176
vt 0.877036 0.339537
vt 0.878559 0.339537
vt 0.878559 0.334678
vt 0.877036 0.334678
vt 0.583124 0.888057
vt 0.584647 0.888057
vt 0.877036 0.344810
vt 0.878559 0.344810
vt 0.516398 0.914018
vt 0.517921 0.914018
vt 0.517921 0.918277
vt 0.516398 0.918277
vt 0.877036 0.350294
vt 0.878559 0.350294
vt 0.516398 0.909158
vt 0.517921 0.909158
vt 0.877036 0.355778
vt 0.878559 0.355778
vt 0.516398 0.903885
vt 0.517921 0.903885
vt 0.877036 0.361051
vt 0.878559 0.361051
vt 0.516398 0.898401
vt 0.517921 0.898401
vt 0.877036 0.365911
vt 0.878559 0.365911
vt 0.516398 0.892917
vt 0.517921 0.892917
vt 0.877036 0.370171
vt 0.878559 0.370171
vt 0.516398 0.887644
vt 0.517921 0.887644
vt 0.583124 0.923550
vt 0.584647 0.923550
vt 0.584647 0.927810
vt 0.583124 0.927810
vt 0.516398 0.882784
vt 0.517921 0.882784
vt 0.583124 0.918690
vt 0.584647 0.918690
vt 0.659382 0.911828
vt 0.660905 0.911828
vt 0.516398 0.878524
vt 0.517921 0.878524
vt 0.583124 0.913417
vt 0.584647 0.913417
vt 0.659382 0.917101
vt 0.660905 0.917101
vt 0.659382 0.890728
vt 0.660905 0.890728
vt 0.660905 0.886468
vt 0.659382 0.886468
vt 0.583124 0.907933
vt 0.584647 0.907933
vt 0.659382 0.921961
vt 0.660905 0.921961
vt 0.659382 0.895587
vt 0.660905 0.895587
vt 0.583124 0.902449
vt 0.584647 0.902449
vt 0.659382 0.926221
vt 0.660905 0.926221
vt 0.878559 0.330418
vt 0.877036 0.330418
vt 0.744510 0.835113
vt 0.743983 0.833230
vt 0.747027 0.830821
vt 0.747792 0.832515
vt 0.740948 0.781574
vt 0.740680 0.783573
vt 0.737245 0.783072
vt 0.737245 0.781034
vt 0.740948 0.836713
vt 0.740680 0.834714
vt 0.744510 0.783174
vt 0.743983 0.785056
vt 0.737245 0.837253
vt 0.737245 0.835215
vt 0.747792 0.785771
vt 0.747027 0.787466
vt 0.733542 0.836713
vt 0.733810 0.834714
vt 0.750668 0.789267
vt 0.749695 0.790708
vt 0.729981 0.835113
vt 0.730507 0.833230
vt 0.753029 0.793527
vt 0.751885 0.794659
vt 0.726699 0.832515
vt 0.727463 0.830821
vt 0.754783 0.798386
vt 0.753512 0.799166
vt 0.718627 0.803659
vt 0.719976 0.804057
vt 0.719638 0.809143
vt 0.718262 0.809143
vt 0.723822 0.829020
vt 0.724795 0.827579
vt 0.755863 0.803659
vt 0.754514 0.804057
vt 0.719707 0.798386
vt 0.720978 0.799166
vt 0.721461 0.824760
vt 0.722605 0.823628
vt 0.756228 0.809143
vt 0.754852 0.809143
vt 0.721461 0.793527
vt 0.722605 0.794659
vt 0.719707 0.819900
vt 0.720978 0.819120
vt 0.755863 0.814627
vt 0.754514 0.814230
vt 0.723822 0.789267
vt 0.724795 0.790708
vt 0.718627 0.814627
vt 0.719976 0.814230
vt 0.754783 0.819900
vt 0.753512 0.819120
vt 0.726699 0.785771
vt 0.727463 0.787466
vt 0.753029 0.824760
vt 0.751885 0.823628
vt 0.729981 0.783174
vt 0.730507 0.785056
vt 0.750668 0.829020
vt 0.749695 0.827579
vt 0.733542 0.781574
vt 0.733810 0.783573
vt 0.733594 0.836326
vt 0.737245 0.836859
vt 0.750480 0.789545
vt 0.747644 0.786099
vt 0.730082 0.834749
vt 0.752808 0.793745
vt 0.726846 0.832188
vt 0.754538 0.798537
vt 0.718887 0.803736
vt 0.718528 0.809143
vt 0.724010 0.828741
vt 0.755603 0.803736
vt 0.719953 0.798537
vt 0.721682 0.824541
vt 0.755962 0.809143
vt 0.721682 0.793745
vt 0.719953 0.819750
vt 0.755603 0.814550
vt 0.724010 0.789545
vt 0.718887 0.814550
vt 0.754538 0.819750
vt 0.726846 0.786099
vt 0.752808 0.824541
vt 0.730082 0.783537
vt 0.750480 0.828741
vt 0.733594 0.781960
vt 0.747644 0.832188
vt 0.737245 0.781428
vt 0.744408 0.834749
vt 0.740897 0.781960
vt 0.740897 0.836326
vt 0.744408 0.783537
vt 0.922374 0.762043
vt 0.925138 0.762043
vt 0.925138 0.758231
vt 0.922374 0.758231
vt 0.494770 0.513817
vt 0.493748 0.513821
vt 0.493748 0.517907
vt 0.494770 0.517907
vt 0.607395 0.386572
vt 0.606109 0.386756
vt 0.605695 0.383673
vt 0.606932 0.383127
vt 0.922374 0.779037
vt 0.925138 0.779037
vt 0.925138 0.774245
vt 0.922374 0.774245
vt 0.922374 0.753032
vt 0.925138 0.753032
vt 0.925138 0.748241
vt 0.922374 0.748241
vt 0.081863 0.186542
vt 0.083139 0.186546
vt 0.083139 0.190631
vt 0.081863 0.190631
vt 0.922374 0.783236
vt 0.925138 0.783236
vt 0.606932 0.395140
vt 0.605695 0.394594
vt 0.606109 0.391510
vt 0.607395 0.391695
vt 0.763503 0.186185
vt 0.766267 0.186185
vt 0.766267 0.183224
vt 0.763503 0.183224
vt 0.638139 0.107467
vt 0.637050 0.106802
vt 0.637668 0.103784
vt 0.638826 0.104116
vt 0.922374 0.892814
vt 0.925138 0.892814
vt 0.925138 0.896191
vt 0.922374 0.896191
vt 0.066038 0.490454
vt 0.067232 0.490655
vt 0.067232 0.492196
vt 0.066038 0.492345
vt 0.330959 0.184953
vt 0.329774 0.184957
vt 0.329774 0.189043
vt 0.330959 0.189043
vt 0.922374 0.888614
vt 0.925138 0.888614
vt 0.554130 0.003840
vt 0.555142 0.003844
vt 0.555142 0.007929
vt 0.554130 0.007929
vt 0.761914 0.413632
vt 0.764678 0.413632
vt 0.764678 0.417832
vt 0.761914 0.417832
vt 0.763503 0.202822
vt 0.766267 0.202822
vt 0.766267 0.197415
vt 0.763503 0.197415
vt 0.761914 0.410254
vt 0.764678 0.410254
vt 0.763503 0.208229
vt 0.766267 0.208229
vt 0.140313 0.403383
vt 0.139063 0.403231
vt 0.139063 0.401696
vt 0.140313 0.401485
vt 0.763503 0.211894
vt 0.766267 0.211894
vt 0.480387 0.388309
vt 0.479219 0.388313
vt 0.479219 0.392398
vt 0.480387 0.392398
vt 0.207378 0.360179
vt 0.208628 0.360389
vt 0.208628 0.361925
vt 0.207378 0.362076
vt 0.761914 0.392827
vt 0.764678 0.392827
vt 0.764678 0.398234
vt 0.761914 0.398234
vt 0.547545 0.054679
vt 0.548702 0.054683
vt 0.548702 0.058768
vt 0.547545 0.058768
vt 0.761914 0.387628
vt 0.764678 0.387628
vt 0.922374 0.923610
vt 0.925138 0.923610
vt 0.925138 0.927810
vt 0.922374 0.927810
vt 0.761914 0.384250
vt 0.764678 0.384250
vt 0.922374 0.918818
vt 0.925138 0.918818
vt 0.527959 0.006199
vt 0.526765 0.006049
vt 0.526765 0.004509
vt 0.527959 0.004307
vt 0.922374 0.915153
vt 0.925138 0.915153
vt 0.539814 0.187454
vt 0.540861 0.187454
vt 0.540861 0.183369
vt 0.539814 0.183365
vt 0.753302 0.382836
vt 0.759749 0.382836
vt 0.759749 0.387628
vt 0.753302 0.387628
vt 0.754891 0.187424
vt 0.761337 0.187424
vt 0.761337 0.183224
vt 0.754891 0.183224
vt 0.913762 0.888614
vt 0.920209 0.888614
vt 0.920209 0.892814
vt 0.913762 0.892814
vt 0.913762 0.923610
vt 0.920209 0.923610
vt 0.920209 0.927810
vt 0.913762 0.927810
vt 0.753302 0.413632
vt 0.759749 0.413632
vt 0.759749 0.417832
vt 0.753302 0.417832
vt 0.913762 0.918818
vt 0.920209 0.918818
vt 0.925138 0.745189
vt 0.925138 0.746469
vt 0.922379 0.746469
vt 0.922377 0.745189
vt 0.453824 0.517907
vt 0.454955 0.517907
vt 0.454955 0.513821
vt 0.453824 0.513817
vt 0.753302 0.408840
vt 0.759749 0.408840
vt 0.913762 0.913619
vt 0.920209 0.913619
vt 0.913762 0.753032
vt 0.920209 0.753032
vt 0.920209 0.748241
vt 0.913762 0.748241
vt 0.754891 0.202822
vt 0.761337 0.202822
vt 0.761337 0.197415
vt 0.754891 0.197415
vt 0.913762 0.758231
vt 0.920209 0.758231
vt 0.754891 0.208229
vt 0.761337 0.208229
vt 0.284910 0.463890
vt 0.283678 0.463890
vt 0.283678 0.459805
vt 0.284910 0.459801
vt 0.467609 0.177922
vt 0.466448 0.177922
vt 0.466448 0.173836
vt 0.467609 0.173832
vt 0.913762 0.763639
vt 0.920209 0.763639
vt 0.754891 0.213428
vt 0.761337 0.213428
vt 0.753302 0.392827
vt 0.759749 0.392827
vt 0.759749 0.398234
vt 0.753302 0.398234
vt 0.913762 0.779037
vt 0.920209 0.779037
vt 0.920209 0.774245
vt 0.913762 0.774245
vt 0.913762 0.783236
vt 0.920209 0.783236
vt 0.460110 0.393987
vt 0.461314 0.393987
vt 0.461314 0.389902
vt 0.460110 0.389898
vt 0.761337 0.192216
vt 0.754891 0.192216
vt 0.754891 0.222420
vt 0.761337 0.222420
vt 0.761337 0.218220
vt 0.754891 0.218220
vt 0.753302 0.403641
vt 0.759749 0.403641
vt 0.534309 0.446961
vt 0.533030 0.446982
vt 0.532715 0.442249
vt 0.533970 0.441864
vt 0.764678 0.402046
vt 0.761914 0.402046
vt 0.925138 0.745280
vt 0.922374 0.745280
vt 0.920209 0.897605
vt 0.913762 0.897605
vt 0.533969 0.452058
vt 0.532716 0.451714
vt 0.627285 0.531159
vt 0.628467 0.531173
vt 0.628782 0.535915
vt 0.627624 0.536247
vt 0.533281 0.455419
vt 0.532099 0.454726
vt 0.627624 0.526071
vt 0.628782 0.526432
vt 0.766267 0.193750
vt 0.763503 0.193750
vt 0.616584 0.589630
vt 0.615379 0.590017
vt 0.614762 0.587006
vt 0.615897 0.586277
vt 0.628310 0.522722
vt 0.629400 0.523417
vt 0.616922 0.594722
vt 0.615695 0.594754
vt 0.605336 0.043764
vt 0.606539 0.043440
vt 0.607157 0.046456
vt 0.606024 0.047121
vt 0.913762 0.769046
vt 0.920209 0.769046
vt 0.753302 0.378636
vt 0.759749 0.378636
vt 0.616583 0.599814
vt 0.615380 0.599491
vt 0.604997 0.038672
vt 0.606225 0.038703
vt 0.615895 0.603171
vt 0.614763 0.602507
vt 0.913762 0.908212
vt 0.920209 0.908212
vt 0.605336 0.033579
vt 0.606540 0.033966
vt 0.638826 0.093940
vt 0.637668 0.094302
vt 0.637050 0.091286
vt 0.638140 0.090592
vt 0.913762 0.902805
vt 0.920209 0.902805
vt 0.606022 0.030227
vt 0.607157 0.030956
vt 0.639165 0.099028
vt 0.637983 0.099043
vt 0.554446 0.216928
vt 0.555700 0.216584
vt 0.556317 0.219596
vt 0.555135 0.220289
vt 0.554107 0.211831
vt 0.555385 0.211852
vt 0.920216 0.769619
vt 0.918315 0.768069
vt 0.918315 0.763647
vt 0.920216 0.762067
vt 0.920216 0.763571
vt 0.920216 0.765075
vt 0.920216 0.766611
vt 0.920216 0.768115
vt 0.925138 0.770580
vt 0.922374 0.770580
vt 0.554446 0.206734
vt 0.555700 0.207119
vt 0.920209 0.744041
vt 0.913762 0.744041
vt 0.629400 0.538933
vt 0.628311 0.539598
vt 0.763503 0.222420
vt 0.766267 0.222420
vt 0.766267 0.219459
vt 0.763503 0.219459
vt 0.555134 0.203375
vt 0.556317 0.204111
vt 0.532099 0.439241
vt 0.533282 0.438505
vt 0.921292 0.754972
vt 0.920401 0.754972
vt 0.920401 0.751053
vt 0.921294 0.751053
vt 0.125861 0.703276
vt 0.123957 0.701727
vt 0.123965 0.705979
vt 0.125925 0.705979
vt 0.710572 0.465696
vt 0.708612 0.465696
vt 0.708604 0.461443
vt 0.710506 0.462904
vt 0.211649 0.924332
vt 0.209748 0.923018
vt 0.209755 0.926937
vt 0.211715 0.926937
vt 0.125925 0.684711
vt 0.123965 0.684711
vt 0.123957 0.688630
vt 0.125861 0.687170
vt 0.711584 0.474540
vt 0.710572 0.474540
vt 0.710572 0.470118
vt 0.711582 0.470118
vt 0.918322 0.751053
vt 0.918315 0.747618
vt 0.920216 0.748737
vt 0.212728 0.948205
vt 0.211715 0.948205
vt 0.211716 0.951640
vt 0.212726 0.951640
vt 0.126935 0.709898
vt 0.125925 0.709898
vt 0.125925 0.713333
vt 0.126937 0.713333
vt 0.921294 0.759225
vt 0.920401 0.759225
vt 0.212725 0.931189
vt 0.211715 0.931189
vt 0.211715 0.935611
vt 0.212728 0.935611
vt 0.710506 0.477332
vt 0.708604 0.478793
vt 0.708612 0.474540
vt 0.920423 0.772322
vt 0.918322 0.772322
vt 0.211649 0.945745
vt 0.209748 0.944286
vt 0.209755 0.948205
vt 0.710572 0.486147
vt 0.708612 0.486147
vt 0.708604 0.482712
vt 0.710506 0.484025
vt 0.918322 0.759225
vt 0.921294 0.779676
vt 0.920423 0.779676
vt 0.920423 0.776241
vt 0.921292 0.776241
vt 0.209755 0.935611
vt 0.209748 0.940034
vt 0.211649 0.938484
vt 0.126938 0.705979
vt 0.711584 0.465696
vt 0.212728 0.926937
vt 0.126935 0.681275
vt 0.125925 0.681275
vt 0.126938 0.684711
vt 0.710506 0.456211
vt 0.708604 0.457524
vt 0.708612 0.454089
vt 0.710713 0.454089
vt 0.211649 0.918466
vt 0.209748 0.919583
vt 0.211649 0.923172
vt 0.211649 0.922011
vt 0.211649 0.920821
vt 0.211649 0.919643
vt 0.209755 0.931189
vt 0.211649 0.944308
vt 0.211649 0.942871
vt 0.211649 0.941402
vt 0.211649 0.939943
vt 0.708612 0.470118
vt 0.125851 0.692882
vt 0.123950 0.692882
vt 0.123950 0.697304
vt 0.125851 0.697304
vt 0.711584 0.486147
vt 0.711587 0.484025
vt 0.921298 0.762067
vt 0.921294 0.772322
vt 0.711587 0.456211
vt 0.711584 0.454089
vt 0.918322 0.754972
vt 0.711587 0.477332
vt 0.921298 0.748737
vt 0.126942 0.703276
vt 0.123965 0.709898
vt 0.123965 0.713333
vt 0.212731 0.938484
vt 0.125856 0.690069
vt 0.125859 0.688619
vt 0.126942 0.687170
vt 0.212731 0.945745
vt 0.125859 0.701769
vt 0.125856 0.700262
vt 0.710506 0.457554
vt 0.710506 0.458897
vt 0.710506 0.460255
vt 0.710506 0.461580
vt 0.212731 0.924332
vt 0.123965 0.681275
vt 0.710506 0.478677
vt 0.710506 0.480022
vt 0.710506 0.481376
vt 0.710506 0.482700
vt 0.209755 0.951640
vt 0.918322 0.776241
vt 0.918322 0.779676
vt 0.711587 0.462904
vt 0.921298 0.769619
vt 0.584647 0.860133
vt 0.581644 0.860571
vt 0.581174 0.857072
vt 0.584062 0.855775
vt 0.567912 0.884914
vt 0.568207 0.880468
vt 0.570617 0.880468
vt 0.570913 0.884914
vt 0.584647 0.864577
vt 0.581644 0.864139
vt 0.582913 0.873041
vt 0.580252 0.870935
vt 0.581174 0.867639
vt 0.584062 0.868935
vt 0.555911 0.873041
vt 0.558572 0.870935
vt 0.559911 0.873901
vt 0.557579 0.876736
vt 0.579124 0.879878
vt 0.577210 0.876424
vt 0.578914 0.873901
vt 0.581246 0.876736
vt 0.564968 0.884047
vt 0.565844 0.879772
vt 0.561615 0.876424
vt 0.559701 0.879878
vt 0.576629 0.882347
vt 0.575206 0.878407
vt 0.554763 0.855775
vt 0.557650 0.857072
vt 0.557180 0.860571
vt 0.554177 0.860133
vt 0.555911 0.851670
vt 0.558572 0.853776
vt 0.563618 0.878407
vt 0.562196 0.882347
vt 0.580252 0.853776
vt 0.582913 0.851670
vt 0.564968 0.840663
vt 0.565844 0.844939
vt 0.563618 0.846304
vt 0.562196 0.842364
vt 0.561615 0.848286
vt 0.559701 0.844833
vt 0.567912 0.839796
vt 0.568207 0.844243
vt 0.572980 0.879772
vt 0.573856 0.884047
vt 0.554763 0.868935
vt 0.557650 0.867639
vt 0.573856 0.840663
vt 0.572980 0.844939
vt 0.570617 0.844243
vt 0.570913 0.839796
vt 0.559911 0.850809
vt 0.557579 0.847975
vt 0.557180 0.864139
vt 0.554177 0.864577
vt 0.576629 0.842364
vt 0.575206 0.846304
vt 0.578914 0.850809
vt 0.581246 0.847975
vt 0.579124 0.844833
vt 0.577210 0.848286
vt 0.559355 0.854220
vt 0.559219 0.858110
vt 0.559498 0.862278
vt 0.560171 0.866506
vt 0.561198 0.870575
vt 0.562530 0.874270
vt 0.564102 0.877393
vt 0.561455 0.851727
vt 0.561660 0.855865
vt 0.562205 0.860453
vt 0.563047 0.865215
vt 0.564133 0.869867
vt 0.565402 0.874128
vt 0.566784 0.877738
vt 0.563871 0.849687
vt 0.564411 0.853923
vt 0.565195 0.858734
vt 0.566167 0.863813
vt 0.567264 0.868836
vt 0.568417 0.873481
vt 0.569557 0.877447
vt 0.566508 0.848180
vt 0.567364 0.852358
vt 0.568354 0.857189
vt 0.569412 0.862355
vt 0.570471 0.867522
vt 0.571460 0.872353
vt 0.572316 0.876530
vt 0.569267 0.847263
vt 0.570407 0.851230
vt 0.571560 0.855875
vt 0.572657 0.860898
vt 0.573630 0.865976
vt 0.574414 0.870788
vt 0.574954 0.875023
vt 0.572041 0.846972
vt 0.573423 0.850582
vt 0.574691 0.854844
vt 0.575778 0.859496
vt 0.576620 0.864258
vt 0.577164 0.868845
vt 0.577369 0.872984
vt 0.574723 0.847317
vt 0.576295 0.850440
vt 0.577626 0.854135
vt 0.578654 0.858204
vt 0.579326 0.862433
vt 0.579605 0.866600
vt 0.579470 0.870490
vt 0.293454 0.174473
vt 0.293912 0.174473
vt 0.293912 0.167381
vt 0.293454 0.167381
vt 0.304575 0.170909
vt 0.305033 0.170909
vt 0.305033 0.177193
vt 0.304575 0.177193
vt 0.293454 0.181565
vt 0.293912 0.181565
vt 0.304575 0.164089
vt 0.305033 0.164089
vt 0.293454 0.188385
vt 0.293912 0.188385
vt 0.304575 0.156997
vt 0.305033 0.156997
vt 0.293454 0.194669
vt 0.293912 0.194669
vt 0.304575 0.149905
vt 0.305033 0.149905
vt 0.293454 0.200178
vt 0.293912 0.200178
vt 0.304575 0.143086
vt 0.305033 0.143086
vt 0.849504 0.761841
vt 0.849962 0.761841
vt 0.849962 0.767349
vt 0.849504 0.767349
vt 0.304575 0.136801
vt 0.305033 0.136801
vt 0.849504 0.755556
vt 0.849962 0.755556
vt 0.004308 0.028311
vt 0.004766 0.028311
vt 0.004766 0.021219
vt 0.004308 0.021219
vt 0.304575 0.131292
vt 0.305033 0.131292
vt 0.849504 0.748736
vt 0.849962 0.748736
vt 0.004308 0.042223
vt 0.004766 0.042223
vt 0.004766 0.035403
vt 0.004308 0.035403
vt 0.004308 0.008115
vt 0.004766 0.008115
vt 0.004766 0.002606
vt 0.004308 0.002606
vt 0.849504 0.741644
vt 0.849962 0.741644
vt 0.004308 0.048508
vt 0.004766 0.048508
vt 0.004308 0.014400
vt 0.004766 0.014400
vt 0.849504 0.734552
vt 0.849962 0.734552
vt 0.004308 0.054016
vt 0.004766 0.054016
vt 0.849504 0.727733
vt 0.849962 0.727733
vt 0.293454 0.154277
vt 0.293912 0.154277
vt 0.293912 0.148768
vt 0.293454 0.148768
vt 0.849504 0.721448
vt 0.849962 0.721448
vt 0.293454 0.160562
vt 0.293912 0.160562
vt 0.849504 0.715939
vt 0.849962 0.715939
vt 0.305033 0.182702
vt 0.304575 0.182702
vt 0.220748 0.636588
vt 0.222578 0.630894
vt 0.223903 0.624406
vt 0.224667 0.617465
vt 0.224833 0.610436
vt 0.224387 0.603689
vt 0.223342 0.597577
vt 0.216563 0.638390
vt 0.217987 0.632012
vt 0.219093 0.624653
vt 0.219826 0.616759
vt 0.220147 0.608804
vt 0.220032 0.601267
vt 0.219476 0.594600
vt 0.212097 0.639224
vt 0.213062 0.632394
vt 0.213902 0.624480
vt 0.214572 0.615992
vt 0.215033 0.607474
vt 0.215252 0.599469
vt 0.215206 0.592492
vt 0.207522 0.639059
vt 0.207990 0.632026
vt 0.208531 0.623894
vt 0.209109 0.615196
vt 0.209688 0.606498
vt 0.210229 0.598365
vt 0.210697 0.591332
vt 0.203013 0.637899
vt 0.202967 0.630922
vt 0.203186 0.622917
vt 0.203646 0.614399
vt 0.204317 0.605912
vt 0.205157 0.597997
vt 0.206121 0.591167
vt 0.198743 0.635791
vt 0.198186 0.629124
vt 0.198072 0.621587
vt 0.198393 0.613633
vt 0.199126 0.605739
vt 0.200231 0.598379
vt 0.201655 0.592001
vt 0.194876 0.632814
vt 0.193831 0.626702
vt 0.193386 0.619955
vt 0.193552 0.612927
vt 0.194315 0.605986
vt 0.195641 0.599497
vt 0.197471 0.593804
vt 0.539501 0.311205
vt 0.539496 0.312817
vt 0.538419 0.312977
vt 0.921291 0.763639
vt 0.922374 0.763639
vt 0.332041 0.184950
vt 0.332041 0.183347
vt 0.330959 0.183350
vt 0.539501 0.309315
vt 0.538419 0.307544
vt 0.539496 0.307703
vt 0.467609 0.172229
vt 0.468671 0.172226
vt 0.468671 0.173829
vt 0.922374 0.769046
vt 0.921291 0.769046
vt 0.762420 0.187424
vt 0.763503 0.187424
vt 0.553222 0.003837
vt 0.553222 0.002233
vt 0.554130 0.002237
vt 0.066034 0.493955
vt 0.064955 0.494090
vt 0.064955 0.488657
vt 0.066031 0.488839
vt 0.453824 0.512214
vt 0.452818 0.512211
vt 0.452818 0.513814
vt 0.763503 0.192216
vt 0.762420 0.192216
vt 0.762420 0.213428
vt 0.763503 0.213428
vt 0.546552 0.054675
vt 0.546552 0.053072
vt 0.547545 0.053076
vt 0.207374 0.363685
vt 0.206295 0.363816
vt 0.206295 0.358382
vt 0.207371 0.358564
vt 0.539814 0.181762
vt 0.538923 0.181758
vt 0.538923 0.183361
vt 0.763503 0.218220
vt 0.762420 0.218220
vt 0.921291 0.913619
vt 0.922374 0.913619
vt 0.080800 0.186539
vt 0.080800 0.184936
vt 0.081863 0.184939
vt 0.606724 0.381546
vt 0.607762 0.381088
vt 0.607762 0.397179
vt 0.606724 0.396721
vt 0.460110 0.388294
vt 0.459108 0.388291
vt 0.459108 0.389894
vt 0.922374 0.897605
vt 0.921291 0.897605
vt 0.760831 0.408840
vt 0.761914 0.408840
vt 0.481381 0.388305
vt 0.481381 0.386702
vt 0.480387 0.386706
vt 0.140320 0.399870
vt 0.141396 0.399689
vt 0.141396 0.405122
vt 0.140317 0.404992
vt 0.284910 0.458198
vt 0.285969 0.458195
vt 0.285969 0.459798
vt 0.761914 0.403641
vt 0.760831 0.403641
vt 0.760831 0.382836
vt 0.761914 0.382836
vt 0.495679 0.513814
vt 0.495679 0.512211
vt 0.494770 0.512214
vt 0.527966 0.002692
vt 0.529042 0.002510
vt 0.529042 0.007944
vt 0.527963 0.007808
vt 0.921294 0.745189
vt 0.921291 0.744041
vt 0.922374 0.744041
vt 0.639142 0.108087
vt 0.638827 0.109621
vt 0.637826 0.109010
vt 0.330959 0.190646
vt 0.332041 0.190646
vt 0.332041 0.189043
vt 0.925138 0.763639
vt 0.926221 0.763639
vt 0.926221 0.762043
vt 0.628624 0.541141
vt 0.627623 0.541752
vt 0.627308 0.540218
vt 0.926221 0.770580
vt 0.926221 0.769046
vt 0.925138 0.769046
vt 0.468671 0.177922
vt 0.468671 0.179525
vt 0.467609 0.179525
vt 0.627308 0.522073
vt 0.627623 0.520539
vt 0.628617 0.521173
vt 0.554130 0.009532
vt 0.553222 0.009532
vt 0.553222 0.007929
vt 0.766267 0.187424
vt 0.767349 0.187424
vt 0.767349 0.186185
vt 0.606340 0.048660
vt 0.605334 0.049250
vt 0.605020 0.047716
vt 0.767349 0.193750
vt 0.767349 0.192216
vt 0.766267 0.192216
vt 0.452818 0.517907
vt 0.452818 0.519510
vt 0.453823 0.519510
vt 0.605020 0.029572
vt 0.605334 0.028038
vt 0.606327 0.028675
vt 0.547545 0.060371
vt 0.546552 0.060371
vt 0.546552 0.058768
vt 0.766267 0.213428
vt 0.767349 0.213428
vt 0.767349 0.211894
vt 0.555450 0.221829
vt 0.554444 0.222420
vt 0.554129 0.220886
vt 0.767349 0.219459
vt 0.767349 0.218220
vt 0.766267 0.218220
vt 0.538923 0.187454
vt 0.538923 0.189057
vt 0.539814 0.189057
vt 0.554129 0.202741
vt 0.554444 0.201207
vt 0.555442 0.201828
vt 0.081863 0.192235
vt 0.080800 0.192235
vt 0.080800 0.190631
vt 0.925138 0.913619
vt 0.926221 0.913619
vt 0.926221 0.915153
vt 0.532974 0.436958
vt 0.533972 0.436337
vt 0.534286 0.437871
vt 0.926221 0.896191
vt 0.926221 0.897605
vt 0.925138 0.897605
vt 0.459108 0.393987
vt 0.459108 0.395590
vt 0.460110 0.395590
vt 0.534286 0.456016
vt 0.533972 0.457550
vt 0.532966 0.456959
vt 0.480387 0.394001
vt 0.481381 0.394001
vt 0.481381 0.392398
vt 0.764678 0.408840
vt 0.765761 0.408840
vt 0.765761 0.410254
vt 0.615592 0.584726
vt 0.616585 0.584088
vt 0.616900 0.585622
vt 0.765761 0.402046
vt 0.765761 0.403641
vt 0.764678 0.403641
vt 0.285969 0.463890
vt 0.285969 0.465493
vt 0.284910 0.465493
vt 0.616900 0.603766
vt 0.616585 0.605300
vt 0.615580 0.604710
vt 0.494771 0.519510
vt 0.495679 0.519510
vt 0.495679 0.517907
vt 0.764678 0.382836
vt 0.765761 0.382836
vt 0.765761 0.384250
vt 0.637833 0.089042
vt 0.638827 0.088409
vt 0.639142 0.089943
vt 0.926221 0.745280
vt 0.926221 0.744041
vt 0.925138 0.744041
vt 0.926221 0.745189
vt 0.540669 0.311032
vt 0.541752 0.310871
vt 0.541752 0.312482
vt 0.540675 0.312642
vt 0.329774 0.183354
vt 0.328692 0.183358
vt 0.328692 0.184961
vt 0.922379 0.762067
vt 0.922381 0.763647
vt 0.921299 0.763647
vt 0.921299 0.765251
vt 0.921299 0.766466
vt 0.921299 0.768069
vt 0.922379 0.769619
vt 0.922381 0.768069
vt 0.465386 0.173840
vt 0.465386 0.172237
vt 0.466448 0.172233
vt 0.540669 0.309489
vt 0.540675 0.307878
vt 0.541752 0.308038
vt 0.541752 0.309650
vt 0.068315 0.492060
vt 0.068315 0.493669
vt 0.067236 0.493804
vt 0.555142 0.002241
vt 0.556050 0.002244
vt 0.556050 0.003847
vt 0.712669 0.456211
vt 0.712671 0.457524
vt 0.711588 0.457524
vt 0.711588 0.458943
vt 0.711588 0.460020
vt 0.711588 0.461443
vt 0.712669 0.462904
vt 0.712671 0.461443
vt 0.455961 0.513825
vt 0.455961 0.512222
vt 0.454955 0.512218
vt 0.067239 0.489043
vt 0.068315 0.489225
vt 0.068315 0.490838
vt 0.209710 0.361793
vt 0.209710 0.363402
vt 0.208631 0.363533
vt 0.548702 0.053080
vt 0.549695 0.053083
vt 0.549695 0.054686
vt 0.712669 0.477332
vt 0.712671 0.478793
vt 0.711588 0.478793
vt 0.711588 0.480211
vt 0.711588 0.481289
vt 0.711588 0.482712
vt 0.712669 0.484025
vt 0.712671 0.482712
vt 0.541752 0.183372
vt 0.541752 0.181769
vt 0.540861 0.181765
vt 0.208635 0.358777
vt 0.209710 0.358958
vt 0.209710 0.360572
vt 0.604653 0.384132
vt 0.604441 0.382553
vt 0.605478 0.382095
vt 0.083139 0.184943
vt 0.084202 0.184946
vt 0.084202 0.186549
vt 0.128022 0.703276
vt 0.128024 0.701727
vt 0.126941 0.701727
vt 0.126939 0.700124
vt 0.126939 0.690170
vt 0.126941 0.688630
vt 0.128022 0.687170
vt 0.128024 0.688630
vt 0.462316 0.389905
vt 0.462316 0.388302
vt 0.461314 0.388298
vt 0.605478 0.396171
vt 0.604441 0.395713
vt 0.604653 0.394134
vt 0.137981 0.401878
vt 0.137981 0.400265
vt 0.139056 0.400083
vt 0.479219 0.386710
vt 0.478225 0.386713
vt 0.478225 0.388316
vt 0.213812 0.945745
vt 0.213815 0.944286
vt 0.212732 0.944286
vt 0.212732 0.942742
vt 0.212732 0.941573
vt 0.212732 0.940034
vt 0.213812 0.938484
vt 0.213815 0.940034
vt 0.282620 0.459808
vt 0.282620 0.458205
vt 0.283678 0.458202
vt 0.139060 0.404839
vt 0.137981 0.404709
vt 0.137981 0.403100
vt 0.525683 0.004692
vt 0.525683 0.003078
vt 0.526758 0.002896
vt 0.493748 0.512218
vt 0.492839 0.512222
vt 0.492839 0.513825
vt 0.213812 0.924332
vt 0.213815 0.923018
vt 0.212732 0.923018
vt 0.212732 0.921770
vt 0.212732 0.920826
vt 0.212732 0.919583
vt 0.212731 0.918466
vt 0.922379 0.748737
vt 0.921299 0.747618
vt 0.922381 0.747618
vt 0.921296 0.746469
vt 0.526761 0.007657
vt 0.525683 0.007522
vt 0.525683 0.005913
vt 0.636731 0.108342
vt 0.635730 0.107731
vt 0.636045 0.106197
vt 0.925138 0.762052
vt 0.926221 0.762052
vt 0.926221 0.763647
vt 0.925138 0.763647
vt 0.328692 0.189043
vt 0.328692 0.190646
vt 0.329774 0.190646
vt 0.630405 0.538327
vt 0.630720 0.539862
vt 0.629719 0.540473
vt 0.466448 0.179525
vt 0.465386 0.179525
vt 0.465386 0.177922
vt 0.925138 0.769604
vt 0.925138 0.768069
vt 0.926221 0.768069
vt 0.926221 0.769604
vt 0.629725 0.521879
vt 0.630720 0.522512
vt 0.630405 0.524046
vt 0.715428 0.456285
vt 0.716510 0.456285
vt 0.716510 0.457524
vt 0.715428 0.457524
vt 0.556050 0.007929
vt 0.556050 0.009532
vt 0.555142 0.009532
vt 0.608163 0.045872
vt 0.608478 0.047406
vt 0.607472 0.047996
vt 0.454956 0.519510
vt 0.455961 0.519510
vt 0.455961 0.517907
vt 0.715428 0.462977
vt 0.715428 0.461443
vt 0.716510 0.461443
vt 0.716510 0.462977
vt 0.607485 0.029419
vt 0.608478 0.030056
vt 0.608163 0.031591
vt 0.715428 0.477259
vt 0.716510 0.477259
vt 0.716510 0.478793
vt 0.715428 0.478793
vt 0.549695 0.058768
vt 0.549695 0.060371
vt 0.548702 0.060371
vt 0.557325 0.219010
vt 0.557639 0.220544
vt 0.556632 0.221135
vt 0.540861 0.189057
vt 0.541752 0.189057
vt 0.541752 0.187454
vt 0.715428 0.483951
vt 0.715428 0.482712
vt 0.716510 0.482712
vt 0.716510 0.483951
vt 0.556641 0.202574
vt 0.557639 0.203195
vt 0.557325 0.204729
vt 0.130781 0.703261
vt 0.131863 0.703261
vt 0.131863 0.701727
vt 0.130781 0.701727
vt 0.084202 0.190631
vt 0.084202 0.192235
vt 0.083139 0.192235
vt 0.531091 0.439859
vt 0.530777 0.438324
vt 0.531775 0.437704
vt 0.461314 0.395590
vt 0.462316 0.395590
vt 0.462316 0.393987
vt 0.130781 0.687216
vt 0.130781 0.688630
vt 0.131863 0.688630
vt 0.131863 0.687216
vt 0.531783 0.456265
vt 0.530777 0.455674
vt 0.531091 0.454140
vt 0.216571 0.945700
vt 0.217654 0.945700
vt 0.217654 0.944286
vt 0.216571 0.944286
vt 0.478225 0.392398
vt 0.478225 0.394001
vt 0.479219 0.394001
vt 0.613756 0.587641
vt 0.613442 0.586107
vt 0.614435 0.585469
vt 0.283678 0.465493
vt 0.282620 0.465493
vt 0.282620 0.463890
vt 0.216571 0.938438
vt 0.216571 0.940034
vt 0.217654 0.940034
vt 0.217654 0.938438
vt 0.614447 0.604046
vt 0.613442 0.603456
vt 0.613756 0.601922
vt 0.216571 0.924432
vt 0.217654 0.924432
vt 0.217654 0.923018
vt 0.216571 0.923018
vt 0.492839 0.517907
vt 0.492839 0.519510
vt 0.493747 0.519510
vt 0.636045 0.091916
vt 0.635730 0.090382
vt 0.636725 0.089748
vt 0.926221 0.746469
vt 0.926221 0.747618
vt 0.925138 0.747618
vt 0.925138 0.748858
vt 0.926221 0.748858
vt 0.921291 0.774245
vt 0.921291 0.779037
vt 0.921291 0.783236
vt 0.762420 0.183224
vt 0.762420 0.197415
vt 0.762420 0.202822
vt 0.762420 0.208229
vt 0.762420 0.222420
vt 0.921291 0.923610
vt 0.921291 0.927810
vt 0.921291 0.918818
vt 0.921292 0.908212
vt 0.608478 0.386417
vt 0.921291 0.902805
vt 0.608478 0.391850
vt 0.921291 0.892814
vt 0.921291 0.888614
vt 0.760831 0.413632
vt 0.760831 0.417832
vt 0.760831 0.398234
vt 0.760831 0.392827
vt 0.760831 0.387628
vt 0.760831 0.378636
vt 0.921291 0.748241
vt 0.921291 0.753032
vt 0.921291 0.758231
vt 0.926221 0.774245
vt 0.626558 0.536553
vt 0.926221 0.779037
vt 0.626198 0.531146
vt 0.926221 0.783236
vt 0.626558 0.525738
vt 0.767349 0.183224
vt 0.767349 0.197415
vt 0.604269 0.044051
vt 0.767349 0.202822
vt 0.603909 0.038644
vt 0.767349 0.208229
vt 0.604269 0.033237
vt 0.767349 0.222420
vt 0.553379 0.217221
vt 0.926221 0.923610
vt 0.926221 0.927810
vt 0.553019 0.211814
vt 0.926221 0.918818
vt 0.553379 0.206407
vt 0.926221 0.892814
vt 0.535037 0.441536
vt 0.926221 0.888614
vt 0.535397 0.446943
vt 0.765761 0.413632
vt 0.765761 0.417832
vt 0.535037 0.452351
vt 0.765761 0.398234
vt 0.617650 0.589287
vt 0.765761 0.392827
vt 0.618010 0.594694
vt 0.765761 0.387628
vt 0.617650 0.600101
vt 0.926221 0.748241
vt 0.639892 0.093608
vt 0.926221 0.753032
vt 0.640252 0.099015
vt 0.926221 0.758231
vt 0.639892 0.104422
vt 0.605026 0.386911
vt 0.126934 0.697304
vt 0.605026 0.391355
vt 0.126934 0.692882
vt 0.629849 0.535609
vt 0.926221 0.772322
vt 0.925138 0.772322
vt 0.629554 0.531187
vt 0.926221 0.776241
vt 0.925138 0.776241
vt 0.629849 0.526765
vt 0.926221 0.779676
vt 0.925138 0.779676
vt 0.715428 0.454089
vt 0.716510 0.454089
vt 0.607607 0.043153
vt 0.716510 0.465696
vt 0.715428 0.465696
vt 0.607312 0.038731
vt 0.716510 0.470118
vt 0.715428 0.470118
vt 0.607607 0.034309
vt 0.716510 0.474540
vt 0.715428 0.474540
vt 0.556768 0.216292
vt 0.716510 0.486147
vt 0.715428 0.486147
vt 0.556474 0.211869
vt 0.131863 0.709898
vt 0.130781 0.709898
vt 0.130781 0.713333
vt 0.131863 0.713333
vt 0.556768 0.207447
vt 0.131863 0.705979
vt 0.130781 0.705979
vt 0.531648 0.442577
vt 0.131863 0.684711
vt 0.130781 0.684711
vt 0.531942 0.446999
vt 0.131863 0.681275
vt 0.130781 0.681275
vt 0.531648 0.451421
vt 0.217654 0.948205
vt 0.216571 0.948205
vt 0.216571 0.951640
vt 0.217654 0.951640
vt 0.614313 0.590359
vt 0.217654 0.935611
vt 0.216571 0.935611
vt 0.614607 0.594781
vt 0.217654 0.931189
vt 0.216571 0.931189
vt 0.614313 0.599204
vt 0.217654 0.926937
vt 0.216571 0.926937
vt 0.636601 0.094634
vt 0.926221 0.751053
vt 0.925138 0.751053
vt 0.636896 0.099056
vt 0.926221 0.754972
vt 0.925138 0.754972
vt 0.636601 0.103479
vt 0.926221 0.759225
vt 0.925138 0.759225
vt 0.800606 0.806082
vt 0.800587 0.811162
vt 0.801293 0.801106
vt 0.802623 0.796423
vt 0.804544 0.792215
vt 0.806982 0.788643
vt 0.809845 0.785843
vt 0.813021 0.783925
vt 0.816389 0.782960
vt 0.819819 0.782988
vt 0.823180 0.784005
vt 0.826342 0.785974
vt 0.829184 0.788819
vt 0.831597 0.792430
vt 0.833487 0.796668
vt 0.834783 0.801372
vt 0.835434 0.806359
vt 0.835416 0.811438
vt 0.834729 0.816415
vt 0.833399 0.821097
vt 0.831478 0.825305
vt 0.829039 0.828878
vt 0.826177 0.831677
vt 0.823001 0.833596
vt 0.819633 0.834560
vt 0.816202 0.834533
vt 0.812841 0.833515
vt 0.809679 0.831546
vt 0.806837 0.828701
vt 0.804425 0.825091
vt 0.802534 0.820852
vt 0.801239 0.816149
vt 0.452610 0.561864
vt 0.453490 0.568421
vt 0.834828 0.442278
vt 0.835450 0.442454
vt 0.834828 0.435625
vt 0.452610 0.555179
vt 0.453490 0.548623
vt 0.455218 0.542446
vt 0.457726 0.536888
vt 0.460919 0.532161
vt 0.464673 0.528446
vt 0.468844 0.525888
vt 0.793522 0.462633
vt 0.793522 0.455980
vt 0.473272 0.524584
vt 0.793522 0.469286
vt 0.477786 0.524584
vt 0.482214 0.525888
vt 0.486385 0.528446
vt 0.490139 0.532161
vt 0.493332 0.536888
vt 0.495840 0.542446
vt 0.497568 0.548623
vt 0.002342 0.360955
vt 0.002342 0.367608
vt 0.498448 0.555179
vt 0.002342 0.354302
vt 0.498448 0.561864
vt 0.497568 0.568421
vt 0.495840 0.574598
vt 0.493332 0.580156
vt 0.490139 0.584883
vt 0.486385 0.588597
vt 0.482214 0.591156
vt 0.826885 0.734303
vt 0.826885 0.740956
vt 0.477786 0.592460
vt 0.826885 0.727650
vt 0.473272 0.592460
vt 0.468844 0.591156
vt 0.464673 0.588597
vt 0.460919 0.584883
vt 0.457726 0.580156
vt 0.455218 0.574598
vt 0.834828 0.428972
vt 0.537877 0.640601
vt 0.537804 0.641142
vt 0.542598 0.641841
vt 0.542598 0.641289
vt 0.547392 0.641142
vt 0.547320 0.640601
vt 0.533337 0.638561
vt 0.533195 0.639071
vt 0.528959 0.635680
vt 0.529154 0.635249
vt 0.533338 0.638560
vt 0.533203 0.639040
vt 0.529153 0.635250
vt 0.528946 0.635709
vt 0.525239 0.631159
vt 0.525487 0.630793
vt 0.525486 0.630793
vt 0.525223 0.631184
vt 0.522186 0.625651
vt 0.522477 0.625362
vt 0.522476 0.625363
vt 0.522167 0.625670
vt 0.519917 0.619366
vt 0.520241 0.619167
vt 0.520240 0.619168
vt 0.519896 0.619379
vt 0.518520 0.612546
vt 0.518864 0.612445
vt 0.518863 0.612445
vt 0.518498 0.612553
vt 0.518048 0.605454
vt 0.518399 0.605454
vt 0.518398 0.605454
vt 0.518025 0.605454
vt 0.518520 0.598362
vt 0.518864 0.598464
vt 0.518863 0.598463
vt 0.518498 0.598356
vt 0.519917 0.591543
vt 0.520241 0.591742
vt 0.520240 0.591741
vt 0.519896 0.591530
vt 0.522186 0.585258
vt 0.522477 0.585546
vt 0.522476 0.585546
vt 0.522167 0.585239
vt 0.525239 0.579749
vt 0.525487 0.580116
vt 0.525486 0.580115
vt 0.525223 0.579725
vt 0.528959 0.575229
vt 0.529154 0.575660
vt 0.529153 0.575659
vt 0.528946 0.575200
vt 0.533203 0.571869
vt 0.533338 0.572349
vt 0.533337 0.572347
vt 0.533195 0.571838
vt 0.537809 0.569801
vt 0.537877 0.570310
vt 0.537877 0.570308
vt 0.537804 0.569767
vt 0.542598 0.569102
vt 0.542598 0.569621
vt 0.542598 0.569620
vt 0.542598 0.569068
vt 0.547388 0.569801
vt 0.547319 0.570310
vt 0.547320 0.570308
vt 0.547392 0.569767
vt 0.551993 0.571869
vt 0.551859 0.572349
vt 0.551859 0.572347
vt 0.552002 0.571838
vt 0.556238 0.575229
vt 0.556043 0.575660
vt 0.556043 0.575659
vt 0.556250 0.575200
vt 0.559958 0.579749
vt 0.559710 0.580116
vt 0.559711 0.580115
vt 0.559974 0.579725
vt 0.563011 0.585258
vt 0.562719 0.585546
vt 0.562720 0.585546
vt 0.563030 0.585239
vt 0.565280 0.591543
vt 0.564956 0.591742
vt 0.564957 0.591741
vt 0.565301 0.591530
vt 0.566677 0.598362
vt 0.566333 0.598464
vt 0.566334 0.598463
vt 0.566699 0.598356
vt 0.567148 0.605454
vt 0.566798 0.605454
vt 0.566799 0.605454
vt 0.567171 0.605454
vt 0.566677 0.612546
vt 0.566333 0.612445
vt 0.566334 0.612445
vt 0.566699 0.612553
vt 0.565280 0.619366
vt 0.564956 0.619167
vt 0.564957 0.619168
vt 0.565301 0.619379
vt 0.563011 0.625651
vt 0.562719 0.625362
vt 0.562720 0.625363
vt 0.563030 0.625670
vt 0.559958 0.631159
vt 0.559710 0.630793
vt 0.559711 0.630793
vt 0.559974 0.631184
vt 0.556238 0.635680
vt 0.556043 0.635249
vt 0.556043 0.635250
vt 0.556250 0.635709
vt 0.551993 0.639040
vt 0.551859 0.638560
vt 0.551859 0.638561
vt 0.552002 0.639071
vt 0.547388 0.641108
vt 0.547319 0.640599
vt 0.537809 0.641108
vt 0.537877 0.640599
vt 0.542598 0.641288
vt 0.542598 0.641807
vt 0.542598 0.640997
vt 0.537916 0.640314
vt 0.533413 0.638291
vt 0.529263 0.635007
vt 0.525626 0.630587
vt 0.522641 0.625201
vt 0.520422 0.619056
vt 0.519057 0.612388
vt 0.518595 0.605454
vt 0.519057 0.598520
vt 0.520422 0.591853
vt 0.522641 0.585708
vt 0.525626 0.580322
vt 0.529263 0.575902
vt 0.533413 0.572618
vt 0.537916 0.570595
vt 0.542598 0.569912
vt 0.547281 0.570595
vt 0.551784 0.572618
vt 0.555934 0.575902
vt 0.559571 0.580322
vt 0.562556 0.585708
vt 0.564774 0.591853
vt 0.566140 0.598520
vt 0.566601 0.605454
vt 0.566140 0.612388
vt 0.564774 0.619056
vt 0.562556 0.625201
vt 0.559571 0.630587
vt 0.555934 0.635007
vt 0.551784 0.638291
vt 0.547281 0.640314
vt 0.201983 0.649983
vt 0.206703 0.651373
vt 0.003286 0.035403
vt 0.003286 0.028311
vt 0.197536 0.647256
vt 0.003286 0.042223
vt 0.193535 0.643296
vt 0.003286 0.048508
vt 0.190132 0.638257
vt 0.003286 0.054016
vt 0.187458 0.632332
vt 0.292432 0.154277
vt 0.292432 0.148768
vt 0.185616 0.625748
vt 0.292432 0.160562
vt 0.184678 0.618759
vt 0.292432 0.167381
vt 0.184678 0.611632
vt 0.292432 0.174473
vt 0.185616 0.604643
vt 0.292432 0.181565
vt 0.187458 0.598059
vt 0.292432 0.188385
vt 0.190132 0.592134
vt 0.292432 0.194669
vt 0.193535 0.587095
vt 0.292432 0.200178
vt 0.197537 0.583136
vt 0.848482 0.761841
vt 0.848482 0.767349
vt 0.201983 0.580409
vt 0.848482 0.755556
vt 0.206703 0.579018
vt 0.848482 0.748736
vt 0.211516 0.579018
vt 0.848482 0.741644
vt 0.216236 0.580409
vt 0.848482 0.734552
vt 0.220682 0.583136
vt 0.848482 0.727733
vt 0.224684 0.587095
vt 0.848482 0.721448
vt 0.228087 0.592134
vt 0.848482 0.715939
vt 0.230760 0.598059
vt 0.303553 0.177193
vt 0.303553 0.182702
vt 0.232602 0.604643
vt 0.303553 0.170909
vt 0.233541 0.611632
vt 0.303553 0.164089
vt 0.233541 0.618759
vt 0.303553 0.156997
vt 0.232602 0.625748
vt 0.303553 0.149905
vt 0.230760 0.632332
vt 0.303553 0.143086
vt 0.228087 0.638257
vt 0.303553 0.136801
vt 0.224684 0.643296
vt 0.303553 0.131292
vt 0.220682 0.647256
vt 0.003286 0.008115
vt 0.003286 0.002606
vt 0.216236 0.649983
vt 0.003286 0.014400
vt 0.211516 0.651373
vt 0.003286 0.021219
vt 0.061857 0.312509
vt 0.061857 0.304889
vt 0.211196 0.177792
vt 0.211196 0.185412
vt 0.061857 0.296964
vt 0.211196 0.192434
vt 0.061857 0.289040
vt 0.211196 0.198589
vt 0.061857 0.281420
vt 0.284277 0.149089
vt 0.284277 0.155244
vt 0.061857 0.274398
vt 0.284277 0.162267
vt 0.139704 0.300142
vt 0.139704 0.292218
vt 0.061857 0.268242
vt 0.284277 0.169886
vt 0.139704 0.284598
vt 0.139704 0.328864
vt 0.139704 0.322709
vt 0.284277 0.177811
vt 0.139704 0.277575
vt 0.139704 0.315686
vt 0.284277 0.185735
vt 0.139704 0.271420
vt 0.139704 0.308066
vt 0.284277 0.193355
vt 0.211196 0.141145
vt 0.211196 0.147301
vt 0.284277 0.200378
vt 0.211196 0.154323
vt 0.284277 0.206533
vt 0.211196 0.161943
vt 0.061857 0.325687
vt 0.061857 0.319531
vt 0.211196 0.169867
vt 0.128031 0.681275
vt 0.128027 0.684711
vt 0.213818 0.948205
vt 0.213821 0.951640
vt 0.128031 0.709898
vt 0.128027 0.713333
vt 0.128027 0.705979
vt 0.712674 0.486147
vt 0.712678 0.470118
vt 0.712674 0.465696
vt 0.712674 0.474540
vt 0.922388 0.776241
vt 0.922385 0.772322
vt 0.922385 0.779676
vt 0.712674 0.454089
vt 0.922385 0.759225
vt 0.922388 0.754972
vt 0.922385 0.751053
s 1
usemtl White_player.001
f 2181/1/1 6/2/2 5/3/3 2179/4/4
f 2209/5/5 20/6/6 19/7/7 2207/8/8
f 2183/9/9 7/10/10 6/2/2 2181/1/1
f 2175/11/11 3/12/12 2/13/13 2173/14/14
f 2211/15/15 21/16/16 20/6/6 2209/5/5
f 2185/17/17 8/18/18 7/10/10 2183/9/9
f 2213/19/19 22/20/20 21/21/16 2211/22/15
f 2187/23/21 9/24/22 8/18/18 2185/17/17
f 2215/25/23 23/26/24 22/20/20 2213/19/19
f 2189/27/25 10/28/26 9/24/22 2187/23/21
f 2217/29/27 24/30/28 23/26/24 2215/25/23
f 2191/31/29 11/32/30 10/28/26 2189/27/25
f 2219/33/31 25/34/32 24/30/28 2217/29/27
f 2193/35/33 12/36/34 11/32/30 2191/31/29
f 2221/37/35 26/38/36 25/34/32 2219/33/31
f 2195/39/37 13/40/38 12/36/34 2193/35/33
f 2223/41/39 27/42/40 26/38/36 2221/37/35
f 2197/43/41 14/44/42 13/45/38 2195/46/37
f 2225/47/43 28/48/44 27/42/40 2223/41/39
f 2199/49/45 15/50/46 14/44/42 2197/43/41
f 2227/51/47 29/52/48 28/48/44 2225/47/43
f 2201/53/49 16/54/50 15/50/46 2199/49/45
f 2172/55/51 1/56/52 32/57/53 2233/58/54
f 2229/59/55 30/60/56 29/61/48 2227/62/47
f 2203/63/57 17/64/58 16/54/50 2201/53/49
f 2177/65/59 4/66/60 3/12/12 2175/11/11
f 2231/67/61 31/68/62 30/60/56 2229/59/55
f 2205/69/63 18/70/64 17/64/58 2203/63/57
f 2179/71/4 5/72/3 4/66/60 2177/65/59
f 2233/58/54 32/57/53 31/68/62 2231/67/61
f 2207/8/8 19/7/7 18/70/64 2205/69/63
f 2410/73/65 1342/74/65 1343/75/65 2413/76/65
f 2371/77/65 1329/78/65 1330/79/65 2374/80/65
f 2413/76/65 1343/75/65 1344/81/65 2416/82/65
f 2374/80/65 1330/79/65 1331/83/65 2377/84/65
f 2335/85/65 1317/86/65 1318/87/65 2338/88/65
f 2416/82/65 1344/81/65 1345/89/65 2419/90/65
f 2377/84/65 1331/83/65 1332/91/65 2380/92/65
f 2338/88/65 1318/87/65 1319/93/65 2341/94/65
f 2419/90/65 1345/89/65 1346/95/65 2422/96/65
f 2380/92/65 1332/91/65 1333/97/65 2383/98/65
f 2341/94/65 1319/93/65 1320/99/65 2344/100/65
f 2422/96/65 1346/95/65 1347/101/65 2425/102/65
f 2383/98/65 1333/97/65 1334/103/65 2386/104/65
f 2344/100/65 1320/99/65 1321/105/65 2347/106/65
f 2386/104/65 1334/103/65 1335/107/65 2389/108/65
f 2347/106/65 1321/105/65 1322/109/65 2350/110/65
f 2425/102/65 1347/101/65 1316/111/65 2331/112/65
f 2389/108/65 1335/107/65 1336/113/65 2392/114/65
f 2350/110/65 1322/109/65 1323/115/65 2353/116/65
f 2392/114/65 1336/113/65 1337/117/65 2395/118/65
f 2353/116/65 1323/115/65 1324/119/65 2356/120/65
f 2395/118/65 1337/117/65 1338/121/65 2398/122/65
f 2356/120/65 1324/119/65 1325/123/65 2359/124/65
f 2398/122/65 1338/121/65 1339/125/65 2401/126/65
f 2359/124/65 1325/123/65 1326/127/65 2362/128/65
f 2401/126/65 1339/125/65 1340/129/65 2404/130/65
f 2362/128/65 1326/127/65 1327/131/65 2365/132/65
f 2404/130/65 1340/129/65 1341/133/65 2407/134/65
f 2365/132/65 1327/131/65 1328/135/65 2368/136/65
f 2407/134/65 1341/133/65 1342/74/65 2410/73/65
f 2368/136/65 1328/135/65 1329/78/65 2371/77/65
f 3/12/12 35/137/66 34/138/67 2/13/13
f 30/60/56 62/139/68 61/140/69 29/61/48
f 17/64/58 49/141/70 48/142/71 16/54/50
f 4/66/60 36/143/72 35/137/66 3/12/12
f 31/68/62 63/144/73 62/139/68 30/60/56
f 18/70/64 50/145/74 49/141/70 17/64/58
f 5/72/3 37/146/75 36/143/72 4/66/60
f 32/57/53 64/147/76 63/144/73 31/68/62
f 19/7/7 51/148/77 50/145/74 18/70/64
f 6/2/2 38/149/78 37/150/75 5/3/3
f 1/56/52 33/151/79 64/147/76 32/57/53
f 20/6/6 52/152/80 51/148/77 19/7/7
f 7/10/10 39/153/81 38/149/78 6/2/2
f 21/16/16 53/154/82 52/152/80 20/6/6
f 8/18/18 40/155/83 39/153/81 7/10/10
f 22/20/20 54/156/84 53/157/82 21/21/16
f 9/24/22 41/158/85 40/155/83 8/18/18
f 23/26/24 55/159/86 54/156/84 22/20/20
f 10/28/26 42/160/87 41/158/85 9/24/22
f 24/30/28 56/161/88 55/159/86 23/26/24
f 11/32/30 43/162/89 42/160/87 10/28/26
f 25/34/32 57/163/90 56/161/88 24/30/28
f 12/36/34 44/164/91 43/162/89 11/32/30
f 26/38/36 58/165/92 57/163/90 25/34/32
f 13/40/38 45/166/93 44/164/91 12/36/34
f 27/42/40 59/167/94 58/165/92 26/38/36
f 14/44/42 46/168/95 45/169/93 13/45/38
f 28/48/44 60/170/96 59/167/94 27/42/40
f 15/50/46 47/171/97 46/168/95 14/44/42
f 2/13/13 34/138/67 33/151/79 1/56/52
f 29/52/48 61/172/69 60/170/96 28/48/44
f 16/54/50 48/142/71 47/171/97 15/50/46
f 98/173/98 70/174/99 69/175/100 97/176/101
f 100/177/102 65/178/103 96/179/104 99/180/105
f 102/181/106 84/182/107 83/183/108 101/184/109
f 103/185/110 71/186/111 70/174/99 98/173/98
f 104/187/112 85/188/113 84/182/107 102/181/106
f 105/189/114 72/190/115 71/186/111 103/185/110
f 106/191/116 86/192/117 85/188/113 104/187/112
f 107/193/118 73/194/119 72/190/115 105/189/114
f 108/195/120 87/196/121 86/192/117 106/191/116
f 109/197/122 74/198/123 73/194/119 107/193/118
f 110/199/124 88/200/125 87/196/121 108/195/120
f 111/201/126 75/202/127 74/198/123 109/197/122
f 112/203/128 89/204/129 88/200/125 110/199/124
f 113/205/130 76/206/131 75/202/127 111/201/126
f 114/207/132 90/208/133 89/204/129 112/203/128
f 115/209/134 77/210/135 76/206/131 113/205/130
f 116/211/136 91/212/137 90/208/133 114/207/132
f 117/213/138 78/214/139 77/210/135 115/209/134
f 118/215/140 92/216/141 91/212/137 116/211/136
f 119/217/142 79/218/143 78/214/139 117/213/138
f 120/219/144 66/220/145 65/178/103 100/177/102
f 121/221/146 93/222/147 92/216/141 118/215/140
f 122/223/148 80/224/149 79/218/143 119/217/142
f 123/225/150 67/226/151 66/220/145 120/219/144
f 124/227/152 94/228/153 93/222/147 121/221/146
f 125/229/154 81/230/155 80/224/149 122/223/148
f 126/231/156 68/232/157 67/226/151 123/225/150
f 127/233/158 95/234/159 94/228/153 124/227/152
f 128/235/160 82/236/161 81/230/155 125/229/154
f 97/176/101 69/175/100 68/232/157 126/231/156
f 99/180/105 96/179/104 95/234/159 127/233/158
f 101/184/109 83/183/108 82/236/161 128/235/160
f 51/237/77 101/184/109 128/235/160 50/238/74
f 64/239/76 99/180/105 127/233/158 63/240/73
f 37/241/75 97/176/101 126/231/156 36/242/72
f 50/238/74 128/235/160 125/229/154 49/243/70
f 63/240/73 127/233/158 124/227/152 62/244/68
f 36/242/72 126/231/156 123/225/150 35/245/66
f 49/243/70 125/229/154 122/223/148 48/246/71
f 62/244/68 124/227/152 121/221/146 61/247/69
f 35/245/66 123/225/150 120/219/144 34/248/67
f 48/246/71 122/223/148 119/217/142 47/249/97
f 61/247/69 121/221/146 118/215/140 60/250/96
f 34/248/67 120/219/144 100/177/102 33/251/79
f 47/249/97 119/217/142 117/213/138 46/252/95
f 60/250/96 118/215/140 116/211/136 59/253/94
f 46/252/95 117/213/138 115/209/134 45/254/93
f 59/253/94 116/211/136 114/207/132 58/255/92
f 45/254/93 115/209/134 113/205/130 44/256/91
f 58/255/92 114/207/132 112/203/128 57/257/90
f 44/256/91 113/205/130 111/201/126 43/258/89
f 57/257/90 112/203/128 110/199/124 56/259/88
f 43/258/89 111/201/126 109/197/122 42/260/87
f 56/259/88 110/199/124 108/195/120 55/261/86
f 42/260/87 109/197/122 107/193/118 41/262/85
f 55/261/86 108/195/120 106/191/116 54/263/84
f 41/262/85 107/193/118 105/189/114 40/264/83
f 54/263/84 106/191/116 104/187/112 53/265/82
f 40/264/83 105/189/114 103/185/110 39/266/81
f 53/265/82 104/187/112 102/181/106 52/267/80
f 39/266/81 103/185/110 98/173/98 38/268/78
f 52/267/80 102/181/106 101/184/109 51/237/77
f 33/251/79 100/177/102 99/180/105 64/239/76
f 38/268/78 98/173/98 97/176/101 37/241/75
f 2427/269/162 153/270/163 152/271/164 2428/272/165
f 2429/273/166 140/274/167 139/275/168 2430/276/169
f 2431/277/170 154/278/171 153/270/163 2427/269/162
f 2432/279/172 141/280/173 140/274/167 2429/273/166
f 2433/281/174 155/282/175 154/278/171 2431/277/170
f 2434/283/176 142/284/177 141/285/173 2432/286/172
f 2435/287/178 156/288/179 155/282/175 2433/281/174
f 2436/289/180 143/290/181 142/284/177 2434/283/176
f 2437/291/182 130/292/183 129/293/184 2438/294/185
f 2439/295/186 157/296/187 156/288/179 2435/287/178
f 2440/297/188 144/298/189 143/290/181 2436/289/180
f 2441/299/190 131/300/191 130/292/183 2437/291/182
f 2442/301/192 158/302/193 157/303/187 2439/304/186
f 2443/305/194 145/306/195 144/298/189 2440/297/188
f 2444/307/196 132/308/197 131/300/191 2441/299/190
f 2445/309/198 159/310/199 158/302/193 2442/301/192
f 2446/311/200 146/312/201 145/306/195 2443/305/194
f 2447/313/202 133/314/203 132/308/197 2444/307/196
f 2448/315/204 160/316/205 159/310/199 2445/309/198
f 2449/317/206 147/318/207 146/312/201 2446/311/200
f 2450/319/208 134/320/209 133/321/203 2447/322/202
f 2438/294/185 129/293/184 160/316/205 2448/315/204
f 2451/323/210 148/324/211 147/318/207 2449/317/206
f 2452/325/212 135/326/213 134/320/209 2450/319/208
f 2453/327/214 149/328/215 148/324/211 2451/323/210
f 2454/329/216 136/330/217 135/326/213 2452/325/212
f 2455/331/218 150/332/219 149/333/215 2453/334/214
f 2456/335/220 137/336/221 136/330/217 2454/329/216
f 2457/337/222 151/338/223 150/332/219 2455/331/218
f 2458/339/224 138/340/225 137/336/221 2456/335/220
f 2428/272/165 152/271/164 151/338/223 2457/337/222
f 2430/276/169 139/275/168 138/340/225 2458/339/224
f 132/341/197 164/342/226 163/343/227 131/344/191
f 159/345/199 191/346/228 190/347/229 158/348/193
f 146/349/201 178/350/230 177/351/231 145/352/195
f 133/353/203 165/354/232 164/342/226 132/341/197
f 160/355/205 192/356/233 191/346/228 159/345/199
f 147/357/207 179/358/234 178/350/230 146/349/201
f 134/359/209 166/360/235 165/354/232 133/353/203
f 129/361/184 161/362/236 192/356/233 160/355/205
f 148/363/211 180/364/237 179/358/234 147/357/207
f 135/365/213 167/366/238 166/360/235 134/359/209
f 149/367/215 181/368/239 180/364/237 148/363/211
f 136/369/217 168/370/240 167/366/238 135/365/213
f 150/371/219 182/372/241 181/368/239 149/367/215
f 137/373/221 169/374/242 168/370/240 136/369/217
f 151/375/223 183/376/243 182/372/241 150/371/219
f 138/377/225 170/378/244 169/374/242 137/373/221
f 152/379/164 184/380/245 183/376/243 151/375/223
f 139/381/168 171/382/246 170/378/244 138/377/225
f 153/383/163 185/384/247 184/380/245 152/379/164
f 140/385/167 172/386/248 171/382/246 139/381/168
f 154/387/171 186/388/249 185/384/247 153/383/163
f 141/389/173 173/390/250 172/386/248 140/385/167
f 155/391/175 187/392/251 186/388/249 154/387/171
f 142/393/177 174/394/252 173/390/250 141/389/173
f 156/395/179 188/396/253 187/392/251 155/391/175
f 143/397/181 175/398/254 174/394/252 142/393/177
f 130/399/183 162/400/255 161/362/236 129/361/184
f 157/401/187 189/402/256 188/396/253 156/395/179
f 144/403/189 176/404/257 175/398/254 143/397/181
f 131/344/191 163/343/227 162/400/255 130/399/183
f 158/348/193 190/347/229 189/402/256 157/401/187
f 145/352/195 177/351/231 176/404/257 144/403/189
f 2096/405/258 200/406/259 199/407/260 2093/408/261
f 2138/409/262 214/410/263 213/411/264 2135/412/265
f 2099/413/266 201/414/267 200/415/259 2096/416/258
f 2141/417/268 215/418/269 214/410/263 2138/409/262
f 2102/419/270 202/420/271 201/414/267 2099/413/266
f 2144/421/272 216/422/273 215/418/269 2141/417/268
f 2105/423/274 203/424/275 202/425/271 2102/426/270
f 2147/427/276 217/428/277 216/429/273 2144/430/272
f 2108/431/278 204/432/279 203/424/275 2105/423/274
f 2150/433/280 218/434/281 217/428/277 2147/427/276
f 2111/435/282 205/436/283 204/432/279 2108/431/278
f 2153/437/284 219/438/285 218/439/281 2150/440/280
f 2114/441/286 206/442/287 205/436/283 2111/435/282
f 2156/443/288 220/444/289 219/438/285 2153/437/284
f 2117/445/290 207/446/291 206/442/287 2114/441/286
f 2159/447/292 221/448/293 220/444/289 2156/443/288
f 2120/449/294 208/450/295 207/446/291 2117/445/290
f 2076/451/296 193/452/297 224/453/298 2168/454/299
f 2162/455/300 222/456/301 221/448/293 2159/447/292
f 2123/457/302 209/458/303 208/459/295 2120/460/294
f 2084/461/304 196/462/305 195/463/306 2081/464/307
f 2165/465/308 223/466/309 222/456/301 2162/455/300
f 2126/467/310 210/468/311 209/458/303 2123/457/302
f 2087/469/312 197/470/313 196/462/305 2084/461/304
f 2168/471/299 224/472/298 223/466/309 2165/465/308
f 2129/473/314 211/474/315 210/475/311 2126/476/310
f 2090/477/316 198/478/317 197/470/313 2087/469/312
f 2132/479/318 212/480/319 211/474/315 2129/473/314
f 2093/408/261 199/407/260 198/478/317 2090/477/316
f 2081/464/307 195/463/306 194/481/320 2078/482/321
f 2135/412/265 213/411/264 212/480/319 2132/479/318
f 170/378/244 2103/483/322 2100/484/323 169/374/242
f 184/380/245 2145/485/324 2142/486/325 183/376/243
f 171/382/246 2106/487/326 2103/483/322 170/378/244
f 185/384/247 2148/488/327 2145/485/324 184/380/245
f 172/386/248 2109/489/328 2106/487/326 171/382/246
f 186/388/249 2151/490/329 2148/488/327 185/384/247
f 173/390/250 2112/491/330 2109/489/328 172/386/248
f 187/392/251 2154/492/331 2151/490/329 186/388/249
f 174/394/252 2115/493/332 2112/491/330 173/390/250
f 188/396/253 2157/494/333 2154/492/331 187/392/251
f 175/398/254 2118/495/334 2115/493/332 174/394/252
f 162/400/255 2079/496/335 2075/497/336 161/362/236
f 189/402/256 2160/498/337 2157/494/333 188/396/253
f 176/404/257 2121/499/338 2118/495/334 175/398/254
f 163/343/227 2082/500/339 2079/496/335 162/400/255
f 190/347/229 2163/501/340 2160/498/337 189/402/256
f 177/351/231 2124/502/341 2121/499/338 176/404/257
f 164/342/226 2085/503/342 2082/500/339 163/343/227
f 191/346/228 2166/504/343 2163/501/340 190/347/229
f 178/350/230 2127/505/344 2124/502/341 177/351/231
f 165/354/232 2088/506/345 2085/503/342 164/342/226
f 192/356/233 2169/507/346 2166/504/343 191/346/228
f 179/358/234 2130/508/347 2127/505/344 178/350/230
f 166/360/235 2091/509/348 2088/506/345 165/354/232
f 161/362/236 2075/497/336 2169/507/346 192/356/233
f 180/364/237 2133/510/349 2130/508/347 179/358/234
f 167/366/238 2094/511/350 2091/509/348 166/360/235
f 181/368/239 2136/512/351 2133/510/349 180/364/237
f 168/370/240 2097/513/352 2094/511/350 167/366/238
f 182/372/241 2139/514/353 2136/512/351 181/368/239
f 169/374/242 2100/484/323 2097/513/352 168/370/240
f 183/376/243 2142/486/325 2139/514/353 182/372/241
f 205/515/283 237/516/354 236/517/355 204/518/279
f 219/519/285 251/520/356 250/521/357 218/434/281
f 206/522/287 238/523/358 237/524/354 205/525/283
f 220/526/289 252/527/359 251/520/356 219/519/285
f 207/528/291 239/529/360 238/523/358 206/522/287
f 194/530/320 226/531/361 225/532/362 193/452/297
f 221/533/293 253/534/363 252/527/359 220/526/289
f 208/459/295 240/535/364 239/529/360 207/528/291
f 195/536/306 227/537/365 226/531/361 194/530/320
f 222/538/301 254/539/366 253/540/363 221/541/293
f 209/458/303 241/542/367 240/535/364 208/459/295
f 196/543/305 228/544/368 227/537/365 195/536/306
f 223/545/309 255/546/369 254/539/366 222/538/301
f 210/468/311 242/547/370 241/542/367 209/458/303
f 197/548/313 229/549/371 228/544/368 196/543/305
f 224/453/298 256/550/372 255/546/369 223/545/309
f 211/551/315 243/552/373 242/547/370 210/468/311
f 198/553/317 230/554/374 229/555/371 197/556/313
f 193/452/297 225/532/362 256/550/372 224/453/298
f 212/557/319 244/558/375 243/552/373 211/551/315
f 199/559/260 231/560/376 230/554/374 198/553/317
f 213/561/264 245/562/377 244/558/375 212/557/319
f 200/415/259 232/563/378 231/560/376 199/559/260
f 214/564/263 246/565/379 245/566/377 213/567/264
f 201/414/267 233/568/380 232/563/378 200/415/259
f 215/569/269 247/570/381 246/565/379 214/564/263
f 202/420/271 234/571/382 233/568/380 201/414/267
f 216/429/273 248/572/383 247/570/381 215/569/269
f 203/573/275 235/574/384 234/571/382 202/420/271
f 217/428/277 249/575/385 248/572/383 216/429/273
f 204/518/279 236/517/355 235/574/384 203/573/275
f 218/434/281 250/521/357 249/575/385 217/428/277
f 240/535/364 272/576/386 271/577/387 239/529/360
f 227/537/365 259/578/388 258/579/389 226/531/361
f 254/539/366 286/580/390 285/581/391 253/540/363
f 241/542/367 273/582/392 272/576/386 240/535/364
f 228/544/368 260/583/393 259/578/388 227/537/365
f 255/546/369 287/584/394 286/580/390 254/539/366
f 242/547/370 274/585/395 273/582/392 241/542/367
f 229/549/371 261/586/396 260/583/393 228/544/368
f 256/550/372 288/587/397 287/584/394 255/546/369
f 243/552/373 275/588/398 274/585/395 242/547/370
f 230/554/374 262/589/399 261/590/396 229/555/371
f 225/532/362 257/591/400 288/587/397 256/550/372
f 244/558/375 276/592/401 275/588/398 243/552/373
f 231/560/376 263/593/402 262/589/399 230/554/374
f 245/562/377 277/594/403 276/592/401 244/558/375
f 232/563/378 264/595/404 263/593/402 231/560/376
f 246/565/379 278/596/405 277/597/403 245/566/377
f 233/568/380 265/598/406 264/595/404 232/563/378
f 247/570/381 279/599/407 278/596/405 246/565/379
f 234/571/382 266/600/408 265/598/406 233/568/380
f 248/572/383 280/601/409 279/599/407 247/570/381
f 235/574/384 267/602/410 266/600/408 234/571/382
f 249/575/385 281/603/411 280/601/409 248/572/383
f 236/517/355 268/604/412 267/602/410 235/574/384
f 250/521/357 282/605/413 281/603/411 249/575/385
f 237/516/354 269/606/414 268/604/412 236/517/355
f 251/520/356 283/607/415 282/605/413 250/521/357
f 238/523/358 270/608/416 269/609/414 237/524/354
f 252/527/359 284/610/417 283/607/415 251/520/356
f 239/529/360 271/577/387 270/608/416 238/523/358
f 226/531/361 258/579/389 257/591/400 225/532/362
f 253/534/363 285/611/391 284/610/417 252/527/359
f 275/588/398 307/612/418 306/613/419 274/585/395
f 262/614/399 294/615/420 293/616/421 261/617/396
f 257/591/400 289/618/422 320/619/423 288/587/397
f 276/620/401 308/621/424 307/622/418 275/623/398
f 263/624/402 295/625/425 294/615/420 262/614/399
f 277/626/403 309/627/426 308/621/424 276/620/401
f 264/595/404 296/628/427 295/629/425 263/593/402
f 278/630/405 310/631/428 309/627/426 277/626/403
f 265/598/406 297/632/429 296/628/427 264/595/404
f 279/633/407 311/634/430 310/631/428 278/630/405
f 266/600/408 298/635/431 297/632/429 265/598/406
f 280/601/409 312/636/432 311/637/430 279/599/407
f 267/602/410 299/638/433 298/635/431 266/600/408
f 281/603/411 313/639/434 312/636/432 280/601/409
f 268/640/412 300/641/435 299/642/433 267/643/410
f 282/605/413 314/644/436 313/639/434 281/603/411
f 269/645/414 301/646/437 300/641/435 268/640/412
f 283/607/415 315/647/438 314/644/436 282/605/413
f 270/648/416 302/649/439 301/646/437 269/645/414
f 284/650/417 316/651/440 315/652/438 283/653/415
f 271/654/387 303/655/441 302/649/439 270/648/416
f 258/579/389 290/656/442 289/618/422 257/591/400
f 285/657/391 317/658/443 316/651/440 284/650/417
f 272/576/386 304/659/444 303/660/441 271/577/387
f 259/578/388 291/661/445 290/656/442 258/579/389
f 286/662/390 318/663/446 317/658/443 285/657/391
f 273/582/392 305/664/447 304/659/444 272/576/386
f 260/665/393 292/666/448 291/667/445 259/668/388
f 287/669/394 319/670/449 318/663/446 286/662/390
f 274/585/395 306/613/419 305/664/447 273/582/392
f 261/617/396 293/616/421 292/666/448 260/665/393
f 288/587/397 320/619/423 319/671/449 287/584/394
f 310/631/428 342/672/450 341/673/451 309/627/426
f 297/674/429 329/675/452 328/676/453 296/677/427
f 311/634/430 343/678/454 342/672/450 310/631/428
f 298/679/431 330/680/455 329/675/452 297/674/429
f 312/681/432 344/682/456 343/678/454 311/634/430
f 299/642/433 331/683/457 330/680/455 298/679/431
f 313/684/434 345/685/458 344/682/456 312/681/432
f 300/641/435 332/686/459 331/683/457 299/642/433
f 314/687/436 346/688/460 345/685/458 313/684/434
f 301/646/437 333/689/461 332/686/459 300/641/435
f 315/652/438 347/690/462 346/688/460 314/687/436
f 302/649/439 334/691/463 333/689/461 301/646/437
f 316/651/440 348/692/464 347/690/462 315/652/438
f 303/655/441 335/693/465 334/691/463 302/649/439
f 290/694/442 322/695/466 321/696/467 289/697/422
f 317/658/443 349/698/468 348/692/464 316/651/440
f 304/699/444 336/700/469 335/693/465 303/655/441
f 291/667/445 323/701/470 322/695/466 290/694/442
f 318/663/446 350/702/471 349/698/468 317/658/443
f 305/703/447 337/704/472 336/700/469 304/699/444
f 292/666/448 324/705/473 323/701/470 291/667/445
f 319/670/449 351/706/474 350/702/471 318/663/446
f 306/707/419 338/708/475 337/704/472 305/703/447
f 293/616/421 325/709/476 324/705/473 292/666/448
f 320/710/423 352/711/477 351/706/474 319/670/449
f 307/622/418 339/712/478 338/708/475 306/707/419
f 294/615/420 326/713/479 325/709/476 293/616/421
f 289/697/422 321/696/467 352/711/477 320/710/423
f 308/621/424 340/714/480 339/712/478 307/622/418
f 295/625/425 327/715/481 326/713/479 294/615/420
f 309/627/426 341/673/451 340/714/480 308/621/424
f 296/677/427 328/676/453 327/715/481 295/625/425
f 345/716/458 377/717/482 376/718/483 344/719/456
f 332/720/459 364/721/484 363/722/485 331/723/457
f 346/724/460 378/725/486 377/717/482 345/716/458
f 333/726/461 365/727/487 364/721/484 332/720/459
f 347/728/462 379/729/488 378/725/486 346/724/460
f 334/730/463 366/731/489 365/732/487 333/733/461
f 348/734/464 380/735/490 379/729/488 347/728/462
f 335/736/465 367/737/491 366/731/489 334/730/463
f 322/738/466 354/739/492 353/740/493 321/741/467
f 349/742/468 381/743/494 380/735/490 348/734/464
f 336/744/469 368/745/495 367/737/491 335/736/465
f 323/746/470 355/747/496 354/739/492 322/738/466
f 350/748/471 382/749/497 381/750/494 349/751/468
f 337/752/472 369/753/498 368/745/495 336/744/469
f 324/754/473 356/755/499 355/747/496 323/746/470
f 351/756/474 383/757/500 382/749/497 350/748/471
f 338/758/475 370/759/501 369/753/498 337/752/472
f 325/760/476 357/761/502 356/755/499 324/754/473
f 352/762/477 384/763/503 383/757/500 351/756/474
f 339/764/478 371/765/504 370/759/501 338/758/475
f 326/766/479 358/767/505 357/768/502 325/769/476
f 321/741/467 353/740/493 384/763/503 352/762/477
f 340/770/480 372/771/506 371/765/504 339/764/478
f 327/772/481 359/773/507 358/767/505 326/766/479
f 341/774/451 373/775/508 372/771/506 340/770/480
f 328/776/453 360/777/509 359/773/507 327/772/481
f 342/778/450 374/779/510 373/780/508 341/781/451
f 329/782/452 361/783/511 360/777/509 328/776/453
f 343/784/454 375/785/512 374/779/510 342/778/450
f 330/786/455 362/787/513 361/783/511 329/782/452
f 344/719/456 376/718/483 375/785/512 343/784/454
f 331/723/457 363/722/485 362/787/513 330/786/455
f 380/735/490 412/788/514 411/789/515 379/729/488
f 367/737/491 399/790/516 398/791/517 366/731/489
f 354/739/492 386/792/518 385/793/519 353/740/493
f 381/743/494 413/794/520 412/788/514 380/735/490
f 368/745/495 400/795/521 399/790/516 367/737/491
f 355/747/496 387/796/522 386/792/518 354/739/492
f 382/749/497 414/797/523 413/798/520 381/750/494
f 369/753/498 401/799/524 400/795/521 368/745/495
f 356/755/499 388/800/525 387/796/522 355/747/496
f 383/757/500 415/801/526 414/797/523 382/749/497
f 370/759/501 402/802/527 401/799/524 369/753/498
f 357/761/502 389/803/528 388/800/525 356/755/499
f 384/763/503 416/804/529 415/801/526 383/757/500
f 371/765/504 403/805/530 402/802/527 370/759/501
f 358/767/505 390/806/531 389/807/528 357/768/502
f 353/740/493 385/793/519 416/804/529 384/763/503
f 372/771/506 404/808/532 403/805/530 371/765/504
f 359/773/507 391/809/533 390/806/531 358/767/505
f 373/775/508 405/810/534 404/808/532 372/771/506
f 360/777/509 392/811/535 391/809/533 359/773/507
f 374/779/510 406/812/536 405/813/534 373/780/508
f 361/783/511 393/814/537 392/811/535 360/777/509
f 375/785/512 407/815/538 406/812/536 374/779/510
f 362/787/513 394/816/539 393/814/537 361/783/511
f 376/718/483 408/817/540 407/815/538 375/785/512
f 363/722/485 395/818/541 394/816/539 362/787/513
f 377/717/482 409/819/542 408/817/540 376/718/483
f 364/721/484 396/820/543 395/818/541 363/722/485
f 378/725/486 410/821/544 409/819/542 377/717/482
f 365/727/487 397/822/545 396/820/543 364/721/484
f 379/729/488 411/789/515 410/821/544 378/725/486
f 366/731/489 398/791/517 397/823/545 365/732/487
f 388/800/525 420/824/546 419/825/547 387/796/522
f 415/801/526 447/826/548 446/827/549 414/797/523
f 402/802/527 434/828/550 433/829/551 401/799/524
f 389/803/528 421/830/552 420/824/546 388/800/525
f 416/804/529 448/831/553 447/826/548 415/801/526
f 403/805/530 435/832/554 434/828/550 402/802/527
f 390/806/531 422/833/555 421/834/552 389/807/528
f 385/793/519 417/835/556 448/831/553 416/804/529
f 404/808/532 436/836/557 435/832/554 403/805/530
f 391/809/533 423/837/558 422/833/555 390/806/531
f 405/810/534 437/838/559 436/836/557 404/808/532
f 392/811/535 424/839/560 423/837/558 391/809/533
f 406/812/536 438/840/561 437/841/559 405/813/534
f 393/814/537 425/842/562 424/839/560 392/811/535
f 407/815/538 439/843/563 438/840/561 406/812/536
f 394/816/539 426/844/564 425/842/562 393/814/537
f 408/817/540 440/845/565 439/843/563 407/815/538
f 395/818/541 427/846/566 426/844/564 394/816/539
f 409/819/542 441/847/567 440/845/565 408/817/540
f 396/820/543 428/848/568 427/846/566 395/818/541
f 410/821/544 442/849/569 441/847/567 409/819/542
f 397/822/545 429/850/570 428/848/568 396/820/543
f 411/789/515 443/851/571 442/849/569 410/821/544
f 398/791/517 430/852/572 429/853/570 397/823/545
f 412/788/514 444/854/573 443/851/571 411/789/515
f 399/790/516 431/855/574 430/852/572 398/791/517
f 386/792/518 418/856/575 417/835/556 385/793/519
f 413/794/520 445/857/576 444/854/573 412/788/514
f 400/795/521 432/858/577 431/855/574 399/790/516
f 387/796/522 419/825/547 418/856/575 386/792/518
f 414/797/523 446/827/549 445/859/576 413/798/520
f 401/799/524 433/829/551 432/858/577 400/795/521
f 423/860/558 455/861/578 454/862/579 422/863/555
f 437/864/559 469/865/580 468/866/581 436/867/557
f 424/868/560 456/869/582 455/861/578 423/860/558
f 438/870/561 470/871/583 469/865/580 437/864/559
f 425/872/562 457/873/584 456/869/582 424/868/560
f 439/874/563 471/875/585 470/871/583 438/870/561
f 426/876/564 458/877/586 457/873/584 425/872/562
f 440/878/565 472/879/587 471/875/585 439/874/563
f 427/880/566 459/881/588 458/877/586 426/876/564
f 441/882/567 473/883/589 472/879/587 440/878/565
f 428/884/568 460/885/590 459/881/588 427/880/566
f 442/886/569 474/887/591 473/883/589 441/882/567
f 429/888/570 461/889/592 460/885/590 428/884/568
f 443/890/571 475/891/593 474/887/591 442/886/569
f 430/892/572 462/893/594 461/889/592 429/888/570
f 444/894/573 476/895/595 475/891/593 443/890/571
f 431/896/574 463/897/596 462/893/594 430/892/572
f 418/898/575 450/899/597 449/900/598 417/901/556
f 445/902/576 477/903/599 476/895/595 444/894/573
f 432/904/577 464/905/600 463/897/596 431/896/574
f 419/906/547 451/907/601 450/899/597 418/898/575
f 446/908/549 478/909/602 477/903/599 445/902/576
f 433/910/551 465/911/603 464/905/600 432/904/577
f 420/912/546 452/913/604 451/907/601 419/906/547
f 447/914/548 479/915/605 478/909/602 446/908/549
f 434/916/550 466/917/606 465/911/603 433/910/551
f 421/918/552 453/919/607 452/913/604 420/912/546
f 448/920/553 480/921/608 479/915/605 447/914/548
f 435/922/554 467/923/609 466/917/606 434/916/550
f 422/863/555 454/862/579 453/919/607 421/918/552
f 417/901/556 449/900/598 480/921/608 448/920/553
f 436/867/557 468/866/581 467/923/609 435/922/554
f 458/924/586 490/925/610 489/926/611 457/927/584
f 472/928/587 504/929/612 503/930/613 471/931/585
f 459/932/588 491/933/614 490/925/610 458/924/586
f 473/934/589 505/935/615 504/929/612 472/928/587
f 460/936/590 492/937/616 491/933/614 459/932/588
f 474/938/591 506/939/617 505/935/615 473/934/589
f 461/940/592 493/941/618 492/937/616 460/936/590
f 475/942/593 507/943/619 506/939/617 474/938/591
f 462/944/594 494/945/620 493/946/618 461/947/592
f 476/948/595 508/949/621 507/943/619 475/942/593
f 463/950/596 495/951/622 494/945/620 462/944/594
f 450/952/597 482/953/623 481/954/624 449/955/598
f 477/956/599 509/957/625 508/949/621 476/948/595
f 464/958/600 496/959/626 495/951/622 463/950/596
f 451/960/601 483/961/627 482/953/623 450/952/597
f 478/962/602 510/963/628 509/964/625 477/965/599
f 465/966/603 497/967/629 496/959/626 464/958/600
f 452/968/604 484/969/630 483/961/627 451/960/601
f 479/970/605 511/971/631 510/963/628 478/962/602
f 466/972/606 498/973/632 497/967/629 465/966/603
f 453/974/607 485/975/633 484/969/630 452/968/604
f 480/976/608 512/977/634 511/971/631 479/970/605
f 467/978/609 499/979/635 498/973/632 466/972/606
f 454/980/579 486/981/636 485/982/633 453/983/607
f 449/955/598 481/954/624 512/977/634 480/976/608
f 468/984/581 500/985/637 499/979/635 467/978/609
f 455/986/578 487/987/638 486/981/636 454/980/579
f 469/988/580 501/989/639 500/985/637 468/984/581
f 456/990/582 488/991/640 487/987/638 455/986/578
f 470/992/583 502/993/641 501/994/639 469/995/580
f 457/927/584 489/926/611 488/991/640 456/990/582
f 471/931/585 503/930/613 502/993/641 470/992/583
f 493/996/618 525/997/642 524/998/643 492/999/616
f 507/943/619 539/1000/644 538/1001/645 506/939/617
f 494/1002/620 526/1003/646 525/997/642 493/996/618
f 508/1004/621 540/1005/647 539/1006/644 507/1007/619
f 495/1008/622 527/1009/648 526/1003/646 494/1002/620
f 482/953/623 514/1010/649 513/1011/650 481/954/624
f 509/1012/625 541/1013/651 540/1005/647 508/1004/621
f 496/959/626 528/1014/652 527/1015/648 495/951/622
f 483/961/627 515/1016/653 514/1010/649 482/953/623
f 510/1017/628 542/1018/654 541/1013/651 509/1012/625
f 497/967/629 529/1019/655 528/1014/652 496/959/626
f 484/1020/630 516/1021/656 515/1022/653 483/1023/627
f 511/1024/631 543/1025/657 542/1018/654 510/1017/628
f 498/973/632 530/1026/658 529/1019/655 497/967/629
f 485/1027/633 517/1028/659 516/1021/656 484/1020/630
f 512/977/634 544/1029/660 543/1030/657 511/971/631
f 499/979/635 531/1031/661 530/1026/658 498/973/632
f 486/1032/636 518/1033/662 517/1028/659 485/1027/633
f 481/954/624 513/1011/650 544/1029/660 512/977/634
f 500/1034/637 532/1035/663 531/1036/661 499/1037/635
f 487/1038/638 519/1039/664 518/1033/662 486/1032/636
f 501/1040/639 533/1041/665 532/1035/663 500/1034/637
f 488/991/640 520/1042/666 519/1043/664 487/987/638
f 502/1044/641 534/1045/667 533/1041/665 501/1040/639
f 489/926/611 521/1046/668 520/1042/666 488/991/640
f 503/1047/613 535/1048/669 534/1045/667 502/1044/641
f 490/925/610 522/1049/670 521/1046/668 489/926/611
f 504/929/612 536/1050/671 535/1051/669 503/930/613
f 491/933/614 523/1052/672 522/1049/670 490/925/610
f 505/935/615 537/1053/673 536/1050/671 504/929/612
f 492/999/616 524/998/643 523/1054/672 491/1055/614
f 506/939/617 538/1001/645 537/1053/673 505/935/615
f 2027/1056/674 561/1057/675 560/1058/676 2024/1059/677
f 1988/1060/678 548/1061/679 547/1062/680 1985/1063/681
f 2069/1064/682 575/1065/683 574/1066/684 2066/1067/685
f 2030/1068/686 562/1069/687 561/1057/675 2027/1056/674
f 1991/1070/688 549/1071/689 548/1061/679 1988/1060/678
f 2072/1072/690 576/1073/691 575/1065/683 2069/1064/682
f 2033/1074/692 563/1075/693 562/1069/687 2030/1068/686
f 1994/1076/694 550/1077/695 549/1071/689 1991/1070/688
f 2036/1078/696 564/1079/697 563/1075/693 2033/1074/692
f 1997/1080/698 551/1081/699 550/1077/695 1994/1076/694
f 1985/1063/681 547/1062/680 546/1082/700 1982/1083/701
f 2039/1084/702 565/1085/703 564/1079/697 2036/1078/696
f 2000/1086/704 552/1087/705 551/1081/699 1997/1080/698
f 2042/1088/706 566/1089/707 565/1085/703 2039/1084/702
f 2003/1090/708 553/1091/709 552/1087/705 2000/1086/704
f 2045/1092/710 567/1093/711 566/1089/707 2042/1088/706
f 2006/1094/712 554/1095/713 553/1091/709 2003/1090/708
f 2048/1096/714 568/1097/715 567/1093/711 2045/1092/710
f 2009/1098/716 555/1099/717 554/1095/713 2006/1094/712
f 2051/1100/718 569/1101/719 568/1097/715 2048/1096/714
f 2012/1102/720 556/1103/721 555/1099/717 2009/1098/716
f 2054/1104/722 570/1105/723 569/1101/719 2051/1100/718
f 2015/1106/724 557/1107/725 556/1103/721 2012/1102/720
f 2057/1108/726 571/1109/727 570/1105/723 2054/1104/722
f 2018/1110/728 558/1111/729 557/1107/725 2015/1106/724
f 2060/1112/730 572/1113/731 571/1109/727 2057/1108/726
f 2021/1114/732 559/1115/733 558/1111/729 2018/1110/728
f 2063/1116/734 573/1117/735 572/1113/731 2060/1112/730
f 2024/1059/677 560/1058/676 559/1115/733 2021/1114/732
f 1980/1118/736 545/1119/737 576/1073/691 2072/1072/690
f 2066/1067/685 574/1066/684 573/1117/735 2063/1116/734
f 531/1036/661 2034/1120/738 2031/1121/739 530/1122/658
f 518/1033/662 1995/1123/740 1992/1124/741 517/1028/659
f 513/1125/650 1979/1126/742 2073/1127/743 544/1128/660
f 532/1035/663 2037/1129/744 2034/1120/738 531/1036/661
f 519/1039/664 1998/1130/745 1995/1123/740 518/1033/662
f 533/1041/665 2040/1131/746 2037/1129/744 532/1035/663
f 520/1132/666 2001/1133/747 1998/1130/745 519/1039/664
f 534/1045/667 2043/1134/748 2040/1131/746 533/1041/665
f 521/1135/668 2004/1136/749 2001/1133/747 520/1132/666
f 535/1048/669 2046/1137/750 2043/1134/748 534/1045/667
f 522/1138/670 2007/1139/751 2004/1136/749 521/1135/668
f 536/1140/671 2049/1141/752 2046/1137/750 535/1048/669
f 523/1054/672 2010/1142/753 2007/1139/751 522/1138/670
f 537/1143/673 2052/1144/754 2049/1141/752 536/1140/671
f 524/998/643 2013/1145/755 2010/1142/753 523/1054/672
f 538/1146/645 2055/1147/756 2052/1144/754 537/1143/673
f 525/997/642 2016/1148/757 2013/1145/755 524/998/643
f 539/1006/644 2058/1149/758 2055/1147/756 538/1146/645
f 526/1003/646 2019/1150/759 2016/1148/757 525/997/642
f 540/1005/647 2061/1151/760 2058/1149/758 539/1006/644
f 527/1009/648 2022/1152/761 2019/1150/759 526/1003/646
f 514/1153/649 1983/1154/762 1979/1126/742 513/1125/650
f 541/1013/651 2064/1155/763 2061/1151/760 540/1005/647
f 528/1156/652 2025/1157/764 2022/1152/761 527/1009/648
f 515/1022/653 1986/1158/765 1983/1154/762 514/1153/649
f 542/1018/654 2067/1159/766 2064/1155/763 541/1013/651
f 529/1160/655 2028/1161/767 2025/1157/764 528/1156/652
f 516/1021/656 1989/1162/768 1986/1158/765 515/1022/653
f 543/1025/657 2070/1163/769 2067/1159/766 542/1018/654
f 530/1122/658 2031/1121/739 2028/1161/767 529/1160/655
f 517/1028/659 1992/1124/741 1989/1162/768 516/1021/656
f 544/1128/660 2073/1127/743 2070/1163/769 543/1025/657
f 566/1164/707 598/1165/770 597/1166/771 565/1167/703
f 553/1168/709 585/1169/772 584/1170/773 552/1171/705
f 567/1172/711 599/1173/774 598/1165/770 566/1164/707
f 554/1174/713 586/1175/775 585/1169/772 553/1168/709
f 568/1176/715 600/1177/776 599/1173/774 567/1172/711
f 555/1178/717 587/1179/777 586/1175/775 554/1174/713
f 569/1180/719 601/1181/778 600/1177/776 568/1176/715
f 556/1182/721 588/1183/779 587/1179/777 555/1178/717
f 570/1184/723 602/1185/780 601/1181/778 569/1180/719
f 557/1186/725 589/1187/781 588/1183/779 556/1182/721
f 571/1188/727 603/1189/782 602/1185/780 570/1184/723
f 558/1190/729 590/1191/783 589/1192/781 557/1193/725
f 572/1194/731 604/1195/784 603/1189/782 571/1188/727
f 559/1196/733 591/1197/785 590/1191/783 558/1190/729
f 546/1198/700 578/1199/786 577/1200/787 545/1201/737
f 573/1202/735 605/1203/788 604/1195/784 572/1194/731
f 560/1204/676 592/1205/789 591/1197/785 559/1196/733
f 547/1206/680 579/1207/790 578/1199/786 546/1198/700
f 574/1208/684 606/1209/791 605/1210/788 573/1211/735
f 561/1212/675 593/1213/792 592/1205/789 560/1204/676
f 548/1214/679 580/1215/793 579/1207/790 547/1206/680
f 575/1216/683 607/1217/794 606/1209/791 574/1208/684
f 562/1218/687 594/1219/795 593/1213/792 561/1212/675
f 549/1220/689 581/1221/796 580/1215/793 548/1214/679
f 576/1222/691 608/1223/797 607/1217/794 575/1216/683
f 563/1224/693 595/1225/798 594/1219/795 562/1218/687
f 550/1226/695 582/1227/799 581/1228/796 549/1229/689
f 545/1201/737 577/1200/787 608/1223/797 576/1222/691
f 564/1230/697 596/1231/800 595/1225/798 563/1224/693
f 551/1232/699 583/1233/801 582/1227/799 550/1226/695
f 565/1234/703 597/1235/771 596/1231/800 564/1230/697
f 552/1171/705 584/1170/773 583/1233/801 551/1232/699
f 601/1236/778 633/1237/802 632/1238/803 600/1239/776
f 588/1240/779 620/1241/804 619/1242/805 587/1243/777
f 602/1244/780 634/1245/806 633/1237/802 601/1236/778
f 589/1246/781 621/1247/807 620/1241/804 588/1240/779
f 603/1248/782 635/1249/808 634/1245/806 602/1244/780
f 590/1250/783 622/1251/809 621/1247/807 589/1246/781
f 604/1252/784 636/1253/810 635/1249/808 603/1248/782
f 591/1254/785 623/1255/811 622/1251/809 590/1250/783
f 578/1256/786 610/1257/812 609/1258/813 577/1259/787
f 605/1260/788 637/1261/814 636/1253/810 604/1252/784
f 592/1262/789 624/1263/815 623/1255/811 591/1254/785
f 579/1264/790 611/1265/816 610/1257/812 578/1256/786
f 606/1266/791 638/1267/817 637/1261/814 605/1260/788
f 593/1268/792 625/1269/818 624/1263/815 592/1262/789
f 580/1270/793 612/1271/819 611/1265/816 579/1264/790
f 607/1272/794 639/1273/820 638/1267/817 606/1266/791
f 594/1274/795 626/1275/821 625/1269/818 593/1268/792
f 581/1276/796 613/1277/822 612/1271/819 580/1270/793
f 608/1278/797 640/1279/823 639/1273/820 607/1272/794
f 595/1280/798 627/1281/824 626/1275/821 594/1274/795
f 582/1282/799 614/1283/825 613/1277/822 581/1276/796
f 577/1259/787 609/1258/813 640/1279/823 608/1278/797
f 596/1284/800 628/1285/826 627/1281/824 595/1280/798
f 583/1286/801 615/1287/827 614/1283/825 582/1282/799
f 597/1288/771 629/1289/828 628/1285/826 596/1284/800
f 584/1290/773 616/1291/829 615/1287/827 583/1286/801
f 598/1292/770 630/1293/830 629/1289/828 597/1288/771
f 585/1294/772 617/1295/831 616/1291/829 584/1290/773
f 599/1296/774 631/1297/832 630/1293/830 598/1292/770
f 586/1298/775 618/1299/833 617/1295/831 585/1294/772
f 600/1239/776 632/1238/803 631/1297/832 599/1296/774
f 587/1243/777 619/1242/805 618/1299/833 586/1298/775
f 636/1300/810 668/1301/834 667/1302/835 635/1303/808
f 623/1304/811 655/1305/836 654/1306/837 622/1307/809
f 610/1308/812 642/1309/838 641/1310/839 609/1311/813
f 637/1312/814 669/1313/840 668/1301/834 636/1300/810
f 624/1314/815 656/1315/841 655/1305/836 623/1304/811
f 611/1316/816 643/1317/842 642/1309/838 610/1308/812
f 638/1318/817 670/1319/843 669/1320/840 637/1321/814
f 625/1322/818 657/1323/844 656/1315/841 624/1314/815
f 612/1324/819 644/1325/845 643/1317/842 611/1316/816
f 639/1326/820 671/1327/846 670/1319/843 638/1318/817
f 626/1328/821 658/1329/847 657/1323/844 625/1322/818
f 613/1330/822 645/1331/848 644/1325/845 612/1324/819
f 640/1332/823 672/1333/849 671/1327/846 639/1326/820
f 627/1334/824 659/1335/850 658/1329/847 626/1328/821
f 614/1336/825 646/1337/851 645/1338/848 613/1339/822
f 609/1311/813 641/1310/839 672/1333/849 640/1332/823
f 628/1340/826 660/1341/852 659/1335/850 627/1334/824
f 615/1342/827 647/1343/853 646/1337/851 614/1336/825
f 629/1344/828 661/1345/854 660/1341/852 628/1340/826
f 616/1346/829 648/1347/855 647/1343/853 615/1342/827
f 630/1348/830 662/1349/856 661/1350/854 629/1351/828
f 617/1352/831 649/1353/857 648/1347/855 616/1346/829
f 631/1354/832 663/1355/858 662/1349/856 630/1348/830
f 618/1356/833 650/1357/859 649/1353/857 617/1352/831
f 632/1358/803 664/1359/860 663/1355/858 631/1354/832
f 619/1360/805 651/1361/861 650/1357/859 618/1356/833
f 633/1362/802 665/1363/862 664/1359/860 632/1358/803
f 620/1364/804 652/1365/863 651/1361/861 619/1360/805
f 634/1366/806 666/1367/864 665/1363/862 633/1362/802
f 621/1368/807 653/1369/865 652/1365/863 620/1364/804
f 635/1303/808 667/1302/835 666/1367/864 634/1366/806
f 622/1307/809 654/1306/837 653/1370/865 621/1371/807
f 671/1327/846 703/1372/866 702/1373/867 670/1319/843
f 658/1329/847 690/1374/868 689/1375/869 657/1323/844
f 645/1331/848 677/1376/870 676/1377/871 644/1325/845
f 672/1333/849 704/1378/872 703/1372/866 671/1327/846
f 659/1335/850 691/1379/873 690/1374/868 658/1329/847
f 646/1337/851 678/1380/874 677/1381/870 645/1338/848
f 641/1310/839 673/1382/875 704/1378/872 672/1333/849
f 660/1341/852 692/1383/876 691/1379/873 659/1335/850
f 647/1343/853 679/1384/877 678/1380/874 646/1337/851
f 661/1345/854 693/1385/878 692/1383/876 660/1341/852
f 648/1347/855 680/1386/879 679/1384/877 647/1343/853
f 662/1349/856 694/1387/880 693/1388/878 661/1350/854
f 649/1353/857 681/1389/881 680/1386/879 648/1347/855
f 663/1355/858 695/1390/882 694/1387/880 662/1349/856
f 650/1357/859 682/1391/883 681/1389/881 649/1353/857
f 664/1359/860 696/1392/884 695/1390/882 663/1355/858
f 651/1361/861 683/1393/885 682/1391/883 650/1357/859
f 665/1363/862 697/1394/886 696/1392/884 664/1359/860
f 652/1365/863 684/1395/887 683/1393/885 651/1361/861
f 666/1367/864 698/1396/888 697/1394/886 665/1363/862
f 653/1369/865 685/1397/889 684/1395/887 652/1365/863
f 667/1302/835 699/1398/890 698/1396/888 666/1367/864
f 654/1306/837 686/1399/891 685/1400/889 653/1370/865
f 668/1301/834 700/1401/892 699/1398/890 667/1302/835
f 655/1305/836 687/1402/893 686/1399/891 654/1306/837
f 642/1309/838 674/1403/894 673/1382/875 641/1310/839
f 669/1313/840 701/1404/895 700/1401/892 668/1301/834
f 656/1315/841 688/1405/896 687/1402/893 655/1305/836
f 643/1317/842 675/1406/897 674/1403/894 642/1309/838
f 670/1319/843 702/1373/867 701/1407/895 669/1320/840
f 657/1323/844 689/1375/869 688/1405/896 656/1315/841
f 644/1325/845 676/1377/871 675/1406/897 643/1317/842
f 693/1385/878 725/1408/898 724/1409/899 692/1383/876
f 680/1386/879 712/1410/900 711/1411/901 679/1384/877
f 694/1387/880 726/1412/902 725/1413/898 693/1388/878
f 681/1389/881 713/1414/903 712/1410/900 680/1386/879
f 695/1390/882 727/1415/904 726/1412/902 694/1387/880
f 682/1391/883 714/1416/905 713/1414/903 681/1389/881
f 696/1392/884 728/1417/906 727/1415/904 695/1390/882
f 683/1393/885 715/1418/907 714/1416/905 682/1391/883
f 697/1394/886 729/1419/908 728/1417/906 696/1392/884
f 684/1395/887 716/1420/909 715/1418/907 683/1393/885
f 698/1396/888 730/1421/910 729/1419/908 697/1394/886
f 685/1397/889 717/1422/911 716/1420/909 684/1395/887
f 699/1398/890 731/1423/912 730/1421/910 698/1396/888
f 686/1399/891 718/1424/913 717/1425/911 685/1400/889
f 700/1401/892 732/1426/914 731/1423/912 699/1398/890
f 687/1402/893 719/1427/915 718/1424/913 686/1399/891
f 674/1403/894 706/1428/916 705/1429/917 673/1382/875
f 701/1404/895 733/1430/918 732/1426/914 700/1401/892
f 688/1405/896 720/1431/919 719/1427/915 687/1402/893
f 675/1406/897 707/1432/920 706/1428/916 674/1403/894
f 702/1373/867 734/1433/921 733/1434/918 701/1407/895
f 689/1375/869 721/1435/922 720/1431/919 688/1405/896
f 676/1377/871 708/1436/923 707/1432/920 675/1406/897
f 703/1372/866 735/1437/924 734/1433/921 702/1373/867
f 690/1374/868 722/1438/925 721/1435/922 689/1375/869
f 677/1376/870 709/1439/926 708/1436/923 676/1377/871
f 704/1378/872 736/1440/927 735/1437/924 703/1372/866
f 691/1379/873 723/1441/928 722/1438/925 690/1374/868
f 678/1380/874 710/1442/929 709/1443/926 677/1381/870
f 673/1382/875 705/1429/917 736/1440/927 704/1378/872
f 692/1383/876 724/1409/899 723/1441/928 691/1379/873
f 679/1384/877 711/1411/901 710/1442/929 678/1380/874
f 728/1417/906 760/1444/930 759/1445/931 727/1415/904
f 715/1418/907 747/1446/932 746/1447/933 714/1416/905
f 729/1419/908 761/1448/934 760/1444/930 728/1417/906
f 716/1420/909 748/1449/935 747/1446/932 715/1418/907
f 730/1421/910 762/1450/936 761/1448/934 729/1419/908
f 717/1422/911 749/1451/937 748/1449/935 716/1420/909
f 731/1423/912 763/1452/938 762/1450/936 730/1421/910
f 718/1424/913 750/1453/939 749/1454/937 717/1425/911
f 732/1426/914 764/1455/940 763/1452/938 731/1423/912
f 719/1427/915 751/1456/941 750/1453/939 718/1424/913
f 733/1430/918 765/1457/942 764/1455/940 732/1426/914
f 706/1428/916 738/1458/943 737/1459/944 705/1429/917
f 720/1431/919 752/1460/945 751/1456/941 719/1427/915
f 734/1433/921 766/1461/946 765/1462/942 733/1434/918
f 707/1432/920 739/1463/947 738/1458/943 706/1428/916
f 721/1435/922 753/1464/948 752/1460/945 720/1431/919
f 735/1437/924 767/1465/949 766/1461/946 734/1433/921
f 708/1436/923 740/1466/950 739/1463/947 707/1432/920
f 722/1438/925 754/1467/951 753/1464/948 721/1435/922
f 736/1440/927 768/1468/952 767/1465/949 735/1437/924
f 709/1439/926 741/1469/953 740/1466/950 708/1436/923
f 723/1441/928 755/1470/954 754/1467/951 722/1438/925
f 705/1429/917 737/1459/944 768/1468/952 736/1440/927
f 710/1442/929 742/1471/955 741/1472/953 709/1443/926
f 724/1409/899 756/1473/956 755/1470/954 723/1441/928
f 711/1411/901 743/1474/957 742/1471/955 710/1442/929
f 725/1408/898 757/1475/958 756/1473/956 724/1409/899
f 712/1410/900 744/1476/959 743/1474/957 711/1411/901
f 726/1412/902 758/1477/960 757/1478/958 725/1413/898
f 713/1414/903 745/1479/961 744/1476/959 712/1410/900
f 727/1415/904 759/1445/931 758/1477/960 726/1412/902
f 714/1416/905 746/1447/933 745/1479/961 713/1414/903
f 763/1452/938 795/1480/962 794/1481/963 762/1450/936
f 750/1453/939 782/1482/964 781/1483/965 749/1454/937
f 764/1455/940 796/1484/966 795/1480/962 763/1452/938
f 751/1456/941 783/1485/967 782/1482/964 750/1453/939
f 738/1458/943 770/1486/968 769/1487/969 737/1459/944
f 765/1457/942 797/1488/970 796/1484/966 764/1455/940
f 752/1460/945 784/1489/971 783/1485/967 751/1456/941
f 739/1463/947 771/1490/972 770/1486/968 738/1458/943
f 766/1461/946 798/1491/973 797/1492/970 765/1462/942
f 753/1464/948 785/1493/974 784/1489/971 752/1460/945
f 740/1466/950 772/1494/975 771/1490/972 739/1463/947
f 767/1465/949 799/1495/976 798/1491/973 766/1461/946
f 754/1467/951 786/1496/977 785/1493/974 753/1464/948
f 741/1469/953 773/1497/978 772/1494/975 740/1466/950
f 768/1468/952 800/1498/979 799/1495/976 767/1465/949
f 755/1470/954 787/1499/980 786/1496/977 754/1467/951
f 742/1471/955 774/1500/981 773/1501/978 741/1472/953
f 737/1459/944 769/1487/969 800/1498/979 768/1468/952
f 756/1473/956 788/1502/982 787/1499/980 755/1470/954
f 743/1474/957 775/1503/983 774/1500/981 742/1471/955
f 757/1475/958 789/1504/984 788/1502/982 756/1473/956
f 744/1476/959 776/1505/985 775/1503/983 743/1474/957
f 758/1477/960 790/1506/986 789/1507/984 757/1478/958
f 745/1479/961 777/1508/987 776/1505/985 744/1476/959
f 759/1445/931 791/1509/988 790/1506/986 758/1477/960
f 746/1447/933 778/1510/989 777/1508/987 745/1479/961
f 760/1444/930 792/1511/990 791/1509/988 759/1445/931
f 747/1446/932 779/1512/991 778/1510/989 746/1447/933
f 761/1448/934 793/1513/992 792/1511/990 760/1444/930
f 748/1449/935 780/1514/993 779/1512/991 747/1446/932
f 762/1450/936 794/1481/963 793/1513/992 761/1448/934
f 749/1451/937 781/1515/965 780/1514/993 748/1449/935
f 798/1491/973 830/1516/994 829/1517/995 797/1492/970
f 785/1493/974 817/1518/996 816/1519/997 784/1489/971
f 772/1494/975 804/1520/998 803/1521/999 771/1490/972
f 799/1495/976 831/1522/1000 830/1516/994 798/1491/973
f 786/1496/977 818/1523/1001 817/1518/996 785/1493/974
f 773/1497/978 805/1524/1002 804/1520/998 772/1494/975
f 800/1498/979 832/1525/1003 831/1522/1000 799/1495/976
f 787/1499/980 819/1526/1004 818/1523/1001 786/1496/977
f 774/1500/981 806/1527/1005 805/1528/1002 773/1501/978
f 769/1487/969 801/1529/1006 832/1525/1003 800/1498/979
f 788/1502/982 820/1530/1007 819/1526/1004 787/1499/980
f 775/1503/983 807/1531/1008 806/1527/1005 774/1500/981
f 789/1504/984 821/1532/1009 820/1530/1007 788/1502/982
f 776/1505/985 808/1533/1010 807/1531/1008 775/1503/983
f 790/1506/986 822/1534/1011 821/1535/1009 789/1507/984
f 777/1508/987 809/1536/1012 808/1533/1010 776/1505/985
f 791/1509/988 823/1537/1013 822/1534/1011 790/1506/986
f 778/1510/989 810/1538/1014 809/1536/1012 777/1508/987
f 792/1511/990 824/1539/1015 823/1537/1013 791/1509/988
f 779/1512/991 811/1540/1016 810/1538/1014 778/1510/989
f 793/1513/992 825/1541/1017 824/1539/1015 792/1511/990
f 780/1514/993 812/1542/1018 811/1540/1016 779/1512/991
f 794/1481/963 826/1543/1019 825/1541/1017 793/1513/992
f 781/1515/965 813/1544/1020 812/1542/1018 780/1514/993
f 795/1480/962 827/1545/1021 826/1543/1019 794/1481/963
f 782/1482/964 814/1546/1022 813/1547/1020 781/1483/965
f 796/1484/966 828/1548/1023 827/1545/1021 795/1480/962
f 783/1485/967 815/1549/1024 814/1546/1022 782/1482/964
f 770/1486/968 802/1550/1025 801/1529/1006 769/1487/969
f 797/1488/970 829/1551/995 828/1548/1023 796/1484/966
f 784/1489/971 816/1519/997 815/1549/1024 783/1485/967
f 771/1490/972 803/1521/999 802/1550/1025 770/1486/968
f 801/1552/1006 833/1553/1026 864/1554/1027 832/1555/1003
f 820/1556/1007 852/1557/1028 851/1558/1029 819/1559/1004
f 807/1560/1008 839/1561/1030 838/1562/1031 806/1563/1005
f 821/1564/1009 853/1565/1032 852/1557/1028 820/1556/1007
f 808/1566/1010 840/1567/1033 839/1561/1030 807/1560/1008
f 822/1568/1011 854/1569/1034 853/1565/1032 821/1564/1009
f 809/1570/1012 841/1571/1035 840/1567/1033 808/1566/1010
f 823/1572/1013 855/1573/1036 854/1569/1034 822/1568/1011
f 810/1574/1014 842/1575/1037 841/1571/1035 809/1570/1012
f 824/1576/1015 856/1577/1038 855/1573/1036 823/1572/1013
f 811/1578/1016 843/1579/1039 842/1575/1037 810/1574/1014
f 825/1580/1017 857/1581/1040 856/1577/1038 824/1576/1015
f 812/1582/1018 844/1583/1041 843/1579/1039 811/1578/1016
f 826/1584/1019 858/1585/1042 857/1581/1040 825/1580/1017
f 813/1586/1020 845/1587/1043 844/1583/1041 812/1582/1018
f 827/1588/1021 859/1589/1044 858/1585/1042 826/1584/1019
f 814/1590/1022 846/1591/1045 845/1587/1043 813/1586/1020
f 828/1592/1023 860/1593/1046 859/1589/1044 827/1588/1021
f 815/1594/1024 847/1595/1047 846/1591/1045 814/1590/1022
f 802/1596/1025 834/1597/1048 833/1553/1026 801/1552/1006
f 829/1598/995 861/1599/1049 860/1593/1046 828/1592/1023
f 816/1600/997 848/1601/1050 847/1595/1047 815/1594/1024
f 803/1602/999 835/1603/1051 834/1597/1048 802/1596/1025
f 830/1604/994 862/1605/1052 861/1599/1049 829/1598/995
f 817/1606/996 849/1607/1053 848/1601/1050 816/1600/997
f 804/1608/998 836/1609/1054 835/1603/1051 803/1602/999
f 831/1610/1000 863/1611/1055 862/1605/1052 830/1604/994
f 818/1612/1001 850/1613/1056 849/1607/1053 817/1606/996
f 805/1614/1002 837/1615/1057 836/1609/1054 804/1608/998
f 832/1555/1003 864/1554/1027 863/1611/1055 831/1610/1000
f 819/1559/1004 851/1558/1029 850/1613/1056 818/1612/1001
f 806/1563/1005 838/1562/1031 837/1615/1057 805/1614/1002
f 844/1583/1041 876/1616/1058 875/1617/1059 843/1579/1039
f 858/1585/1042 890/1618/1060 889/1619/1061 857/1581/1040
f 845/1587/1043 877/1620/1062 876/1616/1058 844/1583/1041
f 859/1589/1044 891/1621/1063 890/1618/1060 858/1585/1042
f 846/1591/1045 878/1622/1064 877/1620/1062 845/1587/1043
f 860/1593/1046 892/1623/1065 891/1621/1063 859/1589/1044
f 847/1595/1047 879/1624/1066 878/1622/1064 846/1591/1045
f 834/1597/1048 866/1625/1067 865/1626/1068 833/1553/1026
f 861/1599/1049 893/1627/1069 892/1623/1065 860/1593/1046
f 848/1601/1050 880/1628/1070 879/1624/1066 847/1595/1047
f 835/1603/1051 867/1629/1071 866/1625/1067 834/1597/1048
f 862/1605/1052 894/1630/1072 893/1627/1069 861/1599/1049
f 849/1607/1053 881/1631/1073 880/1628/1070 848/1601/1050
f 836/1609/1054 868/1632/1074 867/1629/1071 835/1603/1051
f 863/1611/1055 895/1633/1075 894/1630/1072 862/1605/1052
f 850/1613/1056 882/1634/1076 881/1631/1073 849/1607/1053
f 837/1615/1057 869/1635/1077 868/1632/1074 836/1609/1054
f 864/1554/1027 896/1636/1078 895/1633/1075 863/1611/1055
f 851/1558/1029 883/1637/1079 882/1634/1076 850/1613/1056
f 838/1562/1031 870/1638/1080 869/1635/1077 837/1615/1057
f 833/1553/1026 865/1626/1068 896/1636/1078 864/1554/1027
f 852/1557/1028 884/1639/1081 883/1637/1079 851/1558/1029
f 839/1561/1030 871/1640/1082 870/1638/1080 838/1562/1031
f 853/1565/1032 885/1641/1083 884/1639/1081 852/1557/1028
f 840/1567/1033 872/1642/1084 871/1640/1082 839/1561/1030
f 854/1569/1034 886/1643/1085 885/1641/1083 853/1565/1032
f 841/1571/1035 873/1644/1086 872/1642/1084 840/1567/1033
f 855/1573/1036 887/1645/1087 886/1643/1085 854/1569/1034
f 842/1575/1037 874/1646/1088 873/1644/1086 841/1571/1035
f 856/1577/1038 888/1647/1089 887/1645/1087 855/1573/1036
f 843/1579/1039 875/1617/1059 874/1646/1088 842/1575/1037
f 857/1581/1040 889/1619/1061 888/1647/1089 856/1577/1038
f 879/1648/1066 911/1649/180 910/1650/176 878/1651/1064
f 866/1652/1067 898/1653/182 897/1654/185 865/1655/1068
f 893/1656/1069 925/1657/186 924/1658/178 892/1659/1065
f 880/1660/1070 912/1661/188 911/1649/180 879/1648/1066
f 867/1662/1071 899/1663/190 898/1653/182 866/1652/1067
f 894/1664/1072 926/1665/192 925/1666/186 893/1667/1069
f 881/1668/1073 913/1669/194 912/1661/188 880/1660/1070
f 868/1670/1074 900/1671/196 899/1663/190 867/1662/1071
f 895/1672/1075 927/1673/198 926/1665/192 894/1664/1072
f 882/1674/1076 914/1675/200 913/1669/194 881/1668/1073
f 869/1676/1077 901/1677/202 900/1671/196 868/1670/1074
f 896/1678/1078 928/1679/204 927/1673/198 895/1672/1075
f 883/1680/1079 915/1681/206 914/1675/200 882/1674/1076
f 870/1682/1080 902/1683/208 901/1684/202 869/1685/1077
f 865/1655/1068 897/1654/185 928/1679/204 896/1678/1078
f 884/1686/1081 916/1687/210 915/1681/206 883/1680/1079
f 871/1688/1082 903/1689/212 902/1683/208 870/1682/1080
f 885/1690/1083 917/1691/214 916/1687/210 884/1686/1081
f 872/1692/1084 904/1693/216 903/1689/212 871/1688/1082
f 886/1694/1085 918/1695/218 917/1696/214 885/1697/1083
f 873/1698/1086 905/1699/220 904/1693/216 872/1692/1084
f 887/1700/1087 919/1701/222 918/1695/218 886/1694/1085
f 874/1702/1088 906/1703/224 905/1699/220 873/1698/1086
f 888/1704/1089 920/1705/165 919/1701/222 887/1700/1087
f 875/1706/1059 907/1707/169 906/1703/224 874/1702/1088
f 889/1708/1061 921/1709/162 920/1705/165 888/1704/1089
f 876/1710/1058 908/1711/166 907/1707/169 875/1706/1059
f 890/1712/1060 922/1713/170 921/1709/162 889/1708/1061
f 877/1714/1062 909/1715/172 908/1711/166 876/1710/1058
f 891/1716/1063 923/1717/174 922/1713/170 890/1712/1060
f 878/1651/1064 910/1650/176 909/1718/172 877/1719/1062
f 892/1659/1065 924/1658/178 923/1717/174 891/1716/1063
f 914/1675/200 946/1720/1090 945/1721/1091 913/1669/194
f 901/1677/202 933/1722/1092 932/1723/1093 900/1671/196
f 928/1679/204 960/1724/1094 959/1725/1095 927/1673/198
f 915/1681/206 947/1726/1096 946/1720/1090 914/1675/200
f 902/1683/208 934/1727/1097 933/1728/1092 901/1684/202
f 897/1654/185 929/1729/1098 960/1724/1094 928/1679/204
f 916/1687/210 948/1730/1099 947/1726/1096 915/1681/206
f 903/1689/212 935/1731/1100 934/1727/1097 902/1683/208
f 917/1691/214 949/1732/1101 948/1730/1099 916/1687/210
f 904/1693/216 936/1733/1102 935/1731/1100 903/1689/212
f 918/1695/218 950/1734/1103 949/1735/1101 917/1696/214
f 905/1699/220 937/1736/1104 936/1733/1102 904/1693/216
f 919/1701/222 951/1737/1105 950/1734/1103 918/1695/218
f 906/1703/224 938/1738/1106 937/1736/1104 905/1699/220
f 920/1705/165 952/1739/1107 951/1737/1105 919/1701/222
f 907/1707/169 939/1740/1108 938/1738/1106 906/1703/224
f 921/1709/162 953/1741/1109 952/1739/1107 920/1705/165
f 908/1711/166 940/1742/1110 939/1740/1108 907/1707/169
f 922/1713/170 954/1743/1111 953/1741/1109 921/1709/162
f 909/1715/172 941/1744/1112 940/1742/1110 908/1711/166
f 923/1717/174 955/1745/1113 954/1743/1111 922/1713/170
f 910/1650/176 942/1746/1114 941/1747/1112 909/1718/172
f 924/1658/178 956/1748/1115 955/1745/1113 923/1717/174
f 911/1649/180 943/1749/1116 942/1746/1114 910/1650/176
f 898/1653/182 930/1750/1117 929/1729/1098 897/1654/185
f 925/1657/186 957/1751/1118 956/1748/1115 924/1658/178
f 912/1661/188 944/1752/1119 943/1749/1116 911/1649/180
f 899/1663/190 931/1753/1120 930/1750/1117 898/1653/182
f 926/1665/192 958/1754/1121 957/1755/1118 925/1666/186
f 913/1669/194 945/1721/1091 944/1752/1119 912/1661/188
f 900/1671/196 932/1723/1093 931/1753/1120 899/1663/190
f 927/1673/198 959/1725/1095 958/1754/1121 926/1665/192
f 949/1756/1101 981/1757/1122 980/1758/1123 948/1759/1099
f 936/1760/1102 968/1761/1124 967/1762/1125 935/1763/1100
f 950/1764/1103 982/1765/1126 981/1757/1122 949/1756/1101
f 937/1766/1104 969/1767/1127 968/1761/1124 936/1760/1102
f 951/1768/1105 983/1769/1128 982/1765/1126 950/1764/1103
f 938/1770/1106 970/1771/1129 969/1767/1127 937/1766/1104
f 952/1772/1107 984/1773/1130 983/1769/1128 951/1768/1105
f 939/1774/1108 971/1775/1131 970/1771/1129 938/1770/1106
f 953/1776/1109 985/1777/1132 984/1773/1130 952/1772/1107
f 940/1778/1110 972/1779/1133 971/1775/1131 939/1774/1108
f 954/1780/1111 986/1781/1134 985/1777/1132 953/1776/1109
f 941/1782/1112 973/1783/1135 972/1779/1133 940/1778/1110
f 955/1784/1113 987/1785/1136 986/1781/1134 954/1780/1111
f 942/1786/1114 974/1787/1137 973/1783/1135 941/1782/1112
f 956/1788/1115 988/1789/1138 987/1785/1136 955/1784/1113
f 943/1790/1116 975/1791/1139 974/1787/1137 942/1786/1114
f 930/1792/1117 962/1793/1140 961/1794/1141 929/1795/1098
f 957/1796/1118 989/1797/1142 988/1789/1138 956/1788/1115
f 944/1798/1119 976/1799/1143 975/1791/1139 943/1790/1116
f 931/1800/1120 963/1801/1144 962/1793/1140 930/1792/1117
f 958/1802/1121 990/1803/1145 989/1797/1142 957/1796/1118
f 945/1804/1091 977/1805/1146 976/1799/1143 944/1798/1119
f 932/1806/1093 964/1807/1147 963/1801/1144 931/1800/1120
f 959/1808/1095 991/1809/1148 990/1803/1145 958/1802/1121
f 946/1810/1090 978/1811/1149 977/1805/1146 945/1804/1091
f 933/1812/1092 965/1813/1150 964/1807/1147 932/1806/1093
f 960/1814/1094 992/1815/1151 991/1809/1148 959/1808/1095
f 947/1816/1096 979/1817/1152 978/1811/1149 946/1810/1090
f 934/1818/1097 966/1819/1153 965/1813/1150 933/1812/1092
f 929/1795/1098 961/1794/1141 992/1815/1151 960/1814/1094
f 948/1759/1099 980/1758/1123 979/1817/1152 947/1816/1096
f 935/1763/1100 967/1762/1125 966/1819/1153 934/1818/1097
f 984/1773/1130 1016/1820/1154 1015/1821/1155 983/1769/1128
f 971/1775/1131 1003/1822/1156 1002/1823/1157 970/1771/1129
f 985/1777/1132 1017/1824/1158 1016/1820/1154 984/1773/1130
f 972/1779/1133 1004/1825/1159 1003/1822/1156 971/1775/1131
f 986/1781/1134 1018/1826/1160 1017/1824/1158 985/1777/1132
f 973/1783/1135 1005/1827/1161 1004/1825/1159 972/1779/1133
f 987/1785/1136 1019/1828/1162 1018/1826/1160 986/1781/1134
f 974/1787/1137 1006/1829/1163 1005/1827/1161 973/1783/1135
f 988/1789/1138 1020/1830/1164 1019/1828/1162 987/1785/1136
f 975/1791/1139 1007/1831/1165 1006/1829/1163 974/1787/1137
f 962/1793/1140 994/1832/1166 993/1833/1167 961/1794/1141
f 989/1797/1142 1021/1834/1168 1020/1830/1164 988/1789/1138
f 976/1799/1143 1008/1835/1169 1007/1831/1165 975/1791/1139
f 963/1801/1144 995/1836/1170 994/1832/1166 962/1793/1140
f 990/1803/1145 1022/1837/1171 1021/1834/1168 989/1797/1142
f 977/1805/1146 1009/1838/1172 1008/1835/1169 976/1799/1143
f 964/1807/1147 996/1839/1173 995/1836/1170 963/1801/1144
f 991/1809/1148 1023/1840/1174 1022/1837/1171 990/1803/1145
f 978/1811/1149 1010/1841/1175 1009/1838/1172 977/1805/1146
f 965/1813/1150 997/1842/1176 996/1839/1173 964/1807/1147
f 992/1815/1151 1024/1843/1177 1023/1840/1174 991/1809/1148
f 979/1817/1152 1011/1844/1178 1010/1841/1175 978/1811/1149
f 966/1819/1153 998/1845/1179 997/1842/1176 965/1813/1150
f 961/1794/1141 993/1833/1167 1024/1843/1177 992/1815/1151
f 980/1758/1123 1012/1846/1180 1011/1844/1178 979/1817/1152
f 967/1762/1125 999/1847/1181 998/1845/1179 966/1819/1153
f 981/1757/1122 1013/1848/1182 1012/1846/1180 980/1758/1123
f 968/1761/1124 1000/1849/1183 999/1847/1181 967/1762/1125
f 982/1765/1126 1014/1850/1184 1013/1848/1182 981/1757/1122
f 969/1767/1127 1001/1851/1185 1000/1849/1183 968/1761/1124
f 983/1769/1128 1015/1821/1155 1014/1850/1184 982/1765/1126
f 970/1771/1129 1002/1823/1157 1001/1851/1185 969/1767/1127
f 1019/1828/1162 1051/1852/1186 1050/1853/1187 1018/1826/1160
f 1006/1829/1163 1038/1854/1188 1037/1855/1189 1005/1827/1161
f 1020/1830/1164 1052/1856/1190 1051/1852/1186 1019/1828/1162
f 1007/1831/1165 1039/1857/1191 1038/1854/1188 1006/1829/1163
f 994/1832/1166 1026/1858/1192 1025/1859/1193 993/1833/1167
f 1021/1834/1168 1053/1860/1194 1052/1856/1190 1020/1830/1164
f 1008/1835/1169 1040/1861/1195 1039/1857/1191 1007/1831/1165
f 995/1836/1170 1027/1862/1196 1026/1858/1192 994/1832/1166
f 1022/1837/1171 1054/1863/1197 1053/1860/1194 1021/1834/1168
f 1009/1838/1172 1041/1864/1198 1040/1861/1195 1008/1835/1169
f 996/1839/1173 1028/1865/1199 1027/1862/1196 995/1836/1170
f 1023/1840/1174 1055/1866/1200 1054/1863/1197 1022/1837/1171
f 1010/1841/1175 1042/1867/1201 1041/1864/1198 1009/1838/1172
f 997/1842/1176 1029/1868/1202 1028/1865/1199 996/1839/1173
f 1024/1843/1177 1056/1869/1203 1055/1866/1200 1023/1840/1174
f 1011/1844/1178 1043/1870/1204 1042/1867/1201 1010/1841/1175
f 998/1845/1179 1030/1871/1205 1029/1868/1202 997/1842/1176
f 993/1833/1167 1025/1859/1193 1056/1869/1203 1024/1843/1177
f 1012/1846/1180 1044/1872/1206 1043/1870/1204 1011/1844/1178
f 999/1847/1181 1031/1873/1207 1030/1871/1205 998/1845/1179
f 1013/1848/1182 1045/1874/1208 1044/1872/1206 1012/1846/1180
f 1000/1849/1183 1032/1875/1209 1031/1873/1207 999/1847/1181
f 1014/1850/1184 1046/1876/1210 1045/1874/1208 1013/1848/1182
f 1001/1851/1185 1033/1877/1211 1032/1875/1209 1000/1849/1183
f 1015/1821/1155 1047/1878/1212 1046/1876/1210 1014/1850/1184
f 1002/1823/1157 1034/1879/1213 1033/1877/1211 1001/1851/1185
f 1016/1820/1154 1048/1880/1214 1047/1878/1212 1015/1821/1155
f 1003/1822/1156 1035/1881/1215 1034/1879/1213 1002/1823/1157
f 1017/1824/1158 1049/1882/1216 1048/1880/1214 1016/1820/1154
f 1004/1825/1159 1036/1883/1217 1035/1881/1215 1003/1822/1156
f 1018/1826/1160 1050/1853/1187 1049/1882/1216 1017/1824/1158
f 1005/1827/1161 1037/1855/1189 1036/1883/1217 1004/1825/1159
f 1054/1863/1197 1086/1884/1218 1085/1885/1219 1053/1860/1194
f 1041/1864/1198 1073/1886/1220 1072/1887/1221 1040/1861/1195
f 1028/1865/1199 1060/1888/1222 1059/1889/1223 1027/1862/1196
f 1055/1866/1200 1087/1890/1224 1086/1884/1218 1054/1863/1197
f 1042/1867/1201 1074/1891/1225 1073/1886/1220 1041/1864/1198
f 1029/1868/1202 1061/1892/1226 1060/1888/1222 1028/1865/1199
f 1056/1869/1203 1088/1893/1227 1087/1890/1224 1055/1866/1200
f 1043/1870/1204 1075/1894/1228 1074/1891/1225 1042/1867/1201
f 1030/1871/1205 1062/1895/1229 1061/1892/1226 1029/1868/1202
f 1025/1859/1193 1057/1896/1230 1088/1893/1227 1056/1869/1203
f 1044/1872/1206 1076/1897/1231 1075/1894/1228 1043/1870/1204
f 1031/1873/1207 1063/1898/1232 1062/1895/1229 1030/1871/1205
f 1045/1874/1208 1077/1899/1233 1076/1897/1231 1044/1872/1206
f 1032/1875/1209 1064/1900/1234 1063/1898/1232 1031/1873/1207
f 1046/1876/1210 1078/1901/1235 1077/1899/1233 1045/1874/1208
f 1033/1877/1211 1065/1902/1236 1064/1900/1234 1032/1875/1209
f 1047/1878/1212 1079/1903/1237 1078/1901/1235 1046/1876/1210
f 1034/1879/1213 1066/1904/1238 1065/1902/1236 1033/1877/1211
f 1048/1880/1214 1080/1905/1239 1079/1903/1237 1047/1878/1212
f 1035/1881/1215 1067/1906/1240 1066/1904/1238 1034/1879/1213
f 1049/1882/1216 1081/1907/1241 1080/1905/1239 1048/1880/1214
f 1036/1883/1217 1068/1908/1242 1067/1906/1240 1035/1881/1215
f 1050/1853/1187 1082/1909/1243 1081/1907/1241 1049/1882/1216
f 1037/1855/1189 1069/1910/1244 1068/1908/1242 1036/1883/1217
f 1051/1852/1186 1083/1911/1245 1082/1909/1243 1050/1853/1187
f 1038/1854/1188 1070/1912/1246 1069/1910/1244 1037/1855/1189
f 1052/1856/1190 1084/1913/1247 1083/1911/1245 1051/1852/1186
f 1039/1857/1191 1071/1914/1248 1070/1912/1246 1038/1854/1188
f 1026/1858/1192 1058/1915/1249 1057/1896/1230 1025/1859/1193
f 1053/1860/1194 1085/1885/1219 1084/1913/1247 1052/1856/1190
f 1040/1861/1195 1072/1887/1221 1071/1914/1248 1039/1857/1191
f 1027/1862/1196 1059/1889/1223 1058/1915/1249 1026/1858/1192
f 1057/1916/1230 1089/1917/1250 1120/1918/1094 1088/1919/1227
f 1076/1920/1231 1108/1921/1099 1107/1922/1096 1075/1923/1228
f 1063/1924/1232 1095/1925/1100 1094/1926/1251 1062/1927/1229
f 1077/1928/1233 1109/1929/1101 1108/1921/1099 1076/1920/1231
f 1064/1930/1234 1096/1931/1252 1095/1925/1100 1063/1924/1232
f 1078/1932/1235 1110/1933/1103 1109/1934/1101 1077/1935/1233
f 1065/1936/1236 1097/1937/1104 1096/1931/1252 1064/1930/1234
f 1079/1938/1237 1111/1939/1105 1110/1933/1103 1078/1932/1235
f 1066/1940/1238 1098/1941/1106 1097/1937/1104 1065/1936/1236
f 1080/1942/1239 1112/1943/1107 1111/1939/1105 1079/1938/1237
f 1067/1944/1240 1099/1945/1108 1098/1941/1106 1066/1940/1238
f 1081/1946/1241 1113/1947/1109 1112/1943/1107 1080/1942/1239
f 1068/1948/1242 1100/1949/1110 1099/1945/1108 1067/1944/1240
f 1082/1950/1243 1114/1951/1253 1113/1947/1109 1081/1946/1241
f 1069/1952/1244 1101/1953/1112 1100/1949/1110 1068/1948/1242
f 1083/1954/1245 1115/1955/1254 1114/1951/1253 1082/1950/1243
f 1070/1956/1246 1102/1957/1255 1101/1958/1112 1069/1959/1244
f 1084/1960/1247 1116/1961/1115 1115/1955/1254 1083/1954/1245
f 1071/1962/1248 1103/1963/1116 1102/1957/1255 1070/1956/1246
f 1058/1964/1249 1090/1965/1117 1089/1917/1250 1057/1916/1230
f 1085/1966/1219 1117/1967/1118 1116/1961/1115 1084/1960/1247
f 1072/1968/1221 1104/1969/1119 1103/1963/1116 1071/1962/1248
f 1059/1970/1223 1091/1971/1256 1090/1965/1117 1058/1964/1249
f 1086/1972/1218 1118/1973/1121 1117/1974/1118 1085/1975/1219
f 1073/1976/1220 1105/1977/1091 1104/1969/1119 1072/1968/1221
f 1060/1978/1222 1092/1979/1093 1091/1971/1256 1059/1970/1223
f 1087/1980/1224 1119/1981/1257 1118/1973/1121 1086/1972/1218
f 1074/1982/1225 1106/1983/1258 1105/1977/1091 1073/1976/1220
f 1061/1984/1226 1093/1985/1092 1092/1979/1093 1060/1978/1222
f 1088/1919/1227 1120/1918/1094 1119/1981/1257 1087/1980/1224
f 1075/1923/1228 1107/1922/1096 1106/1983/1258 1074/1982/1225
f 1062/1927/1229 1094/1926/1251 1093/1986/1092 1061/1987/1226
f 1111/1988/1105 1143/1989/1259 1142/1990/1260 1110/1991/1103
f 1098/1992/1106 1130/1993/1261 1129/1994/1262 1097/1995/1104
f 1112/1996/1107 1144/1997/1263 1143/1989/1259 1111/1988/1105
f 1099/1998/1108 1131/1999/1264 1130/1993/1261 1098/1992/1106
f 1113/2000/1109 1145/2001/1265 1144/1997/1263 1112/1996/1107
f 1100/2002/1110 1132/2003/1266 1131/1999/1264 1099/1998/1108
f 1114/2004/1253 1146/2005/1267 1145/2001/1265 1113/2000/1109
f 1101/2006/1112 1133/2007/1268 1132/2003/1266 1100/2002/1110
f 1115/2008/1254 1147/2009/1269 1146/2005/1267 1114/2004/1253
f 1102/2010/1255 1134/2011/1270 1133/2007/1268 1101/2006/1112
f 1116/2012/1115 1148/2013/1271 1147/2009/1269 1115/2008/1254
f 1103/2014/1116 1135/2015/1272 1134/2011/1270 1102/2010/1255
f 1090/2016/1117 1122/2017/1273 1121/2018/1274 1089/2019/1250
f 1117/2020/1118 1149/2021/1275 1148/2013/1271 1116/2012/1115
f 1104/2022/1119 1136/2023/1276 1135/2015/1272 1103/2014/1116
f 1091/2024/1256 1123/2025/1277 1122/2017/1273 1090/2016/1117
f 1118/2026/1121 1150/2027/1278 1149/2021/1275 1117/2020/1118
f 1105/2028/1091 1137/2029/1279 1136/2023/1276 1104/2022/1119
f 1092/2030/1093 1124/2031/1280 1123/2025/1277 1091/2024/1256
f 1119/2032/1257 1151/2033/1281 1150/2027/1278 1118/2026/1121
f 1106/2034/1258 1138/2035/1282 1137/2029/1279 1105/2028/1091
f 1093/2036/1092 1125/2037/1283 1124/2031/1280 1092/2030/1093
f 1120/2038/1094 1152/2039/1284 1151/2033/1281 1119/2032/1257
f 1107/2040/1096 1139/2041/1285 1138/2035/1282 1106/2034/1258
f 1094/2042/1251 1126/2043/1286 1125/2037/1283 1093/2036/1092
f 1089/2019/1250 1121/2018/1274 1152/2039/1284 1120/2038/1094
f 1108/2044/1099 1140/2045/1287 1139/2041/1285 1107/2040/1096
f 1095/2046/1100 1127/2047/1288 1126/2043/1286 1094/2042/1251
f 1109/2048/1101 1141/2049/1289 1140/2045/1287 1108/2044/1099
f 1096/2050/1252 1128/2051/1290 1127/2047/1288 1095/2046/1100
f 1110/1991/1103 1142/1990/1260 1141/2049/1289 1109/2048/1101
f 1097/1995/1104 1129/1994/1262 1128/2051/1290 1096/2050/1252
f 1146/2005/1267 1178/2052/1291 1177/2053/1292 1145/2001/1265
f 1133/2007/1268 1165/2054/1293 1164/2055/1294 1132/2003/1266
f 1147/2009/1269 1179/2056/1295 1178/2052/1291 1146/2005/1267
f 1134/2011/1270 1166/2057/1296 1165/2054/1293 1133/2007/1268
f 1148/2013/1271 1180/2058/1297 1179/2056/1295 1147/2009/1269
f 1135/2015/1272 1167/2059/1298 1166/2057/1296 1134/2011/1270
f 1122/2017/1273 1154/2060/1299 1153/2061/1300 1121/2018/1274
f 1149/2021/1275 1181/2062/1301 1180/2058/1297 1148/2013/1271
f 1136/2023/1276 1168/2063/1302 1167/2059/1298 1135/2015/1272
f 1123/2025/1277 1155/2064/1303 1154/2060/1299 1122/2017/1273
f 1150/2027/1278 1182/2065/1304 1181/2062/1301 1149/2021/1275
f 1137/2029/1279 1169/2066/1305 1168/2063/1302 1136/2023/1276
f 1124/2031/1280 1156/2067/1306 1155/2064/1303 1123/2025/1277
f 1151/2033/1281 1183/2068/1307 1182/2065/1304 1150/2027/1278
f 1138/2035/1282 1170/2069/1308 1169/2066/1305 1137/2029/1279
f 1125/2037/1283 1157/2070/1309 1156/2067/1306 1124/2031/1280
f 1152/2039/1284 1184/2071/1310 1183/2068/1307 1151/2033/1281
f 1139/2041/1285 1171/2072/1311 1170/2069/1308 1138/2035/1282
f 1126/2043/1286 1158/2073/1312 1157/2070/1309 1125/2037/1283
f 1121/2018/1274 1153/2061/1300 1184/2071/1310 1152/2039/1284
f 1140/2045/1287 1172/2074/1313 1171/2072/1311 1139/2041/1285
f 1127/2047/1288 1159/2075/1314 1158/2073/1312 1126/2043/1286
f 1141/2049/1289 1173/2076/1315 1172/2074/1313 1140/2045/1287
f 1128/2051/1290 1160/2077/1316 1159/2075/1314 1127/2047/1288
f 1142/1990/1260 1174/2078/1317 1173/2076/1315 1141/2049/1289
f 1129/1994/1262 1161/2079/1318 1160/2077/1316 1128/2051/1290
f 1143/1989/1259 1175/2080/1319 1174/2078/1317 1142/1990/1260
f 1130/1993/1261 1162/2081/1320 1161/2079/1318 1129/1994/1262
f 1144/1997/1263 1176/2082/1321 1175/2080/1319 1143/1989/1259
f 1131/1999/1264 1163/2083/1322 1162/2081/1320 1130/1993/1261
f 1145/2001/1265 1177/2053/1292 1176/2082/1321 1144/1997/1263
f 1132/2003/1266 1164/2055/1294 1163/2083/1322 1131/1999/1264
f 1399/2084/1323 1567/2085/1323 1701/2086/204 1562/2087/204
f 1539/2088/1324 1820/2089/1324 1958/2090/1324 1681/2091/1324
f 1487/2092/1325 1781/2093/1326 1769/2094/1327 1480/2095/1328
f 1418/2096/196 1583/2097/196 1580/2098/190 1415/2099/190
f 1559/2100/198 1698/2101/198 1695/2102/192 1556/2103/192
f 1479/2104/1329 1770/2105/1329 1912/2106/1329 1635/2107/1329
f 1421/2108/202 1586/2109/202 1583/2097/196 1418/2096/196
f 1562/2087/204 1701/2086/204 1698/2101/198 1559/2100/198
f 1493/2110/1330 1790/2111/1331 1784/2112/1332 1490/2113/1333
f 1424/2114/1334 1590/2115/1334 1586/2116/202 1421/2117/202
f 1565/2118/1335 1841/2119/1335 1977/2120/1335 1700/2121/1335
f 1502/2122/210 1649/2123/210 1642/2124/1336 1495/2125/1336
f 1433/2126/1337 1740/2127/1338 1725/2128/1338 1426/2129/1338
f 1400/2130/1339 1704/2131/1339 1843/2132/1339 1566/2133/1339
f 1505/2134/214 1652/2135/214 1649/2123/210 1502/2122/210
f 1425/2136/1340 1726/2137/1340 1866/2138/1340 1589/2139/1340
f 1508/2140/218 1655/2141/218 1652/2142/214 1505/2143/214
f 1445/2144/220 1606/2145/220 1603/2146/216 1442/2147/216
f 1511/2148/1341 1659/2149/1341 1655/2141/218 1508/2140/218
f 1448/2150/224 1609/2151/224 1606/2145/220 1445/2144/220
f 1520/2152/1342 1812/2153/1342 1797/2154/1342 1513/2155/1342
f 1451/2156/1343 1613/2157/1343 1609/2151/224 1448/2150/224
f 1512/2158/1344 1798/2159/1344 1935/2160/1344 1658/2161/1344
f 1460/2162/1345 1762/2163/1345 1747/2164/1345 1453/2165/1345
f 1532/2166/170 1675/2167/170 1672/2168/162 1529/2169/162
f 1452/2170/1346 1748/2171/1346 1889/2172/1346 1612/2173/1346
f 1535/2174/174 1678/2175/174 1675/2167/170 1532/2166/170
f 1472/2176/176 1629/2177/176 1626/2178/172 1469/2179/172
f 1538/2180/1347 1682/2181/1347 1678/2175/174 1535/2174/174
f 1475/2182/180 1632/2183/180 1629/2177/176 1472/2176/176
f 1547/2184/1348 1834/2185/1348 1819/2186/1348 1540/2187/1348
f 1478/2188/1349 1636/2189/1349 1632/2183/180 1475/2182/180
f 1620/2190/1350 1895/2191/1350 1761/2192/1350 1461/2193/1350
f 1180/2194/1297 1541/2195/178 1536/2196/174 1179/2197/1295
f 1158/2198/1312 1427/2199/1351 1422/2200/202 1157/2201/1309
f 1173/2202/1315 1506/2203/214 1503/2204/210 1172/2205/1313
f 1166/2206/1296 1473/2207/176 1470/2208/172 1165/2209/1293
f 1174/2210/1317 1509/2211/218 1506/2212/214 1173/2213/1315
f 1167/2214/1298 1476/2215/180 1473/2207/176 1166/2206/1296
f 1689/2216/1352 1964/2217/1352 1833/2218/1352 1548/2219/1352
f 1597/2220/1353 1872/2221/1353 1739/2222/1353 1434/2223/1353
f 1175/2224/1319 1514/2225/222 1509/2211/218 1174/2210/1317
f 1168/2226/1302 1481/2227/188 1476/2215/180 1167/2214/1298
f 1183/2228/1307 1560/2229/198 1557/2230/192 1182/2231/1304
f 1161/2232/1318 1446/2233/220 1443/2234/216 1160/2235/1316
f 1184/2236/1310 1563/2237/204 1560/2229/198 1183/2228/1307
f 1162/2238/1320 1449/2239/224 1446/2233/220 1161/2232/1318
f 1666/2240/1354 1941/2241/1354 1811/2242/1354 1521/2243/1354
f 1574/2244/1355 1849/2245/1355 1717/2246/1355 1407/2247/1355
f 1153/2248/1300 1398/2249/185 1563/2237/204 1184/2236/1310
f 1163/2250/1322 1454/2251/169 1449/2239/224 1162/2238/1320
f 1178/2252/1291 1533/2253/170 1530/2254/162 1177/2255/1292
f 1156/2256/1306 1419/2257/196 1416/2258/190 1155/2259/1303
f 1179/2197/1295 1536/2196/174 1533/2253/170 1178/2252/1291
f 1157/2260/1309 1422/2261/202 1419/2257/196 1156/2256/1306
f 1643/2262/1356 1918/2263/1356 1789/2264/1356 1494/2265/1356
f 1160/2235/1316 1443/2234/216 1436/2266/212 1159/2267/1314
f 1165/2268/1293 1470/2269/172 1463/2270/166 1164/2271/1294
f 1176/2272/1321 1523/2273/165 1514/2225/222 1175/2224/1319
f 1651/2274/1335 1928/2275/1335 1925/2276/1335 1648/2277/1335
f 1529/2169/162 1672/2168/162 1665/2278/1357 1522/2279/1357
f 1556/2103/192 1695/2102/192 1688/2280/1358 1549/2281/1358
f 1172/2205/1313 1503/2204/210 1496/2282/206 1171/2283/1311
f 1654/2284/1335 1931/2285/1335 1928/2275/1335 1651/2274/1335
f 1164/2271/1294 1463/2270/166 1454/2251/169 1163/2250/1322
f 1490/2113/1333 1784/2112/1332 1781/2093/1326 1487/2092/1325
f 1582/2286/1335 1859/2287/1335 1856/2288/1335 1579/2289/1335
f 1657/2290/1335 1933/2291/1335 1931/2285/1335 1654/2284/1335
f 1585/2292/1335 1862/2293/1335 1859/2287/1335 1582/2286/1335
f 1442/2147/216 1603/2146/216 1596/2294/1359 1435/2295/1359
f 1671/2296/1335 1948/2297/1335 1940/2298/1335 1664/2299/1335
f 1588/2300/1335 1864/2301/1335 1862/2293/1335 1585/2292/1335
f 1674/2302/1335 1951/2303/1335 1948/2297/1335 1671/2296/1335
f 1602/2304/1335 1879/2305/1335 1871/2306/1335 1595/2307/1335
f 1154/2308/1299 1409/2309/182 1398/2249/185 1153/2248/1300
f 1181/2310/1301 1550/2311/186 1541/2195/178 1180/2194/1297
f 1677/2312/1335 1954/2313/1335 1951/2303/1335 1674/2302/1335
f 1605/2314/1335 1882/2315/1335 1879/2305/1335 1602/2304/1335
f 1680/2316/1335 1956/2317/1335 1954/2313/1335 1677/2312/1335
f 1169/2318/1305 1488/2319/194 1481/2227/188 1168/2226/1302
f 1608/2320/1335 1885/2321/1335 1882/2315/1335 1605/2314/1335
f 1694/2322/1335 1971/2323/1335 1963/2324/1335 1687/2325/1335
f 1170/2326/1308 1491/2327/200 1488/2319/194 1169/2318/1305
f 1177/2255/1292 1530/2254/162 1523/2273/165 1176/2272/1321
f 1611/2328/1360 1887/2329/1335 1885/2321/1335 1608/2320/1335
f 1697/2330/1335 1974/2331/1335 1971/2323/1335 1694/2322/1335
f 1171/2283/1311 1496/2282/206 1491/2327/200 1170/2326/1308
f 1625/2332/1335 1902/2333/1335 1894/2334/1335 1618/2335/1335
f 1700/2121/1335 1977/2120/1335 1974/2331/1335 1697/2330/1335
f 1155/2259/1303 1416/2258/190 1409/2309/182 1154/2308/1299
f 1628/2336/1335 1905/2337/1335 1902/2333/1335 1625/2332/1335
f 1159/2267/1314 1436/2266/212 1427/2199/1351 1158/2198/1312
f 1715/2338/1361 1196/2339/1362 1195/2340/1363 1706/2341/1364 1712/2342/1365 1707/2343/1366 1714/2344/1366 1719/2345/1367
f 1415/2099/190 1580/2098/190 1573/2346/1368 1408/2347/1368
f 1631/2348/1335 1908/2349/1335 1905/2337/1335 1628/2336/1335
f 1182/2231/1304 1557/2230/192 1550/2350/186 1181/2351/1301
f 1579/2289/1335 1856/2288/1335 1848/2352/1335 1572/2353/1335
f 1469/2354/172 1626/2355/172 1619/2356/1369 1462/2357/1369
f 1634/2358/1335 1910/2359/1335 1908/2349/1335 1631/2348/1335
f 1648/2277/1335 1925/2276/1335 1917/2360/1335 1641/2361/1335
f 2472/2362/180 1213/2363/180 1212/2364/1370 2471/2365/1371
f 1772/2366/1372 1210/2367/1373 1225/2368/1374 1199/2369/1375
f 1192/2370/1376 1220/2371/1377 1201/2372/1378 1737/2373/1379
f 1822/2374/1380 1215/2375/1381 1231/2376/1382 1209/2377/1383
f 1202/2378/1384 1226/2379/1385 1186/2380/1386 1787/2381/1387
f 2465/2382/1388 1194/2383/1389 1193/2384/162 2466/2385/162
f 1212/2364/1370 1232/2386/1390 1216/2387/1391 1831/2388/1392
f 2459/2389/1393 1204/2390/1394 1203/2391/202 2460/2392/202
f 2463/2393/192 1198/2394/192 1197/2395/1395 2464/2396/1396
f 2473/2397/1397 1214/2398/1398 1213/2363/180 2472/2362/180
f 2475/2399/224 1208/2400/224 1207/2401/1399 2476/2402/1400
f 1750/2403/1401 1205/2404/1402 1222/2405/1403 1194/2383/1389
f 1187/2406/1404 1217/2407/1405 1196/2339/1362 1715/2338/1361
f 1800/2408/1406 1190/2409/1407 1228/2410/1408 1204/2390/1394
f 1197/2411/1395 1223/2412/1409 1206/2413/1410 1759/2414/1411
f 1706/2341/1364 1195/2340/1363 1234/2415/1412 1214/2398/1398
f 2468/2416/1413 1189/2417/1414 1188/2418/210 2469/2419/210
f 1207/2401/1399 1229/2420/1415 1191/2421/1416 1809/2422/1417
f 2462/2423/1418 1199/2369/1375 1198/2394/192 2463/2393/192
f 2466/2385/162 1193/2384/162 1192/2370/1376 2467/2424/1419
f 2474/2425/1420 1209/2377/1383 1208/2400/224 2475/2399/224
f 2460/2426/202 1203/2427/202 1202/2378/1384 2461/2428/1421
f 1728/2429/1422 1200/2430/1423 1219/2431/1424 1189/2432/1414
f 1831/2433/1392 1216/2434/1391 1215/2375/1381 1822/2374/1380 1828/2435/1425 1823/2436/1426 1830/2437/1426 1835/2438/1427
f 1208/2400/224 1230/2439/1428 1229/2420/1415 1207/2401/1399
f 1809/2422/1417 1191/2421/1416 1190/2409/1407 1800/2408/1406 1806/2440/1429 1801/2441/1430 1808/2442/1430 1813/2443/1431
f 1209/2377/1383 1231/2376/1382 1230/2439/1428 1208/2400/224
f 1193/2384/162 1221/2444/1432 1220/2371/1377 1192/2370/1376
f 1783/2445/1433 1185/2446/1434 1211/2447/1435 1780/2448/1436
f 2464/2449/1396 1197/2411/1395 1759/2414/1411 1765/2450/1437
f 1711/2451/1438 1706/2341/1364 1214/2398/1398 2473/2397/1397
f 1194/2383/1389 1222/2405/1403 1221/2444/1432 1193/2384/162
f 2469/2419/210 1188/2418/210 1187/2406/1404 2470/2452/1439
f 1733/2453/1440 1728/2429/1422 1189/2432/1414 2468/2454/1413
f 1213/2363/180 1233/2455/1441 1232/2386/1390 1212/2364/1370
f 1755/2456/1442 1750/2403/1401 1194/2383/1389 2465/2382/1388
f 2471/2365/1371 1212/2364/1370 1831/2388/1392 1837/2457/1443
f 1214/2398/1398 1234/2415/1412 1233/2455/1441 1213/2363/180
f 1777/2458/1444 1772/2366/1372 1199/2369/1375 2462/2423/1418
f 1198/2394/192 1224/2459/1445 1223/2460/1409 1197/2395/1395
f 2476/2402/1400 1207/2401/1399 1809/2422/1417 1815/2461/1446
f 1787/2381/1387 1186/2380/1386 1185/2446/1434 1783/2445/1433 1786/2462/1447 1791/2463/1448
f 1199/2369/1375 1225/2368/1374 1224/2459/1445 1198/2394/192
f 2461/2428/1421 1202/2378/1384 1787/2381/1387 1793/2464/1449
f 1805/2465/1450 1800/2408/1406 1204/2390/1394 2459/2389/1393
f 1780/2448/1436 1211/2447/1435 1210/2367/1373 1772/2366/1372 1778/2466/1451 1773/2467/1452
f 1737/2373/1379 1201/2372/1378 1200/2430/1423 1728/2429/1422 1734/2468/1453 1729/2469/1454 1736/2470/1454 1741/2471/1455
f 1827/2472/1456 1822/2374/1380 1209/2377/1383 2474/2425/1420
f 1203/2427/202 1227/2473/1457 1226/2379/1385 1202/2378/1384
f 1759/2414/1411 1206/2413/1410 1205/2404/1402 1750/2403/1401 1756/2474/1458 1751/2475/1459 1758/2476/1459 1763/2477/1460
f 1204/2390/1394 1228/2410/1408 1227/2478/1457 1203/2391/202
f 1188/2418/210 1218/2479/1461 1217/2407/1405 1187/2406/1404
f 1189/2417/1414 1219/2480/1424 1218/2479/1461 1188/2418/210
f 2467/2424/1419 1192/2370/1376 1737/2373/1379 1743/2481/1462
f 2470/2452/1439 1187/2406/1404 1715/2338/1361 1721/2482/1463
f 1230/2483/1428 1262/2484/1360 1261/2485/1464 1229/2486/1415
f 1217/2487/1405 1249/2488/1465 1240/2489/1466 1196/2490/1362
f 1231/2491/1382 1263/2492/1467 1262/2484/1360 1230/2483/1428
f 1216/2493/1391 1248/2494/1468 1247/2495/1469 1215/2496/1381
f 1220/2497/1377 1252/2498/1470 1242/2499/1471 1201/2500/1378
f 1233/2501/1441 1265/2502/1472 1264/2503/1473 1232/2504/1390
f 1218/2505/1461 1250/2506/1474 1249/2488/1465 1217/2487/1405
f 1201/2500/1378 1242/2499/1471 1241/2507/1475 1200/2508/1423
f 1234/2509/1412 1266/2510/1476 1265/2502/1472 1233/2501/1441
f 1206/2511/1410 1244/2512/1477 1243/2513/1478 1205/2514/1402
f 1223/2515/1409 1255/2516/1479 1244/2512/1477 1206/2511/1410
f 1200/2508/1423 1241/2507/1475 1251/2517/1480 1219/2518/1424
f 1219/2518/1424 1251/2517/1480 1250/2506/1474 1218/2505/1461
f 1229/2486/1415 1261/2485/1464 1238/2519/1481 1191/2520/1416
f 1211/2521/1435 1246/2522/1482 1245/2523/1483 1210/2524/1373
f 1210/2524/1373 1245/2523/1483 1257/2525/1484 1225/2526/1374
f 1185/2527/1434 1235/2528/1485 1246/2522/1482 1211/2521/1435
f 1215/2496/1381 1247/2495/1469 1263/2492/1467 1231/2491/1382
f 1196/2490/1362 1240/2489/1466 1239/2529/1486 1195/2530/1363
f 1195/2530/1363 1239/2529/1486 1266/2510/1476 1234/2509/1412
f 1221/2531/1432 1253/2532/1487 1252/2498/1470 1220/2497/1377
f 1226/2533/1385 1258/2534/1488 1236/2535/1489 1186/2536/1386
f 1225/2526/1374 1257/2525/1484 1256/2537/1490 1224/2538/1445
f 1186/2536/1386 1236/2535/1489 1235/2528/1485 1185/2527/1434
f 1205/2514/1402 1243/2513/1478 1254/2539/1491 1222/2540/1403
f 1227/2541/1457 1259/2542/1492 1258/2534/1488 1226/2533/1385
f 1191/2520/1416 1238/2519/1481 1237/2543/1467 1190/2544/1407
f 1232/2504/1390 1264/2503/1473 1248/2494/1468 1216/2493/1391
f 1222/2540/1403 1254/2539/1491 1253/2532/1487 1221/2531/1432
f 1228/2545/1408 1260/2546/1493 1259/2542/1492 1227/2541/1457
f 1190/2544/1407 1237/2543/1467 1260/2546/1493 1228/2545/1408
f 1224/2538/1445 1256/2537/1490 1255/2516/1479 1223/2515/1409
f 1255/2516/1479 1256/2537/1490 1267/2547/1494 1244/2512/1477
f 1244/2512/1477 1267/2547/1494 1274/2548/1495 1243/2513/1478
f 1243/2513/1478 1274/2548/1495 1281/2549/1496 1254/2539/1491
f 1254/2539/1491 1281/2549/1496 1288/2550/1497 1253/2532/1487
f 1253/2532/1487 1288/2550/1497 1295/2551/1498 1252/2498/1470
f 1252/2498/1470 1295/2551/1498 1302/2552/1499 1242/2499/1471
f 1242/2499/1471 1302/2552/1499 1309/2553/1500 1241/2507/1475
f 1241/2507/1475 1309/2553/1500 1250/2506/1474 1251/2517/1480
f 1256/2537/1490 1257/2525/1484 1268/2554/1501 1267/2547/1494
f 1267/2547/1494 1268/2554/1501 1275/2555/1502 1274/2548/1495
f 1274/2548/1495 1275/2555/1502 1282/2556/1503 1281/2549/1496
f 1281/2549/1496 1282/2556/1503 1289/2557/1504 1288/2550/1497
f 1288/2550/1497 1289/2557/1504 1296/2558/1505 1295/2551/1498
f 1295/2551/1498 1296/2558/1505 1303/2559/1506 1302/2552/1499
f 1302/2552/1499 1303/2559/1506 1310/2560/1507 1309/2553/1500
f 1309/2553/1500 1310/2560/1507 1249/2488/1465 1250/2506/1474
f 1257/2525/1484 1245/2523/1483 1269/2561/1508 1268/2554/1501
f 1268/2554/1501 1269/2561/1508 1276/2562/1509 1275/2555/1502
f 1275/2555/1502 1276/2562/1509 1283/2563/1510 1282/2556/1503
f 1282/2556/1503 1283/2563/1510 1290/2564/1511 1289/2557/1504
f 1289/2557/1504 1290/2564/1511 1297/2565/1512 1296/2558/1505
f 1296/2558/1505 1297/2565/1512 1304/2566/1513 1303/2559/1506
f 1303/2559/1506 1304/2566/1513 1311/2567/1514 1310/2560/1507
f 1310/2560/1507 1311/2567/1514 1240/2489/1466 1249/2488/1465
f 1245/2523/1483 1246/2522/1482 1270/2568/1515 1269/2561/1508
f 1269/2561/1508 1270/2568/1515 1277/2569/1516 1276/2562/1509
f 1276/2562/1509 1277/2569/1516 1284/2570/1517 1283/2563/1510
f 1283/2563/1510 1284/2570/1517 1291/2571/1518 1290/2564/1511
f 1290/2564/1511 1291/2571/1518 1298/2572/1519 1297/2565/1512
f 1297/2565/1512 1298/2572/1519 1305/2573/1520 1304/2566/1513
f 1304/2566/1513 1305/2573/1520 1312/2574/1521 1311/2567/1514
f 1311/2567/1514 1312/2574/1521 1239/2529/1486 1240/2489/1466
f 1246/2522/1482 1235/2528/1485 1271/2575/1522 1270/2568/1515
f 1270/2568/1515 1271/2575/1522 1278/2576/1523 1277/2569/1516
f 1277/2569/1516 1278/2576/1523 1285/2577/1524 1284/2570/1517
f 1284/2570/1517 1285/2577/1524 1292/2578/1525 1291/2571/1518
f 1291/2571/1518 1292/2578/1525 1299/2579/1526 1298/2572/1519
f 1298/2572/1519 1299/2579/1526 1306/2580/1527 1305/2573/1520
f 1305/2573/1520 1306/2580/1527 1313/2581/1528 1312/2574/1521
f 1312/2574/1521 1313/2581/1528 1266/2510/1476 1239/2529/1486
f 1235/2528/1485 1236/2535/1489 1272/2582/1529 1271/2575/1522
f 1271/2575/1522 1272/2582/1529 1279/2583/1530 1278/2576/1523
f 1278/2576/1523 1279/2583/1530 1286/2584/1531 1285/2577/1524
f 1285/2577/1524 1286/2584/1531 1293/2585/1532 1292/2578/1525
f 1292/2578/1525 1293/2585/1532 1300/2586/1527 1299/2579/1526
f 1299/2579/1526 1300/2586/1527 1307/2587/1533 1306/2580/1527
f 1306/2580/1527 1307/2587/1533 1314/2588/1534 1313/2581/1528
f 1313/2581/1528 1314/2588/1534 1265/2502/1472 1266/2510/1476
f 1236/2535/1489 1258/2534/1488 1273/2589/1535 1272/2582/1529
f 1272/2582/1529 1273/2589/1535 1280/2590/1536 1279/2583/1530
f 1279/2583/1530 1280/2590/1536 1287/2591/1537 1286/2584/1531
f 1286/2584/1531 1287/2591/1537 1294/2592/1538 1293/2585/1532
f 1293/2585/1532 1294/2592/1538 1301/2593/1520 1300/2586/1527
f 1300/2586/1527 1301/2593/1520 1308/2594/1539 1307/2587/1533
f 1307/2587/1533 1308/2594/1539 1315/2595/1540 1314/2588/1534
f 1314/2588/1534 1315/2595/1540 1264/2503/1473 1265/2502/1472
f 1258/2534/1488 1259/2542/1492 1260/2546/1493 1273/2589/1535
f 1273/2589/1535 1260/2546/1493 1237/2543/1467 1280/2590/1536
f 1280/2590/1536 1237/2543/1467 1238/2519/1481 1287/2591/1537
f 1287/2591/1537 1238/2519/1481 1261/2485/1464 1294/2592/1538
f 1294/2592/1538 1261/2485/1464 1262/2484/1360 1301/2593/1520
f 1301/2593/1520 1262/2484/1360 1263/2492/1467 1308/2594/1539
f 1308/2594/1539 1263/2492/1467 1247/2495/1469 1315/2595/1540
f 1315/2595/1540 1247/2495/1469 1248/2494/1468 1264/2503/1473
f 2355/2596/220 2188/2597/1541 2186/2598/1542 2352/2599/216
f 2397/2600/222 2216/2601/1543 2214/2602/1544 2394/2603/218
f 2358/2604/224 2190/2605/1545 2188/2597/1541 2355/2596/220
f 2400/2606/165 2218/2607/1546 2216/2601/1543 2397/2600/222
f 2361/2608/169 2192/2609/1547 2190/2605/1545 2358/2604/224
f 2403/2610/162 2220/2611/1548 2218/2607/1546 2400/2606/165
f 2364/2612/166 2194/2613/1549 2192/2609/1547 2361/2608/169
f 2406/2614/170 2222/2615/1550 2220/2611/1548 2403/2610/162
f 2367/2616/172 2196/2617/1551 2194/2613/1549 2364/2612/166
f 2409/2618/174 2224/2619/1552 2222/2615/1550 2406/2614/170
f 2370/2620/176 2198/2621/1553 2196/2622/1551 2367/2623/172
f 2412/2624/178 2226/2625/1554 2224/2619/1552 2409/2618/174
f 2373/2626/180 2200/2627/1555 2198/2621/1553 2370/2620/176
f 2332/2628/185 2171/2629/1556 2234/2630/1557 2424/2631/204
f 2415/2632/186 2228/2633/1558 2226/2625/1554 2412/2624/178
f 2376/2634/188 2202/2635/1559 2200/2627/1555 2373/2626/180
f 2337/2636/190 2176/2637/1560 2174/2638/1561 2334/2639/182
f 2418/2640/192 2230/2641/1562 2228/2642/1558 2415/2643/186
f 2379/2644/194 2204/2645/1563 2202/2635/1559 2376/2634/188
f 2340/2646/196 2178/2647/1564 2176/2637/1560 2337/2636/190
f 2421/2648/198 2232/2649/1565 2230/2641/1562 2418/2640/192
f 2382/2650/200 2206/2651/1566 2204/2645/1563 2379/2644/194
f 2343/2652/202 2180/2653/1567 2178/2647/1564 2340/2646/196
f 2424/2631/204 2234/2630/1557 2232/2649/1565 2421/2648/198
f 2385/2654/206 2208/2655/1568 2206/2651/1566 2382/2650/200
f 2346/2656/208 2182/2657/1569 2180/2658/1567 2343/2659/202
f 2334/2639/182 2174/2638/1561 2171/2629/1556 2332/2628/185
f 2388/2660/210 2210/2661/1570 2208/2655/1568 2385/2654/206
f 2349/2662/212 2184/2663/1571 2182/2657/1569 2346/2656/208
f 2391/2664/214 2212/2665/1572 2210/2661/1570 2388/2660/210
f 2352/2599/216 2186/2598/1542 2184/2663/1571 2349/2662/212
f 2394/2603/218 2214/2602/1544 2212/2666/1572 2391/2667/214
f 1345/89/65 1344/81/65 1343/75/65 1348/2668/65
f 1348/2668/65 1343/75/65 1342/74/65 1355/2669/65
f 1355/2669/65 1342/74/65 1341/133/65 1362/2670/65
f 1362/2670/65 1341/133/65 1340/129/65 1369/2671/65
f 1369/2671/65 1340/129/65 1339/125/65 1376/2672/65
f 1376/2672/65 1339/125/65 1338/121/65 1383/2673/65
f 1383/2673/65 1338/121/65 1337/117/65 1390/2674/65
f 1390/2674/65 1337/117/65 1336/113/65 1335/107/65
f 1346/95/65 1345/89/65 1348/2668/65 1349/2675/65
f 1349/2675/65 1348/2668/65 1355/2669/65 1356/2676/65
f 1356/2676/65 1355/2669/65 1362/2670/65 1363/2677/65
f 1363/2677/65 1362/2670/65 1369/2671/65 1370/2678/65
f 1370/2678/65 1369/2671/65 1376/2672/65 1377/2679/65
f 1377/2679/65 1376/2672/65 1383/2673/65 1384/2680/65
f 1384/2680/65 1383/2673/65 1390/2674/65 1391/2681/65
f 1391/2681/65 1390/2674/65 1335/107/65 1334/103/65
f 1347/101/65 1346/95/65 1349/2675/65 1350/2682/65
f 1350/2682/65 1349/2675/65 1356/2676/65 1357/2683/65
f 1357/2683/65 1356/2676/65 1363/2677/65 1364/2684/65
f 1364/2684/65 1363/2677/65 1370/2678/65 1371/2685/65
f 1371/2685/65 1370/2678/65 1377/2679/65 1378/2686/65
f 1378/2686/65 1377/2679/65 1384/2680/65 1385/2687/65
f 1385/2687/65 1384/2680/65 1391/2681/65 1392/2688/65
f 1392/2688/65 1391/2681/65 1334/103/65 1333/97/65
f 1316/111/65 1347/101/65 1350/2682/65 1351/2689/65
f 1351/2689/65 1350/2682/65 1357/2683/65 1358/2690/65
f 1358/2690/65 1357/2683/65 1364/2684/65 1365/2691/65
f 1365/2691/65 1364/2684/65 1371/2685/65 1372/2692/65
f 1372/2692/65 1371/2685/65 1378/2686/65 1379/2693/65
f 1379/2693/65 1378/2686/65 1385/2687/65 1386/2694/65
f 1386/2694/65 1385/2687/65 1392/2688/65 1393/2695/65
f 1393/2695/65 1392/2688/65 1333/97/65 1332/91/65
f 1317/86/65 1316/111/65 1351/2689/65 1352/2696/65
f 1352/2696/65 1351/2689/65 1358/2690/65 1359/2697/65
f 1359/2697/65 1358/2690/65 1365/2691/65 1366/2698/65
f 1366/2698/65 1365/2691/65 1372/2692/65 1373/2699/65
f 1373/2699/65 1372/2692/65 1379/2693/65 1380/2700/65
f 1380/2700/65 1379/2693/65 1386/2694/65 1387/2701/65
f 1387/2701/65 1386/2694/65 1393/2695/65 1394/2702/65
f 1394/2702/65 1393/2695/65 1332/91/65 1331/83/65
f 1318/87/65 1317/86/65 1352/2696/65 1353/2703/65
f 1353/2703/65 1352/2696/65 1359/2697/65 1360/2704/65
f 1360/2704/65 1359/2697/65 1366/2698/65 1367/2705/65
f 1367/2705/65 1366/2698/65 1373/2699/65 1374/2706/65
f 1374/2706/65 1373/2699/65 1380/2700/65 1381/2707/65
f 1381/2707/65 1380/2700/65 1387/2701/65 1388/2708/65
f 1388/2708/65 1387/2701/65 1394/2702/65 1395/2709/65
f 1395/2709/65 1394/2702/65 1331/83/65 1330/79/65
f 1319/93/65 1318/87/65 1353/2703/65 1354/2710/65
f 1354/2710/65 1353/2703/65 1360/2704/65 1361/2711/65
f 1361/2711/65 1360/2704/65 1367/2705/65 1368/2712/65
f 1368/2712/65 1367/2705/65 1374/2706/65 1375/2713/65
f 1375/2713/65 1374/2706/65 1381/2707/65 1382/2714/65
f 1382/2714/65 1381/2707/65 1388/2708/65 1389/2715/65
f 1389/2715/65 1388/2708/65 1395/2709/65 1396/2716/65
f 1396/2716/65 1395/2709/65 1330/79/65 1329/78/65
f 1320/99/65 1319/93/65 1354/2710/65 1321/105/65
f 1321/105/65 1354/2710/65 1361/2711/65 1322/109/65
f 1322/109/65 1361/2711/65 1368/2712/65 1323/115/65
f 1323/115/65 1368/2712/65 1375/2713/65 1324/119/65
f 1324/119/65 1375/2713/65 1382/2714/65 1325/123/65
f 1325/123/65 1382/2714/65 1389/2715/65 1326/127/65
f 1326/127/65 1389/2715/65 1396/2716/65 1327/131/65
f 1327/131/65 1396/2716/65 1329/78/65 1328/135/65
f 1397/2717/1573 1405/2718/1574 1402/2719/1575 1401/2719/1576
f 1398/2249/185 1401/2720/1576 1402/2720/1575 1403/2720/1577
f 1399/2084/1323 1403/2720/1577 1402/2720/1575 1404/2721/1578
f 1400/2130/1339 1404/2722/1578 1402/2723/1575 1405/2724/1574
f 1406/2725/1579 1414/2726/1580 1411/2726/1581 1410/2727/1582
f 1407/2247/1355 1410/2728/1582 1411/2729/1581 1412/2730/1583
f 1408/2347/1368 1412/2731/1583 1411/2732/1581 1413/2732/1584
f 1409/2726/182 1413/2726/1584 1411/2726/1581 1414/2726/1580
f 1424/2114/1334 1432/2733/1585 1429/2733/1586 1428/2734/1587
f 1425/2136/1340 1428/2735/1587 1429/2736/1586 1430/2737/1588
f 1426/2129/1338 1430/2738/1588 1429/2739/1586 1431/2739/1589
f 1427/2739/1351 1431/2739/1589 1429/2739/1586 1432/2739/1585
f 1433/2126/1337 1441/2740/1590 1438/2740/1591 1437/2741/1592
f 1434/2223/1353 1437/2742/1592 1438/2743/1591 1439/2744/1593
f 1435/2295/1359 1439/2745/1593 1438/2746/1591 1440/2746/1594
f 1436/2740/212 1440/2740/1594 1438/2740/1591 1441/2740/1590
f 1451/2156/1343 1459/2747/1595 1456/2747/1596 1455/2748/1597
f 1452/2170/1346 1455/2749/1597 1456/2750/1596 1457/2751/1598
f 1453/2165/1345 1457/2752/1598 1456/2753/1596 1458/2753/1599
f 1454/2753/169 1458/2753/1599 1456/2753/1596 1459/2753/1595
f 1460/2162/1345 1468/2754/1600 1465/2754/1601 1464/2755/1602
f 1461/2193/1350 1464/2756/1602 1465/2757/1601 1466/2758/1603
f 1462/2357/1369 1466/2759/1603 1465/2760/1601 1467/2760/1604
f 1463/2754/166 1467/2754/1604 1465/2754/1601 1468/2754/1600
f 1478/2188/1349 1486/2761/1605 1483/2761/1606 1482/2762/1607
f 1479/2104/1329 1482/2763/1607 1483/2764/1606 1484/2765/1608
f 1480/2095/1328 1484/2766/1608 1483/2767/1606 1485/2767/1609
f 1481/2767/188 1485/2767/1609 1483/2767/1606 1486/2767/1605
f 1493/2110/1330 1501/2768/1610 1498/2768/1611 1497/2769/1612
f 1494/2265/1356 1497/2770/1612 1498/2771/1611 1499/2772/1613
f 1495/2125/1336 1499/2773/1613 1498/2774/1611 1500/2774/1614
f 1496/2768/206 1500/2768/1614 1498/2768/1611 1501/2768/1610
f 1511/2148/1341 1519/2775/1615 1516/2775/1616 1515/2776/1617
f 1512/2158/1344 1515/2777/1617 1516/2778/1616 1517/2779/1618
f 1513/2155/1342 1517/2780/1618 1516/2781/1616 1518/2781/1619
f 1514/2781/222 1518/2781/1619 1516/2781/1616 1519/2781/1615
f 1520/2152/1342 1528/2782/1620 1525/2782/1621 1524/2783/1622
f 1521/2243/1354 1524/2784/1622 1525/2785/1621 1526/2786/1623
f 1522/2279/1357 1526/2787/1623 1525/2788/1621 1527/2788/1624
f 1523/2782/165 1527/2782/1624 1525/2782/1621 1528/2782/1620
f 1538/2180/1347 1546/2789/1625 1543/2789/1626 1542/2790/1627
f 1539/2088/1324 1542/2791/1627 1543/2792/1626 1544/2793/1628
f 1540/2187/1348 1544/2794/1628 1543/2795/1626 1545/2795/1629
f 1541/2795/178 1545/2795/1629 1543/2795/1626 1546/2795/1625
f 1547/2184/1348 1555/2796/1630 1552/2796/1631 1551/2797/1632
f 1548/2219/1352 1551/2798/1632 1552/2799/1631 1553/2800/1633
f 1549/2281/1358 1553/2800/1633 1552/2799/1631 1554/2799/1634
f 1550/2796/186 1554/2796/1634 1552/2796/1631 1555/2796/1630
f 1565/2118/1335 1571/2801/1635 1569/2802/1636 1568/2803/1637
f 1566/2133/1339 1568/2804/1637 1569/2805/1636 1570/2806/1578
f 1567/2085/1323 1570/2807/1578 1569/2808/1636 1571/2809/1635
f 1572/2353/1335 1578/2810/1638 1576/2811/1639 1575/2812/1640
f 1573/2346/1368 1575/2813/1640 1576/2814/1639 1577/2815/1583
f 1574/2244/1355 1577/2816/1583 1576/2817/1639 1578/2818/1638
f 1588/2300/1335 1594/2819/1641 1592/2820/1642 1591/2821/1643
f 1589/2139/1340 1591/2822/1643 1592/2823/1642 1593/2824/1587
f 1590/2115/1334 1593/2825/1587 1592/2826/1642 1594/2827/1641
f 1595/2307/1335 1601/2828/1644 1599/2829/1645 1598/2830/1646
f 1596/2294/1359 1598/2831/1646 1599/2832/1645 1600/2833/1593
f 1597/2220/1353 1600/2834/1593 1599/2835/1645 1601/2836/1644
f 1611/2328/1360 1617/2837/1647 1615/2838/1648 1614/2839/1649
f 1612/2173/1346 1614/2840/1649 1615/2841/1648 1616/2842/1597
f 1613/2157/1343 1616/2843/1597 1615/2844/1648 1617/2845/1647
f 1618/2335/1335 1624/2846/1650 1622/2847/1651 1621/2848/1652
f 1619/2356/1369 1621/2849/1652 1622/2850/1651 1623/2851/1603
f 1620/2190/1350 1623/2852/1603 1622/2853/1651 1624/2854/1650
f 1634/2358/1335 1640/2855/1653 1638/2856/1654 1637/2857/1655
f 1635/2107/1329 1637/2858/1655 1638/2859/1654 1639/2860/1607
f 1636/2189/1349 1639/2861/1607 1638/2862/1654 1640/2863/1653
f 1641/2361/1335 1647/2864/1656 1645/2865/1657 1644/2866/1658
f 1642/2124/1336 1644/2867/1658 1645/2868/1657 1646/2869/1613
f 1643/2262/1356 1646/2870/1613 1645/2871/1657 1647/2872/1656
f 1657/2290/1335 1663/2873/1659 1661/2874/1660 1660/2875/1661
f 1658/2161/1344 1660/2876/1661 1661/2877/1660 1662/2878/1617
f 1659/2149/1341 1662/2879/1617 1661/2880/1660 1663/2881/1659
f 1664/2299/1335 1670/2882/1662 1668/2883/1663 1667/2884/1664
f 1665/2278/1357 1667/2885/1664 1668/2886/1663 1669/2887/1623
f 1666/2240/1354 1669/2888/1623 1668/2889/1663 1670/2890/1662
f 1680/2316/1335 1686/2891/1665 1684/2892/1666 1683/2893/1667
f 1681/2091/1324 1683/2894/1667 1684/2895/1666 1685/2896/1627
f 1682/2181/1347 1685/2897/1627 1684/2898/1666 1686/2899/1665
f 1687/2325/1335 1693/2900/1668 1691/2901/1669 1690/2902/1670
f 1688/2280/1358 1690/2903/1670 1691/2904/1669 1692/2905/1633
f 1689/2216/1352 1692/2905/1633 1691/2904/1669 1693/2906/1668
f 1703/2907/1573 1713/2908/1671 1709/2909/1672 1708/2910/1574
f 1704/2131/1339 1708/2911/1574 1709/2912/1672 1710/2913/1673
f 1705/2914/1674 1710/2915/1673 1709/2916/1672 1711/2451/1438
f 1706/2341/1364 1711/2451/1438 1709/2916/1672 1712/2342/1365
f 1707/2343/1366 1712/2342/1365 1709/2916/1672 1713/2917/1671
f 1714/2344/1366 1724/2918/1671 1720/2919/1675 1719/2345/1367
f 1715/2338/1361 1719/2345/1367 1720/2919/1675 1721/2482/1463
f 1716/2920/1676 1721/2482/1463 1720/2919/1675 1722/2921/1677
f 1717/2246/1355 1722/2922/1677 1720/2923/1675 1723/2924/1582
f 1718/2925/1573 1723/2926/1582 1720/2927/1675 1724/2928/1671
f 1725/2128/1338 1735/2929/1678 1731/2930/1679 1730/2931/1588
f 1726/2137/1340 1730/2932/1588 1731/2933/1679 1732/2934/1680
f 1727/2935/1681 1732/2936/1680 1731/2937/1679 1733/2453/1440
f 1728/2429/1422 1733/2453/1440 1731/2937/1679 1734/2468/1453
f 1729/2469/1454 1734/2468/1453 1731/2937/1679 1735/2938/1678
f 1736/2470/1454 1746/2939/1678 1742/2940/1682 1741/2471/1455
f 1737/2373/1379 1741/2471/1455 1742/2940/1682 1743/2481/1462
f 1738/2941/1683 1743/2481/1462 1742/2940/1682 1744/2942/1684
f 1739/2222/1353 1744/2943/1684 1742/2944/1682 1745/2945/1592
f 1740/2127/1338 1745/2946/1592 1742/2947/1682 1746/2948/1678
f 1747/2164/1345 1757/2949/1685 1753/2950/1686 1752/2951/1598
f 1748/2171/1346 1752/2952/1598 1753/2953/1686 1754/2954/1687
f 1749/2955/1688 1754/2956/1687 1753/2957/1686 1755/2456/1442
f 1750/2403/1401 1755/2456/1442 1753/2957/1686 1756/2474/1458
f 1751/2475/1459 1756/2474/1458 1753/2957/1686 1757/2958/1685
f 1758/2476/1459 1768/2959/1685 1764/2960/1689 1763/2477/1460
f 1759/2414/1411 1763/2477/1460 1764/2960/1689 1765/2450/1437
f 1760/2961/1690 1765/2450/1437 1764/2960/1689 1766/2962/1691
f 1761/2192/1350 1766/2963/1691 1764/2964/1689 1767/2965/1602
f 1762/2163/1345 1767/2966/1602 1764/2967/1689 1768/2968/1685
f 1769/2094/1327 1779/2969/1692 1775/2970/1693 1774/2971/1694
f 1770/2105/1329 1774/2972/1694 1775/2973/1693 1776/2974/1695
f 1771/2975/1696 1776/2976/1695 1775/2977/1693 1777/2458/1444
f 1772/2366/1372 1777/2458/1444 1775/2977/1693 1778/2466/1451
f 1773/2467/1452 1778/2466/1451 1775/2977/1693 1779/2978/1692
f 1786/2462/1447 1796/2979/1697 1792/2980/1698 1791/2463/1448
f 1787/2381/1387 1791/2463/1448 1792/2980/1698 1793/2464/1449
f 1788/2981/1699 1793/2464/1449 1792/2980/1698 1794/2982/1700
f 1789/2264/1356 1794/2983/1700 1792/2984/1698 1795/2985/1701
f 1790/2111/1331 1795/2986/1701 1792/2987/1698 1796/2988/1697
f 1797/2154/1342 1807/2989/1702 1803/2990/1703 1802/2991/1618
f 1798/2159/1344 1802/2992/1618 1803/2993/1703 1804/2994/1704
f 1799/2995/1705 1804/2996/1704 1803/2997/1703 1805/2465/1450
f 1800/2408/1406 1805/2465/1450 1803/2997/1703 1806/2440/1429
f 1801/2441/1430 1806/2440/1429 1803/2997/1703 1807/2998/1702
f 1808/2442/1430 1818/2999/1702 1814/3000/1706 1813/2443/1431
f 1809/2422/1417 1813/2443/1431 1814/3000/1706 1815/2461/1446
f 1810/3001/1707 1815/2461/1446 1814/3000/1706 1816/3002/1708
f 1811/2242/1354 1816/3003/1708 1814/3004/1706 1817/3005/1622
f 1812/2153/1342 1817/3006/1622 1814/3007/1706 1818/3008/1702
f 1819/2186/1348 1829/3009/1709 1825/3010/1710 1824/3011/1628
f 1820/2089/1324 1824/3012/1628 1825/3013/1710 1826/3014/1711
f 1821/3015/1712 1826/3016/1711 1825/3017/1710 1827/2472/1456
f 1822/2374/1380 1827/2472/1456 1825/3017/1710 1828/2435/1425
f 1823/2436/1426 1828/2435/1425 1825/3017/1710 1829/3018/1709
f 1830/2437/1426 1840/3019/1709 1836/3020/1713 1835/2438/1427
f 1831/2433/1392 1835/2438/1427 1836/3020/1713 1837/3021/1443
f 1832/3022/1714 1837/2457/1443 1836/3023/1713 1838/3024/1715
f 1833/2218/1352 1838/3024/1715 1836/3023/1713 1839/3025/1632
f 1834/2185/1348 1839/3026/1632 1836/3027/1713 1840/3028/1709
f 1841/2119/1335 1847/3029/1637 1845/3030/1716 1844/3031/1717
f 1842/3032/1718 1844/3033/1717 1845/3034/1716 1846/3035/1719
f 1843/2132/1339 1846/3036/1719 1845/3037/1716 1847/3038/1637
f 1848/2352/1335 1854/3039/1720 1852/3040/1721 1851/3041/1638
f 1849/2245/1355 1851/3042/1638 1852/3043/1721 1853/3044/1722
f 1850/3045/1723 1853/3046/1722 1852/3047/1721 1854/3048/1720
f 1864/2301/1335 1870/3049/1643 1868/3050/1724 1867/3051/1725
f 1865/3052/1726 1867/3053/1725 1868/3054/1724 1869/3055/1727
f 1866/2138/1340 1869/3056/1727 1868/3057/1724 1870/3058/1643
f 1871/2306/1335 1877/3059/1728 1875/3060/1729 1874/3061/1644
f 1872/2221/1353 1874/3062/1644 1875/3063/1729 1876/3064/1730
f 1873/3065/1731 1876/3066/1730 1875/3067/1729 1877/3068/1728
f 1887/2329/1335 1893/3069/1649 1891/3070/1732 1890/3071/1733
f 1888/3072/1734 1890/3073/1733 1891/3074/1732 1892/3075/1735
f 1889/2172/1346 1892/3076/1735 1891/3077/1732 1893/3078/1649
f 1894/2334/1335 1900/3079/1736 1898/3080/1737 1897/3081/1738
f 1895/2191/1350 1897/3082/1738 1898/3083/1737 1899/3084/1739
f 1896/3085/1740 1899/3086/1739 1898/3087/1737 1900/3088/1736
f 1910/2359/1335 1916/3089/1655 1914/3090/1741 1913/3091/1742
f 1911/3092/1743 1913/3093/1742 1914/3094/1741 1915/3095/1744
f 1912/2106/1329 1915/3096/1744 1914/3097/1741 1916/3098/1655
f 1917/2360/1335 1923/3099/1745 1921/3100/1746 1920/3101/1656
f 1918/2263/1356 1920/3102/1656 1921/3103/1746 1922/3104/1747
f 1919/3105/1748 1922/3106/1747 1921/3107/1746 1923/3108/1745
f 1933/2291/1335 1939/3109/1661 1937/3110/1749 1936/3111/1750
f 1934/3112/1751 1936/3113/1750 1937/3114/1749 1938/3115/1752
f 1935/2160/1344 1938/3116/1752 1937/3117/1749 1939/3118/1661
f 1940/2298/1335 1946/3119/1753 1944/3120/1754 1943/3121/1662
f 1941/2241/1354 1943/3122/1662 1944/3123/1754 1945/3124/1755
f 1942/3125/1756 1945/3126/1755 1944/3127/1754 1946/3128/1753
f 1956/2317/1335 1962/3129/1667 1960/3130/1757 1959/3131/1758
f 1957/3132/1759 1959/3133/1758 1960/3134/1757 1961/3135/1760
f 1958/2090/1324 1961/3136/1760 1960/3137/1757 1962/3138/1667
f 1963/2324/1335 1969/3139/1761 1967/3140/1762 1966/3141/1668
f 1964/2217/1352 1966/3142/1668 1967/3143/1762 1968/3144/1763
f 1965/3145/1764 1968/3144/1763 1967/3143/1762 1969/3146/1761
f 1409/2309/182 1414/2732/1580 1401/2720/1576 1398/2249/185
f 1414/2726/1580 1406/2725/1579 1397/2717/1573 1401/2719/1576
f 1416/2258/190 1417/3147/190 1413/2732/1584 1409/2309/182
f 1417/3147/190 1415/2099/190 1408/2347/1368 1413/2732/1584
f 1419/2257/196 1420/3148/196 1417/3147/190 1416/2258/190
f 1420/3148/196 1418/2096/196 1415/2099/190 1417/3147/190
f 1422/2261/202 1423/3149/202 1420/3148/196 1419/2257/196
f 1423/3149/202 1421/2108/202 1418/2096/196 1420/3148/196
f 1427/2199/1351 1432/2733/1585 1423/3150/202 1422/2200/202
f 1432/2733/1585 1424/2114/1334 1421/2117/202 1423/3150/202
f 1436/2266/212 1441/2746/1590 1431/2733/1589 1427/2199/1351
f 1441/2740/1590 1433/2126/1337 1426/2129/1338 1431/2739/1589
f 1443/2234/216 1444/3151/216 1440/2746/1594 1436/2266/212
f 1444/3151/216 1442/2147/216 1435/2295/1359 1440/2746/1594
f 1446/2233/220 1447/3152/220 1444/3151/216 1443/2234/216
f 1447/3152/220 1445/2144/220 1442/2147/216 1444/3151/216
f 1449/2239/224 1450/3153/224 1447/3152/220 1446/2233/220
f 1450/3153/224 1448/2150/224 1445/2144/220 1447/3152/220
f 1454/2251/169 1459/2747/1595 1450/3153/224 1449/2239/224
f 1459/2747/1595 1451/2156/1343 1448/2150/224 1450/3153/224
f 1463/2270/166 1468/2760/1600 1458/2747/1599 1454/2251/169
f 1468/2754/1600 1460/2162/1345 1453/2165/1345 1458/2753/1599
f 1470/2269/172 1471/3154/172 1467/2760/1604 1463/2270/166
f 1471/3154/172 1469/2354/172 1462/2357/1369 1467/2760/1604
f 1473/2207/176 1474/3155/176 1471/3156/172 1470/2208/172
f 1474/3155/176 1472/2176/176 1469/2179/172 1471/3156/172
f 1476/2215/180 1477/3157/180 1474/3155/176 1473/2207/176
f 1477/3157/180 1475/2182/180 1472/2176/176 1474/3155/176
f 1481/2227/188 1486/2761/1605 1477/3157/180 1476/2215/180
f 1486/2761/1605 1478/2188/1349 1475/2182/180 1477/3157/180
f 1488/2319/194 1489/3158/1765 1485/2761/1609 1481/2227/188
f 1489/3159/1765 1487/2092/1325 1480/2095/1328 1485/2767/1609
f 1491/2327/200 1492/3160/1766 1489/3158/1765 1488/2319/194
f 1492/3161/1766 1490/2113/1333 1487/2092/1325 1489/3159/1765
f 1496/2282/206 1501/2774/1610 1492/3160/1766 1491/2327/200
f 1501/2768/1610 1493/2110/1330 1490/2113/1333 1492/3161/1766
f 1503/2204/210 1504/3162/210 1500/2774/1614 1496/2282/206
f 1504/3162/210 1502/2122/210 1495/2125/1336 1500/2774/1614
f 1506/2203/214 1507/3163/214 1504/3162/210 1503/2204/210
f 1507/3163/214 1505/2134/214 1502/2122/210 1504/3162/210
f 1509/2211/218 1510/3164/218 1507/3165/214 1506/2212/214
f 1510/3164/218 1508/2140/218 1505/2143/214 1507/3165/214
f 1514/2225/222 1519/2775/1615 1510/3164/218 1509/2211/218
f 1519/2775/1615 1511/2148/1341 1508/2140/218 1510/3164/218
f 1523/2273/165 1528/2788/1620 1518/2775/1619 1514/2225/222
f 1528/2782/1620 1520/2152/1342 1513/2155/1342 1518/2781/1619
f 1530/2254/162 1531/3166/162 1527/2788/1624 1523/2273/165
f 1531/3166/162 1529/2169/162 1522/2279/1357 1527/2788/1624
f 1533/2253/170 1534/3167/170 1531/3166/162 1530/2254/162
f 1534/3167/170 1532/2166/170 1529/2169/162 1531/3166/162
f 1536/2196/174 1537/3168/174 1534/3167/170 1533/2253/170
f 1537/3168/174 1535/2174/174 1532/2166/170 1534/3167/170
f 1541/2195/178 1546/2789/1625 1537/3168/174 1536/2196/174
f 1546/2789/1625 1538/2180/1347 1535/2174/174 1537/3168/174
f 1550/2311/186 1555/3169/1630 1545/2789/1629 1541/2195/178
f 1555/2796/1630 1547/2184/1348 1540/2187/1348 1545/2795/1629
f 1557/2230/192 1558/3170/192 1554/2799/1634 1550/2350/186
f 1558/3170/192 1556/2103/192 1549/2281/1358 1554/2799/1634
f 1560/2229/198 1561/3171/198 1558/3170/192 1557/2230/192
f 1561/3171/198 1559/2100/198 1556/2103/192 1558/3170/192
f 1563/2237/204 1564/3172/204 1561/3171/198 1560/2229/198
f 1564/3172/204 1562/2087/204 1559/2100/198 1561/3171/198
f 1398/2249/185 1403/2720/1577 1564/3172/204 1563/2237/204
f 1403/2720/1577 1399/2084/1323 1562/2087/204 1564/3172/204
f 1580/2098/190 1581/3173/1767 1575/2813/1640 1573/2346/1368
f 1581/3174/1767 1579/2289/1335 1572/2353/1335 1575/2812/1640
f 1583/2097/196 1584/3175/1768 1581/3173/1767 1580/2098/190
f 1584/3176/1768 1582/2286/1335 1579/2289/1335 1581/3174/1767
f 1586/2109/202 1587/3177/1769 1584/3175/1768 1583/2097/196
f 1587/3178/1769 1585/2292/1335 1582/2286/1335 1584/3176/1768
f 1590/2115/1334 1594/2827/1641 1587/3179/1769 1586/2116/202
f 1594/2819/1641 1588/2300/1335 1585/2292/1335 1587/3178/1769
f 1603/2146/216 1604/3180/1770 1598/2831/1646 1596/2294/1359
f 1604/3181/1770 1602/2304/1335 1595/2307/1335 1598/2830/1646
f 1606/2145/220 1607/3182/1771 1604/3180/1770 1603/2146/216
f 1607/3183/1771 1605/2314/1335 1602/2304/1335 1604/3181/1770
f 1609/2151/224 1610/3184/1772 1607/3182/1771 1606/2145/220
f 1610/3185/1772 1608/2320/1335 1605/2314/1335 1607/3183/1771
f 1613/2157/1343 1617/2845/1647 1610/3184/1772 1609/2151/224
f 1617/2837/1647 1611/2328/1360 1608/2320/1335 1610/3185/1772
f 1626/2355/172 1627/3186/1773 1621/2849/1652 1619/2356/1369
f 1627/3187/1773 1625/2332/1335 1618/2335/1335 1621/2848/1652
f 1629/2177/176 1630/3188/1774 1627/3189/1773 1626/2178/172
f 1630/3190/1774 1628/2336/1335 1625/2332/1335 1627/3187/1773
f 1632/2183/180 1633/3191/1441 1630/3188/1774 1629/2177/176
f 1633/3192/1441 1631/2348/1335 1628/2336/1335 1630/3190/1774
f 1636/2189/1349 1640/2863/1653 1633/3191/1441 1632/2183/180
f 1640/2855/1653 1634/2358/1335 1631/2348/1335 1633/3192/1441
f 1649/2123/210 1650/3193/1775 1644/2867/1658 1642/2124/1336
f 1650/3194/1775 1648/2277/1335 1641/2361/1335 1644/2866/1658
f 1652/2135/214 1653/3195/1776 1650/3193/1775 1649/2123/210
f 1653/3196/1776 1651/2274/1335 1648/2277/1335 1650/3194/1775
f 1655/2141/218 1656/3197/1777 1653/3198/1776 1652/2142/214
f 1656/3199/1777 1654/2284/1335 1651/2274/1335 1653/3196/1776
f 1659/2149/1341 1663/2881/1659 1656/3197/1777 1655/2141/218
f 1663/2873/1659 1657/2290/1335 1654/2284/1335 1656/3199/1777
f 1672/2168/162 1673/3200/1778 1667/2885/1664 1665/2278/1357
f 1673/3201/1778 1671/2296/1335 1664/2299/1335 1667/2884/1664
f 1675/2167/170 1676/3202/1779 1673/3200/1778 1672/2168/162
f 1676/3203/1779 1674/2302/1335 1671/2296/1335 1673/3201/1778
f 1678/2175/174 1679/3204/1780 1676/3202/1779 1675/2167/170
f 1679/3205/1780 1677/2312/1335 1674/2302/1335 1676/3203/1779
f 1682/2181/1347 1686/2899/1665 1679/3204/1780 1678/2175/174
f 1686/2891/1665 1680/2316/1335 1677/2312/1335 1679/3205/1780
f 1695/2102/192 1696/3206/1781 1690/2903/1670 1688/2280/1358
f 1696/3207/1781 1694/2322/1335 1687/2325/1335 1690/2902/1670
f 1698/2101/198 1699/3208/1782 1696/3206/1781 1695/2102/192
f 1699/3209/1782 1697/2330/1335 1694/2322/1335 1696/3207/1781
f 1701/2086/204 1702/3210/1783 1699/3208/1782 1698/2101/198
f 1702/3211/1783 1700/2121/1335 1697/2330/1335 1699/3209/1782
f 1567/2085/1323 1571/2809/1635 1702/3210/1783 1701/2086/204
f 1571/2801/1635 1565/2118/1335 1700/2121/1335 1702/3211/1783
f 1461/2193/1350 1466/2758/1603 1623/2852/1603 1620/2190/1350
f 1466/2759/1603 1462/2357/1369 1619/2356/1369 1623/2851/1603
f 1681/2091/1324 1685/2896/1627 1542/2791/1627 1539/2088/1324
f 1685/2897/1627 1682/2181/1347 1538/2180/1347 1542/2790/1627
f 1589/2139/1340 1593/2824/1587 1428/2735/1587 1425/2136/1340
f 1593/2825/1587 1590/2115/1334 1424/2114/1334 1428/2734/1587
f 1548/2219/1352 1553/2800/1633 1692/2905/1633 1689/2216/1352
f 1553/2800/1633 1549/2281/1358 1688/2280/1358 1692/2905/1633
f 1434/2223/1353 1439/2744/1593 1600/2834/1593 1597/2220/1353
f 1439/2745/1593 1435/2295/1359 1596/2294/1359 1600/2833/1593
f 1658/2161/1344 1662/2878/1617 1515/2777/1617 1512/2158/1344
f 1662/2879/1617 1659/2149/1341 1511/2148/1341 1515/2776/1617
f 1635/2107/1329 1639/2860/1607 1482/2763/1607 1479/2104/1329
f 1639/2861/1607 1636/2189/1349 1478/2188/1349 1482/2762/1607
f 1521/2243/1354 1526/2786/1623 1669/2888/1623 1666/2240/1354
f 1526/2787/1623 1522/2279/1357 1665/2278/1357 1669/2887/1623
f 1407/2247/1355 1412/2730/1583 1577/2816/1583 1574/2244/1355
f 1412/2731/1583 1408/2347/1368 1573/2346/1368 1577/2815/1583
f 1566/2133/1339 1570/2806/1578 1404/2722/1578 1400/2130/1339
f 1570/2807/1578 1567/2085/1323 1399/2084/1323 1404/2721/1578
f 1612/2173/1346 1616/2842/1597 1455/2749/1597 1452/2170/1346
f 1616/2843/1597 1613/2157/1343 1451/2156/1343 1455/2748/1597
f 1494/2265/1356 1499/2772/1613 1646/2870/1613 1643/2262/1356
f 1499/2773/1613 1495/2125/1336 1642/2124/1336 1646/2869/1613
f 1718/2925/1573 1724/2928/1671 1713/2908/1671 1703/2907/1573
f 1724/2918/1671 1714/2344/1366 1707/2343/1366 1713/2917/1671
f 1740/2127/1338 1746/2948/1678 1735/2929/1678 1725/2128/1338
f 1746/2939/1678 1736/2470/1454 1729/2469/1454 1735/2938/1678
f 1762/2163/1345 1768/2968/1685 1757/2949/1685 1747/2164/1345
f 1768/2959/1685 1758/2476/1459 1751/2475/1459 1757/2958/1685
f 1781/2093/1326 1782/3212/1784 1779/2969/1692 1769/2094/1327
f 1782/3213/1784 1780/2448/1436 1773/2467/1452 1779/2978/1692
f 1784/2112/1332 1785/3214/1785 1782/3212/1784 1781/2093/1326
f 1785/3215/1785 1783/2445/1433 1780/2448/1436 1782/3213/1784
f 1790/2111/1331 1796/2988/1697 1785/3214/1785 1784/2112/1332
f 1796/2979/1697 1786/2462/1447 1783/2445/1433 1785/3215/1785
f 1812/2153/1342 1818/3008/1702 1807/2989/1702 1797/2154/1342
f 1818/2999/1702 1808/2442/1430 1801/2441/1430 1807/2998/1702
f 1834/2185/1348 1840/3028/1709 1829/3009/1709 1819/2186/1348
f 1840/3019/1709 1830/2437/1426 1823/2436/1426 1829/3018/1709
f 1856/2288/1335 1857/3216/1786 1854/3039/1720 1848/2352/1335
f 1857/3217/1786 1855/3218/1787 1850/3045/1723 1854/3048/1720
f 1859/2287/1335 1860/3219/1788 1857/3216/1786 1856/2288/1335
f 1860/3220/1788 1858/3221/210 1855/3218/1787 1857/3217/1786
f 1862/2293/1335 1863/3222/1789 1860/3219/1788 1859/2287/1335
f 1863/3223/1789 1861/3224/1790 1858/3221/210 1860/3220/1788
f 1864/2301/1335 1867/3051/1725 1863/3222/1789 1862/2293/1335
f 1867/3053/1725 1865/3052/1726 1861/3225/1790 1863/3226/1789
f 1879/2305/1335 1880/3227/1791 1877/3059/1728 1871/2306/1335
f 1880/3228/1791 1878/3229/1792 1873/3065/1731 1877/3068/1728
f 1882/2315/1335 1883/3230/1793 1880/3227/1791 1879/2305/1335
f 1883/3231/1793 1881/3232/162 1878/3229/1792 1880/3228/1791
f 1885/2321/1335 1886/3233/1794 1883/3230/1793 1882/2315/1335
f 1886/3234/1794 1884/3235/1795 1881/3232/162 1883/3231/1793
f 1887/2329/1335 1890/3071/1733 1886/3233/1794 1885/2321/1335
f 1890/3073/1733 1888/3072/1734 1884/3235/1795 1886/3234/1794
f 1902/2333/1335 1903/3236/1796 1900/3079/1736 1894/2334/1335
f 1903/3237/1796 1901/3238/1797 1896/3085/1740 1900/3088/1736
f 1905/2337/1335 1906/3239/1798 1903/3236/1796 1902/2333/1335
f 1906/3240/1798 1904/3241/192 1901/3242/1797 1903/3243/1796
f 1908/2349/1335 1909/3244/1799 1906/3239/1798 1905/2337/1335
f 1909/3245/1799 1907/3246/1800 1904/3241/192 1906/3240/1798
f 1910/2359/1335 1913/3091/1742 1909/3244/1799 1908/2349/1335
f 1913/3093/1742 1911/3092/1743 1907/3246/1800 1909/3245/1799
f 1925/2276/1335 1926/3247/1801 1923/3099/1745 1917/2360/1335
f 1926/3248/1801 1924/3249/1802 1919/3105/1748 1923/3108/1745
f 1928/2275/1335 1929/3250/1803 1926/3247/1801 1925/2276/1335
f 1929/3251/1803 1927/3252/202 1924/3249/1802 1926/3248/1801
f 1931/2285/1335 1932/3253/1804 1929/3250/1803 1928/2275/1335
f 1932/3254/1804 1930/3255/1805 1927/3256/202 1929/3257/1803
f 1933/2291/1335 1936/3111/1750 1932/3253/1804 1931/2285/1335
f 1936/3113/1750 1934/3112/1751 1930/3255/1805 1932/3254/1804
f 1948/2297/1335 1949/3258/1806 1946/3119/1753 1940/2298/1335
f 1949/3259/1806 1947/3260/1807 1942/3125/1756 1946/3128/1753
f 1951/2303/1335 1952/3261/1808 1949/3258/1806 1948/2297/1335
f 1952/3262/1808 1950/3263/224 1947/3260/1807 1949/3259/1806
f 1954/2313/1335 1955/3264/1809 1952/3261/1808 1951/2303/1335
f 1955/3265/1809 1953/3266/1810 1950/3263/224 1952/3262/1808
f 1956/2317/1335 1959/3131/1758 1955/3264/1809 1954/2313/1335
f 1959/3133/1758 1957/3132/1759 1953/3266/1810 1955/3265/1809
f 1971/2323/1335 1972/3267/1811 1969/3139/1761 1963/2324/1335
f 1972/3268/1811 1970/3269/1812 1965/3145/1764 1969/3146/1761
f 1974/2331/1335 1975/3270/1813 1972/3267/1811 1971/2323/1335
f 1975/3271/1813 1973/3272/180 1970/3269/1812 1972/3268/1811
f 1977/2120/1335 1978/3273/1814 1975/3270/1813 1974/2331/1335
f 1978/3274/1814 1976/3275/1815 1973/3272/180 1975/3271/1813
f 1841/2119/1335 1844/3031/1717 1978/3273/1814 1977/2120/1335
f 1844/3033/1717 1842/3032/1718 1976/3275/1815 1978/3274/1814
f 1760/2961/1690 1766/2962/1691 1899/3086/1739 1896/3085/1740
f 1766/2963/1691 1761/2192/1350 1895/2191/1350 1899/3084/1739
f 1957/3132/1759 1961/3135/1760 1826/3016/1711 1821/3015/1712
f 1961/3136/1760 1958/2090/1324 1820/2089/1324 1826/3014/1711
f 1865/3052/1726 1869/3055/1727 1732/2936/1680 1727/2935/1681
f 1869/3056/1727 1866/2138/1340 1726/2137/1340 1732/2934/1680
f 1832/3022/1714 1838/3024/1715 1968/3144/1763 1965/3145/1764
f 1838/3024/1715 1833/2218/1352 1964/2217/1352 1968/3144/1763
f 1738/2941/1683 1744/2942/1684 1876/3066/1730 1873/3065/1731
f 1744/2943/1684 1739/2222/1353 1872/2221/1353 1876/3064/1730
f 1934/3112/1751 1938/3115/1752 1804/2996/1704 1799/2995/1705
f 1938/3116/1752 1935/2160/1344 1798/2159/1344 1804/2994/1704
f 1911/3092/1743 1915/3095/1744 1776/2976/1695 1771/2975/1696
f 1915/3096/1744 1912/2106/1329 1770/2105/1329 1776/2974/1695
f 1810/3001/1707 1816/3002/1708 1945/3126/1755 1942/3125/1756
f 1816/3003/1708 1811/2242/1354 1941/2241/1354 1945/3124/1755
f 1716/2920/1676 1722/2921/1677 1853/3046/1722 1850/3045/1723
f 1722/2922/1677 1717/2246/1355 1849/2245/1355 1853/3044/1722
f 1842/3032/1718 1846/3035/1719 1710/2915/1673 1705/2914/1674
f 1846/3036/1719 1843/2132/1339 1704/2131/1339 1710/2913/1673
f 1888/3072/1734 1892/3075/1735 1754/2956/1687 1749/2955/1688
f 1892/3076/1735 1889/2172/1346 1748/2171/1346 1754/2954/1687
f 1788/2981/1699 1794/2982/1700 1922/3106/1747 1919/3105/1748
f 1794/2983/1700 1789/2264/1356 1918/2263/1356 1922/3104/1747
f 1871/2306/1335 1874/3061/1644 1601/2828/1644 1595/2307/1335
f 1874/3062/1644 1872/2221/1353 1597/2220/1353 1601/2836/1644
f 1433/2126/1337 1437/2741/1592 1745/2946/1592 1740/2127/1338
f 1437/2742/1592 1434/2223/1353 1739/2222/1353 1745/2945/1592
f 1894/2334/1335 1897/3081/1738 1624/2846/1650 1618/2335/1335
f 1897/3082/1738 1895/2191/1350 1620/2190/1350 1624/2854/1650
f 1460/2162/1345 1464/2755/1602 1767/2966/1602 1762/2163/1345
f 1464/2756/1602 1461/2193/1350 1761/2192/1350 1767/2965/1602
f 1811/2242/1354 1817/3005/1622 1524/2784/1622 1521/2243/1354
f 1817/3006/1622 1812/2153/1342 1520/2152/1342 1524/2783/1622
f 1512/2158/1344 1517/2779/1618 1802/2992/1618 1798/2159/1344
f 1517/2780/1618 1513/2155/1342 1797/2154/1342 1802/2991/1618
f 1643/2262/1356 1647/2872/1656 1920/3102/1656 1918/2263/1356
f 1647/2864/1656 1641/2361/1335 1917/2360/1335 1920/3101/1656
f 1657/2290/1335 1660/2875/1661 1939/3109/1661 1933/2291/1335
f 1660/2876/1661 1658/2161/1344 1935/2160/1344 1939/3118/1661
f 1819/2186/1348 1824/3011/1628 1544/2794/1628 1540/2187/1348
f 1824/3012/1628 1820/2089/1324 1539/2088/1324 1544/2793/1628
f 1680/2316/1335 1683/2893/1667 1962/3129/1667 1956/2317/1335
f 1683/2894/1667 1681/2091/1324 1958/2090/1324 1962/3138/1667
f 1493/2110/1330 1497/2769/1612 1795/2986/1701 1790/2111/1331
f 1497/2770/1612 1494/2265/1356 1789/2264/1356 1795/2985/1701
f 1452/2170/1346 1457/2751/1598 1752/2952/1598 1748/2171/1346
f 1457/2752/1598 1453/2165/1345 1747/2164/1345 1752/2951/1598
f 1769/2094/1327 1774/2971/1694 1484/2766/1608 1480/2095/1328
f 1774/2972/1694 1770/2105/1329 1479/2104/1329 1484/2765/1608
f 1634/2358/1335 1637/2857/1655 1916/3089/1655 1910/2359/1335
f 1637/2858/1655 1635/2107/1329 1912/2106/1329 1916/3098/1655
f 1574/2244/1355 1578/2818/1638 1851/3042/1638 1849/2245/1355
f 1578/2810/1638 1572/2353/1335 1848/2352/1335 1851/3041/1638
f 1725/2128/1338 1730/2931/1588 1430/2738/1588 1426/2129/1338
f 1730/2932/1588 1726/2137/1340 1425/2136/1340 1430/2737/1588
f 1588/2300/1335 1591/2821/1643 1870/3049/1643 1864/2301/1335
f 1591/2822/1643 1589/2139/1340 1866/2138/1340 1870/3058/1643
f 1666/2240/1354 1670/2890/1662 1943/3122/1662 1941/2241/1354
f 1670/2882/1662 1664/2299/1335 1940/2298/1335 1943/3121/1662
f 1717/2246/1355 1723/2924/1582 1410/2728/1582 1407/2247/1355
f 1723/2926/1582 1718/2925/1573 1406/2725/1579 1410/2727/1582
f 1400/2130/1339 1405/2724/1574 1708/2911/1574 1704/2131/1339
f 1405/2718/1574 1397/2717/1573 1703/2907/1573 1708/2910/1574
f 1833/2218/1352 1839/3025/1632 1551/2798/1632 1548/2219/1352
f 1839/3026/1632 1834/2185/1348 1547/2184/1348 1551/2797/1632
f 1689/2216/1352 1693/2906/1668 1966/3142/1668 1964/2217/1352
f 1693/2900/1668 1687/2325/1335 1963/2324/1335 1966/3141/1668
f 1889/2172/1346 1893/3078/1649 1614/2840/1649 1612/2173/1346
f 1893/3069/1649 1887/2329/1335 1611/2328/1360 1614/2839/1649
f 1565/2118/1335 1568/2803/1637 1847/3029/1637 1841/2119/1335
f 1568/2804/1637 1566/2133/1339 1843/2132/1339 1847/3038/1637
f 1406/2725/1579 1718/2925/1573 1703/2907/1573 1397/2717/1573
f 1983/1154/762 1984/3276/1816 1981/3277/1817 1979/1126/742
f 1984/3276/1816 1982/1083/701 1980/1118/736 1981/3277/1817
f 1986/1158/765 1987/3278/1818 1984/3276/1816 1983/1154/762
f 1987/3278/1818 1985/1063/681 1982/1083/701 1984/3276/1816
f 1989/1162/768 1990/3279/1819 1987/3278/1818 1986/1158/765
f 1990/3279/1819 1988/1060/678 1985/1063/681 1987/3278/1818
f 1992/1124/741 1993/3280/1820 1990/3279/1819 1989/1162/768
f 1993/3280/1820 1991/1070/688 1988/1060/678 1990/3279/1819
f 1995/1123/740 1996/3281/1821 1993/3280/1820 1992/1124/741
f 1996/3281/1821 1994/1076/694 1991/1070/688 1993/3280/1820
f 1998/1130/745 1999/3282/1822 1996/3281/1821 1995/1123/740
f 1999/3282/1822 1997/1080/698 1994/1076/694 1996/3281/1821
f 2001/1133/747 2002/3283/1823 1999/3282/1822 1998/1130/745
f 2002/3283/1823 2000/1086/704 1997/1080/698 1999/3282/1822
f 2004/1136/749 2005/3284/1824 2002/3283/1823 2001/1133/747
f 2005/3284/1824 2003/1090/708 2000/1086/704 2002/3283/1823
f 2007/1139/751 2008/3285/1825 2005/3284/1824 2004/1136/749
f 2008/3285/1825 2006/1094/712 2003/1090/708 2005/3284/1824
f 2010/1142/753 2011/3286/1826 2008/3285/1825 2007/1139/751
f 2011/3286/1826 2009/1098/716 2006/1094/712 2008/3285/1825
f 2013/1145/755 2014/3287/1827 2011/3286/1826 2010/1142/753
f 2014/3287/1827 2012/1102/720 2009/1098/716 2011/3286/1826
f 2016/1148/757 2017/3288/1828 2014/3287/1827 2013/1145/755
f 2017/3288/1828 2015/1106/724 2012/1102/720 2014/3287/1827
f 2019/1150/759 2020/3289/1829 2017/3288/1828 2016/1148/757
f 2020/3289/1829 2018/1110/728 2015/1106/724 2017/3288/1828
f 2022/1152/761 2023/3290/1830 2020/3289/1829 2019/1150/759
f 2023/3290/1830 2021/1114/732 2018/1110/728 2020/3289/1829
f 2025/1157/764 2026/3291/1831 2023/3290/1830 2022/1152/761
f 2026/3291/1831 2024/1059/677 2021/1114/732 2023/3290/1830
f 2028/1161/767 2029/3292/1832 2026/3291/1831 2025/1157/764
f 2029/3292/1832 2027/1056/674 2024/1059/677 2026/3291/1831
f 2031/1121/739 2032/3293/1833 2029/3292/1832 2028/1161/767
f 2032/3293/1833 2030/1068/686 2027/1056/674 2029/3292/1832
f 2034/1120/738 2035/3294/1834 2032/3293/1833 2031/1121/739
f 2035/3294/1834 2033/1074/692 2030/1068/686 2032/3293/1833
f 2037/1129/744 2038/3295/1835 2035/3294/1834 2034/1120/738
f 2038/3295/1835 2036/1078/696 2033/1074/692 2035/3294/1834
f 2040/1131/746 2041/3296/1836 2038/3295/1835 2037/1129/744
f 2041/3296/1836 2039/1084/702 2036/1078/696 2038/3295/1835
f 2043/1134/748 2044/3297/1837 2041/3296/1836 2040/1131/746
f 2044/3297/1837 2042/1088/706 2039/1084/702 2041/3296/1836
f 2046/1137/750 2047/3298/1838 2044/3297/1837 2043/1134/748
f 2047/3298/1838 2045/1092/710 2042/1088/706 2044/3297/1837
f 2049/1141/752 2050/3299/1839 2047/3298/1838 2046/1137/750
f 2050/3299/1839 2048/1096/714 2045/1092/710 2047/3298/1838
f 2052/1144/754 2053/3300/1840 2050/3299/1839 2049/1141/752
f 2053/3300/1840 2051/1100/718 2048/1096/714 2050/3299/1839
f 2055/1147/756 2056/3301/1841 2053/3300/1840 2052/1144/754
f 2056/3301/1841 2054/1104/722 2051/1100/718 2053/3300/1840
f 2058/1149/758 2059/3302/1842 2056/3301/1841 2055/1147/756
f 2059/3302/1842 2057/1108/726 2054/1104/722 2056/3301/1841
f 2061/1151/760 2062/3303/1843 2059/3302/1842 2058/1149/758
f 2062/3303/1843 2060/1112/730 2057/1108/726 2059/3302/1842
f 2064/1155/763 2065/3304/1844 2062/3303/1843 2061/1151/760
f 2065/3304/1844 2063/1116/734 2060/1112/730 2062/3303/1843
f 2067/1159/766 2068/3305/1845 2065/3304/1844 2064/1155/763
f 2068/3305/1845 2066/1067/685 2063/1116/734 2065/3304/1844
f 2070/1163/769 2071/3306/1846 2068/3305/1845 2067/1159/766
f 2071/3306/1846 2069/1064/682 2066/1067/685 2068/3305/1845
f 2073/1127/743 2074/3307/1847 2071/3306/1846 2070/1163/769
f 2074/3307/1847 2072/1072/690 2069/1064/682 2071/3306/1846
f 1979/1126/742 1981/3277/1817 2074/3307/1847 2073/1127/743
f 1981/3277/1817 1980/1118/736 2072/1072/690 2074/3307/1847
f 1982/1083/701 546/1082/700 545/1119/737 1980/1118/736
f 2079/496/335 2080/3308/1848 2077/3309/1849 2075/497/336
f 2080/3310/1848 2078/3311/321 2076/451/296 2077/3312/1849
f 2082/500/339 2083/3313/1850 2080/3308/1848 2079/496/335
f 2083/3313/1850 2081/464/307 2078/482/321 2080/3308/1848
f 2085/503/342 2086/3314/1851 2083/3313/1850 2082/500/339
f 2086/3314/1851 2084/461/304 2081/464/307 2083/3313/1850
f 2088/506/345 2089/3315/1852 2086/3314/1851 2085/503/342
f 2089/3315/1852 2087/469/312 2084/461/304 2086/3314/1851
f 2091/509/348 2092/3316/1853 2089/3315/1852 2088/506/345
f 2092/3316/1853 2090/477/316 2087/469/312 2089/3315/1852
f 2094/511/350 2095/3317/1854 2092/3316/1853 2091/509/348
f 2095/3317/1854 2093/408/261 2090/477/316 2092/3316/1853
f 2097/513/352 2098/3318/1855 2095/3317/1854 2094/511/350
f 2098/3318/1855 2096/405/258 2093/408/261 2095/3317/1854
f 2100/484/323 2101/3319/1856 2098/3318/1855 2097/513/352
f 2101/3320/1856 2099/413/266 2096/416/258 2098/3321/1855
f 2103/483/322 2104/3322/1857 2101/3319/1856 2100/484/323
f 2104/3323/1857 2102/419/270 2099/413/266 2101/3320/1856
f 2106/487/326 2107/3324/1858 2104/3322/1857 2103/483/322
f 2107/3324/1858 2105/423/274 2102/426/270 2104/3322/1857
f 2109/489/328 2110/3325/1859 2107/3324/1858 2106/487/326
f 2110/3325/1859 2108/431/278 2105/423/274 2107/3324/1858
f 2112/491/330 2113/3326/1860 2110/3325/1859 2109/489/328
f 2113/3326/1860 2111/435/282 2108/431/278 2110/3325/1859
f 2115/493/332 2116/3327/1861 2113/3326/1860 2112/491/330
f 2116/3327/1861 2114/441/286 2111/435/282 2113/3326/1860
f 2118/495/334 2119/3328/1862 2116/3327/1861 2115/493/332
f 2119/3328/1862 2117/445/290 2114/441/286 2116/3327/1861
f 2121/499/338 2122/3329/1863 2119/3328/1862 2118/495/334
f 2122/3329/1863 2120/449/294 2117/445/290 2119/3328/1862
f 2124/502/341 2125/3330/1864 2122/3329/1863 2121/499/338
f 2125/3331/1864 2123/457/302 2120/460/294 2122/3332/1863
f 2127/505/344 2128/3333/1865 2125/3330/1864 2124/502/341
f 2128/3334/1865 2126/467/310 2123/457/302 2125/3331/1864
f 2130/508/347 2131/3335/1866 2128/3333/1865 2127/505/344
f 2131/3335/1866 2129/473/314 2126/476/310 2128/3333/1865
f 2133/510/349 2134/3336/1867 2131/3335/1866 2130/508/347
f 2134/3336/1867 2132/479/318 2129/473/314 2131/3335/1866
f 2136/512/351 2137/3337/1868 2134/3336/1867 2133/510/349
f 2137/3337/1868 2135/412/265 2132/479/318 2134/3336/1867
f 2139/514/353 2140/3338/1869 2137/3337/1868 2136/512/351
f 2140/3338/1869 2138/409/262 2135/412/265 2137/3337/1868
f 2142/486/325 2143/3339/1870 2140/3338/1869 2139/514/353
f 2143/3339/1870 2141/417/268 2138/409/262 2140/3338/1869
f 2145/485/324 2146/3340/1871 2143/3339/1870 2142/486/325
f 2146/3340/1871 2144/421/272 2141/417/268 2143/3339/1870
f 2148/488/327 2149/3341/1872 2146/3340/1871 2145/485/324
f 2149/3342/1872 2147/427/276 2144/430/272 2146/3343/1871
f 2151/490/329 2152/3344/1873 2149/3341/1872 2148/488/327
f 2152/3345/1873 2150/433/280 2147/427/276 2149/3342/1872
f 2154/492/331 2155/3346/1874 2152/3344/1873 2151/490/329
f 2155/3346/1874 2153/437/284 2150/440/280 2152/3344/1873
f 2157/494/333 2158/3347/1875 2155/3346/1874 2154/492/331
f 2158/3347/1875 2156/443/288 2153/437/284 2155/3346/1874
f 2160/498/337 2161/3348/1876 2158/3347/1875 2157/494/333
f 2161/3348/1876 2159/447/292 2156/443/288 2158/3347/1875
f 2163/501/340 2164/3349/1877 2161/3348/1876 2160/498/337
f 2164/3349/1877 2162/455/300 2159/447/292 2161/3348/1876
f 2166/504/343 2167/3350/1878 2164/3349/1877 2163/501/340
f 2167/3350/1878 2165/465/308 2162/455/300 2164/3349/1877
f 2169/507/346 2170/3351/1879 2167/3350/1878 2166/504/343
f 2170/3351/1879 2168/471/299 2165/465/308 2167/3350/1878
f 2075/497/336 2077/3309/1849 2170/3351/1879 2169/507/346
f 2077/3312/1849 2076/451/296 2168/454/299 2170/3352/1879
f 2078/3311/321 194/530/320 193/452/297 2076/451/296
f 2238/3353/1880 2173/3354/14 2172/3355/51 2236/3356/1881
f 2236/3356/1881 2172/3355/51 2233/3357/54 2328/3358/1882
f 2241/3359/1883 2175/3360/11 2173/3354/14 2238/3353/1880
f 2178/3361/1564 2245/3362/1884 2242/3363/1885 2176/3364/1560
f 2244/3365/1886 2177/3366/59 2175/3360/11 2241/3359/1883
f 2180/3367/1567 2248/3368/1887 2245/3362/1884 2178/3361/1564
f 2247/3369/1888 2179/3370/4 2177/3366/59 2244/3365/1886
f 2182/3371/1569 2251/3372/1889 2248/3368/1887 2180/3367/1567
f 2250/3373/1890 2181/3374/1 2179/3370/4 2247/3369/1888
f 2184/3375/1571 2254/3376/1891 2251/3372/1889 2182/3371/1569
f 2253/3377/1892 2183/3378/9 2181/3374/1 2250/3373/1890
f 2186/3379/1542 2257/3380/1893 2254/3376/1891 2184/3375/1571
f 2256/3381/1894 2185/3382/17 2183/3378/9 2253/3377/1892
f 2188/3383/1541 2260/3384/1895 2257/3380/1893 2186/3379/1542
f 2259/3385/1896 2187/3386/21 2185/3382/17 2256/3381/1894
f 2190/3387/1545 2263/3388/1897 2260/3384/1895 2188/3383/1541
f 2262/3389/1898 2189/3390/25 2187/3386/21 2259/3385/1896
f 2192/3391/1547 2266/3392/1899 2263/3388/1897 2190/3387/1545
f 2265/3393/1900 2191/3394/29 2189/3390/25 2262/3389/1898
f 2194/3395/1549 2269/3396/1901 2266/3392/1899 2192/3391/1547
f 2268/3397/1902 2193/3398/33 2191/3394/29 2265/3393/1900
f 2196/3399/1551 2272/3400/1903 2269/3396/1901 2194/3395/1549
f 2271/3401/1904 2195/3402/37 2193/3398/33 2268/3397/1902
f 2198/3403/1553 2275/3404/1905 2272/3400/1903 2196/3399/1551
f 2274/3405/1906 2197/3406/41 2195/3402/37 2271/3401/1904
f 2200/3407/1555 2278/3408/1907 2275/3404/1905 2198/3403/1553
f 2277/3409/1908 2199/3410/45 2197/3406/41 2274/3405/1906
f 2202/3411/1559 2281/3412/1909 2278/3408/1907 2200/3407/1555
f 2280/3413/1910 2201/3414/49 2199/3410/45 2277/3409/1908
f 2204/3415/1563 2284/3416/1911 2281/3412/1909 2202/3411/1559
f 2283/3417/1912 2203/3418/57 2201/3414/49 2280/3413/1910
f 2206/3419/1566 2287/3420/1913 2284/3416/1911 2204/3415/1563
f 2286/3421/1914 2205/3422/63 2203/3418/57 2283/3417/1912
f 2208/3423/1568 2290/3424/1915 2287/3420/1913 2206/3419/1566
f 2289/3425/1916 2207/3426/8 2205/3422/63 2286/3421/1914
f 2210/3427/1570 2293/3428/1917 2290/3424/1915 2208/3423/1568
f 2292/3429/1918 2209/3430/5 2207/3426/8 2289/3425/1916
f 2212/3431/1572 2296/3432/1919 2293/3428/1917 2210/3427/1570
f 2295/3433/1920 2211/3434/15 2209/3430/5 2292/3429/1918
f 2214/3435/1544 2299/3436/1921 2296/3432/1919 2212/3431/1572
f 2298/3437/1922 2213/3438/19 2211/3434/15 2295/3433/1920
f 2216/3439/1543 2302/3440/1923 2299/3436/1921 2214/3435/1544
f 2301/3441/1924 2215/3442/23 2213/3438/19 2298/3437/1922
f 2218/3443/1546 2305/3444/1925 2302/3440/1923 2216/3439/1543
f 2304/3445/1926 2217/3446/27 2215/3442/23 2301/3441/1924
f 2220/3447/1548 2308/3448/1927 2305/3444/1925 2218/3443/1546
f 2307/3449/1928 2219/3450/31 2217/3446/27 2304/3445/1926
f 2222/3451/1550 2311/3452/1929 2308/3448/1927 2220/3447/1548
f 2310/3453/1930 2221/3454/35 2219/3450/31 2307/3449/1928
f 2224/3455/1552 2314/3456/1931 2311/3452/1929 2222/3451/1550
f 2313/3457/1932 2223/3458/39 2221/3454/35 2310/3453/1930
f 2226/3459/1554 2317/3460/1933 2314/3456/1931 2224/3455/1552
f 2316/3461/1934 2225/3462/43 2223/3458/39 2313/3457/1932
f 2228/3463/1558 2320/3464/1935 2317/3460/1933 2226/3459/1554
f 2319/3465/1936 2227/3466/47 2225/3462/43 2316/3461/1934
f 2230/3467/1562 2323/3468/1937 2320/3464/1935 2228/3463/1558
f 2322/3469/1938 2229/3470/55 2227/3466/47 2319/3465/1936
f 2232/3471/1565 2326/3472/1939 2323/3468/1937 2230/3467/1562
f 2325/3473/1940 2231/3474/61 2229/3470/55 2322/3469/1938
f 2234/3475/1557 2329/3476/1941 2326/3472/1939 2232/3471/1565
f 2328/3358/1882 2233/3357/54 2231/3474/61 2325/3473/1940
f 2174/3477/1561 2239/3478/1942 2235/3479/1943 2171/3480/1556
f 2176/3364/1560 2242/3363/1885 2239/3478/1942 2174/3477/1561
f 2173/14/14 2/13/13 1/56/52 2172/55/51
f 2236/3356/1881 2237/3481/1944 2240/3482/1945 2238/3353/1880
f 2237/3481/1944 2235/3479/1943 2239/3478/1942 2240/3482/1945
f 2238/3353/1880 2240/3482/1945 2243/3483/1946 2241/3359/1883
f 2240/3482/1945 2239/3478/1942 2242/3363/1885 2243/3483/1946
f 2241/3359/1883 2243/3483/1946 2246/3484/1947 2244/3365/1886
f 2243/3483/1946 2242/3363/1885 2245/3362/1884 2246/3484/1947
f 2244/3365/1886 2246/3484/1947 2249/3485/1948 2247/3369/1888
f 2246/3484/1947 2245/3362/1884 2248/3368/1887 2249/3485/1948
f 2247/3369/1888 2249/3485/1948 2252/3486/1949 2250/3373/1890
f 2249/3485/1948 2248/3368/1887 2251/3372/1889 2252/3486/1949
f 2250/3373/1890 2252/3486/1949 2255/3487/1950 2253/3377/1892
f 2252/3486/1949 2251/3372/1889 2254/3376/1891 2255/3487/1950
f 2253/3377/1892 2255/3487/1950 2258/3488/1951 2256/3381/1894
f 2255/3487/1950 2254/3376/1891 2257/3380/1893 2258/3488/1951
f 2256/3381/1894 2258/3488/1951 2261/3489/1952 2259/3385/1896
f 2258/3488/1951 2257/3380/1893 2260/3384/1895 2261/3489/1952
f 2259/3385/1896 2261/3489/1952 2264/3490/1953 2262/3389/1898
f 2261/3489/1952 2260/3384/1895 2263/3388/1897 2264/3490/1953
f 2262/3389/1898 2264/3490/1953 2267/3491/1954 2265/3393/1900
f 2264/3490/1953 2263/3388/1897 2266/3392/1899 2267/3491/1954
f 2265/3393/1900 2267/3491/1954 2270/3492/1955 2268/3397/1902
f 2267/3491/1954 2266/3392/1899 2269/3396/1901 2270/3492/1955
f 2268/3397/1902 2270/3492/1955 2273/3493/1956 2271/3401/1904
f 2270/3492/1955 2269/3396/1901 2272/3400/1903 2273/3493/1956
f 2271/3401/1904 2273/3493/1956 2276/3494/1957 2274/3405/1906
f 2273/3493/1956 2272/3400/1903 2275/3404/1905 2276/3494/1957
f 2274/3405/1906 2276/3494/1957 2279/3495/1958 2277/3409/1908
f 2276/3494/1957 2275/3404/1905 2278/3408/1907 2279/3495/1958
f 2277/3409/1908 2279/3495/1958 2282/3496/1959 2280/3413/1910
f 2279/3495/1958 2278/3408/1907 2281/3412/1909 2282/3496/1959
f 2280/3413/1910 2282/3496/1959 2285/3497/1960 2283/3417/1912
f 2282/3496/1959 2281/3412/1909 2284/3416/1911 2285/3497/1960
f 2283/3417/1912 2285/3497/1960 2288/3498/1961 2286/3421/1914
f 2285/3497/1960 2284/3416/1911 2287/3420/1913 2288/3498/1961
f 2286/3421/1914 2288/3498/1961 2291/3499/1962 2289/3425/1916
f 2288/3498/1961 2287/3420/1913 2290/3424/1915 2291/3499/1962
f 2289/3425/1916 2291/3499/1962 2294/3500/1963 2292/3429/1918
f 2291/3499/1962 2290/3424/1915 2293/3428/1917 2294/3500/1963
f 2292/3429/1918 2294/3500/1963 2297/3501/1964 2295/3433/1920
f 2294/3500/1963 2293/3428/1917 2296/3432/1919 2297/3501/1964
f 2295/3433/1920 2297/3501/1964 2300/3502/1965 2298/3437/1922
f 2297/3501/1964 2296/3432/1919 2299/3436/1921 2300/3502/1965
f 2298/3437/1922 2300/3502/1965 2303/3503/1966 2301/3441/1924
f 2300/3502/1965 2299/3436/1921 2302/3440/1923 2303/3503/1966
f 2301/3441/1924 2303/3503/1966 2306/3504/1967 2304/3445/1926
f 2303/3503/1966 2302/3440/1923 2305/3444/1925 2306/3504/1967
f 2304/3445/1926 2306/3504/1967 2309/3505/1968 2307/3449/1928
f 2306/3504/1967 2305/3444/1925 2308/3448/1927 2309/3505/1968
f 2307/3449/1928 2309/3505/1968 2312/3506/1969 2310/3453/1930
f 2309/3505/1968 2308/3448/1927 2311/3452/1929 2312/3506/1969
f 2310/3453/1930 2312/3506/1969 2315/3507/1970 2313/3457/1932
f 2312/3506/1969 2311/3452/1929 2314/3456/1931 2315/3507/1970
f 2313/3457/1932 2315/3507/1970 2318/3508/1971 2316/3461/1934
f 2315/3507/1970 2314/3456/1931 2317/3460/1933 2318/3508/1971
f 2316/3461/1934 2318/3508/1971 2321/3509/1972 2319/3465/1936
f 2318/3508/1971 2317/3460/1933 2320/3464/1935 2321/3509/1972
f 2319/3465/1936 2321/3509/1972 2324/3510/1973 2322/3469/1938
f 2321/3509/1972 2320/3464/1935 2323/3468/1937 2324/3510/1973
f 2322/3469/1938 2324/3510/1973 2327/3511/1974 2325/3473/1940
f 2324/3510/1973 2323/3468/1937 2326/3472/1939 2327/3511/1974
f 2325/3473/1940 2327/3511/1974 2330/3512/1975 2328/3358/1882
f 2327/3511/1974 2326/3472/1939 2329/3476/1941 2330/3512/1975
f 2328/3358/1882 2330/3512/1975 2237/3481/1944 2236/3356/1881
f 2330/3512/1975 2329/3476/1941 2235/3479/1943 2237/3481/1944
f 2171/3480/1556 2235/3479/1943 2329/3476/1941 2234/3475/1557
f 2335/85/65 2336/3513/1067 2333/3514/1068 2331/112/65
f 2336/3515/1067 2334/2639/182 2332/2628/185 2333/3516/1068
f 2338/88/65 2339/3517/1071 2336/3513/1067 2335/85/65
f 2339/3518/1071 2337/2636/190 2334/2639/182 2336/3515/1067
f 2341/94/65 2342/3519/1074 2339/3517/1071 2338/88/65
f 2342/3520/1074 2340/2646/196 2337/2636/190 2339/3518/1071
f 2344/100/65 2345/3521/1077 2342/3519/1074 2341/94/65
f 2345/3522/1077 2343/2652/202 2340/2646/196 2342/3520/1074
f 2347/106/65 2348/3523/1080 2345/3521/1077 2344/100/65
f 2348/3524/1080 2346/2656/208 2343/2659/202 2345/3525/1077
f 2350/110/65 2351/3526/1082 2348/3523/1080 2347/106/65
f 2351/3527/1082 2349/2662/212 2346/2656/208 2348/3524/1080
f 2353/116/65 2354/3528/1084 2351/3526/1082 2350/110/65
f 2354/3529/1084 2352/2599/216 2349/2662/212 2351/3527/1082
f 2356/120/65 2357/3530/1086 2354/3528/1084 2353/116/65
f 2357/3531/1086 2355/2596/220 2352/2599/216 2354/3529/1084
f 2359/124/65 2360/3532/1088 2357/3530/1086 2356/120/65
f 2360/3533/1088 2358/2604/224 2355/2596/220 2357/3531/1086
f 2362/128/65 2363/3534/1059 2360/3532/1088 2359/124/65
f 2363/3535/1059 2361/2608/169 2358/2604/224 2360/3533/1088
f 2365/132/65 2366/3536/1058 2363/3534/1059 2362/128/65
f 2366/3537/1058 2364/2612/166 2361/2608/169 2363/3535/1059
f 2368/136/65 2369/3538/1062 2366/3536/1058 2365/132/65
f 2369/3539/1062 2367/2616/172 2364/2612/166 2366/3537/1058
f 2371/77/65 2372/3540/1976 2369/3538/1062 2368/136/65
f 2372/3541/1976 2370/2620/176 2367/2623/172 2369/3542/1062
f 2374/80/65 2375/3543/1066 2372/3540/1976 2371/77/65
f 2375/3544/1066 2373/2626/180 2370/2620/176 2372/3541/1976
f 2377/84/65 2378/3545/1070 2375/3543/1066 2374/80/65
f 2378/3546/1070 2376/2634/188 2373/2626/180 2375/3544/1066
f 2380/92/65 2381/3547/1073 2378/3545/1070 2377/84/65
f 2381/3548/1073 2379/2644/194 2376/2634/188 2378/3546/1070
f 2383/98/65 2384/3549/1076 2381/3547/1073 2380/92/65
f 2384/3550/1076 2382/2650/200 2379/2644/194 2381/3548/1073
f 2386/104/65 2387/3551/1079 2384/3549/1076 2383/98/65
f 2387/3552/1079 2385/2654/206 2382/2650/200 2384/3550/1076
f 2389/108/65 2390/3553/1081 2387/3551/1079 2386/104/65
f 2390/3554/1081 2388/2660/210 2385/2654/206 2387/3552/1079
f 2392/114/65 2393/3555/1083 2390/3553/1081 2389/108/65
f 2393/3556/1083 2391/2664/214 2388/2660/210 2390/3554/1081
f 2395/118/65 2396/3557/1085 2393/3555/1083 2392/114/65
f 2396/3558/1085 2394/2603/218 2391/2667/214 2393/3559/1083
f 2398/122/65 2399/3560/1087 2396/3557/1085 2395/118/65
f 2399/3561/1087 2397/2600/222 2394/2603/218 2396/3558/1085
f 2401/126/65 2402/3562/1089 2399/3560/1087 2398/122/65
f 2402/3563/1089 2400/2606/165 2397/2600/222 2399/3561/1087
f 2404/130/65 2405/3564/1061 2402/3562/1089 2401/126/65
f 2405/3565/1061 2403/2610/162 2400/2606/165 2402/3563/1089
f 2407/134/65 2408/3566/1060 2405/3564/1061 2404/130/65
f 2408/3567/1060 2406/2614/170 2403/2610/162 2405/3565/1061
f 2410/73/65 2411/3568/1063 2408/3566/1060 2407/134/65
f 2411/3569/1063 2409/2618/174 2406/2614/170 2408/3567/1060
f 2413/76/65 2414/3570/1065 2411/3568/1063 2410/73/65
f 2414/3571/1065 2412/2624/178 2409/2618/174 2411/3569/1063
f 2416/82/65 2417/3572/1069 2414/3570/1065 2413/76/65
f 2417/3573/1069 2415/2632/186 2412/2624/178 2414/3571/1065
f 2419/90/65 2420/3574/1072 2417/3572/1069 2416/82/65
f 2420/3575/1072 2418/2640/192 2415/2643/186 2417/3576/1069
f 2422/96/65 2423/3577/1075 2420/3574/1072 2419/90/65
f 2423/3578/1075 2421/2648/198 2418/2640/192 2420/3575/1072
f 2425/102/65 2426/3579/1078 2423/3577/1075 2422/96/65
f 2426/3580/1078 2424/2631/204 2421/2648/198 2423/3578/1075
f 2331/112/65 2333/3514/1068 2426/3579/1078 2425/102/65
f 2333/3516/1068 2332/2628/185 2424/2631/204 2426/3580/1078
f 2331/112/65 1316/111/65 1317/86/65 2335/85/65
f 75/3581/127 2430/276/169 2458/339/224 74/3582/123
f 88/3583/125 2428/272/165 2457/337/222 87/3584/121
f 74/3582/123 2458/339/224 2456/335/220 73/3585/119
f 87/3584/121 2457/337/222 2455/331/218 86/3586/117
f 73/3585/119 2456/335/220 2454/329/216 72/3587/115
f 86/3586/117 2455/331/218 2453/334/214 85/3588/113
f 72/3587/115 2454/329/216 2452/325/212 71/3589/111
f 85/3590/113 2453/327/214 2451/323/210 84/3591/107
f 71/3589/111 2452/325/212 2450/319/208 70/3592/99
f 84/3591/107 2451/323/210 2449/317/206 83/3593/108
f 65/3594/103 2438/294/185 2448/315/204 96/3595/104
f 70/3592/99 2450/319/208 2447/322/202 69/3596/100
f 83/3593/108 2449/317/206 2446/311/200 82/3597/161
f 96/3595/104 2448/315/204 2445/309/198 95/3598/159
f 69/3599/100 2447/313/202 2444/307/196 68/3600/157
f 82/3597/161 2446/311/200 2443/305/194 81/3601/155
f 95/3598/159 2445/309/198 2442/301/192 94/3602/153
f 68/3600/157 2444/307/196 2441/299/190 67/3603/151
f 81/3601/155 2443/305/194 2440/297/188 80/3604/149
f 94/3602/153 2442/301/192 2439/304/186 93/3605/147
f 67/3603/151 2441/299/190 2437/291/182 66/3606/145
f 80/3604/149 2440/297/188 2436/289/180 79/3607/143
f 93/3608/147 2439/295/186 2435/287/178 92/3609/141
f 66/3606/145 2437/291/182 2438/294/185 65/3594/103
f 79/3607/143 2436/289/180 2434/283/176 78/3610/139
f 92/3609/141 2435/287/178 2433/281/174 91/3611/137
f 78/3610/139 2434/283/176 2432/286/172 77/3612/135
f 91/3611/137 2433/281/174 2431/277/170 90/3613/133
f 77/3614/135 2432/279/172 2429/273/166 76/3615/131
f 90/3613/133 2431/277/170 2427/269/162 89/3616/129
f 76/3615/131 2429/273/166 2430/276/169 75/3581/127
f 89/3616/129 2427/269/162 2428/272/165 88/3583/125
f 2478/3617/202 2460/2426/202 2461/2428/1421 2479/3618/1977
f 2477/3619/1978 2459/2389/1393 2460/2392/202 2478/3620/202
f 1799/2995/1705 1805/2465/1450 2459/2389/1393 2477/3619/1978
f 2479/3618/1977 2461/2428/1421 1793/2464/1449 1788/2981/1699
f 2481/3621/192 2463/2393/192 2464/2396/1396 2482/3622/1979
f 2480/3623/1980 2462/2423/1418 2463/2393/192 2481/3621/192
f 1771/2975/1696 1777/2458/1444 2462/2423/1418 2480/3623/1980
f 2482/3624/1979 2464/2449/1396 1765/2450/1437 1760/2961/1690
f 2484/3625/162 2466/2385/162 2467/2424/1419 2485/3626/1981
f 2483/3627/1982 2465/2382/1388 2466/2385/162 2484/3625/162
f 1749/2955/1688 1755/2456/1442 2465/2382/1388 2483/3627/1982
f 2485/3626/1981 2467/2424/1419 1743/2481/1462 1738/2941/1683
f 2487/3628/210 2469/2419/210 2470/2452/1439 2488/3629/1983
f 2486/3630/1984 2468/2416/1413 2469/2419/210 2487/3628/210
f 1727/2935/1681 1733/2453/1440 2468/2454/1413 2486/3631/1984
f 2488/3629/1983 2470/2452/1439 1721/2482/1463 1716/2920/1676
f 2491/3632/1985 2473/2397/1397 2472/2362/180 2490/3633/180
f 2490/3633/180 2472/2362/180 2471/2365/1371 2489/3634/1986
f 2489/3634/1986 2471/2365/1371 1837/2457/1443 1832/3022/1714
f 1705/2914/1674 1711/2451/1438 2473/2397/1397 2491/3632/1985
f 1950/3263/224 2475/2399/224 2476/2402/1400 1947/3260/1807
f 1953/3266/1810 2474/2425/1420 2475/2399/224 1950/3263/224
f 1957/3132/1759 1821/3015/1712 1827/2472/1456 2474/2425/1420 1953/3266/1810
f 1947/3260/1807 2476/2402/1400 1815/2461/1446 1810/3001/1707 1942/3125/1756
f 1927/3252/202 2478/3617/202 2479/3618/1977 1924/3249/1802
f 1930/3255/1805 2477/3619/1978 2478/3620/202 1927/3256/202
f 1934/3112/1751 1799/2995/1705 2477/3619/1978 1930/3255/1805
f 1924/3249/1802 2479/3618/1977 1788/2981/1699 1919/3105/1748
f 1904/3241/192 2481/3621/192 2482/3622/1979 1901/3242/1797
f 1907/3246/1800 2480/3623/1980 2481/3621/192 1904/3241/192
f 1911/3092/1743 1771/2975/1696 2480/3623/1980 1907/3246/1800
f 1901/3238/1797 2482/3624/1979 1760/2961/1690 1896/3085/1740
f 1881/3232/162 2484/3625/162 2485/3626/1981 1878/3229/1792
f 1884/3235/1795 2483/3627/1982 2484/3625/162 1881/3232/162
f 1888/3072/1734 1749/2955/1688 2483/3627/1982 1884/3235/1795
f 1878/3229/1792 2485/3626/1981 1738/2941/1683 1873/3065/1731
f 1858/3221/210 2487/3628/210 2488/3629/1983 1855/3218/1787
f 1861/3224/1790 2486/3630/1984 2487/3628/210 1858/3221/210
f 1865/3052/1726 1727/2935/1681 2486/3631/1984 1861/3225/1790
f 1855/3218/1787 2488/3629/1983 1716/2920/1676 1850/3045/1723
f 1976/3275/1815 2491/3632/1985 2490/3633/180 1973/3272/180
f 1973/3272/180 2490/3633/180 2489/3634/1986 1970/3269/1812
f 1970/3269/1812 2489/3634/1986 1832/3022/1714 1965/3145/1764
f 1842/3032/1718 1705/2914/1674 2491/3632/1985 1976/3275/1815
