# Blender 4.0.2
# www.blender.org
mtllib chess.mtl
o Piece_01.016
v -0.020950 0.151995 0.016868
v -0.021682 0.185052 0.016699
v -0.021016 0.151813 -0.018362
v -0.021748 0.184870 -0.018531
v 0.014272 0.152774 0.016799
v 0.013540 0.185832 0.016629
v 0.014206 0.152592 -0.018431
v 0.013474 0.185650 -0.018601
v -0.022186 0.150598 -0.015535
v -0.023480 0.149260 -0.011230
v -0.024396 0.148319 -0.006157
v -0.024716 0.148002 -0.000719
v -0.024376 0.148375 0.004714
v -0.023441 0.149369 0.009773
v -0.022131 0.150751 0.014058
v -0.022213 0.154788 0.018059
v -0.023635 0.159023 0.019371
v -0.024690 0.163945 0.020294
v -0.025142 0.169125 0.020606
v -0.024916 0.174190 0.020242
v -0.024073 0.178796 0.019270
v -0.022829 0.182606 0.017916
v -0.022912 0.186025 0.013877
v -0.024276 0.187082 0.009579
v -0.025249 0.187817 0.004511
v -0.025603 0.188059 -0.000925
v -0.025269 0.187761 -0.006360
v -0.024315 0.186974 -0.011423
v -0.022967 0.185872 -0.015716
v -0.022899 0.182411 -0.019719
v -0.024148 0.178587 -0.021028
v -0.024995 0.173972 -0.021950
v -0.025221 0.168903 -0.022261
v -0.024768 0.163727 -0.021897
v -0.023710 0.158814 -0.020927
v -0.022283 0.154593 -0.019576
v 0.011412 0.151321 -0.019622
v 0.007145 0.149888 -0.020938
v 0.002100 0.148825 -0.021870
v -0.003328 0.148365 -0.022195
v -0.008769 0.148584 -0.021849
v -0.013852 0.149424 -0.020897
v -0.018174 0.150666 -0.019564
v -0.018955 0.185940 -0.019745
v -0.014687 0.187137 -0.021090
v -0.009642 0.188027 -0.022051
v -0.004214 0.188423 -0.022401
v 0.001226 0.188267 -0.022073
v 0.006310 0.187602 -0.021132
v 0.010632 0.186595 -0.019803
v 0.014728 0.183244 -0.019793
v 0.016140 0.179479 -0.021108
v 0.017187 0.174905 -0.022033
v 0.017636 0.169852 -0.022346
v 0.017414 0.164660 -0.021981
v 0.016578 0.159706 -0.021006
v 0.015344 0.155426 -0.019651
v 0.015495 0.151584 0.013984
v 0.016848 0.150260 0.009693
v 0.017806 0.149308 0.004630
v 0.018141 0.148950 -0.000804
v 0.017786 0.149252 -0.006241
v 0.016809 0.150152 -0.011310
v 0.015440 0.151431 -0.015609
v 0.014659 0.186704 -0.015790
v 0.015974 0.187865 -0.011503
v 0.016912 0.188695 -0.006443
v 0.017254 0.189008 -0.001010
v 0.016933 0.188751 0.004428
v 0.016013 0.187974 0.009499
v 0.014714 0.186857 0.013803
v 0.014798 0.183439 0.017842
v 0.016215 0.179687 0.019190
v 0.017265 0.175123 0.020158
v 0.017716 0.170074 0.020522
v 0.017492 0.164879 0.020211
v 0.016653 0.159914 0.019291
v 0.015414 0.155621 0.017985
v -0.018103 0.150861 0.018072
v -0.013777 0.149632 0.019401
v -0.008690 0.148802 0.020343
v -0.003248 0.148587 0.020672
v 0.002178 0.149043 0.020321
v 0.007220 0.150097 0.019360
v 0.011483 0.151516 0.018013
v 0.010702 0.186789 0.017832
v 0.006385 0.187810 0.019166
v 0.001305 0.188485 0.020119
v -0.004135 0.188644 0.020466
v -0.009563 0.188245 0.020141
v -0.014612 0.187346 0.019208
v -0.018885 0.186134 0.017891
v -0.024848 0.154270 0.014487
v -0.026897 0.158704 0.015296
v -0.028251 0.163742 0.015953
v -0.028795 0.169021 0.016185
v -0.028482 0.174183 0.015900
v -0.027344 0.178904 0.015192
v -0.025482 0.182908 0.014340
v -0.026790 0.153377 0.009986
v -0.029316 0.158138 0.010458
v -0.030948 0.163427 0.010881
v -0.031585 0.168931 0.011033
v -0.031189 0.174311 0.010825
v -0.029784 0.179261 0.010350
v -0.027458 0.183552 0.009831
v -0.028028 0.152642 0.004803
v -0.030831 0.157634 0.005017
v -0.032655 0.163140 0.005218
v -0.033365 0.168860 0.005284
v -0.032905 0.174449 0.005160
v -0.031317 0.179593 0.004905
v -0.028724 0.184079 0.004641
v -0.028459 0.152347 -0.000735
v -0.031354 0.157415 -0.000756
v -0.033247 0.163005 -0.000781
v -0.033986 0.168814 -0.000810
v -0.033502 0.174490 -0.000840
v -0.031848 0.179710 -0.000870
v -0.029166 0.184261 -0.000899
v -0.028048 0.152585 -0.006277
v -0.030853 0.157574 -0.006533
v -0.032677 0.163078 -0.006783
v -0.033388 0.168797 -0.006906
v -0.032928 0.174387 -0.006842
v -0.031339 0.179534 -0.006645
v -0.028744 0.184022 -0.006438
v -0.026830 0.153266 -0.011472
v -0.029358 0.158022 -0.011984
v -0.030991 0.163307 -0.012456
v -0.031630 0.168808 -0.012663
v -0.031232 0.174190 -0.012512
v -0.029826 0.179145 -0.012093
v -0.027498 0.183441 -0.011627
v -0.024905 0.154113 -0.015989
v -0.026957 0.158538 -0.016836
v -0.028314 0.163569 -0.017541
v -0.028858 0.168845 -0.017825
v -0.028545 0.174010 -0.017594
v -0.027404 0.178738 -0.016940
v -0.025539 0.182751 -0.016136
v -0.018699 0.154218 -0.022220
v -0.019630 0.158663 -0.024193
v -0.020425 0.163703 -0.025462
v -0.020800 0.168982 -0.025916
v -0.020656 0.174144 -0.025515
v -0.020077 0.178862 -0.024297
v -0.019333 0.182856 -0.022367
v -0.014176 0.153481 -0.024177
v -0.014780 0.158270 -0.026622
v -0.015348 0.163572 -0.028163
v -0.015650 0.169080 -0.028707
v -0.015589 0.174456 -0.028219
v -0.015247 0.179392 -0.026731
v -0.014844 0.183656 -0.024332
v -0.008976 0.152909 -0.025427
v -0.009328 0.157940 -0.028146
v -0.009679 0.163469 -0.029875
v -0.009901 0.169196 -0.030488
v -0.009930 0.174777 -0.029933
v -0.009814 0.179899 -0.028258
v -0.009672 0.184346 -0.025589
v -0.003432 0.152772 -0.025864
v -0.003551 0.157887 -0.028672
v -0.003679 0.163507 -0.030470
v -0.003809 0.169327 -0.031110
v -0.003933 0.174992 -0.030529
v -0.004045 0.180183 -0.028786
v -0.004139 0.184686 -0.026028
v 0.002101 0.153154 -0.025449
v 0.002220 0.158195 -0.028168
v 0.002319 0.163735 -0.029899
v 0.002286 0.169465 -0.030512
v 0.002069 0.175043 -0.029957
v 0.001733 0.180155 -0.028281
v 0.001405 0.184591 -0.025611
v 0.007276 0.153956 -0.024219
v 0.007658 0.158767 -0.026667
v 0.007984 0.164089 -0.028210
v 0.008041 0.169604 -0.028754
v 0.007743 0.174973 -0.028265
v 0.007190 0.179889 -0.026775
v 0.006608 0.184131 -0.024374
v 0.011770 0.154893 -0.022280
v 0.012495 0.159374 -0.024257
v 0.013062 0.164444 -0.025528
v 0.013201 0.169734 -0.025983
v 0.012830 0.174885 -0.025582
v 0.012048 0.179573 -0.024361
v 0.011136 0.183530 -0.022427
v 0.017998 0.155062 -0.016074
v 0.019850 0.159574 -0.016929
v 0.020980 0.164660 -0.017638
v 0.021289 0.169955 -0.017924
v 0.020749 0.175101 -0.017692
v 0.019402 0.179774 -0.017033
v 0.017364 0.183700 -0.016221
v 0.019977 0.154302 -0.011564
v 0.022291 0.159165 -0.012086
v 0.023686 0.164517 -0.012564
v 0.024080 0.170041 -0.012773
v 0.023445 0.175400 -0.012620
v 0.021823 0.180288 -0.012195
v 0.019309 0.184477 -0.011719
v 0.021245 0.153676 -0.006374
v 0.023825 0.158784 -0.006641
v 0.025403 0.164364 -0.006898
v 0.025860 0.170108 -0.007023
v 0.025153 0.175672 -0.006956
v 0.023339 0.180744 -0.006754
v 0.020549 0.185113 -0.006536
v 0.021688 0.153457 -0.000834
v 0.024356 0.158648 -0.000866
v 0.026000 0.164316 -0.000898
v 0.026481 0.170152 -0.000929
v 0.025746 0.175801 -0.000957
v 0.023862 0.180943 -0.000980
v 0.020981 0.185371 -0.000998
v 0.021266 0.153733 0.004705
v 0.023847 0.158844 0.004909
v 0.025426 0.164426 0.005103
v 0.025882 0.170171 0.005167
v 0.025175 0.175734 0.005045
v 0.023360 0.180804 0.004796
v 0.020570 0.185170 0.004544
v 0.020017 0.154413 0.009893
v 0.022332 0.159281 0.010356
v 0.023730 0.164637 0.010773
v 0.024124 0.170164 0.010923
v 0.023489 0.175521 0.010717
v 0.021865 0.180404 0.010248
v 0.019349 0.184588 0.009738
v 0.018055 0.155220 0.014402
v 0.019909 0.159740 0.015203
v 0.021042 0.164833 0.015856
v 0.021353 0.170131 0.016086
v 0.020811 0.175274 0.015802
v 0.019462 0.179940 0.015100
v 0.017421 0.183858 0.014255
v 0.011850 0.155114 0.020633
v 0.012582 0.159616 0.022560
v 0.013153 0.164699 0.023777
v 0.013295 0.169994 0.024176
v 0.012922 0.175140 0.023723
v 0.012135 0.179815 0.022457
v 0.011216 0.183752 0.020486
v 0.007363 0.154198 0.022598
v 0.007754 0.159034 0.024994
v 0.008086 0.164372 0.026481
v 0.008144 0.169892 0.026968
v 0.007845 0.175255 0.026425
v 0.007286 0.180156 0.024886
v 0.006695 0.184373 0.022443
v 0.002193 0.153409 0.023856
v 0.002322 0.158478 0.026522
v 0.002428 0.164035 0.028195
v 0.002396 0.169772 0.028749
v 0.002177 0.175343 0.028137
v 0.001835 0.180438 0.026409
v 0.001497 0.184846 0.023694
v -0.003339 0.153031 0.024295
v -0.003447 0.158175 0.027050
v -0.003569 0.163813 0.028791
v -0.003696 0.169639 0.029371
v -0.003823 0.175299 0.028732
v -0.003941 0.180471 0.026936
v -0.004045 0.184946 0.024131
v -0.008884 0.153164 0.023877
v -0.009226 0.158223 0.026545
v -0.009571 0.163769 0.028219
v -0.009791 0.169502 0.028773
v -0.009821 0.175078 0.028160
v -0.009712 0.180182 0.026432
v -0.009580 0.184601 0.023716
v -0.014089 0.153723 0.022640
v -0.014683 0.158537 0.025038
v -0.015246 0.163855 0.026527
v -0.015546 0.169368 0.027015
v -0.015487 0.174739 0.026471
v -0.015151 0.179659 0.024930
v -0.014757 0.183898 0.022486
v -0.018619 0.154440 0.020693
v -0.019542 0.158905 0.022624
v -0.020333 0.163958 0.023843
v -0.020707 0.169241 0.024243
v -0.020564 0.174399 0.023789
v -0.019990 0.179104 0.022520
v -0.019253 0.183078 0.020546
v -0.018500 0.148024 -0.015974
v -0.013784 0.146139 -0.016835
v -0.008668 0.145098 -0.017613
v -0.003241 0.144857 -0.017966
v 0.002171 0.145338 -0.017635
v 0.007239 0.146605 -0.016876
v 0.011870 0.148696 -0.016034
v -0.019149 0.146048 -0.011449
v -0.012520 0.142779 -0.011337
v -0.008245 0.142509 -0.013281
v -0.003181 0.142501 -0.013987
v 0.001879 0.142735 -0.013301
v 0.006145 0.143193 -0.011374
v 0.012623 0.146751 -0.011511
v -0.020049 0.144905 -0.006187
v -0.015404 0.142387 -0.006093
v 0.009065 0.142931 -0.006141
v 0.013593 0.145650 -0.006253
v -0.020428 0.144565 -0.000710
v -0.016410 0.142277 -0.000705
v 0.010096 0.142863 -0.000758
v 0.014009 0.145327 -0.000778
v -0.020082 0.144960 0.004708
v -0.015706 0.142436 0.004356
v 0.009406 0.142990 0.004306
v 0.013667 0.145707 0.004642
v -0.019324 0.146153 0.009794
v -0.013769 0.142855 0.008622
v -0.008520 0.142632 0.011516
v -0.003132 0.142638 0.012524
v 0.002247 0.142868 0.011494
v 0.007470 0.143324 0.008580
v 0.012877 0.146866 0.009731
v -0.018497 0.148180 0.014457
v -0.013939 0.146300 0.015159
v -0.008659 0.145272 0.016090
v -0.003177 0.145035 0.016479
v 0.002287 0.145514 0.016068
v 0.007513 0.146775 0.015117
v 0.011980 0.148855 0.014397
v 0.011031 0.188818 -0.016236
v 0.006486 0.190301 -0.017063
v 0.001275 0.191176 -0.017739
v -0.004271 0.191390 -0.017987
v -0.009802 0.190931 -0.017717
v -0.014966 0.189826 -0.017021
v -0.019438 0.188144 -0.016175
v 0.011832 0.190447 -0.011736
v 0.006945 0.192261 -0.012229
v 0.001473 0.193310 -0.012672
v -0.004310 0.193574 -0.012842
v -0.010074 0.193055 -0.012649
v -0.015492 0.191765 -0.012185
v -0.020293 0.189736 -0.011673
v 0.012501 0.191482 -0.006554
v 0.007376 0.193471 -0.006790
v 0.001681 0.194627 -0.007011
v -0.004328 0.194922 -0.007095
v -0.010318 0.194361 -0.006987
v -0.015956 0.192955 -0.006744
v -0.020986 0.190741 -0.006487
v 0.012761 0.191854 -0.001016
v 0.007558 0.193898 -0.001017
v 0.001777 0.195089 -0.001012
v -0.004326 0.195395 -0.001003
v -0.010410 0.194819 -0.000988
v -0.016133 0.193373 -0.000970
v -0.021241 0.191102 -0.000949
v 0.012521 0.191539 0.004526
v 0.007398 0.193531 0.004760
v 0.001703 0.194689 0.004991
v -0.004305 0.194985 0.005095
v -0.010295 0.194423 0.005014
v -0.015934 0.193015 0.004807
v -0.020965 0.190798 0.004592
v 0.011872 0.190558 0.009721
v 0.006987 0.192377 0.010214
v 0.001517 0.193431 0.010666
v -0.004265 0.193697 0.010854
v -0.010031 0.193175 0.010688
v -0.015451 0.191881 0.010258
v -0.020253 0.189847 0.009785
v 0.011088 0.188976 0.014240
v 0.006546 0.190467 0.015069
v 0.001337 0.191349 0.015755
v -0.004208 0.191566 0.016022
v -0.009739 0.191104 0.015777
v -0.014907 0.189992 0.015112
v -0.019381 0.188302 0.014300
v -0.021527 0.151282 -0.017229
v -0.022857 0.149903 -0.013508
v -0.024003 0.148721 -0.008763
v -0.024637 0.148075 -0.003461
v -0.024627 0.148103 0.002021
v -0.023973 0.148805 0.007313
v -0.022810 0.150035 0.012042
v -0.021466 0.151452 0.015744
v -0.021499 0.153114 0.017389
v -0.022946 0.156787 0.018740
v -0.024227 0.161427 0.019899
v -0.024998 0.166527 0.020534
v -0.025113 0.171694 0.020507
v -0.024563 0.176571 0.019822
v -0.023478 0.180824 0.018617
v -0.022185 0.184079 0.017230
v -0.022219 0.185479 0.015569
v -0.023619 0.186575 0.011854
v -0.024830 0.187504 0.007115
v -0.025511 0.188005 0.001816
v -0.025521 0.187977 -0.003666
v -0.024860 0.187421 -0.008961
v -0.023667 0.186443 -0.013695
v -0.022281 0.185309 -0.017404
v -0.022253 0.183891 -0.019051
v -0.023551 0.180622 -0.020399
v -0.024640 0.176357 -0.021555
v -0.025192 0.171473 -0.022188
v -0.025078 0.166306 -0.022162
v -0.024304 0.161213 -0.021478
v -0.023019 0.156585 -0.020276
v -0.021567 0.152926 -0.018892
v 0.013088 0.152039 -0.018952
v 0.009405 0.150583 -0.020305
v 0.004694 0.149292 -0.021470
v -0.000589 0.148512 -0.022116
v -0.006069 0.148391 -0.022105
v -0.011379 0.148936 -0.021438
v -0.016138 0.150017 -0.020254
v -0.019877 0.151310 -0.018886
v -0.020630 0.185337 -0.019061
v -0.016947 0.186557 -0.020442
v -0.012236 0.187635 -0.021637
v -0.006953 0.188292 -0.022310
v -0.001473 0.188413 -0.022320
v 0.003837 0.187991 -0.021669
v 0.008596 0.187123 -0.020492
v 0.012335 0.186067 -0.019126
v 0.014020 0.184694 -0.019122
v 0.015456 0.181485 -0.020476
v 0.016728 0.177272 -0.021637
v 0.017493 0.172418 -0.022273
v 0.017608 0.167251 -0.022246
v 0.017063 0.162128 -0.021560
v 0.015988 0.157448 -0.020353
v 0.014705 0.153729 -0.018963
v 0.014806 0.152255 0.015672
v 0.016197 0.150899 0.011964
v 0.017395 0.149720 0.007231
v 0.018059 0.149048 0.001936
v 0.018048 0.149020 -0.003545
v 0.017365 0.149637 -0.008845
v 0.016149 0.150767 -0.013585
v 0.014745 0.152084 -0.017301
v 0.013991 0.186112 -0.017476
v 0.015340 0.187307 -0.013773
v 0.016508 0.188336 -0.009043
v 0.017165 0.188921 -0.003750
v 0.017175 0.188950 0.001731
v 0.016538 0.188420 0.007033
v 0.015388 0.187439 0.011777
v 0.014053 0.186282 0.015497
v 0.014087 0.184881 0.017158
v 0.015529 0.181687 0.018540
v 0.016805 0.177486 0.019740
v 0.017573 0.172639 0.020423
v 0.017687 0.167472 0.020449
v 0.017140 0.162342 0.019817
v 0.016061 0.157650 0.018663
v 0.014773 0.153916 0.017317
v -0.019809 0.151497 0.017394
v -0.016066 0.150219 0.018761
v -0.011302 0.149150 0.019939
v -0.005990 0.148611 0.020591
v -0.000510 0.148733 0.020580
v 0.004771 0.149506 0.019907
v 0.009478 0.150785 0.018711
v 0.013156 0.152227 0.017329
v 0.012403 0.186254 0.017154
v 0.008669 0.187325 0.018524
v 0.003914 0.188205 0.019708
v -0.001393 0.188634 0.020375
v -0.006873 0.188513 0.020386
v -0.012159 0.187849 0.019740
v -0.016875 0.186759 0.018574
v -0.020563 0.185525 0.017220
v -0.025952 0.156390 0.014883
v -0.027669 0.161171 0.015665
v -0.028629 0.166374 0.016132
v -0.028745 0.171638 0.016105
v -0.028011 0.176617 0.015586
v -0.026497 0.181009 0.014756
v -0.025900 0.153831 0.012340
v -0.028215 0.158433 0.012965
v -0.029715 0.163590 0.013502
v -0.030306 0.168974 0.013694
v -0.029950 0.174238 0.013448
v -0.028671 0.179069 0.012859
v -0.026551 0.183221 0.012189
v -0.028159 0.155675 0.010209
v -0.030251 0.160735 0.010692
v -0.031395 0.166173 0.011000
v -0.031516 0.171657 0.010972
v -0.030608 0.176856 0.010610
v -0.028731 0.181498 0.010077
v -0.027504 0.152968 0.007460
v -0.030193 0.157862 0.007798
v -0.031934 0.163272 0.008110
v -0.032612 0.168892 0.008220
v -0.032180 0.174386 0.008053
v -0.030671 0.179444 0.007687
v -0.028187 0.183849 0.007301
v -0.029543 0.155058 0.004903
v -0.031875 0.160340 0.005128
v -0.033155 0.165995 0.005273
v -0.033281 0.171691 0.005244
v -0.032246 0.177093 0.005042
v -0.030138 0.181927 0.004765
v -0.028348 0.152430 0.002056
v -0.031220 0.157479 0.002152
v -0.033095 0.163048 0.002240
v -0.033827 0.168833 0.002260
v -0.033349 0.174486 0.002182
v -0.031712 0.179687 0.002038
v -0.029052 0.184221 0.001893
v -0.030021 0.154800 -0.000745
v -0.032436 0.160162 -0.000768
v -0.033768 0.165903 -0.000795
v -0.033896 0.171690 -0.000825
v -0.032813 0.177173 -0.000855
v -0.030625 0.182077 -0.000885
v -0.028358 0.152401 -0.003527
v -0.031231 0.157449 -0.003665
v -0.033107 0.163017 -0.003804
v -0.033838 0.168802 -0.003880
v -0.033360 0.174455 -0.003862
v -0.031722 0.179657 -0.003779
v -0.029062 0.184192 -0.003691
v -0.029564 0.155000 -0.006396
v -0.031897 0.160279 -0.006667
v -0.033177 0.165932 -0.006866
v -0.033303 0.171629 -0.006896
v -0.032268 0.177032 -0.006753
v -0.030159 0.181868 -0.006534
v -0.027534 0.152883 -0.008939
v -0.030225 0.157773 -0.009318
v -0.031967 0.163180 -0.009679
v -0.032645 0.168799 -0.009845
v -0.032213 0.174294 -0.009736
v -0.030703 0.179356 -0.009429
v -0.028218 0.183764 -0.009098
v -0.028200 0.155562 -0.011714
v -0.030293 0.160617 -0.012242
v -0.031439 0.166051 -0.012602
v -0.031560 0.171534 -0.012630
v -0.030650 0.176738 -0.012324
v -0.028772 0.181384 -0.011847
v -0.025949 0.153696 -0.013834
v -0.028266 0.158291 -0.014498
v -0.029768 0.163443 -0.015083
v -0.030360 0.168824 -0.015329
v -0.030004 0.174090 -0.015138
v -0.028723 0.178927 -0.014604
v -0.026600 0.183086 -0.013985
v -0.026010 0.156228 -0.016403
v -0.027730 0.161000 -0.017228
v -0.028692 0.166199 -0.017745
v -0.028809 0.171463 -0.017772
v -0.028072 0.176447 -0.017308
v -0.026555 0.180848 -0.016529
v -0.023633 0.154621 0.016397
v -0.025371 0.158913 0.017434
v -0.026573 0.163865 0.018220
v -0.027070 0.169071 0.018491
v -0.026801 0.174163 0.018167
v -0.025811 0.178803 0.017332
v -0.024254 0.182675 0.016253
v -0.024301 0.184581 0.014015
v -0.025973 0.185414 0.009653
v -0.027091 0.186043 0.004552
v -0.027488 0.186255 -0.000912
v -0.027112 0.185987 -0.006375
v -0.026012 0.185305 -0.011474
v -0.024357 0.184426 -0.015833
v -0.024318 0.182498 -0.018051
v -0.025879 0.178614 -0.019084
v -0.026872 0.173966 -0.019868
v -0.027142 0.168872 -0.020138
v -0.026644 0.163668 -0.019815
v -0.025438 0.158724 -0.018982
v -0.023697 0.154443 -0.017907
v -0.023644 0.152231 -0.015668
v -0.025256 0.151161 -0.011299
v -0.026322 0.150355 -0.006192
v -0.026687 0.150078 -0.000727
v -0.026302 0.150411 0.004735
v -0.025217 0.151270 0.009828
v -0.023588 0.152385 0.014180
v -0.019153 0.156344 -0.023288
v -0.020067 0.161131 -0.024923
v -0.020675 0.166335 -0.025795
v -0.020792 0.171599 -0.025822
v -0.020409 0.176577 -0.025003
v -0.019698 0.180964 -0.023414
v -0.016541 0.153856 -0.023280
v -0.017293 0.158477 -0.025515
v -0.017971 0.163643 -0.026928
v -0.018311 0.169028 -0.027428
v -0.018207 0.174291 -0.026982
v -0.017750 0.179113 -0.025621
v -0.017192 0.183246 -0.023431
v -0.014463 0.155795 -0.025507
v -0.015085 0.160875 -0.027512
v -0.015542 0.166321 -0.028564
v -0.015663 0.171805 -0.028592
v -0.015442 0.176996 -0.027595
v -0.015035 0.181618 -0.025639
v -0.011640 0.153153 -0.024898
v -0.012113 0.158081 -0.027503
v -0.012573 0.163509 -0.029152
v -0.012837 0.169136 -0.029734
v -0.012819 0.174624 -0.029209
v -0.012591 0.179663 -0.027614
v -0.012324 0.184034 -0.025056
v -0.009142 0.155346 -0.026901
v -0.009512 0.160659 -0.029143
v -0.009813 0.166329 -0.030326
v -0.009939 0.172026 -0.030356
v -0.009883 0.177412 -0.029229
v -0.009737 0.182215 -0.027039
v -0.006225 0.152777 -0.025751
v -0.006460 0.157870 -0.028537
v -0.006701 0.163465 -0.030317
v -0.006878 0.169260 -0.030950
v -0.006954 0.174904 -0.030376
v -0.006951 0.180077 -0.028651
v -0.006929 0.184568 -0.025915
v -0.003490 0.155251 -0.027384
v -0.003614 0.160651 -0.029708
v -0.003744 0.166414 -0.030941
v -0.003872 0.172200 -0.030971
v -0.003991 0.177663 -0.029795
v -0.004094 0.182528 -0.027524
v -0.000642 0.152901 -0.025762
v -0.000644 0.157999 -0.028548
v -0.000658 0.163599 -0.030329
v -0.000740 0.169396 -0.030962
v -0.000911 0.175037 -0.030388
v -0.001136 0.180206 -0.028662
v -0.001346 0.184692 -0.025926
v 0.002154 0.155597 -0.026923
v 0.002280 0.160920 -0.029166
v 0.002324 0.166598 -0.030351
v 0.002198 0.172294 -0.030380
v 0.001909 0.177673 -0.029252
v 0.001559 0.182465 -0.027061
v 0.004755 0.153516 -0.024930
v 0.004999 0.158460 -0.027537
v 0.005212 0.163903 -0.029187
v 0.005224 0.169535 -0.029770
v 0.004966 0.175017 -0.029244
v 0.004521 0.180042 -0.027648
v 0.004071 0.184397 -0.025089
v 0.007455 0.156280 -0.025550
v 0.007844 0.161383 -0.027558
v 0.008055 0.166844 -0.028610
v 0.007933 0.172327 -0.028639
v 0.007487 0.177503 -0.027640
v 0.006883 0.182103 -0.025683
v 0.009626 0.154435 -0.023331
v 0.010163 0.159085 -0.025570
v 0.010607 0.164275 -0.026984
v 0.010706 0.169670 -0.027485
v 0.010371 0.174923 -0.027039
v 0.009707 0.179721 -0.025676
v 0.008975 0.183825 -0.023482
v 0.012125 0.157037 -0.023350
v 0.012819 0.161858 -0.024988
v 0.013194 0.167085 -0.025862
v 0.013077 0.172348 -0.025889
v 0.012477 0.177305 -0.025068
v 0.011580 0.181656 -0.023476
v -0.020617 0.154496 -0.021000
v -0.021772 0.158786 -0.022664
v -0.022693 0.163736 -0.023782
v -0.023106 0.168940 -0.024190
v -0.022921 0.174034 -0.023835
v -0.022213 0.178677 -0.022766
v -0.021238 0.182550 -0.021144
v -0.019053 0.184516 -0.021158
v -0.014717 0.185497 -0.022815
v -0.009635 0.186284 -0.023923
v -0.004179 0.186651 -0.024317
v 0.001290 0.186525 -0.023945
v 0.006405 0.185964 -0.022857
v 0.010787 0.185177 -0.021217
v 0.013057 0.183309 -0.021211
v 0.014196 0.179482 -0.022838
v 0.015105 0.174875 -0.023910
v 0.015513 0.169795 -0.024266
v 0.015333 0.164577 -0.023857
v 0.014636 0.159592 -0.022736
v 0.013679 0.155255 -0.021067
v 0.011500 0.152982 -0.021052
v 0.007161 0.151821 -0.022682
v 0.002079 0.150893 -0.023762
v -0.003378 0.150474 -0.024131
v -0.008846 0.150652 -0.023740
v -0.013961 0.151353 -0.022640
v -0.018340 0.152321 -0.020993
v 0.019008 0.157224 -0.016492
v 0.020512 0.162068 -0.017324
v 0.021241 0.167304 -0.017844
v 0.021124 0.172568 -0.017871
v 0.020170 0.177515 -0.017403
v 0.018463 0.181844 -0.016618
v 0.019069 0.154692 -0.013923
v 0.021177 0.159385 -0.014596
v 0.022448 0.164598 -0.015186
v 0.022801 0.170000 -0.015434
v 0.022212 0.175246 -0.015241
v 0.020720 0.180021 -0.014701
v 0.018418 0.184082 -0.014074
v 0.021243 0.156656 -0.011812
v 0.023109 0.161799 -0.012347
v 0.024011 0.167278 -0.012711
v 0.023890 0.172762 -0.012739
v 0.022752 0.177919 -0.012430
v 0.020672 0.182478 -0.011944
v 0.020708 0.153950 -0.009035
v 0.023178 0.158955 -0.009424
v 0.024678 0.164433 -0.009791
v 0.025106 0.170077 -0.009959
v 0.024432 0.175548 -0.009848
v 0.022700 0.180538 -0.009535
v 0.020024 0.184831 -0.009193
v 0.022652 0.156155 -0.006500
v 0.024748 0.161533 -0.006779
v 0.025776 0.167237 -0.006983
v 0.025650 0.172933 -0.007012
v 0.024377 0.178285 -0.006865
v 0.022057 0.183024 -0.006638
v 0.021574 0.153506 -0.003626
v 0.024220 0.158676 -0.003775
v 0.025847 0.164321 -0.003920
v 0.026321 0.170133 -0.003999
v 0.025594 0.175760 -0.003979
v 0.023728 0.180884 -0.003888
v 0.020870 0.185297 -0.003789
v 0.023140 0.155977 -0.000850
v 0.025315 0.161440 -0.000882
v 0.026391 0.167235 -0.000914
v 0.026263 0.173022 -0.000944
v 0.024939 0.178451 -0.000969
v 0.022536 0.183253 -0.000990
v 0.021584 0.153535 0.001958
v 0.024230 0.158707 0.002043
v 0.025858 0.164353 0.002124
v 0.026333 0.170165 0.002141
v 0.025605 0.175791 0.002065
v 0.023739 0.180914 0.001929
v 0.020881 0.185326 0.001795
v 0.022673 0.156214 0.004799
v 0.024770 0.161594 0.005016
v 0.025799 0.167299 0.005157
v 0.025673 0.172996 0.005127
v 0.024399 0.178346 0.004930
v 0.022078 0.183082 0.004662
v 0.020738 0.154035 0.007364
v 0.023210 0.159044 0.007693
v 0.024711 0.164525 0.007998
v 0.025140 0.170171 0.008106
v 0.024465 0.175640 0.007941
v 0.022732 0.180626 0.007582
v 0.020055 0.184916 0.007206
v 0.021284 0.156769 0.010111
v 0.023152 0.161917 0.010587
v 0.024055 0.167401 0.010891
v 0.023934 0.172884 0.010862
v 0.022795 0.178038 0.010504
v 0.020712 0.182592 0.009979
v 0.019117 0.154828 0.012251
v 0.021229 0.159527 0.012867
v 0.022501 0.164746 0.013399
v 0.022855 0.170150 0.013589
v 0.022265 0.175394 0.013344
v 0.020772 0.180163 0.012761
v 0.018467 0.184218 0.012100
v 0.019066 0.157386 0.014794
v 0.020573 0.162238 0.015570
v 0.021304 0.167479 0.016033
v 0.021187 0.172743 0.016006
v 0.020231 0.177685 0.015491
v 0.018521 0.182006 0.014667
v 0.016770 0.155339 -0.017987
v 0.018316 0.159693 -0.019069
v 0.019298 0.164685 -0.019906
v 0.019564 0.169905 -0.020230
v 0.019070 0.174983 -0.019959
v 0.017876 0.179583 -0.019171
v 0.016149 0.183393 -0.018131
v 0.016111 0.185322 -0.015913
v 0.017743 0.186273 -0.011561
v 0.018831 0.187004 -0.006466
v 0.019217 0.187289 -0.001005
v 0.018851 0.187060 0.004461
v 0.017782 0.186383 0.009567
v 0.016166 0.185476 0.013935
v 0.016213 0.183571 0.016173
v 0.017944 0.179771 0.017246
v 0.019141 0.175180 0.018076
v 0.019636 0.170105 0.018398
v 0.019369 0.164882 0.018129
v 0.018384 0.159881 0.017348
v 0.016834 0.155516 0.016317
v 0.016879 0.153281 0.014100
v 0.018538 0.152239 0.009742
v 0.019640 0.151428 0.004644
v 0.020018 0.151111 -0.000819
v 0.019620 0.151371 -0.006283
v 0.018499 0.152130 -0.011385
v 0.016823 0.153127 -0.015748
v 0.012209 0.157269 0.021678
v 0.012909 0.162108 0.023265
v 0.013287 0.167343 0.024082
v 0.013170 0.172607 0.024055
v 0.012567 0.177555 0.023186
v 0.011664 0.181889 0.021552
v 0.009710 0.154668 0.021697
v 0.010256 0.159340 0.023885
v 0.010705 0.164546 0.025244
v 0.010805 0.169945 0.025688
v 0.010469 0.175193 0.025189
v 0.009799 0.179976 0.023779
v 0.009059 0.184058 0.021546
v 0.007547 0.156536 0.023904
v 0.007943 0.161659 0.025857
v 0.008158 0.167130 0.026853
v 0.008037 0.172614 0.026825
v 0.007586 0.177780 0.025775
v 0.006976 0.182358 0.023772
v 0.004845 0.153765 0.023323
v 0.005098 0.158736 0.025878
v 0.005317 0.164196 0.027470
v 0.005331 0.169834 0.027995
v 0.005071 0.175310 0.027413
v 0.004621 0.180318 0.025767
v 0.004161 0.184646 0.023165
v 0.002251 0.155867 0.025304
v 0.002385 0.161214 0.027491
v 0.002434 0.166903 0.028617
v 0.002308 0.172599 0.028587
v 0.002015 0.177966 0.027405
v 0.001657 0.182735 0.025166
v -0.000549 0.153159 0.024182
v -0.000541 0.158286 0.026915
v -0.000548 0.163904 0.028638
v -0.000628 0.169707 0.029211
v -0.000801 0.175342 0.028579
v -0.001032 0.180493 0.026801
v -0.001253 0.184950 0.024019
v -0.003391 0.155526 0.025789
v -0.003507 0.160950 0.028057
v -0.003632 0.166725 0.029232
v -0.003760 0.172512 0.029202
v -0.003883 0.177962 0.027970
v -0.003995 0.182803 0.025649
v -0.006132 0.153036 0.024193
v -0.006356 0.158157 0.026926
v -0.006591 0.163770 0.028650
v -0.006766 0.169571 0.029223
v -0.006844 0.175209 0.028591
v -0.006848 0.180364 0.026812
v -0.006836 0.184827 0.024030
v -0.009045 0.155617 0.025327
v -0.009407 0.160953 0.027515
v -0.009703 0.166634 0.028641
v -0.009829 0.172331 0.028611
v -0.009778 0.177705 0.027429
v -0.009640 0.182485 0.025189
v -0.011550 0.153402 0.023355
v -0.012014 0.158357 0.025911
v -0.012468 0.163802 0.027506
v -0.012729 0.169434 0.028031
v -0.012714 0.174917 0.027449
v -0.012492 0.179940 0.025801
v -0.012234 0.184283 0.023197
v -0.014371 0.156051 0.023948
v -0.014985 0.161151 0.025903
v -0.015438 0.166608 0.026899
v -0.015560 0.172091 0.026871
v -0.015342 0.177272 0.025820
v -0.014943 0.181873 0.023815
v -0.016457 0.154089 0.021748
v -0.017201 0.158733 0.023939
v -0.017874 0.163913 0.025300
v -0.018211 0.169303 0.025746
v -0.018110 0.174561 0.025245
v -0.017658 0.179369 0.023833
v -0.017108 0.183479 0.021598
v -0.019069 0.156577 0.021740
v -0.019977 0.161380 0.023330
v -0.020582 0.166593 0.024149
v -0.020699 0.171857 0.024122
v -0.020319 0.176827 0.023251
v -0.019614 0.181197 0.021614
v 0.013754 0.155464 0.019409
v 0.014718 0.159819 0.021029
v 0.015418 0.164815 0.022096
v 0.015600 0.170037 0.022450
v 0.015190 0.175113 0.022043
v 0.014277 0.179709 0.020927
v 0.013133 0.183519 0.019265
v 0.010863 0.185386 0.019260
v 0.006487 0.186191 0.020908
v 0.001375 0.186763 0.022009
v -0.004092 0.186893 0.022400
v -0.009550 0.186521 0.022030
v -0.014635 0.185723 0.020950
v -0.018978 0.184726 0.019319
v -0.021163 0.182760 0.019333
v -0.022131 0.178903 0.020999
v -0.022836 0.174271 0.022118
v -0.023019 0.169182 0.022527
v -0.022608 0.163973 0.022171
v -0.021691 0.159013 0.021101
v -0.020542 0.154705 0.019477
v -0.018265 0.152530 0.019484
v -0.013879 0.151579 0.021125
v -0.008761 0.150889 0.022213
v -0.003291 0.150715 0.022585
v 0.002164 0.151131 0.022192
v 0.007243 0.152047 0.021083
v 0.011576 0.153191 0.019425
v -0.016232 0.146990 -0.016388
v -0.011264 0.145511 -0.017257
v -0.005980 0.144884 -0.017866
v -0.000506 0.145006 -0.017877
v 0.004747 0.145865 -0.017288
v 0.009648 0.147562 -0.016440
v -0.018787 0.146946 -0.013822
v -0.013482 0.144676 -0.014505
v -0.008491 0.143732 -0.015444
v -0.003209 0.143583 -0.015941
v 0.002062 0.143966 -0.015465
v 0.007010 0.145130 -0.014546
v 0.012213 0.147632 -0.013884
v -0.016345 0.144628 -0.011630
v -0.010521 0.142684 -0.012637
v -0.005766 0.142459 -0.013766
v -0.000597 0.142574 -0.013776
v 0.004148 0.143009 -0.012666
v 0.009885 0.145208 -0.011682
v -0.019609 0.145369 -0.008877
v -0.014170 0.142622 -0.008973
v 0.007811 0.143109 -0.009017
v 0.013124 0.146094 -0.008942
v -0.017742 0.143575 -0.006155
v 0.011348 0.144219 -0.006213
v -0.020333 0.144641 -0.003455
v -0.016158 0.142282 -0.003331
v 0.009834 0.142859 -0.003382
v 0.013900 0.145398 -0.003523
v -0.018381 0.143325 -0.000707
v 0.012020 0.143998 -0.000767
v -0.020330 0.144669 0.002028
v -0.016189 0.142310 0.001879
v 0.009884 0.142885 0.001827
v 0.013917 0.145427 0.001960
v -0.017890 0.143627 0.004568
v 0.011536 0.144278 0.004510
v -0.019733 0.145450 0.007292
v -0.015066 0.142683 0.006627
v 0.008765 0.143209 0.006579
v 0.013308 0.146181 0.007227
v -0.016970 0.144723 0.009532
v -0.011403 0.142783 0.010276
v -0.005757 0.142594 0.012273
v -0.000509 0.142709 0.012262
v 0.005116 0.143147 0.010244
v 0.010588 0.145332 0.009477
v -0.018893 0.147078 0.012218
v -0.014095 0.144801 0.012396
v -0.008604 0.143880 0.013821
v -0.003153 0.143740 0.014467
v 0.002284 0.144120 0.013799
v 0.007724 0.145284 0.012353
v 0.012416 0.147770 0.012156
v -0.016328 0.147147 0.014773
v -0.011357 0.145678 0.015638
v -0.005923 0.145062 0.016382
v -0.000436 0.145183 0.016371
v 0.004963 0.146039 0.015606
v 0.009860 0.147727 0.014722
v -0.018260 0.149250 -0.017891
v -0.013846 0.147694 -0.018952
v -0.008737 0.146720 -0.019777
v -0.003281 0.146466 -0.020093
v 0.002159 0.146961 -0.019798
v 0.007223 0.148160 -0.018993
v 0.011568 0.149911 -0.017950
v 0.013800 0.149971 -0.015726
v 0.014885 0.148369 -0.011359
v 0.015759 0.147332 -0.006247
v 0.016092 0.146994 -0.000790
v 0.015786 0.147389 0.004657
v 0.014951 0.148479 0.009741
v 0.013862 0.150126 0.014116
v 0.011639 0.150088 0.016348
v 0.007318 0.148349 0.017406
v 0.002236 0.147158 0.018262
v -0.003209 0.146666 0.018589
v -0.008672 0.146917 0.018284
v -0.013805 0.147882 0.017448
v -0.018203 0.149428 0.016407
v -0.020435 0.149367 0.014184
v -0.021467 0.147673 0.009813
v -0.022273 0.146546 0.004732
v -0.022582 0.146138 -0.000714
v -0.022286 0.146490 -0.006172
v -0.021479 0.147564 -0.011287
v -0.020484 0.149213 -0.015658
v 0.008860 0.189632 -0.016641
v 0.003944 0.190818 -0.017442
v -0.001478 0.191367 -0.017926
v -0.007061 0.191244 -0.017915
v -0.012451 0.190456 -0.017409
v -0.017307 0.189053 -0.016589
v 0.011421 0.189702 -0.014090
v 0.006700 0.191373 -0.014734
v 0.001364 0.192342 -0.015290
v -0.004293 0.192583 -0.015500
v -0.009933 0.192092 -0.015268
v -0.015218 0.190888 -0.014691
v -0.019858 0.189010 -0.014028
v 0.009474 0.191449 -0.011970
v 0.004267 0.192883 -0.012473
v -0.001399 0.193541 -0.012800
v -0.007215 0.193412 -0.012788
v -0.012846 0.192504 -0.012439
v -0.017982 0.190841 -0.011916
v 0.012205 0.191044 -0.009211
v 0.007180 0.192962 -0.009570
v 0.001584 0.194074 -0.009902
v -0.004321 0.194356 -0.010030
v -0.010208 0.193813 -0.009878
v -0.015748 0.192455 -0.009525
v -0.020681 0.190316 -0.009146
v 0.010021 0.192578 -0.006664
v 0.004586 0.194155 -0.006910
v -0.001304 0.194882 -0.007076
v -0.007347 0.194748 -0.007064
v -0.013199 0.193762 -0.006875
v -0.018558 0.191946 -0.006608
v 0.012691 0.191754 -0.003808
v 0.007507 0.193783 -0.003925
v 0.001748 0.194965 -0.004034
v -0.004330 0.195269 -0.004072
v -0.010388 0.194697 -0.004010
v -0.016089 0.193261 -0.003878
v -0.021178 0.191004 -0.003741
v 0.010242 0.192979 -0.001017
v 0.004726 0.194603 -0.001015
v -0.001255 0.195352 -0.001008
v -0.007393 0.195217 -0.000996
v -0.013335 0.194203 -0.000980
v -0.018774 0.192337 -0.000960
v 0.012702 0.191782 0.001776
v 0.007518 0.193813 0.001892
v 0.001760 0.194997 0.002010
v -0.004318 0.195300 0.002068
v -0.010377 0.194728 0.002034
v -0.016078 0.193291 0.001939
v -0.021167 0.191033 0.001843
v 0.010042 0.192637 0.004635
v 0.004608 0.194216 0.004885
v -0.001282 0.194945 0.005064
v -0.007324 0.194811 0.005076
v -0.013177 0.193823 0.004920
v -0.018537 0.192004 0.004691
v 0.012235 0.191128 0.007188
v 0.007212 0.193051 0.007546
v 0.001617 0.194166 0.007887
v -0.004288 0.194449 0.008035
v -0.010175 0.193905 0.007911
v -0.015716 0.192543 0.007592
v -0.020651 0.190401 0.007253
v 0.009515 0.191562 0.009953
v 0.004310 0.193002 0.010461
v -0.001355 0.193663 0.010802
v -0.007171 0.193534 0.010814
v -0.012803 0.192623 0.010495
v -0.017941 0.190955 0.010008
v 0.011469 0.189837 0.012084
v 0.006751 0.191515 0.012729
v 0.001417 0.192490 0.013295
v -0.004239 0.192733 0.013523
v -0.009879 0.192240 0.013317
v -0.015167 0.191030 0.012772
v -0.019809 0.189145 0.012146
v 0.008919 0.189794 0.014645
v 0.004005 0.190989 0.015452
v -0.001415 0.191543 0.015951
v -0.006998 0.191419 0.015962
v -0.012390 0.190626 0.015484
v -0.017249 0.189215 0.014697
v 0.010736 0.187795 -0.018144
v 0.006344 0.189046 -0.019198
v 0.001225 0.189817 -0.020002
v -0.004245 0.190002 -0.020290
v -0.009700 0.189576 -0.019980
v -0.014778 0.188578 -0.019157
v -0.019105 0.187135 -0.018085
v -0.021329 0.187097 -0.015852
v -0.022407 0.188449 -0.011497
v -0.023226 0.189346 -0.006400
v -0.023519 0.189675 -0.000937
v -0.023205 0.189402 0.004527
v -0.022367 0.188558 0.009630
v -0.021273 0.187251 0.013995
v -0.019041 0.187312 0.016219
v -0.014710 0.188767 0.017260
v -0.009629 0.189772 0.018054
v -0.004173 0.190202 0.018339
v 0.001295 0.190014 0.018033
v 0.006412 0.189234 0.017218
v 0.010799 0.187973 0.016160
v 0.013023 0.188010 0.013928
v 0.014041 0.189364 0.009558
v 0.014821 0.190244 0.004452
v 0.015101 0.190530 -0.001014
v 0.014800 0.190187 -0.006475
v 0.014002 0.189254 -0.011569
v 0.012967 0.187856 -0.015920
v -0.027154 0.156044 0.012639
v -0.029072 0.160962 0.013264
v -0.030128 0.166276 0.013651
v -0.030247 0.171641 0.013624
v -0.029422 0.176725 0.013183
v -0.027712 0.181240 0.012510
v -0.028959 0.155334 0.007619
v -0.031190 0.160520 0.007970
v -0.032410 0.166077 0.008198
v -0.032534 0.171676 0.008169
v -0.031554 0.176986 0.007885
v -0.029544 0.181736 0.007483
v -0.029898 0.154874 0.002101
v -0.032292 0.160216 0.002202
v -0.033610 0.165935 0.002261
v -0.033738 0.171698 0.002232
v -0.032668 0.177159 0.002115
v -0.030500 0.182045 0.001962
v -0.029909 0.154845 -0.003592
v -0.032303 0.160185 -0.003738
v -0.033622 0.165903 -0.003853
v -0.033749 0.171666 -0.003882
v -0.032679 0.177128 -0.003825
v -0.030511 0.182015 -0.003731
v -0.028990 0.155248 -0.009117
v -0.031222 0.160430 -0.009514
v -0.032444 0.165984 -0.009794
v -0.032568 0.171583 -0.009823
v -0.031587 0.176895 -0.009598
v -0.029575 0.181650 -0.009252
v -0.027204 0.155906 -0.014151
v -0.029125 0.160817 -0.014820
v -0.030182 0.166126 -0.015258
v -0.030301 0.171492 -0.015286
v -0.029474 0.176580 -0.014901
v -0.027762 0.181102 -0.014281
v -0.022628 0.152871 0.015949
v -0.024553 0.156655 0.016919
v -0.026052 0.161333 0.017880
v -0.026916 0.166460 0.018428
v -0.027031 0.171653 0.018401
v -0.026389 0.176559 0.017802
v -0.025089 0.180855 0.016795
v -0.023323 0.184225 0.015788
v -0.025191 0.185000 0.011952
v -0.026614 0.185772 0.007171
v -0.027385 0.186208 0.001843
v -0.027396 0.186179 -0.003667
v -0.026644 0.185688 -0.008993
v -0.025238 0.184867 -0.013771
v -0.023385 0.184053 -0.017606
v -0.025155 0.180672 -0.018572
v -0.026459 0.176366 -0.019529
v -0.027102 0.171454 -0.020075
v -0.026987 0.166261 -0.020049
v -0.026121 0.161140 -0.019450
v -0.024619 0.156472 -0.018447
v -0.022691 0.152698 -0.017445
v -0.024504 0.151691 -0.013601
v -0.025869 0.150703 -0.008813
v -0.026598 0.150141 -0.003482
v -0.026587 0.150170 0.002027
v -0.025839 0.150787 0.007350
v -0.024456 0.151824 0.012122
v -0.016902 0.156081 -0.024496
v -0.017661 0.161011 -0.026330
v -0.018194 0.166330 -0.027295
v -0.018312 0.171696 -0.027323
v -0.018010 0.176774 -0.026411
v -0.017460 0.181277 -0.024625
v -0.011864 0.155539 -0.026313
v -0.012358 0.160750 -0.028455
v -0.012738 0.166319 -0.029581
v -0.012862 0.171917 -0.029609
v -0.012723 0.177216 -0.028539
v -0.012449 0.181941 -0.026448
v -0.006337 0.155245 -0.027260
v -0.006584 0.160622 -0.029563
v -0.006801 0.166359 -0.030783
v -0.006928 0.172122 -0.030813
v -0.006959 0.177565 -0.029650
v -0.006938 0.182416 -0.027399
v -0.000646 0.155371 -0.027271
v -0.000646 0.160754 -0.029574
v -0.000688 0.166494 -0.030795
v -0.000816 0.172257 -0.030825
v -0.001021 0.177697 -0.029661
v -0.001247 0.182542 -0.027411
v 0.004867 0.155909 -0.026346
v 0.005121 0.161137 -0.028489
v 0.005250 0.166717 -0.029616
v 0.005126 0.172315 -0.029645
v 0.004757 0.177603 -0.028574
v 0.004283 0.182311 -0.026481
v 0.009883 0.156673 -0.024549
v 0.010416 0.161633 -0.026386
v 0.010709 0.166969 -0.027352
v 0.010590 0.172335 -0.027380
v 0.010067 0.177396 -0.026467
v 0.009325 0.181869 -0.024678
v -0.020122 0.152741 -0.020025
v -0.021196 0.156530 -0.021885
v -0.022284 0.161205 -0.023304
v -0.022972 0.166329 -0.024080
v -0.023087 0.171523 -0.024107
v -0.022621 0.176431 -0.023382
v -0.021731 0.180730 -0.022009
v -0.020816 0.184096 -0.020186
v -0.017003 0.185007 -0.022040
v -0.012245 0.185933 -0.023450
v -0.006931 0.186527 -0.024214
v -0.001424 0.186649 -0.024225
v 0.003915 0.186290 -0.023482
v 0.008714 0.185576 -0.022091
v 0.012571 0.184835 -0.020252
v 0.013627 0.181513 -0.022079
v 0.014701 0.177257 -0.023456
v 0.015381 0.172374 -0.024183
v 0.015495 0.167181 -0.024156
v 0.015038 0.162031 -0.023378
v 0.014163 0.157313 -0.021955
v 0.013265 0.153480 -0.020091
v 0.009449 0.152400 -0.021921
v 0.004689 0.151306 -0.023303
v -0.000626 0.150611 -0.024040
v -0.006133 0.150489 -0.024029
v -0.011471 0.150948 -0.023271
v -0.016269 0.151831 -0.021870
v 0.020224 0.156955 -0.014245
v 0.021923 0.161946 -0.014921
v 0.022742 0.167297 -0.015363
v 0.022623 0.172663 -0.015390
v 0.021574 0.177709 -0.015002
v 0.019666 0.182151 -0.014375
v 0.022057 0.156378 -0.009218
v 0.024056 0.161653 -0.009623
v 0.025030 0.167256 -0.009908
v 0.024906 0.172855 -0.009937
v 0.023691 0.178119 -0.009707
v 0.021473 0.182780 -0.009353
v 0.023015 0.156016 -0.003696
v 0.025170 0.161457 -0.003852
v 0.026233 0.167228 -0.003971
v 0.026106 0.172991 -0.004001
v 0.024795 0.178400 -0.003939
v 0.022413 0.183187 -0.003836
v 0.023025 0.156046 0.001996
v 0.025181 0.161488 0.002088
v 0.026245 0.167260 0.002143
v 0.026117 0.173023 0.002114
v 0.024806 0.178431 0.002001
v 0.022424 0.183216 0.001857
v 0.022088 0.156464 0.007518
v 0.024089 0.161744 0.007860
v 0.025063 0.167349 0.008084
v 0.024939 0.172948 0.008055
v 0.023724 0.178209 0.007776
v 0.021504 0.182866 0.007382
v 0.020274 0.157094 0.012545
v 0.021975 0.162092 0.013163
v 0.022796 0.167447 0.013546
v 0.022677 0.172813 0.013519
v 0.021626 0.177855 0.013082
v 0.019716 0.182290 0.012416
v 0.015844 0.153551 -0.017521
v 0.017599 0.157406 -0.018531
v 0.018890 0.162136 -0.019539
v 0.019526 0.167291 -0.020141
v 0.019411 0.172484 -0.020167
v 0.018552 0.177362 -0.019618
v 0.017064 0.181606 -0.018655
v 0.015149 0.184905 -0.017682
v 0.016980 0.185801 -0.013855
v 0.018367 0.186684 -0.009082
v 0.019117 0.187209 -0.003759
v 0.019127 0.187237 0.001751
v 0.018397 0.186768 0.007082
v 0.017028 0.185934 0.011869
v 0.015212 0.185078 0.015712
v 0.017129 0.181789 0.016712
v 0.018622 0.177555 0.017713
v 0.019482 0.172683 0.018309
v 0.019597 0.167490 0.018336
v 0.018959 0.162329 0.017791
v 0.017665 0.157589 0.016836
v 0.015906 0.153723 0.015873
v 0.017763 0.152758 0.012039
v 0.019172 0.151783 0.007261
v 0.019925 0.151199 0.001935
v 0.019915 0.151171 -0.003574
v 0.019142 0.151700 -0.008902
v 0.017715 0.152625 -0.013685
v 0.009971 0.156919 0.022890
v 0.010512 0.161897 0.024673
v 0.010808 0.167243 0.025583
v 0.010689 0.172609 0.025556
v 0.010163 0.177660 0.024593
v 0.009413 0.182115 0.022761
v 0.004962 0.156173 0.024713
v 0.005224 0.161423 0.026802
v 0.005357 0.167014 0.027870
v 0.005233 0.172613 0.027842
v 0.004860 0.177889 0.026717
v 0.004378 0.182575 0.024578
v -0.000547 0.155645 0.025665
v -0.000538 0.161051 0.027912
v -0.000576 0.166804 0.029074
v -0.000704 0.172567 0.029044
v -0.000914 0.177994 0.027825
v -0.001149 0.182816 0.025525
v -0.006238 0.155519 0.025676
v -0.006477 0.160920 0.027924
v -0.006689 0.166669 0.029086
v -0.006817 0.172432 0.029056
v -0.006852 0.177863 0.027837
v -0.006840 0.182690 0.025537
v -0.011769 0.155803 0.024746
v -0.012255 0.161036 0.026836
v -0.012631 0.166616 0.027906
v -0.012755 0.172215 0.027877
v -0.012620 0.177502 0.026752
v -0.012354 0.182205 0.024611
v -0.016813 0.156326 0.022943
v -0.017566 0.161275 0.024729
v -0.018095 0.166604 0.025641
v -0.018214 0.171969 0.025613
v -0.017915 0.177039 0.024648
v -0.017371 0.181522 0.022814
v 0.013337 0.153680 0.018452
v 0.014242 0.157531 0.020273
v 0.015122 0.162264 0.021644
v 0.015582 0.167421 0.022367
v 0.015467 0.172615 0.022341
v 0.014784 0.177490 0.021566
v 0.013706 0.181731 0.020149
v 0.012643 0.185034 0.018292
v 0.008793 0.185795 0.020137
v 0.003999 0.186523 0.021539
v -0.001337 0.186890 0.022298
v -0.006845 0.186768 0.022309
v -0.012162 0.186166 0.021571
v -0.016925 0.185225 0.020188
v -0.020744 0.184296 0.018358
v -0.021653 0.180948 0.020219
v -0.022537 0.176664 0.021640
v -0.023000 0.171763 0.022417
v -0.022885 0.166570 0.022444
v -0.022200 0.161438 0.021718
v -0.021117 0.156749 0.020343
v -0.020050 0.152941 0.018518
v -0.016190 0.152049 0.020358
v -0.011387 0.151181 0.021751
v -0.006047 0.150730 0.022494
v -0.000539 0.150852 0.022483
v 0.004773 0.151539 0.021719
v 0.009528 0.152619 0.020308
v -0.016221 0.145707 -0.014142
v -0.010976 0.144072 -0.015003
v -0.005887 0.143583 -0.015791
v -0.000534 0.143702 -0.015802
v 0.004532 0.144415 -0.015034
v 0.009703 0.146281 -0.014193
v -0.017004 0.143969 -0.008951
v 0.010582 0.144580 -0.009006
v -0.018222 0.143373 -0.003406
v 0.011847 0.144039 -0.003465
v -0.018233 0.143401 0.001970
v 0.011878 0.144067 0.001910
v -0.017456 0.144042 0.007044
v 0.011094 0.144673 0.006987
v -0.016625 0.145834 0.012242
v -0.011406 0.144207 0.013072
v -0.005852 0.143738 0.014306
v -0.000457 0.143857 0.014295
v 0.005066 0.144571 0.013040
v 0.010205 0.146428 0.012189
v -0.020059 0.150181 -0.017437
v -0.016168 0.148415 -0.018423
v -0.011355 0.147123 -0.019415
v -0.006030 0.146500 -0.020009
v -0.000536 0.146621 -0.020020
v 0.004758 0.147479 -0.019447
v 0.009513 0.148983 -0.018474
v 0.013326 0.150920 -0.017503
v 0.014343 0.149115 -0.013661
v 0.015372 0.147769 -0.008870
v 0.016004 0.147072 -0.003539
v 0.016015 0.147100 0.001957
v 0.015422 0.147853 0.007265
v 0.014410 0.149248 0.012045
v 0.013389 0.151093 0.015890
v 0.009598 0.149166 0.016877
v 0.004846 0.147673 0.017883
v -0.000463 0.146820 0.018503
v -0.005959 0.146699 0.018514
v -0.011304 0.147316 0.017915
v -0.016122 0.148597 0.016928
v -0.019998 0.150354 0.015956
v -0.020952 0.148465 0.012115
v -0.021919 0.147026 0.007339
v -0.022500 0.146248 0.002033
v -0.022509 0.146220 -0.003463
v -0.021930 0.146943 -0.008797
v -0.020980 0.148333 -0.013592
v 0.009152 0.190625 -0.014399
v 0.004092 0.191947 -0.015043
v -0.001445 0.192554 -0.015448
v -0.007136 0.192428 -0.015437
v -0.012640 0.191577 -0.015010
v -0.017633 0.190032 -0.014346
v 0.009776 0.192102 -0.009380
v 0.004439 0.193621 -0.009752
v -0.001350 0.194319 -0.009999
v -0.007288 0.194187 -0.009987
v -0.013040 0.193234 -0.009717
v -0.018302 0.191481 -0.009324
v 0.010182 0.192871 -0.003863
v 0.004686 0.194483 -0.003985
v -0.001271 0.195227 -0.004065
v -0.007384 0.195092 -0.004052
v -0.013302 0.194085 -0.003949
v -0.018720 0.192232 -0.003806
v 0.010193 0.192901 0.001830
v 0.004697 0.194514 0.001955
v -0.001260 0.195259 0.002050
v -0.007372 0.195123 0.002062
v -0.013291 0.194116 0.001991
v -0.018710 0.192261 0.001887
v 0.009807 0.192189 0.007356
v 0.004472 0.193711 0.007732
v -0.001316 0.194412 0.007993
v -0.007255 0.194280 0.008005
v -0.013007 0.193324 0.007766
v -0.018271 0.191567 0.007411
v 0.009201 0.190763 0.012392
v 0.004144 0.192092 0.013041
v -0.001391 0.192704 0.013461
v -0.007082 0.192578 0.013472
v -0.012587 0.191722 0.013074
v -0.017583 0.190171 0.012445
v 0.012527 0.187032 -0.017688
v 0.008657 0.188470 -0.018675
v 0.003851 0.189500 -0.019653
v -0.001489 0.189986 -0.020219
v -0.006997 0.189864 -0.020208
v -0.012309 0.189142 -0.019621
v -0.017061 0.187901 -0.018624
v -0.020859 0.186293 -0.017622
v -0.021872 0.187819 -0.013793
v -0.022870 0.188963 -0.009017
v -0.023447 0.189585 -0.003692
v -0.023436 0.189613 0.001818
v -0.022840 0.189046 0.007147
v -0.021824 0.187952 0.011931
v -0.020797 0.186466 0.015772
v -0.016995 0.188083 0.016743
v -0.012239 0.189335 0.017709
v -0.006926 0.190063 0.018269
v -0.001418 0.190185 0.018258
v 0.003921 0.189693 0.017677
v 0.008723 0.188653 0.016692
v 0.012589 0.187205 0.015706
v 0.013534 0.188734 0.011861
v 0.014482 0.189872 0.007073
v 0.015031 0.190465 0.001741
v 0.015021 0.190436 -0.003768
v 0.014452 0.189789 -0.009091
v 0.013486 0.188601 -0.013863
v -0.000062 -0.001480 -0.047963
v -0.009417 -0.001682 -0.047023
v -0.018408 -0.001867 -0.044276
v -0.026691 -0.002027 -0.039826
v -0.033948 -0.002157 -0.033846
v -0.039898 -0.002252 -0.026565
v -0.044315 -0.002307 -0.018263
v -0.047027 -0.002321 -0.009259
v -0.047931 -0.002293 0.000101
v -0.046992 -0.002224 0.009458
v -0.044246 -0.002117 0.018451
v -0.039799 -0.001976 0.026736
v -0.033821 -0.001806 0.033993
v -0.026543 -0.001615 0.039944
v -0.018243 -0.001408 0.044361
v -0.009241 -0.001195 0.047073
v 0.000117 -0.000983 0.047976
v 0.009471 -0.000781 0.047036
v 0.018463 -0.000596 0.044288
v 0.026746 -0.000435 0.039839
v 0.034002 -0.000305 0.033859
v 0.039953 -0.000211 0.026578
v 0.044369 -0.000156 0.018276
v 0.047082 -0.000142 0.009272
v 0.047986 -0.000170 -0.000089
v 0.047047 -0.000239 -0.009445
v 0.044301 -0.000346 -0.018438
v 0.039854 -0.000487 -0.026723
v 0.033876 -0.000656 -0.033980
v 0.026597 -0.000848 -0.039932
v 0.018298 -0.001054 -0.044348
v 0.009296 -0.001268 -0.047060
v -0.000167 0.002607 -0.055330
v -0.010954 0.002373 -0.054246
v -0.021323 0.002160 -0.051077
v -0.030874 0.001975 -0.045947
v -0.039242 0.001825 -0.039051
v -0.046103 0.001716 -0.030655
v -0.051196 0.001653 -0.021082
v -0.054324 0.001637 -0.010699
v -0.055366 0.001669 0.000095
v -0.054284 0.001748 0.010884
v -0.051117 0.001872 0.021254
v -0.045989 0.002034 0.030808
v -0.039096 0.002230 0.039176
v -0.030703 0.002451 0.046039
v -0.021132 0.002689 0.051132
v -0.010752 0.002935 0.054259
v 0.000039 0.003179 0.055300
v 0.010826 0.003412 0.054216
v 0.021194 0.003626 0.051048
v 0.030746 0.003811 0.045917
v 0.039113 0.003961 0.039022
v 0.045975 0.004070 0.030626
v 0.051068 0.004133 0.021052
v 0.054196 0.004149 0.010669
v 0.055238 0.004117 -0.000124
v 0.054156 0.004037 -0.010914
v 0.050989 0.003914 -0.021284
v 0.045861 0.003752 -0.030837
v 0.038968 0.003556 -0.039206
v 0.030575 0.003335 -0.046068
v 0.021004 0.003097 -0.051161
v 0.010624 0.002851 -0.054288
v -0.000250 0.006319 -0.055532
v -0.011072 0.006085 -0.054444
v -0.021475 0.005871 -0.051265
v -0.031058 0.005685 -0.046118
v -0.039453 0.005535 -0.039199
v -0.046338 0.005425 -0.030776
v -0.051447 0.005362 -0.021171
v -0.054585 0.005346 -0.010753
v -0.055631 0.005378 0.000076
v -0.054545 0.005458 0.010901
v -0.051368 0.005581 0.021306
v -0.046223 0.005744 0.030890
v -0.039307 0.005941 0.039287
v -0.030886 0.006162 0.046172
v -0.021284 0.006401 0.051282
v -0.010869 0.006648 0.054419
v -0.000043 0.006893 0.055464
v 0.010780 0.007127 0.054376
v 0.021183 0.007341 0.051198
v 0.030766 0.007527 0.046050
v 0.039161 0.007677 0.039132
v 0.046045 0.007787 0.030708
v 0.051155 0.007850 0.021103
v 0.054293 0.007866 0.010686
v 0.055339 0.007834 -0.000144
v 0.054253 0.007754 -0.010969
v 0.051076 0.007631 -0.021373
v 0.045930 0.007468 -0.030958
v 0.039015 0.007271 -0.039354
v 0.030594 0.007050 -0.046240
v 0.020991 0.006811 -0.051349
v 0.010577 0.006564 -0.054487
v -0.000320 0.010315 -0.046211
v -0.009321 0.010120 -0.045307
v -0.017973 0.009942 -0.042663
v -0.025943 0.009787 -0.038382
v -0.032925 0.009662 -0.032628
v -0.038651 0.009572 -0.025622
v -0.042900 0.009518 -0.017633
v -0.045510 0.009505 -0.008969
v -0.046380 0.009532 0.000037
v -0.045477 0.009598 0.009040
v -0.042835 0.009701 0.017694
v -0.038555 0.009837 0.025665
v -0.032803 0.010000 0.032649
v -0.025800 0.010184 0.038375
v -0.017814 0.010383 0.042625
v -0.009152 0.010588 0.045234
v -0.000148 0.010792 0.046103
v 0.008853 0.010987 0.045198
v 0.017505 0.011165 0.042555
v 0.025476 0.011319 0.038274
v 0.032458 0.011444 0.032519
v 0.038184 0.011535 0.025514
v 0.042433 0.011588 0.017525
v 0.045043 0.011602 0.008861
v 0.045913 0.011575 -0.000145
v 0.045009 0.011508 -0.009148
v 0.042367 0.011406 -0.017802
v 0.038088 0.011270 -0.025774
v 0.032336 0.011107 -0.032757
v 0.025332 0.010922 -0.038483
v 0.017346 0.010724 -0.042733
v 0.008685 0.010518 -0.045342
v -0.000361 0.012196 -0.046221
v -0.009362 0.012002 -0.045316
v -0.018014 0.011824 -0.042673
v -0.025985 0.011669 -0.038391
v -0.032967 0.011544 -0.032637
v -0.038693 0.011453 -0.025632
v -0.042942 0.011400 -0.017643
v -0.045552 0.011387 -0.008979
v -0.046422 0.011414 0.000027
v -0.045518 0.011480 0.009031
v -0.042876 0.011583 0.017684
v -0.038597 0.011719 0.025656
v -0.032845 0.011882 0.032639
v -0.025842 0.012066 0.038365
v -0.017855 0.012265 0.042615
v -0.009194 0.012470 0.045224
v -0.000189 0.012674 0.046093
v 0.008812 0.012869 0.045189
v 0.017464 0.013047 0.042545
v 0.025434 0.013201 0.038264
v 0.032416 0.013326 0.032510
v 0.038142 0.013417 0.025504
v 0.042391 0.013470 0.017515
v 0.045001 0.013483 0.008852
v 0.045871 0.013456 -0.000155
v 0.044968 0.013390 -0.009158
v 0.042326 0.013287 -0.017812
v 0.038046 0.013152 -0.025783
v 0.032294 0.012989 -0.032766
v 0.025291 0.012804 -0.038493
v 0.017305 0.012605 -0.042742
v 0.008643 0.012400 -0.045352
v -0.000405 0.013802 -0.050275
v -0.010195 0.013590 -0.049291
v -0.019605 0.013396 -0.046415
v -0.028274 0.013228 -0.041759
v -0.035868 0.013092 -0.035501
v -0.042096 0.012993 -0.027881
v -0.046718 0.012936 -0.019192
v -0.049556 0.012921 -0.009769
v -0.050502 0.012950 0.000027
v -0.049520 0.013022 0.009819
v -0.046646 0.013134 0.019231
v -0.041992 0.013282 0.027902
v -0.035736 0.013459 0.035497
v -0.028118 0.013660 0.041725
v -0.019432 0.013876 0.046347
v -0.010011 0.014099 0.049185
v -0.000218 0.014321 0.050131
v 0.009572 0.014533 0.049147
v 0.018982 0.014726 0.046271
v 0.027651 0.014894 0.041615
v 0.035245 0.015030 0.035356
v 0.041473 0.015129 0.027736
v 0.046095 0.015187 0.019048
v 0.048934 0.015201 0.009625
v 0.049880 0.015172 -0.000171
v 0.048897 0.015100 -0.009964
v 0.046023 0.014988 -0.019376
v 0.041369 0.014841 -0.028046
v 0.035113 0.014663 -0.035641
v 0.027496 0.014463 -0.041869
v 0.018810 0.014246 -0.046491
v 0.009389 0.014023 -0.049330
v -0.000587 0.021798 -0.052966
v -0.010894 0.021575 -0.051930
v -0.020801 0.021371 -0.048903
v -0.029927 0.021194 -0.044001
v -0.037922 0.021051 -0.037412
v -0.044479 0.020947 -0.029390
v -0.049345 0.020886 -0.020243
v -0.052333 0.020871 -0.010322
v -0.053329 0.020902 -0.000009
v -0.052295 0.020978 0.010300
v -0.049269 0.021095 0.020209
v -0.044369 0.021251 0.029337
v -0.037783 0.021438 0.037333
v -0.029764 0.021649 0.043890
v -0.020619 0.021876 0.048756
v -0.010701 0.022111 0.051745
v -0.000390 0.022345 0.052740
v 0.009917 0.022567 0.051704
v 0.019824 0.022771 0.048677
v 0.028950 0.022948 0.043774
v 0.036945 0.023091 0.037186
v 0.043501 0.023195 0.029163
v 0.048367 0.023256 0.020016
v 0.051356 0.023271 0.010095
v 0.052352 0.023241 -0.000218
v 0.051317 0.023165 -0.010527
v 0.048292 0.023047 -0.020436
v 0.043392 0.022892 -0.029564
v 0.036806 0.022705 -0.037560
v 0.028786 0.022494 -0.044117
v 0.019642 0.022266 -0.048983
v 0.009723 0.022031 -0.051971
v -0.000748 0.029231 -0.050948
v -0.010654 0.029017 -0.049953
v -0.020175 0.028821 -0.047043
v -0.028947 0.028651 -0.042332
v -0.036631 0.028513 -0.035999
v -0.042932 0.028413 -0.028289
v -0.047609 0.028355 -0.019498
v -0.050481 0.028340 -0.009963
v -0.051438 0.028370 -0.000051
v -0.050444 0.028442 0.009857
v -0.047536 0.028556 0.019381
v -0.042827 0.028705 0.028154
v -0.036497 0.028885 0.035839
v -0.028789 0.029088 0.042141
v -0.020000 0.029306 0.046818
v -0.010468 0.029532 0.049689
v -0.000558 0.029756 0.050646
v 0.009348 0.029971 0.049650
v 0.018869 0.030166 0.046741
v 0.027640 0.030336 0.042029
v 0.035325 0.030474 0.035697
v 0.041626 0.030574 0.027987
v 0.046303 0.030632 0.019195
v 0.049175 0.030647 0.009660
v 0.050132 0.030618 -0.000252
v 0.049138 0.030545 -0.010160
v 0.046230 0.030431 -0.019683
v 0.041521 0.030282 -0.028456
v 0.035191 0.030103 -0.036141
v 0.027483 0.029900 -0.042443
v 0.018694 0.029681 -0.047120
v 0.009162 0.029455 -0.049992
v -0.000881 0.035914 -0.043534
v -0.009334 0.035731 -0.042684
v -0.017460 0.035564 -0.040201
v -0.024945 0.035419 -0.036181
v -0.031502 0.035301 -0.030777
v -0.036879 0.035216 -0.024197
v -0.040870 0.035166 -0.016695
v -0.043321 0.035154 -0.008558
v -0.044138 0.035179 -0.000100
v -0.043290 0.035241 0.008355
v -0.040809 0.035338 0.016482
v -0.036790 0.035465 0.023969
v -0.031388 0.035618 0.030527
v -0.024810 0.035792 0.035905
v -0.017310 0.035978 0.039896
v -0.009176 0.036171 0.042347
v -0.000719 0.036362 0.043163
v 0.007734 0.036545 0.042313
v 0.015859 0.036712 0.039830
v 0.023344 0.036857 0.035810
v 0.029902 0.036975 0.030406
v 0.035279 0.037060 0.023826
v 0.039270 0.037110 0.016324
v 0.041721 0.037123 0.008187
v 0.042538 0.037097 -0.000271
v 0.041690 0.037035 -0.008726
v 0.039208 0.036938 -0.016853
v 0.035189 0.036811 -0.024340
v 0.029787 0.036658 -0.030898
v 0.023210 0.036485 -0.036276
v 0.015710 0.036298 -0.040267
v 0.007575 0.036105 -0.042717
v -0.001027 0.042961 -0.038298
v -0.008452 0.042801 -0.037551
v -0.015589 0.042654 -0.035370
v -0.022164 0.042526 -0.031839
v -0.027923 0.042423 -0.027092
v -0.032647 0.042348 -0.021313
v -0.036152 0.042304 -0.014723
v -0.038305 0.042294 -0.007576
v -0.039023 0.042316 -0.000146
v -0.038278 0.042370 0.007281
v -0.036098 0.042455 0.014419
v -0.032568 0.042567 0.020995
v -0.027823 0.042702 0.026756
v -0.022046 0.042854 0.031480
v -0.015458 0.043018 0.034985
v -0.008313 0.043187 0.037138
v -0.000885 0.043355 0.037855
v 0.006541 0.043516 0.037108
v 0.013678 0.043663 0.034928
v 0.020252 0.043790 0.031396
v 0.026012 0.043893 0.026649
v 0.030736 0.043968 0.020870
v 0.034241 0.044012 0.014280
v 0.036394 0.044023 0.007133
v 0.037112 0.044001 -0.000297
v 0.036366 0.043946 -0.007724
v 0.034187 0.043861 -0.014862
v 0.030657 0.043749 -0.021438
v 0.025912 0.043615 -0.027199
v 0.020134 0.043463 -0.031922
v 0.013547 0.043299 -0.035428
v 0.006401 0.043129 -0.037581
v -0.001117 0.047045 -0.038319
v -0.008542 0.046885 -0.037572
v -0.015679 0.046738 -0.035391
v -0.022254 0.046610 -0.031860
v -0.028014 0.046507 -0.027113
v -0.032737 0.046432 -0.021334
v -0.036243 0.046388 -0.014744
v -0.038396 0.046377 -0.007597
v -0.039113 0.046400 -0.000167
v -0.038368 0.046454 0.007260
v -0.036189 0.046539 0.014398
v -0.032658 0.046651 0.020974
v -0.027914 0.046786 0.026735
v -0.022136 0.046938 0.031459
v -0.015548 0.047102 0.034964
v -0.008403 0.047271 0.037117
v -0.000975 0.047439 0.037834
v 0.006450 0.047600 0.037087
v 0.013587 0.047747 0.034907
v 0.020162 0.047874 0.031375
v 0.025922 0.047977 0.026628
v 0.030645 0.048052 0.020849
v 0.034151 0.048096 0.014259
v 0.036304 0.048107 0.007112
v 0.037021 0.048085 -0.000318
v 0.036276 0.048030 -0.007745
v 0.034096 0.047945 -0.014883
v 0.030566 0.047833 -0.021459
v 0.025821 0.047699 -0.027220
v 0.020044 0.047547 -0.031943
v 0.013456 0.047383 -0.035449
v 0.006311 0.047213 -0.037602
v -0.001229 0.051806 -0.041697
v -0.009308 0.051631 -0.040885
v -0.017074 0.051471 -0.038512
v -0.024228 0.051333 -0.034669
v -0.030495 0.051220 -0.029505
v -0.035635 0.051139 -0.023216
v -0.039449 0.051091 -0.016046
v -0.041792 0.051079 -0.008269
v -0.042573 0.051103 -0.000185
v -0.041762 0.051163 0.007896
v -0.039390 0.051255 0.015663
v -0.035549 0.051377 0.022819
v -0.030386 0.051523 0.029087
v -0.024100 0.051689 0.034227
v -0.016932 0.051867 0.038041
v -0.009157 0.052051 0.040383
v -0.001075 0.052234 0.041163
v 0.007005 0.052409 0.040351
v 0.014770 0.052569 0.037978
v 0.021924 0.052708 0.034136
v 0.028192 0.052820 0.028971
v 0.033331 0.052901 0.022682
v 0.037145 0.052949 0.015512
v 0.039488 0.052961 0.007735
v 0.040269 0.052937 -0.000349
v 0.039458 0.052877 -0.008430
v 0.037086 0.052785 -0.016197
v 0.033245 0.052663 -0.023352
v 0.028082 0.052517 -0.029620
v 0.021796 0.052351 -0.034760
v 0.014628 0.052173 -0.038575
v 0.006853 0.051989 -0.040917
v -0.001276 0.053928 -0.041708
v -0.009355 0.053753 -0.040896
v -0.017121 0.053593 -0.038523
v -0.024275 0.053455 -0.034680
v -0.030542 0.053342 -0.029516
v -0.035682 0.053261 -0.023227
v -0.039496 0.053213 -0.016057
v -0.041839 0.053201 -0.008280
v -0.042620 0.053225 -0.000196
v -0.041809 0.053285 0.007885
v -0.039437 0.053377 0.015653
v -0.035596 0.053499 0.022808
v -0.030433 0.053646 0.029076
v -0.024147 0.053811 0.034216
v -0.016979 0.053989 0.038030
v -0.009204 0.054174 0.040372
v -0.001122 0.054356 0.041152
v 0.006958 0.054531 0.040340
v 0.014724 0.054691 0.037967
v 0.021877 0.054830 0.034125
v 0.028145 0.054942 0.028960
v 0.033284 0.055023 0.022672
v 0.037098 0.055071 0.015501
v 0.039441 0.055083 0.007724
v 0.040222 0.055059 -0.000360
v 0.039411 0.055000 -0.008441
v 0.037039 0.054907 -0.016208
v 0.033198 0.054785 -0.023363
v 0.028035 0.054639 -0.029631
v 0.021749 0.054473 -0.034771
v 0.014581 0.054295 -0.038586
v 0.006806 0.054111 -0.040928
v -0.001438 0.062133 -0.031888
v -0.007594 0.062000 -0.031270
v -0.013512 0.061879 -0.029461
v -0.018963 0.061773 -0.026533
v -0.023738 0.061687 -0.022598
v -0.027654 0.061625 -0.017806
v -0.030561 0.061589 -0.012343
v -0.032346 0.061580 -0.006417
v -0.032941 0.061598 -0.000257
v -0.032323 0.061644 0.005900
v -0.030516 0.061714 0.011819
v -0.027589 0.061807 0.017271
v -0.023655 0.061918 0.022047
v -0.018865 0.062044 0.025963
v -0.013403 0.062180 0.028870
v -0.007479 0.062321 0.030655
v -0.001321 0.062460 0.031249
v 0.004836 0.062593 0.030630
v 0.010753 0.062715 0.028822
v 0.016204 0.062821 0.025894
v 0.020979 0.062906 0.021959
v 0.024896 0.062968 0.017167
v 0.027802 0.063005 0.011703
v 0.029587 0.063014 0.005778
v 0.030182 0.062995 -0.000382
v 0.029564 0.062950 -0.006540
v 0.027757 0.062880 -0.012458
v 0.024830 0.062787 -0.017910
v 0.020896 0.062675 -0.022686
v 0.016106 0.062549 -0.026603
v 0.010644 0.062413 -0.029509
v 0.004720 0.062273 -0.031294
v -0.001697 0.074447 -0.025133
v -0.006524 0.074343 -0.024647
v -0.011163 0.074247 -0.023230
v -0.015437 0.074165 -0.020934
v -0.019181 0.074098 -0.017849
v -0.022251 0.074049 -0.014092
v -0.024530 0.074020 -0.009809
v -0.025929 0.074013 -0.005163
v -0.026395 0.074028 -0.000334
v -0.025911 0.074063 0.004494
v -0.024494 0.074118 0.009134
v -0.022200 0.074191 0.013408
v -0.019115 0.074279 0.017153
v -0.015360 0.074378 0.020223
v -0.011078 0.074484 0.022502
v -0.006433 0.074594 0.023901
v -0.001605 0.074703 0.024367
v 0.003221 0.074808 0.023882
v 0.007861 0.074903 0.022465
v 0.012134 0.074986 0.020169
v 0.015878 0.075053 0.017084
v 0.018948 0.075102 0.013327
v 0.021227 0.075130 0.009044
v 0.022626 0.075137 0.004398
v 0.023093 0.075123 -0.000432
v 0.022608 0.075087 -0.005259
v 0.021192 0.075032 -0.009899
v 0.018897 0.074960 -0.014174
v 0.015813 0.074872 -0.017918
v 0.012058 0.074773 -0.020989
v 0.007775 0.074667 -0.023267
v 0.003131 0.074557 -0.024667
v -0.012088 0.068072 -0.025746
v -0.006931 0.068178 -0.027322
v 0.013722 0.068656 -0.023255
v 0.017896 0.068766 -0.019842
v -0.001464 0.068578 0.027159
v -0.006831 0.068457 0.026641
v -0.016838 0.067980 -0.023195
v 0.008962 0.068538 -0.025788
v 0.003901 0.068694 0.026619
v -0.020999 0.067905 -0.019765
v 0.003800 0.068415 -0.027343
v 0.009057 0.068800 0.025044
v -0.024412 0.067851 -0.015590
v -0.001567 0.068294 -0.027861
v 0.013807 0.068893 0.022492
v -0.026945 0.067819 -0.010828
v 0.017969 0.068967 0.019063
v -0.028500 0.067811 -0.005665
v 0.021381 0.069021 0.014887
v -0.029019 0.067827 -0.000297
v 0.023914 0.069053 0.010126
v -0.028480 0.067867 0.005069
v 0.025470 0.069061 0.004962
v -0.026906 0.067928 0.010227
v 0.025988 0.069045 -0.000406
v -0.024355 0.068009 0.014978
v 0.025450 0.069005 -0.005771
v -0.020927 0.068106 0.019140
v 0.023875 0.068944 -0.010929
v -0.016753 0.068216 0.022553
v 0.021324 0.068863 -0.015680
v -0.011993 0.068335 0.025085
v -0.001913 0.084475 -0.021742
v -0.006068 0.084385 -0.021324
v -0.010062 0.084303 -0.020104
v -0.013741 0.084231 -0.018128
v -0.016965 0.084174 -0.015471
v -0.019608 0.084132 -0.012237
v -0.021570 0.084107 -0.008549
v -0.022774 0.084101 -0.004550
v -0.023176 0.084114 -0.000392
v -0.022759 0.084144 0.003764
v -0.021539 0.084192 0.007759
v -0.019564 0.084254 0.011439
v -0.016908 0.084330 0.014663
v -0.013675 0.084415 0.017306
v -0.009989 0.084506 0.019268
v -0.005990 0.084601 0.020473
v -0.001833 0.084695 0.020874
v 0.002322 0.084785 0.020456
v 0.006316 0.084867 0.019236
v 0.009996 0.084939 0.017260
v 0.013219 0.084996 0.014603
v 0.015862 0.085038 0.011369
v 0.017824 0.085063 0.007681
v 0.019029 0.085069 0.003682
v 0.019430 0.085056 -0.000476
v 0.019013 0.085026 -0.004632
v 0.017793 0.084978 -0.008627
v 0.015818 0.084916 -0.012307
v 0.013163 0.084840 -0.015531
v 0.009930 0.084755 -0.018174
v 0.006243 0.084664 -0.020136
v 0.002244 0.084569 -0.021341
v -0.002171 0.096422 -0.018811
v -0.005743 0.096345 -0.018452
v -0.009176 0.096274 -0.017403
v -0.012339 0.096213 -0.015704
v -0.015109 0.096163 -0.013421
v -0.017382 0.096127 -0.010641
v -0.019068 0.096106 -0.007471
v -0.020104 0.096101 -0.004033
v -0.020449 0.096111 -0.000459
v -0.020090 0.096138 0.003114
v -0.019042 0.096178 0.006547
v -0.017344 0.096232 0.009711
v -0.015061 0.096297 0.012482
v -0.012282 0.096370 0.014754
v -0.009113 0.096449 0.016440
v -0.005676 0.096530 0.017476
v -0.002103 0.096611 0.017821
v 0.001469 0.096689 0.017462
v 0.004902 0.096759 0.016413
v 0.008065 0.096820 0.014714
v 0.010835 0.096870 0.012430
v 0.013107 0.096906 0.009650
v 0.014794 0.096927 0.006480
v 0.015829 0.096933 0.003042
v 0.016175 0.096922 -0.000531
v 0.015816 0.096896 -0.004104
v 0.014768 0.096855 -0.007538
v 0.013070 0.096801 -0.010701
v 0.010787 0.096736 -0.013472
v 0.008008 0.096663 -0.015744
v 0.004839 0.096584 -0.017431
v 0.001402 0.096503 -0.018466
v -0.002389 0.106246 -0.018862
v -0.005961 0.106169 -0.018503
v -0.009394 0.106098 -0.017453
v -0.012556 0.106037 -0.015755
v -0.015327 0.105987 -0.013471
v -0.017599 0.105951 -0.010691
v -0.019285 0.105930 -0.007521
v -0.020321 0.105925 -0.004083
v -0.020666 0.105936 -0.000509
v -0.020308 0.105962 0.003063
v -0.019259 0.106003 0.006497
v -0.017561 0.106057 0.009660
v -0.015279 0.106121 0.012431
v -0.012500 0.106194 0.014704
v -0.009331 0.106273 0.016390
v -0.005894 0.106355 0.017425
v -0.002320 0.106436 0.017770
v 0.001251 0.106513 0.017411
v 0.004684 0.106583 0.016362
v 0.007847 0.106645 0.014663
v 0.010618 0.106694 0.012380
v 0.012890 0.106730 0.009600
v 0.014576 0.106752 0.006430
v 0.015612 0.106757 0.002992
v 0.015957 0.106746 -0.000582
v 0.015599 0.106720 -0.004154
v 0.014550 0.106679 -0.007588
v 0.012852 0.106625 -0.010752
v 0.010570 0.106560 -0.013523
v 0.007790 0.106487 -0.015795
v 0.004621 0.106408 -0.017481
v 0.001184 0.106327 -0.018517
v -0.002602 0.114427 -0.034983
v -0.009309 0.114282 -0.034309
v -0.015756 0.114149 -0.032339
v -0.021695 0.114034 -0.029149
v -0.026898 0.113941 -0.024861
v -0.031165 0.113873 -0.019640
v -0.034332 0.113834 -0.013688
v -0.036277 0.113824 -0.007232
v -0.036925 0.113844 -0.000520
v -0.036252 0.113893 0.006189
v -0.034283 0.113970 0.012637
v -0.031094 0.114071 0.018577
v -0.026808 0.114193 0.023781
v -0.021589 0.114330 0.028048
v -0.015638 0.114478 0.031215
v -0.009183 0.114631 0.033160
v -0.002474 0.114783 0.033807
v 0.004234 0.114928 0.033133
v 0.010681 0.115061 0.031163
v 0.016620 0.115176 0.027973
v 0.021823 0.115269 0.023685
v 0.026090 0.115337 0.018464
v 0.029257 0.115376 0.012512
v 0.031201 0.115386 0.006055
v 0.031850 0.115366 -0.000656
v 0.031176 0.115317 -0.007365
v 0.029208 0.115240 -0.013813
v 0.026019 0.115139 -0.019754
v 0.021733 0.115017 -0.024957
v 0.016514 0.114880 -0.029224
v 0.010563 0.114732 -0.032391
v 0.004108 0.114579 -0.034336
v -0.002800 0.124126 -0.026915
v -0.007925 0.124016 -0.026400
v -0.012850 0.123914 -0.024895
v -0.017388 0.123826 -0.022457
v -0.021362 0.123755 -0.019182
v -0.024622 0.123703 -0.015193
v -0.027041 0.123673 -0.010645
v -0.028527 0.123666 -0.005713
v -0.029022 0.123681 -0.000586
v -0.028508 0.123719 0.004540
v -0.027004 0.123777 0.009466
v -0.024568 0.123854 0.014004
v -0.021293 0.123947 0.017980
v -0.017306 0.124052 0.021240
v -0.012760 0.124165 0.023659
v -0.007829 0.124282 0.025145
v -0.002702 0.124398 0.025639
v 0.002422 0.124509 0.025124
v 0.007347 0.124610 0.023619
v 0.011885 0.124698 0.021182
v 0.015860 0.124770 0.017906
v 0.019119 0.124821 0.013918
v 0.021539 0.124851 0.009370
v 0.023024 0.124859 0.004438
v 0.023520 0.124844 -0.000690
v 0.023005 0.124806 -0.005815
v 0.021501 0.124747 -0.010741
v 0.019065 0.124670 -0.015280
v 0.015790 0.124577 -0.019255
v 0.011803 0.124472 -0.022515
v 0.007257 0.124359 -0.024934
v 0.002326 0.124242 -0.026420
v -0.002972 0.132491 -0.019862
v -0.006712 0.132410 -0.019486
v -0.010308 0.132336 -0.018388
v -0.013620 0.132272 -0.016608
v -0.016522 0.132220 -0.014217
v -0.018901 0.132182 -0.011306
v -0.020667 0.132160 -0.007986
v -0.021752 0.132155 -0.004385
v -0.022113 0.132166 -0.000642
v -0.021738 0.132193 0.003099
v -0.020640 0.132236 0.006695
v -0.018861 0.132293 0.010008
v -0.016471 0.132360 0.012910
v -0.013561 0.132437 0.015290
v -0.010242 0.132520 0.017056
v -0.006642 0.132605 0.018140
v -0.002900 0.132690 0.018502
v 0.000841 0.132770 0.018126
v 0.004436 0.132844 0.017027
v 0.007748 0.132909 0.015248
v 0.010650 0.132961 0.012856
v 0.013029 0.132998 0.009945
v 0.014796 0.133020 0.006625
v 0.015880 0.133026 0.003025
v 0.016242 0.133015 -0.000718
v 0.015866 0.132987 -0.004460
v 0.014768 0.132944 -0.008056
v 0.012990 0.132888 -0.011369
v 0.010599 0.132820 -0.014271
v 0.007689 0.132744 -0.016651
v 0.004370 0.132661 -0.018417
v 0.000770 0.132576 -0.019501
v -0.003113 0.139493 -0.013091
v -0.005526 0.139441 -0.012849
v -0.007846 0.139393 -0.012140
v -0.009983 0.139352 -0.010992
v -0.011855 0.139318 -0.009449
v -0.013390 0.139294 -0.007571
v -0.014530 0.139280 -0.005429
v -0.015229 0.139276 -0.003106
v -0.015463 0.139283 -0.000692
v -0.015220 0.139301 0.001722
v -0.014512 0.139329 0.004042
v -0.013365 0.139365 0.006180
v -0.011822 0.139409 0.008052
v -0.009945 0.139458 0.009587
v -0.007804 0.139511 0.010727
v -0.005481 0.139566 0.011426
v -0.003067 0.139621 0.011659
v -0.000654 0.139673 0.011417
v 0.001666 0.139721 0.010708
v 0.003803 0.139762 0.009560
v 0.005675 0.139796 0.008017
v 0.007210 0.139820 0.006139
v 0.008349 0.139835 0.003997
v 0.009049 0.139838 0.001674
v 0.009282 0.139831 -0.000741
v 0.009040 0.139813 -0.003154
v 0.008332 0.139786 -0.005475
v 0.007184 0.139749 -0.007612
v 0.005642 0.139705 -0.009484
v 0.003765 0.139656 -0.011019
v 0.001623 0.139603 -0.012159
v -0.000699 0.139548 -0.012858
v -0.002526 0.112446 -0.018893
v -0.002566 0.114121 -0.020542
v -0.002562 0.114078 -0.018902
v -0.006458 0.114037 -0.020150
v -0.006098 0.112368 -0.018534
v -0.006134 0.114001 -0.018543
v -0.010198 0.113960 -0.019007
v -0.009531 0.112298 -0.017485
v -0.009567 0.113930 -0.017494
v -0.013644 0.113893 -0.017157
v -0.012694 0.112237 -0.015786
v -0.012730 0.113869 -0.015795
v -0.016663 0.113839 -0.014669
v -0.015464 0.112187 -0.013503
v -0.015500 0.113819 -0.013512
v -0.019138 0.113799 -0.011640
v -0.017736 0.112151 -0.010723
v -0.017773 0.113783 -0.010731
v -0.020976 0.113776 -0.008186
v -0.019423 0.112130 -0.007553
v -0.019459 0.113762 -0.007562
v -0.022104 0.113771 -0.004441
v -0.020458 0.112124 -0.004115
v -0.020494 0.113757 -0.004124
v -0.022480 0.113782 -0.000547
v -0.020804 0.112135 -0.000541
v -0.020840 0.113767 -0.000550
v -0.022089 0.113811 0.003346
v -0.020445 0.112161 0.003031
v -0.020481 0.113794 0.003023
v -0.020947 0.113855 0.007087
v -0.019397 0.112202 0.006465
v -0.019433 0.113834 0.006457
v -0.019097 0.113914 0.010533
v -0.017698 0.112256 0.009628
v -0.017735 0.113888 0.009620
v -0.016610 0.113985 0.013552
v -0.015416 0.112321 0.012399
v -0.015452 0.113953 0.012391
v -0.013582 0.114064 0.016028
v -0.012637 0.112394 0.014672
v -0.012673 0.114026 0.014663
v -0.010130 0.114150 0.017865
v -0.009468 0.112473 0.016358
v -0.009504 0.114105 0.016350
v -0.006385 0.114239 0.018994
v -0.006031 0.112554 0.017394
v -0.006067 0.114186 0.017385
v -0.002492 0.114327 0.019369
v -0.002458 0.112635 0.017738
v -0.002494 0.114267 0.017730
v 0.001400 0.114411 0.018978
v 0.001114 0.112712 0.017379
v 0.001078 0.114345 0.017371
v 0.005140 0.114488 0.017835
v 0.004547 0.112783 0.016330
v 0.004511 0.114415 0.016322
v 0.008586 0.114555 0.015984
v 0.007710 0.112844 0.014632
v 0.007674 0.114476 0.014623
v 0.011604 0.114609 0.013497
v 0.010481 0.112894 0.012348
v 0.010444 0.114526 0.012340
v 0.014080 0.114648 0.010468
v 0.012753 0.112930 0.009568
v 0.012717 0.114562 0.009560
v 0.015917 0.114671 0.007014
v 0.014439 0.112951 0.006398
v 0.014403 0.114583 0.006390
v 0.017046 0.114677 0.003268
v 0.015475 0.112956 0.002960
v 0.015438 0.114588 0.002952
v 0.017422 0.114665 -0.000626
v 0.015820 0.112946 -0.000614
v 0.015784 0.114578 -0.000622
v 0.017031 0.114637 -0.004518
v 0.015461 0.112919 -0.004186
v 0.015425 0.114552 -0.004195
v 0.015889 0.114592 -0.008259
v 0.014413 0.112879 -0.007620
v 0.014377 0.114511 -0.007628
v 0.014039 0.114534 -0.011706
v 0.012715 0.112825 -0.010783
v 0.012679 0.114457 -0.010792
v 0.011552 0.114463 -0.014725
v 0.010432 0.112760 -0.013554
v 0.010396 0.114392 -0.013563
v 0.008524 0.114383 -0.017200
v 0.007653 0.112687 -0.015827
v 0.007617 0.114319 -0.015835
v 0.005071 0.114298 -0.019038
v 0.004484 0.112608 -0.017513
v 0.004448 0.114240 -0.017521
v 0.001327 0.114209 -0.020166
v 0.001047 0.112527 -0.018548
v 0.001011 0.114159 -0.018557
v -0.001170 0.049366 -0.039123
v -0.001208 0.050939 -0.040535
v -0.001186 0.050070 -0.039367
v -0.009061 0.050770 -0.039745
v -0.008750 0.049202 -0.038361
v -0.008813 0.049905 -0.038601
v -0.016610 0.050614 -0.037439
v -0.016036 0.049052 -0.036135
v -0.016143 0.049754 -0.036361
v -0.023564 0.050480 -0.033703
v -0.022747 0.048922 -0.032530
v -0.022897 0.049623 -0.032733
v -0.029656 0.050370 -0.028683
v -0.028627 0.048817 -0.027685
v -0.028813 0.049517 -0.027858
v -0.034652 0.050291 -0.022570
v -0.033449 0.048740 -0.021785
v -0.033664 0.049440 -0.021922
v -0.038359 0.050245 -0.015600
v -0.037027 0.048696 -0.015058
v -0.037265 0.049395 -0.015153
v -0.040636 0.050233 -0.008041
v -0.039225 0.048684 -0.007762
v -0.039476 0.049384 -0.007812
v -0.041395 0.050257 -0.000183
v -0.039958 0.048707 -0.000177
v -0.040213 0.049406 -0.000181
v -0.040607 0.050314 0.007672
v -0.039197 0.048763 0.007404
v -0.039448 0.049463 0.007448
v -0.038302 0.050404 0.015223
v -0.036972 0.048850 0.014691
v -0.037209 0.049550 0.014780
v -0.034568 0.050523 0.022178
v -0.033368 0.048964 0.021404
v -0.033583 0.049665 0.021534
v -0.029550 0.050665 0.028271
v -0.028524 0.049101 0.027285
v -0.028710 0.049803 0.027451
v -0.023439 0.050826 0.033267
v -0.022627 0.049257 0.032107
v -0.022775 0.049959 0.032303
v -0.016471 0.050999 0.036975
v -0.015902 0.049424 0.035685
v -0.016009 0.050128 0.035904
v -0.008914 0.051178 0.039251
v -0.008608 0.049597 0.037883
v -0.008670 0.050301 0.038115
v -0.001057 0.051356 0.040010
v -0.001025 0.049768 0.038615
v -0.001040 0.050474 0.038851
v 0.006796 0.051526 0.039220
v 0.006555 0.049932 0.037853
v 0.006586 0.050639 0.038085
v 0.014345 0.051681 0.036914
v 0.013840 0.050082 0.035627
v 0.013917 0.050790 0.035845
v 0.021299 0.051816 0.033178
v 0.020552 0.050212 0.032021
v 0.020670 0.050921 0.032217
v 0.027391 0.051925 0.028158
v 0.026432 0.050317 0.027176
v 0.026586 0.051027 0.027342
v 0.032386 0.052004 0.022045
v 0.031254 0.050394 0.021276
v 0.031438 0.051104 0.021406
v 0.036094 0.052051 0.015075
v 0.034832 0.050439 0.014549
v 0.035039 0.051149 0.014637
v 0.038371 0.052062 0.007516
v 0.037030 0.050450 0.007253
v 0.037250 0.051160 0.007296
v 0.039130 0.052039 -0.000342
v 0.037762 0.050427 -0.000331
v 0.037987 0.051137 -0.000335
v 0.038342 0.051981 -0.008197
v 0.037002 0.050371 -0.007913
v 0.037222 0.051081 -0.007964
v 0.036037 0.051891 -0.015748
v 0.034777 0.050285 -0.015200
v 0.034983 0.050994 -0.015296
v 0.032303 0.051773 -0.022703
v 0.031173 0.050171 -0.021913
v 0.031357 0.050879 -0.022050
v 0.027285 0.051631 -0.028795
v 0.026329 0.050033 -0.027793
v 0.026483 0.050741 -0.027967
v 0.021174 0.051470 -0.033792
v 0.020432 0.049878 -0.032615
v 0.020549 0.050584 -0.032819
v 0.014206 0.051296 -0.037500
v 0.013707 0.049711 -0.036194
v 0.013783 0.050416 -0.036420
v 0.006649 0.051117 -0.039776
v 0.006413 0.049538 -0.038391
v 0.006443 0.050242 -0.038631
v 0.044989 0.012449 -0.009153
v 0.042346 0.012346 -0.017807
v -0.032824 0.010941 0.032644
v -0.025821 0.011125 0.038370
v 0.038067 0.012211 -0.025778
v -0.017835 0.011324 0.042620
v -0.000341 0.011256 -0.046216
v -0.009342 0.011061 -0.045312
v 0.032315 0.012048 -0.032762
v -0.009173 0.011529 0.045229
v -0.017993 0.010883 -0.042668
v 0.025312 0.011863 -0.038488
v -0.000169 0.011733 0.046098
v -0.025964 0.010728 -0.038387
v 0.017326 0.011665 -0.042738
v 0.008833 0.011928 0.045194
v -0.032946 0.010603 -0.032633
v 0.008664 0.011459 -0.045347
v 0.017484 0.012106 0.042550
v -0.038672 0.010512 -0.025627
v 0.025455 0.012260 0.038269
v -0.042921 0.010459 -0.017638
v 0.032437 0.012385 0.032515
v -0.045531 0.010446 -0.008974
v 0.038163 0.012476 0.025509
v -0.046401 0.010473 0.000032
v 0.042412 0.012529 0.017520
v -0.045498 0.010539 0.009035
v 0.045022 0.012543 0.008856
v -0.042855 0.010642 0.017689
v 0.045892 0.012516 -0.000150
v -0.038576 0.010778 0.025661
v 0.000050 -0.005687 -0.038377
v -0.007439 -0.005849 -0.037624
v -0.014638 -0.005998 -0.035424
v -0.021270 -0.006126 -0.031862
v -0.027079 -0.006230 -0.027074
v -0.031843 -0.006306 -0.021245
v -0.035379 -0.006350 -0.014599
v -0.037551 -0.006361 -0.007390
v -0.038274 -0.006339 0.000104
v -0.037523 -0.006284 0.007595
v -0.035324 -0.006198 0.014795
v -0.031764 -0.006085 0.021428
v -0.026978 -0.005949 0.027238
v -0.021151 -0.005796 0.032003
v -0.014506 -0.005631 0.035539
v -0.007299 -0.005460 0.037710
v 0.000193 -0.005290 0.038433
v 0.007682 -0.005128 0.037680
v 0.014881 -0.004980 0.035481
v 0.021513 -0.004852 0.031918
v 0.027322 -0.004747 0.027131
v 0.032086 -0.004672 0.021302
v 0.035622 -0.004628 0.014655
v 0.037794 -0.004617 0.007446
v 0.038517 -0.004639 -0.000048
v 0.037766 -0.004694 -0.007539
v 0.035567 -0.004780 -0.014739
v 0.032007 -0.004893 -0.021372
v 0.027221 -0.005028 -0.027182
v 0.021394 -0.005182 -0.031946
v 0.014749 -0.005347 -0.035482
v 0.007542 -0.005518 -0.037654
v 0.025157 -0.005066 -0.025570
v 0.017346 -0.005255 -0.028685
v 0.008873 -0.005452 -0.030595
v 0.000063 -0.005651 -0.031229
v -0.008744 -0.005842 -0.030560
v -0.017210 -0.006020 -0.028616
v -0.025009 -0.006176 -0.025471
v 0.027959 -0.004964 -0.017844
v 0.019282 -0.005168 -0.020145
v 0.009868 -0.005384 -0.021554
v 0.000080 -0.005603 -0.022017
v -0.009706 -0.005817 -0.021516
v -0.019114 -0.006018 -0.020069
v -0.027783 -0.006198 -0.017734
v 0.029692 -0.004881 -0.009179
v 0.020483 -0.005091 -0.010391
v 0.010491 -0.005316 -0.011129
v 0.000100 -0.005548 -0.011365
v -0.010289 -0.005776 -0.011088
v -0.020278 -0.005994 -0.010311
v -0.029483 -0.006191 -0.009062
v 0.030289 -0.004821 -0.000032
v 0.020901 -0.005029 -0.000013
v 0.010715 -0.005254 0.000007
v 0.000122 -0.005489 0.000028
v -0.010472 -0.005723 0.000049
v -0.020658 -0.005949 0.000069
v -0.030046 -0.006157 0.000088
v 0.029726 -0.004787 0.009118
v 0.020521 -0.004984 0.010367
v 0.010532 -0.005201 0.011145
v 0.000143 -0.005430 0.011421
v -0.010248 -0.005661 0.011186
v -0.020240 -0.005886 0.010448
v -0.029449 -0.006096 0.009235
v 0.028026 -0.004780 0.017790
v 0.019357 -0.004960 0.020126
v 0.009949 -0.005161 0.021572
v 0.000163 -0.005375 0.022074
v -0.009625 -0.005594 0.021611
v -0.019039 -0.005810 0.020202
v -0.027716 -0.006014 0.017900
v 0.025253 -0.004802 0.025527
v 0.017453 -0.004958 0.028673
v 0.008987 -0.005136 0.030617
v 0.000180 -0.005327 0.031285
v -0.008630 -0.005525 0.030652
v -0.017103 -0.005723 0.028741
v -0.024914 -0.005912 0.025626
v 0.039960 -0.000547 0.026580
v 0.044377 -0.000492 0.018278
v -0.047924 -0.002629 0.000103
v -0.046985 -0.002560 0.009459
v 0.047089 -0.000478 0.009273
v -0.044239 -0.002453 0.018453
v 0.047993 -0.000506 -0.000087
v -0.039792 -0.002312 0.026737
v 0.047054 -0.000575 -0.009443
v -0.033814 -0.002143 0.033995
v 0.044308 -0.000682 -0.018437
v -0.026535 -0.001951 0.039946
v 0.039861 -0.000823 -0.026721
v -0.018236 -0.001744 0.044362
v -0.000055 -0.001816 -0.047962
v -0.009409 -0.002018 -0.047021
v 0.033883 -0.000992 -0.033979
v -0.009234 -0.001531 0.047074
v -0.018401 -0.002203 -0.044274
v 0.026605 -0.001184 -0.039930
v 0.000124 -0.001319 0.047978
v -0.026684 -0.002363 -0.039825
v 0.018305 -0.001391 -0.044346
v 0.009479 -0.001117 0.047037
v -0.033940 -0.002493 -0.033845
v 0.009303 -0.001604 -0.047058
v 0.018470 -0.000932 0.044290
v -0.039891 -0.002588 -0.026564
v 0.026753 -0.000772 0.039841
v -0.044307 -0.002643 -0.018262
v 0.034010 -0.000642 0.033861
v -0.047020 -0.002657 -0.009257
v 0.039755 -0.000256 0.026446
v 0.039738 -0.000422 0.026433
v 0.039532 -0.000306 0.026297
v -0.047692 -0.002327 0.000101
v -0.047663 -0.002492 0.000102
v -0.047422 -0.002366 0.000101
v -0.000061 -0.001518 -0.047725
v -0.000057 -0.001683 -0.047699
v -0.000059 -0.001561 -0.047455
v 0.044130 -0.000367 0.018177
v 0.044150 -0.000201 0.018185
v 0.043902 -0.000251 0.018083
v -0.046730 -0.002424 0.009407
v -0.046758 -0.002259 0.009411
v -0.046493 -0.002298 0.009358
v 0.046828 -0.000353 0.009222
v 0.046849 -0.000187 0.009226
v 0.046586 -0.000238 0.009174
v -0.043999 -0.002317 0.018351
v -0.044026 -0.002152 0.018360
v -0.043776 -0.002192 0.018256
v 0.047727 -0.000381 -0.000087
v 0.047748 -0.000215 -0.000088
v 0.047480 -0.000265 -0.000087
v -0.039576 -0.002177 0.026590
v -0.039600 -0.002012 0.026603
v -0.039376 -0.002052 0.026453
v 0.046793 -0.000450 -0.009392
v 0.046814 -0.000283 -0.009398
v 0.046551 -0.000333 -0.009345
v -0.033631 -0.002009 0.033807
v -0.033652 -0.001843 0.033824
v -0.033461 -0.001884 0.033634
v 0.044062 -0.000556 -0.018336
v 0.044082 -0.000390 -0.018347
v 0.043834 -0.000439 -0.018243
v -0.026392 -0.001818 0.039726
v -0.026410 -0.001652 0.039746
v -0.026260 -0.001695 0.039522
v 0.039640 -0.000696 -0.026575
v 0.039657 -0.000530 -0.026590
v 0.039434 -0.000579 -0.026440
v -0.018138 -0.001613 0.044118
v -0.018151 -0.001447 0.044141
v -0.018048 -0.001490 0.043892
v -0.009360 -0.001885 -0.046764
v -0.009369 -0.001719 -0.046789
v -0.009315 -0.001761 -0.046525
v 0.033695 -0.000865 -0.033793
v 0.033709 -0.000699 -0.033811
v 0.033520 -0.000746 -0.033620
v -0.009186 -0.001401 0.046815
v -0.009194 -0.001235 0.046839
v -0.009141 -0.001280 0.046575
v -0.018302 -0.002069 -0.044031
v -0.018316 -0.001903 -0.044055
v -0.018211 -0.001944 -0.043807
v 0.026456 -0.001055 -0.039711
v 0.026466 -0.000889 -0.039733
v 0.026318 -0.000936 -0.039509
v 0.000121 -0.001190 0.047714
v 0.000117 -0.001024 0.047738
v 0.000118 -0.001070 0.047469
v -0.026540 -0.002228 -0.039607
v -0.026558 -0.002063 -0.039628
v -0.026407 -0.002103 -0.039404
v 0.018202 -0.001261 -0.044104
v 0.018208 -0.001095 -0.044128
v 0.018106 -0.001140 -0.043878
v 0.009424 -0.000989 0.046779
v 0.009425 -0.000823 0.046802
v 0.009373 -0.000870 0.046539
v -0.033757 -0.002358 -0.033659
v -0.033778 -0.002192 -0.033678
v -0.033586 -0.002232 -0.033488
v 0.009249 -0.001473 -0.046801
v 0.009251 -0.001307 -0.046826
v 0.009200 -0.001351 -0.046562
v 0.018366 -0.000805 0.044046
v 0.018372 -0.000639 0.044068
v 0.018270 -0.000687 0.043820
v -0.039675 -0.002451 -0.026418
v -0.039699 -0.002286 -0.026433
v -0.039474 -0.002325 -0.026284
v 0.026604 -0.000645 0.039621
v 0.026614 -0.000479 0.039641
v 0.026465 -0.000528 0.039418
v -0.044067 -0.002506 -0.018162
v -0.044094 -0.002341 -0.018172
v -0.043844 -0.002380 -0.018070
v 0.033820 -0.000516 0.033674
v 0.033834 -0.000349 0.033691
v 0.033645 -0.000399 0.033501
v -0.046764 -0.002520 -0.009207
v -0.046792 -0.002355 -0.009213
v -0.046528 -0.002393 -0.009161
v 0.000035 -0.005729 -0.046489
v 0.000000 -0.004292 -0.047949
v 0.000032 -0.005737 -0.047941
v -0.009354 -0.004494 -0.047009
v -0.009036 -0.005926 -0.045577
v -0.009322 -0.005939 -0.047001
v -0.018346 -0.004679 -0.044261
v -0.017756 -0.006105 -0.042913
v -0.018314 -0.006124 -0.044254
v -0.026629 -0.004840 -0.039812
v -0.025788 -0.006261 -0.038598
v -0.026597 -0.006285 -0.039804
v -0.033885 -0.004970 -0.033832
v -0.032825 -0.006387 -0.032799
v -0.033853 -0.006415 -0.033824
v -0.039836 -0.005064 -0.026551
v -0.038595 -0.006478 -0.025739
v -0.039804 -0.006509 -0.026543
v -0.044253 -0.005119 -0.018249
v -0.042878 -0.006532 -0.017688
v -0.044221 -0.006564 -0.018241
v -0.046965 -0.005133 -0.009245
v -0.045508 -0.006545 -0.008957
v -0.046933 -0.006578 -0.009237
v -0.047869 -0.005105 0.000116
v -0.046385 -0.006518 0.000120
v -0.047837 -0.006550 0.000123
v -0.046930 -0.005036 0.009472
v -0.045474 -0.006451 0.009193
v -0.046898 -0.006481 0.009480
v -0.044184 -0.004929 0.018466
v -0.042812 -0.006348 0.017914
v -0.044152 -0.006375 0.018473
v -0.039737 -0.004788 0.026750
v -0.038499 -0.006211 0.025948
v -0.039705 -0.006234 0.026758
v -0.033759 -0.004619 0.034007
v -0.032702 -0.006047 0.032986
v -0.033727 -0.006064 0.034015
v -0.026480 -0.004427 0.039959
v -0.025644 -0.005861 0.038757
v -0.026448 -0.005872 0.039966
v -0.018181 -0.004221 0.044375
v -0.017596 -0.005660 0.043040
v -0.018149 -0.005666 0.044383
v -0.009179 -0.004007 0.047087
v -0.008866 -0.005454 0.045669
v -0.009147 -0.005453 0.047095
v 0.000179 -0.003796 0.047990
v 0.000208 -0.005248 0.046545
v 0.000211 -0.005241 0.047998
v 0.009533 -0.003593 0.047050
v 0.009279 -0.005052 0.045634
v 0.009565 -0.005038 0.047058
v 0.018525 -0.003408 0.044303
v 0.017999 -0.004873 0.042969
v 0.018557 -0.004853 0.044310
v 0.026808 -0.003248 0.039853
v 0.026031 -0.004717 0.038655
v 0.026840 -0.004693 0.039861
v 0.034065 -0.003118 0.033873
v 0.033068 -0.004591 0.032856
v 0.034097 -0.004563 0.033881
v 0.040015 -0.003023 0.026592
v 0.038838 -0.004499 0.025795
v 0.040047 -0.004468 0.026600
v 0.044432 -0.002968 0.018290
v 0.043121 -0.004446 0.017745
v 0.044464 -0.004413 0.018298
v 0.047144 -0.002954 0.009286
v 0.045751 -0.004432 0.009013
v 0.047176 -0.004399 0.009294
v 0.048048 -0.002982 -0.000074
v 0.046628 -0.004460 -0.000064
v 0.048080 -0.004427 -0.000067
v 0.047109 -0.003051 -0.009431
v 0.045717 -0.004526 -0.009137
v 0.047141 -0.004496 -0.009423
v 0.044363 -0.003158 -0.018424
v 0.043055 -0.004630 -0.017858
v 0.044395 -0.004603 -0.018417
v 0.039916 -0.003299 -0.026709
v 0.038742 -0.004767 -0.025892
v 0.039948 -0.004744 -0.026701
v 0.033938 -0.003469 -0.033966
v 0.032945 -0.004931 -0.032929
v 0.033970 -0.004914 -0.033959
v 0.026660 -0.003660 -0.039917
v 0.025887 -0.005117 -0.038701
v 0.026692 -0.005105 -0.039910
v 0.018360 -0.003867 -0.044334
v 0.017839 -0.005317 -0.042983
v 0.018392 -0.005312 -0.044326
v 0.009358 -0.004080 -0.047046
v 0.009109 -0.005524 -0.045613
v 0.009390 -0.005525 -0.047038
v 0.030915 0.005739 0.046223
v 0.039340 0.005890 0.039280
v -0.051590 0.003566 -0.021236
v -0.054739 0.003550 -0.010782
v 0.046249 0.005999 0.030826
v -0.055789 0.003582 0.000085
v 0.051377 0.006063 0.021187
v -0.054698 0.003662 0.010949
v 0.054526 0.006079 0.010733
v -0.051510 0.003786 0.021391
v 0.055575 0.006047 -0.000135
v -0.046347 0.003950 0.031009
v 0.054485 0.005967 -0.010998
v -0.039406 0.004147 0.039435
v 0.051297 0.005843 -0.021440
v -0.030956 0.004369 0.046345
v 0.046134 0.005679 -0.031059
v -0.021319 0.004609 0.051473
v -0.000210 0.004526 -0.055720
v -0.011071 0.004292 -0.054628
v 0.039193 0.005482 -0.039485
v -0.010868 0.004857 0.054622
v -0.021511 0.004077 -0.051438
v 0.030742 0.005260 -0.046395
v -0.000003 0.005103 0.055670
v -0.031128 0.003890 -0.046272
v 0.021106 0.005020 -0.051522
v 0.010858 0.005337 0.054579
v -0.039553 0.003739 -0.039329
v 0.010655 0.004772 -0.054671
v 0.021298 0.005552 0.051389
v -0.046462 0.003630 -0.030876
v 0.046886 0.009680 0.019352
v 0.049765 0.009695 0.009793
v -0.050107 0.007484 0.009990
v -0.047191 0.007598 0.019538
v 0.050725 0.009665 -0.000145
v -0.042470 0.007747 0.028333
v 0.049728 0.009592 -0.010078
v -0.036124 0.007928 0.036038
v 0.046813 0.009478 -0.019625
v -0.028397 0.008131 0.042356
v 0.042092 0.009329 -0.028421
v -0.019585 0.008350 0.047044
v -0.000284 0.008275 -0.050970
v -0.010215 0.008060 -0.049972
v 0.035746 0.009149 -0.036125
v -0.010029 0.008577 0.049923
v -0.019761 0.007863 -0.047055
v 0.028019 0.008945 -0.042443
v -0.000094 0.008801 0.050882
v -0.028554 0.007693 -0.042331
v 0.019207 0.008726 -0.047132
v 0.009837 0.009016 0.049884
v -0.036258 0.007555 -0.035983
v 0.009651 0.008500 -0.050011
v 0.019383 0.009213 0.046967
v -0.042575 0.007455 -0.028253
v 0.028176 0.009383 0.042244
v -0.047264 0.007396 -0.019439
v 0.035880 0.009521 0.035895
v -0.050144 0.007382 -0.009880
v 0.042197 0.009621 0.028165
v -0.051103 0.007411 0.000057
v -0.011206 0.141060 -0.009359
v -0.012626 0.140979 -0.007467
v -0.013684 0.140868 -0.005229
v -0.014332 0.140819 -0.002961
v -0.014548 0.140820 -0.000714
v -0.014342 0.140843 0.001514
v -0.013811 0.140911 0.003653
v -0.013014 0.141038 0.005618
v -0.011748 0.141134 0.007342
v -0.009856 0.141124 0.008764
v -0.007616 0.141080 0.009825
v -0.005349 0.141088 0.010474
v -0.003102 0.141132 0.010690
v -0.000857 0.141187 0.010465
v 0.001406 0.141279 0.009807
v 0.003638 0.141422 0.008738
v 0.005522 0.141516 0.007308
v 0.006784 0.141475 0.005579
v 0.007577 0.141384 0.003610
v 0.008103 0.141339 0.001470
v 0.008301 0.141326 -0.000760
v 0.008076 0.141316 -0.003006
v 0.007417 0.141336 -0.005270
v 0.006347 0.141399 -0.007505
v 0.004917 0.141417 -0.009391
v 0.003189 0.141313 -0.010651
v 0.001223 0.141167 -0.011442
v -0.000917 0.141071 -0.011966
v -0.003145 0.141014 -0.012164
v -0.005373 0.140972 -0.011957
v -0.007512 0.140973 -0.011425
v -0.009480 0.141032 -0.010626
v -0.013398 0.141800 -0.008220
v -0.014544 0.141628 -0.005661
v -0.015245 0.141551 -0.003146
v -0.015479 0.141548 -0.000710
v -0.015265 0.141576 0.001696
v -0.014758 0.141674 0.004004
v -0.014040 0.141860 0.006122
v -0.012759 0.141994 0.007982
v -0.010630 0.141953 0.009520
v -0.008068 0.141856 0.010670
v -0.005553 0.141841 0.011374
v -0.003117 0.141885 0.011607
v -0.000683 0.141948 0.011364
v 0.001827 0.142074 0.010651
v 0.004377 0.142285 0.009491
v 0.006496 0.142420 0.007944
v 0.007774 0.142342 0.006079
v 0.008492 0.142187 0.003958
v 0.008993 0.142112 0.001648
v 0.009199 0.142094 -0.000759
v 0.008955 0.142087 -0.003194
v 0.008241 0.142133 -0.005706
v 0.007079 0.142254 -0.008261
v 0.005531 0.142305 -0.010383
v 0.003669 0.142161 -0.011659
v 0.001551 0.141951 -0.012372
v -0.000757 0.141823 -0.012871
v -0.003163 0.141758 -0.013076
v -0.005569 0.141715 -0.012862
v -0.007879 0.141741 -0.012353
v -0.010001 0.141858 -0.011632
v -0.011863 0.141919 -0.010348
v -0.001383 0.059420 -0.034490
v -0.001325 0.056470 -0.037978
v -0.001350 0.057763 -0.036079
v -0.008674 0.056311 -0.037239
v -0.008050 0.059276 -0.033820
v -0.008327 0.057613 -0.035377
v -0.015738 0.056165 -0.035080
v -0.014457 0.059144 -0.031862
v -0.015034 0.057475 -0.033328
v -0.022246 0.056039 -0.031585
v -0.020360 0.059030 -0.028691
v -0.021213 0.057355 -0.030009
v -0.027947 0.055937 -0.026887
v -0.025531 0.058937 -0.024430
v -0.026626 0.057258 -0.025549
v -0.032622 0.055863 -0.021167
v -0.029772 0.058870 -0.019241
v -0.031064 0.057187 -0.020118
v -0.036092 0.055820 -0.014644
v -0.032919 0.058831 -0.013325
v -0.034359 0.057146 -0.013925
v -0.038223 0.055809 -0.007570
v -0.034852 0.058821 -0.006909
v -0.036382 0.057136 -0.007209
v -0.038933 0.055831 -0.000216
v -0.035496 0.058841 -0.000238
v -0.037056 0.057157 -0.000227
v -0.038195 0.055885 0.007135
v -0.034827 0.058890 0.006430
v -0.036356 0.057208 0.006753
v -0.036038 0.055969 0.014200
v -0.032870 0.058966 0.012838
v -0.034308 0.057288 0.013461
v -0.032544 0.056079 0.020709
v -0.029701 0.059066 0.018742
v -0.030990 0.057393 0.019641
v -0.027848 0.056213 0.026411
v -0.025441 0.059187 0.023914
v -0.026531 0.057520 0.025054
v -0.022129 0.056363 0.031086
v -0.020254 0.059324 0.028155
v -0.021102 0.057663 0.029493
v -0.015609 0.056526 0.034556
v -0.014339 0.059471 0.031302
v -0.014911 0.057817 0.032787
v -0.008536 0.056693 0.036687
v -0.007925 0.059623 0.033235
v -0.008197 0.057976 0.034810
v -0.001184 0.056859 0.037396
v -0.001256 0.059774 0.033878
v -0.001216 0.058134 0.035484
v 0.006165 0.057018 0.036657
v 0.005410 0.059918 0.033208
v 0.005761 0.058284 0.034783
v 0.013229 0.057164 0.034499
v 0.011818 0.060050 0.031250
v 0.012468 0.058422 0.032733
v 0.019737 0.057290 0.031003
v 0.017721 0.060164 0.028080
v 0.018647 0.058542 0.029415
v 0.025437 0.057392 0.026305
v 0.022892 0.060257 0.023818
v 0.024059 0.058639 0.024954
v 0.030113 0.057466 0.020585
v 0.027132 0.060324 0.018630
v 0.028498 0.058710 0.019523
v 0.033582 0.057510 0.014063
v 0.030280 0.060364 0.012714
v 0.031792 0.058751 0.013330
v 0.035713 0.057520 0.006989
v 0.032212 0.060373 0.006297
v 0.033816 0.058761 0.006614
v 0.036424 0.057498 -0.000365
v 0.032857 0.060353 -0.000373
v 0.034490 0.058740 -0.000368
v 0.035686 0.057444 -0.007716
v 0.032188 0.060304 -0.007041
v 0.033790 0.058689 -0.007347
v 0.033529 0.057360 -0.014782
v 0.030231 0.060228 -0.013450
v 0.031741 0.058609 -0.014056
v 0.030035 0.057250 -0.021290
v 0.027062 0.060128 -0.019354
v 0.028424 0.058504 -0.020235
v 0.025338 0.057116 -0.026992
v 0.022802 0.060007 -0.024526
v 0.023965 0.058377 -0.025649
v 0.019620 0.056966 -0.031668
v 0.017615 0.059870 -0.028767
v 0.018536 0.058234 -0.030088
v 0.013099 0.056804 -0.035137
v 0.011700 0.059723 -0.031914
v 0.012345 0.058081 -0.033382
v 0.006027 0.056636 -0.037268
v 0.005285 0.059571 -0.033846
v 0.005631 0.057921 -0.035405
vn -0.7080 -0.5047 0.4939
vn -0.7405 -0.4358 0.5117
vn -0.7787 -0.4507 0.4365
vn -0.7392 -0.5239 0.4232
vn -0.7683 -0.3625 0.5276
vn -0.8115 -0.3735 0.4494
vn -0.8470 -0.3848 0.3668
vn -0.8101 -0.4650 0.3570
vn -0.7656 -0.5412 0.3477
vn -0.7919 -0.2835 0.5409
vn -0.8383 -0.2917 0.4606
vn -0.8104 -0.1988 0.5511
vn -0.8590 -0.2046 0.4693
vn -0.8996 -0.2106 0.3825
vn -0.8768 -0.3002 0.3755
vn -0.8230 -0.1090 0.5575
vn -0.8729 -0.1126 0.4747
vn -0.8287 -0.0152 0.5594
vn -0.8791 -0.0167 0.4763
vn -0.9214 -0.0181 0.3882
vn -0.9147 -0.1163 0.3869
vn -0.8270 0.0811 0.5563
vn -0.8770 0.0818 0.4735
vn -0.8173 0.1781 0.5480
vn -0.8659 0.1813 0.4662
vn -0.9065 0.1851 0.3795
vn -0.9189 0.0829 0.3857
vn -0.7996 0.2735 0.5346
vn -0.8458 0.2796 0.4545
vn -0.7744 0.3652 0.5166
vn -0.8166 0.3749 0.4389
vn -0.8511 0.3851 0.3568
vn -0.8839 0.2865 0.3697
vn -0.7427 0.4513 0.4947
vn -0.7790 0.4655 0.4202
vn -0.7049 0.5314 0.4698
vn -0.7329 0.5503 0.4000
vn -0.7561 0.5673 0.3263
vn -0.8083 0.4793 0.3419
vn -0.8351 -0.4774 0.2734
vn -0.7873 -0.5557 0.2671
vn -0.8749 -0.3949 0.2802
vn -0.8952 -0.4030 0.1902
vn -0.8534 -0.4870 0.1859
vn -0.8035 -0.5667 0.1821
vn -0.9072 -0.3080 0.2865
vn -0.9318 -0.2162 0.2917
vn -0.9551 -0.2208 0.1974
vn -0.9292 -0.3144 0.1942
vn -0.9480 -0.1198 0.2949
vn -0.9551 -0.0193 0.2957
vn -0.9796 -0.0203 0.1998
vn -0.9722 -0.1226 0.1994
vn -0.9522 0.0841 0.2937
vn -0.9386 0.1888 0.2887
vn -0.9619 0.1918 0.1947
vn -0.9765 0.0850 0.1982
vn -0.9139 0.2930 0.2811
vn -0.8780 0.3944 0.2712
vn -0.8974 0.4016 0.1825
vn -0.9356 0.2981 0.1893
vn -0.8314 0.4912 0.2599
vn -0.7749 0.5813 0.2483
vn -0.7887 0.5917 0.1670
vn -0.8481 0.5002 0.1748
vn -0.8646 -0.4933 0.0958
vn -0.8135 -0.5738 0.0941
vn -0.9076 -0.4082 0.0976
vn -0.9119 -0.4104 0.0038
vn -0.8685 -0.4957 0.0042
vn -0.8170 -0.5766 0.0045
vn -0.9427 -0.3186 0.0994
vn -0.9694 -0.2240 0.1008
vn -0.9743 -0.2254 0.0030
vn -0.9473 -0.3204 0.0034
vn -0.9870 -0.1247 0.1015
vn -0.9946 -0.0211 0.1015
vn -0.9998 -0.0218 0.0020
vn -0.9921 -0.1257 0.0025
vn -0.9913 0.0854 0.1004
vn -0.9761 0.1936 0.0983
vn -0.9810 0.1939 0.0008
vn -0.9964 0.0853 0.0014
vn -0.9488 0.3013 0.0953
vn -0.9092 0.4060 0.0916
vn -0.9133 0.4073 -0.0004
vn -0.9533 0.3020 0.0002
vn -0.8582 0.5057 0.0875
vn -0.7971 0.5981 0.0833
vn -0.8000 0.6000 -0.0016
vn -0.8617 0.5073 -0.0010
vn -0.8649 -0.4942 -0.0874
vn -0.8139 -0.5748 -0.0851
vn -0.9080 -0.4092 -0.0900
vn -0.8959 -0.4049 -0.1826
vn -0.8541 -0.4889 -0.1777
vn -0.8042 -0.5686 -0.1733
vn -0.9430 -0.3196 -0.0926
vn -0.9697 -0.2250 -0.0949
vn -0.9559 -0.2229 -0.1915
vn -0.9299 -0.3164 -0.1874
vn -0.9874 -0.1257 -0.0966
vn -0.9950 -0.0222 -0.0975
vn -0.9804 -0.0224 -0.1959
vn -0.9730 -0.1247 -0.1945
vn -0.9916 0.0844 -0.0976
vn -0.9765 0.1926 -0.0967
vn -0.9627 0.1898 -0.1931
vn -0.9772 0.0830 -0.1954
vn -0.9491 0.3003 -0.0949
vn -0.9096 0.4051 -0.0924
vn -0.8981 0.3997 -0.1833
vn -0.9363 0.2961 -0.1889
vn -0.8586 0.5048 -0.0895
vn -0.7974 0.5972 -0.0865
vn -0.7893 0.5900 -0.1702
vn -0.8487 0.4984 -0.1768
vn -0.8361 -0.4802 -0.2653
vn -0.7883 -0.5584 -0.2584
vn -0.8760 -0.3978 -0.2728
vn -0.8483 -0.3886 -0.3596
vn -0.8114 -0.4687 -0.3492
vn -0.7669 -0.5448 -0.3392
vn -0.9082 -0.3110 -0.2800
vn -0.9328 -0.2192 -0.2859
vn -0.9010 -0.2145 -0.3770
vn -0.8782 -0.3041 -0.3691
vn -0.9491 -0.1228 -0.2901
vn -0.9562 -0.0223 -0.2919
vn -0.9229 -0.0221 -0.3845
vn -0.9162 -0.1203 -0.3823
vn -0.9533 0.0811 -0.2910
vn -0.9397 0.1858 -0.2872
vn -0.9079 0.1812 -0.3780
vn -0.9203 0.0790 -0.3831
vn -0.9149 0.2901 -0.2807
vn -0.8790 0.3916 -0.2720
vn -0.8524 0.3814 -0.3576
vn -0.8853 0.2827 -0.3693
vn -0.8323 0.4885 -0.2619
vn -0.7758 0.5787 -0.2514
vn -0.7573 0.5639 -0.3293
vn -0.8096 0.4758 -0.3438
vn -0.7803 -0.4552 -0.4289
vn -0.7407 -0.5283 -0.4150
vn -0.8131 -0.3781 -0.4425
vn -0.7702 -0.3679 -0.5209
vn -0.7423 -0.4410 -0.5044
vn -0.7099 -0.5098 -0.4860
vn -0.8400 -0.2964 -0.4544
vn -0.8608 -0.2094 -0.4639
vn -0.8125 -0.2045 -0.5460
vn -0.7939 -0.2891 -0.5350
vn -0.8747 -0.1175 -0.4703
vn -0.8809 -0.0216 -0.4729
vn -0.8308 -0.0209 -0.5562
vn -0.8251 -0.1147 -0.5533
vn -0.8787 0.0769 -0.4711
vn -0.8677 0.1764 -0.4648
vn -0.8193 0.1724 -0.5468
vn -0.8291 0.0754 -0.5540
vn -0.8474 0.2749 -0.4542
vn -0.8183 0.3703 -0.4397
vn -0.7764 0.3598 -0.5175
vn -0.8016 0.2680 -0.5344
vn -0.7805 0.4611 -0.4221
vn -0.7344 0.5462 -0.4029
vn -0.7067 0.5265 -0.4727
vn -0.7446 0.4462 -0.4965
vn -0.5633 -0.5871 0.5814
vn -0.5891 -0.5346 0.6059
vn -0.6374 -0.5488 0.5408
vn -0.5876 -0.6129 0.5282
vn -0.6138 -0.4771 0.6290
vn -0.6681 -0.4864 0.5631
vn -0.6667 -0.5725 0.4772
vn -0.6108 -0.6376 0.4696
vn -0.6359 -0.4168 0.6496
vn -0.6934 -0.4231 0.5833
vn -0.6566 -0.3491 0.6685
vn -0.7167 -0.3536 0.6010
vn -0.6752 -0.2735 0.6851
vn -0.7374 -0.2771 0.6160
vn -0.6902 -0.1913 0.6979
vn -0.7540 -0.1941 0.6276
vn -0.7006 -0.1035 0.7060
vn -0.7654 -0.1059 0.6348
vn -0.7056 -0.0117 0.7085
vn -0.7707 -0.0135 0.6370
vn -0.7046 0.0825 0.7048
vn -0.7693 0.0813 0.6336
vn -0.6971 0.1770 0.6948
vn -0.7609 0.1764 0.6245
vn -0.6834 0.2693 0.6785
vn -0.7454 0.2696 0.6097
vn -0.6642 0.3568 0.6569
vn -0.7237 0.3583 0.5898
vn -0.6410 0.4363 0.6314
vn -0.6973 0.4399 0.5659
vn -0.6154 0.5068 0.6037
vn -0.6678 0.5138 0.5386
vn -0.5865 0.5724 0.5730
vn -0.6320 0.5848 0.5085
vn -0.5563 0.6307 0.5411
vn -0.5775 0.6552 0.4870
vn -0.5961 0.6790 0.4286
vn -0.6574 0.6081 0.4451
vn -0.6772 0.6294 0.3812
vn -0.6118 0.7001 0.3682
vn -0.6257 0.7193 0.3017
vn -0.6948 0.6479 0.3121
vn -0.7096 0.6632 0.2378
vn -0.6374 0.7355 0.2296
vn -0.6461 0.7476 0.1540
vn -0.7206 0.6746 0.1598
vn -0.7275 0.6815 0.0794
vn -0.6514 0.7549 0.0762
vn -0.6533 0.7571 -0.0027
vn -0.7298 0.6836 -0.0022
vn -0.7278 0.6807 -0.0837
vn -0.6517 0.7541 -0.0815
vn -0.6467 0.7460 -0.1593
vn -0.7212 0.6730 -0.1641
vn -0.7105 0.6608 -0.2420
vn -0.6383 0.7331 -0.2348
vn -0.6269 0.7162 -0.3068
vn -0.6960 0.6447 -0.3162
vn -0.6786 0.6254 -0.3852
vn -0.6131 0.6963 -0.3731
vn -0.5977 0.6745 -0.4333
vn -0.6591 0.6034 -0.4489
vn -0.6339 0.5795 -0.5122
vn -0.6698 0.5082 -0.5414
vn -0.5794 0.6501 -0.4916
vn -0.5583 0.6251 -0.5455
vn -0.5887 0.5665 -0.5767
vn -0.6176 0.5005 -0.6067
vn -0.6994 0.4341 -0.5678
vn -0.7259 0.3522 -0.5908
vn -0.6434 0.4298 -0.6335
vn -0.6667 0.3500 -0.6581
vn -0.7477 0.2633 -0.6096
vn -0.7632 0.1700 -0.6234
vn -0.6860 0.2623 -0.6787
vn -0.6997 0.1698 -0.6940
vn -0.7717 0.0747 -0.6316
vn -0.7731 -0.0201 -0.6340
vn -0.7072 0.0752 -0.7030
vn -0.7083 -0.0190 -0.7057
vn -0.7677 -0.1124 -0.6308
vn -0.7563 -0.2006 -0.6227
vn -0.7032 -0.1108 -0.7023
vn -0.6928 -0.1985 -0.6933
vn -0.7397 -0.2834 -0.6104
vn -0.7189 -0.3598 -0.5947
vn -0.6777 -0.2806 -0.6797
vn -0.6591 -0.3560 -0.6624
vn -0.6955 -0.4291 -0.5763
vn -0.6702 -0.4922 -0.5556
vn -0.6383 -0.4235 -0.6428
vn -0.6161 -0.4836 -0.6218
vn -0.6123 -0.6426 -0.4605
vn -0.6685 -0.5774 -0.4687
vn -0.6394 -0.5544 -0.5327
vn -0.5896 -0.6184 -0.5196
vn -0.5914 -0.5408 -0.5981
vn -0.5654 -0.5931 -0.5732
vn -0.6511 -0.6841 -0.3287
vn -0.7139 -0.6168 -0.3317
vn -0.6922 -0.5984 -0.4034
vn -0.6324 -0.6644 -0.3983
vn -0.6810 -0.7124 -0.1693
vn -0.7463 -0.6435 -0.1701
vn -0.7324 -0.6321 -0.2533
vn -0.6678 -0.7004 -0.2518
vn -0.6922 -0.7217 0.0050
vn -0.7577 -0.6526 0.0048
vn -0.7549 -0.6505 -0.0835
vn -0.6894 -0.7196 -0.0830
vn -0.6809 -0.7102 0.1788
vn -0.7457 -0.6417 0.1795
vn -0.7546 -0.6496 0.0930
vn -0.6892 -0.7186 0.0929
vn -0.6508 -0.6797 0.3382
vn -0.7126 -0.6133 0.3407
vn -0.7314 -0.6294 0.2626
vn -0.6678 -0.6970 0.2612
vn -0.6907 -0.5941 0.4122
vn -0.6315 -0.6596 0.4077
vn -0.4803 -0.5059 -0.7165
vn -0.5000 -0.4369 -0.7477
vn -0.4245 -0.4491 -0.7862
vn -0.4091 -0.5226 -0.7480
vn -0.5179 -0.3636 -0.7743
vn -0.4395 -0.3718 -0.8177
vn -0.3565 -0.3802 -0.8534
vn -0.3446 -0.4608 -0.8179
vn -0.3332 -0.5374 -0.7747
vn -0.5333 -0.2846 -0.7966
vn -0.4529 -0.2898 -0.8432
vn -0.5459 -0.1999 -0.8137
vn -0.4639 -0.2026 -0.8624
vn -0.3771 -0.2056 -0.9031
vn -0.3676 -0.2954 -0.8818
vn -0.5547 -0.1101 -0.8247
vn -0.4719 -0.1107 -0.8747
vn -0.5592 -0.0163 -0.8289
vn -0.4761 -0.0147 -0.8792
vn -0.3880 -0.0130 -0.9216
vn -0.3841 -0.1113 -0.9166
vn -0.5587 0.0800 -0.8255
vn -0.4760 0.0838 -0.8754
vn -0.5531 0.1770 -0.8141
vn -0.4714 0.1832 -0.8627
vn -0.3848 0.1901 -0.9032
vn -0.3883 0.0880 -0.9173
vn -0.5423 0.2724 -0.7948
vn -0.4623 0.2814 -0.8409
vn -0.5268 0.3641 -0.7681
vn -0.4493 0.3766 -0.8101
vn -0.3676 0.3897 -0.8444
vn -0.3778 0.2913 -0.8789
vn -0.5072 0.4502 -0.7349
vn -0.4331 0.4670 -0.7709
vn -0.4845 0.5303 -0.6958
vn -0.4152 0.5516 -0.7234
vn -0.3420 0.5710 -0.7463
vn -0.3552 0.4835 -0.8000
vn -0.2606 -0.4704 -0.8431
vn -0.2522 -0.5493 -0.7967
vn -0.2697 -0.3875 -0.8815
vn -0.1795 -0.3927 -0.9020
vn -0.1730 -0.4773 -0.8615
vn -0.1670 -0.5578 -0.8130
vn -0.2785 -0.3003 -0.9123
vn -0.2861 -0.2082 -0.9353
vn -0.1918 -0.2099 -0.9587
vn -0.1860 -0.3037 -0.9344
vn -0.2920 -0.1116 -0.9499
vn -0.2955 -0.0111 -0.9553
vn -0.1996 -0.0091 -0.9798
vn -0.1964 -0.1115 -0.9742
vn -0.2963 0.0922 -0.9506
vn -0.2942 0.1968 -0.9352
vn -0.2003 0.2027 -0.9585
vn -0.2009 0.0962 -0.9749
vn -0.2894 0.3007 -0.9087
vn -0.2823 0.4017 -0.8712
vn -0.1939 0.4117 -0.8905
vn -0.1978 0.3087 -0.9304
vn -0.2736 0.4980 -0.8229
vn -0.2645 0.5874 -0.7649
vn -0.1834 0.6003 -0.7785
vn -0.1888 0.5096 -0.8394
vn -0.0827 -0.4809 -0.8729
vn -0.0788 -0.5623 -0.8232
vn -0.0869 -0.3953 -0.9144
vn 0.0069 -0.3948 -0.9187
vn 0.0089 -0.4808 -0.8768
vn 0.0108 -0.5625 -0.8267
vn -0.0911 -0.3052 -0.9479
vn -0.0951 -0.2102 -0.9730
vn 0.0027 -0.2089 -0.9779
vn 0.0049 -0.3043 -0.9526
vn -0.0986 -0.1106 -0.9890
vn -0.1013 -0.0070 -0.9948
vn -0.0019 -0.0048 -1.0000
vn 0.0004 -0.1088 -0.9941
vn -0.1032 0.0995 -0.9897
vn -0.1040 0.2074 -0.9727
vn -0.0066 0.2104 -0.9776
vn -0.0042 0.1021 -0.9948
vn -0.1040 0.3146 -0.9435
vn -0.1031 0.4188 -0.9022
vn -0.0111 0.4226 -0.9062
vn -0.0089 0.3181 -0.9480
vn -0.1017 0.5177 -0.8495
vn -0.0999 0.6090 -0.7868
vn -0.0151 0.6133 -0.7897
vn -0.0132 0.5218 -0.8530
vn 0.1005 -0.4769 -0.8732
vn 0.1004 -0.5583 -0.8235
vn 0.1007 -0.3911 -0.9148
vn 0.1932 -0.3845 -0.9027
vn 0.1905 -0.4693 -0.8622
vn 0.1883 -0.5499 -0.8137
vn 0.1008 -0.3009 -0.9483
vn 0.1005 -0.2058 -0.9734
vn 0.1971 -0.2013 -0.9595
vn 0.1955 -0.2953 -0.9352
vn 0.0995 -0.1062 -0.9894
vn 0.0976 -0.0026 -0.9952
vn 0.1959 -0.0003 -0.9806
vn 0.1973 -0.1028 -0.9749
vn 0.0948 0.1039 -0.9901
vn 0.0909 0.2117 -0.9731
vn 0.1873 0.2113 -0.9593
vn 0.1926 0.1049 -0.9757
vn 0.0862 0.3188 -0.9439
vn 0.0809 0.4229 -0.9026
vn 0.1719 0.4198 -0.8912
vn 0.1803 0.3171 -0.9311
vn 0.0753 0.5216 -0.8499
vn 0.0698 0.6128 -0.7871
vn 0.1536 0.6077 -0.7791
vn 0.1628 0.5174 -0.8401
vn 0.2779 -0.4585 -0.8441
vn 0.2731 -0.5377 -0.7977
vn 0.2831 -0.3753 -0.8826
vn 0.3696 -0.3642 -0.8548
vn 0.3614 -0.4451 -0.8193
vn 0.3536 -0.5222 -0.7760
vn 0.2879 -0.2877 -0.9134
vn 0.2914 -0.1955 -0.9364
vn 0.3822 -0.1888 -0.9046
vn 0.3769 -0.2789 -0.8833
vn 0.2929 -0.0987 -0.9510
vn 0.2920 0.0019 -0.9564
vn 0.3845 0.0041 -0.9231
vn 0.3850 -0.0942 -0.9181
vn 0.2882 0.1052 -0.9518
vn 0.2816 0.2095 -0.9364
vn 0.3725 0.2068 -0.9047
vn 0.3804 0.1050 -0.9189
vn 0.2723 0.3131 -0.9098
vn 0.2608 0.4137 -0.8722
vn 0.3467 0.4055 -0.8458
vn 0.3611 0.3077 -0.8803
vn 0.2481 0.5095 -0.8239
vn 0.2352 0.5984 -0.7659
vn 0.3134 0.5855 -0.7476
vn 0.3303 0.4987 -0.8014
vn 0.4408 -0.4300 -0.7879
vn 0.4289 -0.5041 -0.7496
vn 0.4522 -0.3521 -0.8195
vn 0.5304 -0.3404 -0.7764
vn 0.5159 -0.4144 -0.7498
vn 0.4994 -0.4842 -0.7184
vn 0.4619 -0.2696 -0.8450
vn 0.4690 -0.1820 -0.8642
vn 0.5510 -0.1757 -0.8158
vn 0.5422 -0.2608 -0.7987
vn 0.4729 -0.0898 -0.8765
vn 0.4728 0.0063 -0.8811
vn 0.5561 0.0084 -0.8311
vn 0.5558 -0.0856 -0.8269
vn 0.4684 0.1047 -0.8773
vn 0.4594 0.2038 -0.8645
vn 0.5415 0.2012 -0.8163
vn 0.5514 0.1046 -0.8277
vn 0.4461 0.3015 -0.8427
vn 0.4290 0.3960 -0.8119
vn 0.5071 0.3869 -0.7701
vn 0.5265 0.2960 -0.7970
vn 0.4090 0.4857 -0.7726
vn 0.3875 0.5694 -0.7250
vn 0.4578 0.5511 -0.6976
vn 0.4838 0.4721 -0.7369
vn -0.5260 -0.5524 -0.6467
vn -0.5116 -0.6170 -0.5980
vn -0.5500 -0.4901 -0.6763
vn -0.4617 -0.5739 -0.6763
vn -0.4523 -0.6397 -0.6215
vn -0.5719 -0.4270 -0.7005
vn -0.5915 -0.3577 -0.7226
vn -0.6086 -0.2812 -0.7420
vn -0.6224 -0.1983 -0.7572
vn -0.6321 -0.1101 -0.7671
vn -0.6368 -0.0178 -0.7708
vn -0.6360 0.0770 -0.7678
vn -0.6294 0.1722 -0.7577
vn -0.6171 0.2655 -0.7407
vn -0.5997 0.3544 -0.7175
vn -0.5780 0.4361 -0.6897
vn -0.5528 0.5102 -0.6589
vn -0.5246 0.5814 -0.6219
vn -0.5050 0.6514 -0.5663
vn -0.4472 0.6771 -0.5844
vn -0.4618 0.6068 -0.6470
vn -0.3986 0.6301 -0.6664
vn -0.3874 0.7001 -0.5997
vn -0.3215 0.7214 -0.6134
vn -0.3300 0.6509 -0.6837
vn -0.2562 0.6685 -0.6982
vn -0.2499 0.7397 -0.6248
vn -0.1746 0.7540 -0.6333
vn -0.1785 0.6822 -0.7091
vn -0.0983 0.6914 -0.7158
vn -0.0970 0.7635 -0.6385
vn -0.0183 0.7679 -0.6403
vn -0.0168 0.6957 -0.7181
vn 0.0648 0.6950 -0.7161
vn 0.0606 0.7670 -0.6388
vn 0.1386 0.7609 -0.6339
vn 0.1453 0.6893 -0.7097
vn 0.2236 0.6791 -0.6992
vn 0.2145 0.7500 -0.6257
vn 0.2869 0.7348 -0.6146
vn 0.2982 0.6648 -0.6849
vn 0.3677 0.6471 -0.6679
vn 0.3537 0.7165 -0.6012
vn 0.4145 0.6962 -0.5861
vn 0.4319 0.6266 -0.6487
vn 0.4959 0.6040 -0.6240
vn 0.5270 0.5341 -0.6611
vn 0.4734 0.6730 -0.5682
vn 0.5279 0.6491 -0.5476
vn 0.5607 0.5919 -0.5790
vn 0.5925 0.5273 -0.6090
vn 0.5554 0.4612 -0.6920
vn 0.5806 0.3805 -0.7198
vn 0.6212 0.4578 -0.6360
vn 0.6479 0.3791 -0.6607
vn 0.6019 0.2925 -0.7431
vn 0.6182 0.1999 -0.7602
vn 0.6710 0.2923 -0.6814
vn 0.6887 0.2005 -0.6967
vn 0.6289 0.1050 -0.7703
vn 0.6339 0.0104 -0.7733
vn 0.7004 0.1064 -0.7058
vn 0.7056 0.0123 -0.7085
vn 0.6333 -0.0821 -0.7696
vn 0.6276 -0.1707 -0.7596
vn 0.7047 -0.0796 -0.7050
vn 0.6981 -0.1677 -0.6961
vn 0.6175 -0.2540 -0.7444
vn 0.6039 -0.3312 -0.7250
vn 0.6868 -0.2504 -0.6824
vn 0.6716 -0.3266 -0.6651
vn 0.5874 -0.4013 -0.7028
vn 0.5684 -0.4654 -0.6785
vn 0.6538 -0.3949 -0.6454
vn 0.6344 -0.4559 -0.6242
vn 0.4777 -0.6191 -0.6233
vn 0.4840 -0.5530 -0.6782
vn 0.5473 -0.5287 -0.6488
vn 0.5360 -0.5938 -0.6000
vn 0.6124 -0.5142 -0.6005
vn 0.5889 -0.5675 -0.5755
vn 0.3469 -0.6628 -0.6636
vn 0.3480 -0.5953 -0.7243
vn 0.4193 -0.5753 -0.7023
vn 0.4162 -0.6418 -0.6442
vn 0.1879 -0.6954 -0.6936
vn 0.1872 -0.6259 -0.7571
vn 0.2701 -0.6124 -0.7430
vn 0.2701 -0.6810 -0.6806
vn 0.0143 -0.7097 -0.7044
vn 0.0126 -0.6395 -0.7687
vn 0.1008 -0.6350 -0.7659
vn 0.1021 -0.7051 -0.7017
vn -0.1597 -0.7031 -0.6929
vn -0.1623 -0.6336 -0.7565
vn -0.0756 -0.6390 -0.7655
vn -0.0736 -0.7090 -0.7013
vn -0.3199 -0.6775 -0.6623
vn -0.3242 -0.6101 -0.7229
vn -0.2457 -0.6238 -0.7420
vn -0.2424 -0.6924 -0.6796
vn -0.3962 -0.5933 -0.7007
vn -0.3899 -0.6596 -0.6426
vn 0.7298 -0.4779 -0.4889
vn 0.7591 -0.4078 -0.5074
vn 0.7979 -0.4202 -0.4321
vn 0.7617 -0.4950 -0.4180
vn 0.7837 -0.3335 -0.5240
vn 0.8273 -0.3418 -0.4457
vn 0.8633 -0.3507 -0.3630
vn 0.8300 -0.4324 -0.3524
vn 0.7889 -0.5104 -0.3423
vn 0.8038 -0.2537 -0.5381
vn 0.8505 -0.2590 -0.4577
vn 0.8185 -0.1684 -0.5492
vn 0.8674 -0.1711 -0.4673
vn 0.9082 -0.1745 -0.3805
vn 0.8894 -0.2649 -0.3726
vn 0.8271 -0.0782 -0.5565
vn 0.8771 -0.0787 -0.4738
vn 0.8287 0.0158 -0.5594
vn 0.8791 0.0173 -0.4763
vn 0.9214 0.0187 -0.3882
vn 0.9191 -0.0797 -0.3859
vn 0.8227 0.1120 -0.5573
vn 0.8726 0.1157 -0.4745
vn 0.8087 0.2085 -0.5500
vn 0.8572 0.2146 -0.4682
vn 0.8975 0.2211 -0.3816
vn 0.9144 0.1196 -0.3867
vn 0.7869 0.3031 -0.5376
vn 0.8326 0.3121 -0.4575
vn 0.7576 0.3938 -0.5205
vn 0.7993 0.4061 -0.4429
vn 0.8333 0.4187 -0.3610
vn 0.8704 0.3215 -0.3728
vn 0.7221 0.4786 -0.4994
vn 0.7577 0.4952 -0.4251
vn 0.6808 0.5572 -0.4754
vn 0.7079 0.5781 -0.4058
vn 0.7303 0.5968 -0.3322
vn 0.7864 0.5111 -0.3469
vn 0.8555 -0.4428 -0.2686
vn 0.8112 -0.5230 -0.2615
vn 0.8916 -0.3587 -0.2763
vn 0.9122 -0.3649 -0.1862
vn 0.8741 -0.4506 -0.1811
vn 0.8278 -0.5325 -0.1765
vn 0.9200 -0.2705 -0.2836
vn 0.9405 -0.1778 -0.2896
vn 0.9640 -0.1804 -0.1953
vn 0.9423 -0.2749 -0.1911
vn 0.9524 -0.0807 -0.2939
vn 0.9551 0.0200 -0.2957
vn 0.9796 0.0210 -0.1998
vn 0.9767 -0.0815 -0.1983
vn 0.9476 0.1231 -0.2947
vn 0.9294 0.2272 -0.2909
vn 0.9525 0.2322 -0.1968
vn 0.9718 0.1261 -0.1993
vn 0.9001 0.3302 -0.2843
vn 0.8597 0.4301 -0.2755
vn 0.8788 0.4390 -0.1869
vn 0.9215 0.3373 -0.1926
vn 0.8089 0.5248 -0.2651
vn 0.7484 0.6124 -0.2545
vn 0.7617 0.6243 -0.1732
vn 0.8251 0.5354 -0.1801
vn 0.8856 -0.4555 -0.0909
vn 0.8382 -0.5382 -0.0884
vn 0.9248 -0.3687 -0.0937
vn 0.9292 -0.3697 0.0002
vn 0.8896 -0.4568 0.0007
vn 0.8417 -0.5399 0.0012
vn 0.9559 -0.2776 -0.0963
vn 0.9783 -0.1819 -0.0987
vn 0.9833 -0.1821 -0.0009
vn 0.9605 -0.2782 -0.0004
vn 0.9916 -0.0819 -0.1005
vn 0.9946 0.0219 -0.1015
vn 0.9997 0.0225 -0.0020
vn 0.9967 -0.0817 -0.0014
vn 0.9865 0.1282 -0.1015
vn 0.9666 0.2356 -0.1005
vn 0.9715 0.2371 -0.0030
vn 0.9916 0.1293 -0.0025
vn 0.9345 0.3420 -0.0986
vn 0.8904 0.4449 -0.0960
vn 0.8944 0.4473 -0.0040
vn 0.9390 0.3439 -0.0035
vn 0.8350 0.5423 -0.0929
vn 0.7699 0.6319 -0.0896
vn 0.7727 0.6348 -0.0047
vn 0.8384 0.5450 -0.0044
vn 0.8859 -0.4545 0.0923
vn 0.8385 -0.5373 0.0908
vn 0.9252 -0.3677 0.0940
vn 0.9129 -0.3629 0.1866
vn 0.8748 -0.4488 0.1825
vn 0.8285 -0.5306 0.1789
vn 0.9562 -0.2766 0.0957
vn 0.9787 -0.1809 0.0969
vn 0.9647 -0.1784 0.1936
vn 0.9430 -0.2729 0.1905
vn 0.9919 -0.0809 0.0976
vn 0.9950 0.0229 0.0975
vn 0.9804 0.0231 0.1959
vn 0.9775 -0.0795 0.1955
vn 0.9869 0.1292 0.0965
vn 0.9670 0.2366 0.0945
vn 0.9533 0.2342 0.1909
vn 0.9725 0.1281 0.1943
vn 0.9349 0.3429 0.0916
vn 0.8908 0.4459 0.0881
vn 0.8795 0.4409 0.1790
vn 0.9222 0.3392 0.1857
vn 0.8354 0.5432 0.0841
vn 0.7702 0.6328 0.0802
vn 0.7624 0.6261 0.1639
vn 0.8258 0.5373 0.1715
vn 0.8565 -0.4400 0.2700
vn 0.8122 -0.5203 0.2639
vn 0.8927 -0.3558 0.2767
vn 0.8646 -0.3469 0.3634
vn 0.8313 -0.4287 0.3538
vn 0.7902 -0.5068 0.3446
vn 0.9211 -0.2676 0.2829
vn 0.9416 -0.1748 0.2880
vn 0.9096 -0.1706 0.3789
vn 0.8907 -0.2611 0.3720
vn 0.9535 -0.0777 0.2911
vn 0.9562 0.0230 0.2919
vn 0.9228 0.0227 0.3845
vn 0.9205 -0.0757 0.3833
vn 0.9487 0.1262 0.2899
vn 0.9305 0.2302 0.2851
vn 0.8989 0.2251 0.3759
vn 0.9158 0.1235 0.3821
vn 0.9011 0.3331 0.2775
vn 0.8608 0.4329 0.2678
vn 0.8346 0.4224 0.3535
vn 0.8718 0.3254 0.3662
vn 0.8098 0.5275 0.2567
vn 0.7494 0.6150 0.2453
vn 0.7316 0.6002 0.3233
vn 0.7877 0.5147 0.3387
vn 0.7996 -0.4158 0.4334
vn 0.7633 -0.4907 0.4202
vn 0.8290 -0.3372 0.4462
vn 0.7857 -0.3281 0.5245
vn 0.7610 -0.4026 0.5087
vn 0.7316 -0.4728 0.4911
vn 0.8522 -0.2542 0.4572
vn 0.8691 -0.1663 0.4658
vn 0.8206 -0.1627 0.5479
vn 0.8058 -0.2481 0.5377
vn 0.8789 -0.0738 0.4713
vn 0.8809 0.0222 0.4729
vn 0.8308 0.0216 0.5561
vn 0.8292 -0.0724 0.5542
vn 0.8744 0.1206 0.4701
vn 0.8589 0.2194 0.4628
vn 0.8108 0.2141 0.5448
vn 0.8248 0.1177 0.5530
vn 0.8343 0.3168 0.4511
vn 0.8010 0.4107 0.4357
vn 0.7595 0.3991 0.5136
vn 0.7888 0.3086 0.5315
vn 0.7593 0.4995 0.4171
vn 0.7094 0.5823 0.3972
vn 0.6826 0.5621 0.4671
vn 0.7240 0.4837 0.4918
vn 0.6612 -0.5256 -0.5353
vn 0.6143 -0.5917 -0.5220
vn 0.6891 -0.4621 -0.5583
vn 0.6915 -0.5473 -0.4714
vn 0.6383 -0.6150 -0.4630
vn 0.7116 -0.3979 -0.5791
vn 0.7318 -0.3277 -0.5975
vn 0.7491 -0.2505 -0.6133
vn 0.7620 -0.1670 -0.6257
vn 0.7695 -0.0784 -0.6339
vn 0.7707 0.0141 -0.6370
vn 0.7651 0.1087 -0.6346
vn 0.7525 0.2035 -0.6264
vn 0.7329 0.2961 -0.6126
vn 0.7072 0.3840 -0.5936
vn 0.6773 0.4645 -0.5705
vn 0.6445 0.5373 -0.5440
vn 0.6056 0.6070 -0.5146
vn 0.5481 0.6751 -0.4938
vn 0.5655 0.7003 -0.4356
vn 0.6299 0.6320 -0.4514
vn 0.6488 0.6548 -0.3878
vn 0.5802 0.7227 -0.3755
vn 0.5933 0.7432 -0.3092
vn 0.6655 0.6748 -0.3189
vn 0.6796 0.6915 -0.2448
vn 0.6043 0.7606 -0.2373
vn 0.6124 0.7738 -0.1618
vn 0.6901 0.7042 -0.1669
vn 0.6966 0.7122 -0.0865
vn 0.6174 0.7822 -0.0840
vn 0.6192 0.7852 -0.0052
vn 0.6989 0.7152 -0.0050
vn 0.6969 0.7131 0.0766
vn 0.6177 0.7830 0.0736
vn 0.6130 0.7754 0.1515
vn 0.6907 0.7059 0.1570
vn 0.6805 0.6940 0.2351
vn 0.6051 0.7630 0.2272
vn 0.5945 0.7463 0.2993
vn 0.6667 0.6781 0.3095
vn 0.6502 0.6587 0.3786
vn 0.5816 0.7265 0.3658
vn 0.5672 0.7047 0.4263
vn 0.6316 0.6366 0.4425
vn 0.6075 0.6122 0.5060
vn 0.6465 0.5429 0.5360
vn 0.5499 0.6801 0.4848
vn 0.5300 0.6548 0.5389
vn 0.5629 0.5979 0.5707
vn 0.5947 0.5336 0.6013
vn 0.6794 0.4704 0.5631
vn 0.7094 0.3901 0.5870
vn 0.6236 0.4643 0.6289
vn 0.6504 0.3859 0.6543
vn 0.7352 0.3024 0.6067
vn 0.7548 0.2100 0.6215
vn 0.6735 0.2993 0.6758
vn 0.6913 0.2077 0.6920
vn 0.7675 0.1153 0.6306
vn 0.7731 0.0207 0.6340
vn 0.7030 0.1136 0.7021
vn 0.7082 0.0196 0.7057
vn 0.7718 -0.0718 0.6318
vn 0.7643 -0.1605 0.6246
vn 0.7073 -0.0724 0.7032
vn 0.7007 -0.1605 0.6952
vn 0.7514 -0.2441 0.6131
vn 0.7340 -0.3215 0.5982
vn 0.6893 -0.2433 0.6824
vn 0.6741 -0.3197 0.6659
vn 0.7137 -0.3919 0.5805
vn 0.6912 -0.4563 0.5604
vn 0.6562 -0.3882 0.6470
vn 0.6367 -0.4494 0.6266
vn 0.6402 -0.6099 0.4671
vn 0.6933 -0.5424 0.4745
vn 0.6632 -0.5200 0.5382
vn 0.6163 -0.5863 0.5258
vn 0.6146 -0.5080 0.6035
vn 0.5910 -0.5616 0.5791
vn 0.6816 -0.6502 0.3356
vn 0.7404 -0.5811 0.3378
vn 0.7180 -0.5630 0.4094
vn 0.6616 -0.6309 0.4052
vn 0.7124 -0.6793 0.1761
vn 0.7740 -0.6081 0.1765
vn 0.7596 -0.5964 0.2596
vn 0.6990 -0.6667 0.2585
vn 0.7234 -0.6904 0.0022
vn 0.7859 -0.6184 0.0017
vn 0.7829 -0.6155 0.0900
vn 0.7207 -0.6874 0.0901
vn 0.7112 -0.6816 -0.1720
vn 0.7734 -0.6099 -0.1731
vn 0.7826 -0.6165 -0.0865
vn 0.7202 -0.6884 -0.0858
vn 0.6795 -0.6546 -0.3313
vn 0.7391 -0.5846 -0.3345
vn 0.7586 -0.5991 -0.2563
vn 0.6972 -0.6702 -0.2545
vn 0.7164 -0.5672 -0.4062
vn 0.6596 -0.6358 -0.4008
vn 0.5021 -0.4767 0.7216
vn 0.5187 -0.4067 0.7521
vn 0.4438 -0.4218 0.7907
vn 0.4317 -0.4963 0.7532
vn 0.5333 -0.3324 0.7779
vn 0.4553 -0.3436 0.8214
vn 0.3728 -0.3553 0.8572
vn 0.3645 -0.4367 0.8225
vn 0.3565 -0.5142 0.7801
vn 0.5452 -0.2526 0.7993
vn 0.4650 -0.2608 0.8460
vn 0.5540 -0.1672 0.8155
vn 0.4723 -0.1731 0.8643
vn 0.3856 -0.1795 0.9050
vn 0.3802 -0.2698 0.8847
vn 0.5589 -0.0770 0.8257
vn 0.4762 -0.0807 0.8757
vn 0.5592 0.0169 0.8289
vn 0.4761 0.0154 0.8792
vn 0.3880 0.0137 0.9216
vn 0.3884 -0.0848 0.9176
vn 0.5544 0.1131 0.8245
vn 0.4716 0.1137 0.8744
vn 0.5445 0.2096 0.8122
vn 0.4626 0.2127 0.8607
vn 0.3758 0.2162 0.9011
vn 0.3838 0.1145 0.9163
vn 0.5295 0.3042 0.7919
vn 0.4492 0.3102 0.8378
vn 0.5100 0.3949 0.7642
vn 0.4320 0.4044 0.8061
vn 0.3498 0.4142 0.8403
vn 0.3643 0.3167 0.8757
vn 0.4866 0.4797 0.7302
vn 0.4118 0.4936 0.7660
vn 0.4604 0.5583 0.6902
vn 0.3902 0.5768 0.7176
vn 0.3162 0.5932 0.7404
vn 0.3333 0.5069 0.7950
vn 0.2810 -0.4497 0.8478
vn 0.2761 -0.5294 0.8022
vn 0.2864 -0.3661 0.8854
vn 0.1965 -0.3751 0.9059
vn 0.1938 -0.4603 0.8663
vn 0.1913 -0.5415 0.8187
vn 0.2913 -0.2783 0.9153
vn 0.2948 -0.1858 0.9373
vn 0.2006 -0.1913 0.9608
vn 0.1990 -0.2856 0.9375
vn 0.2964 -0.0888 0.9509
vn 0.2955 0.0118 0.9553
vn 0.1996 0.0098 0.9798
vn 0.2010 -0.0927 0.9752
vn 0.2917 0.1150 0.9496
vn 0.2850 0.2192 0.9331
vn 0.1909 0.2212 0.9564
vn 0.1962 0.1149 0.9738
vn 0.2756 0.3225 0.9055
vn 0.2641 0.4227 0.8669
vn 0.1752 0.4290 0.8862
vn 0.1838 0.3267 0.9271
vn 0.2511 0.5180 0.8177
vn 0.2380 0.6063 0.7587
vn 0.1565 0.6158 0.7722
vn 0.1659 0.5260 0.8341
vn 0.1037 -0.4678 0.8777
vn 0.1035 -0.5498 0.8289
vn 0.1041 -0.3816 0.9184
vn 0.0104 -0.3853 0.9227
vn 0.0122 -0.4717 0.8817
vn 0.0139 -0.5539 0.8324
vn 0.1043 -0.2911 0.9510
vn 0.1041 -0.1957 0.9751
vn 0.0063 -0.1987 0.9800
vn 0.0084 -0.2944 0.9556
vn 0.1032 -0.0960 0.9900
vn 0.1013 0.0077 0.9948
vn 0.0019 0.0055 1.0000
vn 0.0041 -0.0985 0.9951
vn 0.0984 0.1141 0.9886
vn 0.0945 0.2218 0.9705
vn -0.0030 0.2206 0.9754
vn -0.0005 0.1124 0.9937
vn 0.0897 0.3286 0.9402
vn 0.0843 0.4322 0.8978
vn -0.0078 0.4320 0.9019
vn -0.0054 0.3279 0.9447
vn 0.0785 0.5304 0.8441
vn 0.0727 0.6209 0.7805
vn -0.0122 0.6214 0.7834
vn -0.0101 0.5306 0.8476
vn -0.0795 -0.4719 0.8781
vn -0.0758 -0.5537 0.8292
vn -0.0835 -0.3858 0.9188
vn -0.1762 -0.3834 0.9066
vn -0.1698 -0.4684 0.8671
vn -0.1640 -0.5493 0.8194
vn -0.0876 -0.2953 0.9514
vn -0.0915 -0.2001 0.9755
vn -0.1882 -0.1999 0.9616
vn -0.1825 -0.2940 0.9382
vn -0.0949 -0.1003 0.9904
vn -0.0976 0.0033 0.9952
vn -0.1960 0.0010 0.9806
vn -0.1928 -0.1014 0.9760
vn -0.0995 0.1098 0.9890
vn -0.1004 0.2175 0.9709
vn -0.1967 0.2127 0.9571
vn -0.1973 0.1062 0.9746
vn -0.1005 0.3244 0.9406
vn -0.0998 0.4281 0.8982
vn -0.1905 0.4209 0.8869
vn -0.1944 0.3183 0.9278
vn -0.0985 0.5264 0.8445
vn -0.0970 0.6172 0.7808
vn -0.1806 0.6083 0.7729
vn -0.1857 0.5183 0.8348
vn -0.2575 -0.4617 0.8489
vn -0.2492 -0.5410 0.8032
vn -0.2664 -0.3784 0.8865
vn -0.3534 -0.3714 0.8586
vn -0.3416 -0.4523 0.8239
vn -0.3303 -0.5294 0.7814
vn -0.2751 -0.2908 0.9164
vn -0.2826 -0.1985 0.9385
vn -0.3737 -0.1963 0.9065
vn -0.3643 -0.2862 0.8862
vn -0.2884 -0.1018 0.9521
vn -0.2920 -0.0012 0.9564
vn -0.3845 -0.0034 0.9231
vn -0.3806 -0.1018 0.9191
vn -0.2928 0.1021 0.9507
vn -0.2908 0.2065 0.9343
vn -0.3815 0.1994 0.9026
vn -0.3848 0.0975 0.9178
vn -0.2861 0.3101 0.9067
vn -0.2791 0.4107 0.8680
vn -0.3645 0.3984 0.8417
vn -0.3745 0.3004 0.8772
vn -0.2706 0.5065 0.8187
vn -0.2616 0.5953 0.7597
vn -0.3392 0.5787 0.7417
vn -0.3522 0.4918 0.7963
vn -0.4215 -0.4410 0.7924
vn -0.4063 -0.5149 0.7549
vn -0.4364 -0.3633 0.8231
vn -0.5150 -0.3556 0.7800
vn -0.4972 -0.4292 0.7541
vn -0.4777 -0.4984 0.7235
vn -0.4497 -0.2811 0.8478
vn -0.4607 -0.1937 0.8662
vn -0.5428 -0.1915 0.8177
vn -0.5304 -0.2764 0.8015
vn -0.4687 -0.1016 0.8775
vn -0.4729 -0.0056 0.8811
vn -0.5561 -0.0077 0.8311
vn -0.5516 -0.1016 0.8279
vn -0.4727 0.0928 0.8763
vn -0.4682 0.1921 0.8625
vn -0.5500 0.1854 0.8143
vn -0.5556 0.0885 0.8267
vn -0.4592 0.2901 0.8396
vn -0.4463 0.3849 0.8079
vn -0.5239 0.3720 0.7662
vn -0.5393 0.2806 0.7940
vn -0.4302 0.4750 0.7676
vn -0.4125 0.5591 0.7192
vn -0.4819 0.5374 0.6920
vn -0.5044 0.4578 0.7321
vn 0.5498 -0.5220 0.6522
vn 0.5382 -0.5876 0.6041
vn 0.5710 -0.4583 0.6811
vn 0.4865 -0.5460 0.6821
vn 0.4799 -0.6129 0.6278
vn 0.5901 -0.3940 0.7047
vn 0.6066 -0.3237 0.7261
vn 0.6203 -0.2463 0.7447
vn 0.6304 -0.1628 0.7590
vn 0.6361 -0.0741 0.7680
vn 0.6368 0.0184 0.7708
vn 0.6318 0.1130 0.7669
vn 0.6210 0.2077 0.7558
vn 0.6046 0.3002 0.7378
vn 0.5833 0.3879 0.7137
vn 0.5579 0.4683 0.6851
vn 0.5295 0.5409 0.6535
vn 0.4982 0.6104 0.6158
vn 0.4755 0.6789 0.5595
vn 0.4167 0.7022 0.5774
vn 0.4343 0.6332 0.6406
vn 0.3701 0.6540 0.6598
vn 0.3559 0.7227 0.5924
vn 0.2891 0.7411 0.6059
vn 0.3007 0.6719 0.6769
vn 0.2262 0.6863 0.6913
vn 0.2168 0.7564 0.6171
vn 0.1409 0.7674 0.6255
vn 0.1480 0.6967 0.7020
vn 0.0674 0.7024 0.7086
vn 0.0630 0.7735 0.6306
vn -0.0159 0.7745 0.6324
vn -0.0142 0.7031 0.7109
vn -0.0956 0.6988 0.7089
vn -0.0947 0.7701 0.6309
vn -0.1723 0.7605 0.6261
vn -0.1759 0.6895 0.7026
vn -0.2536 0.6757 0.6922
vn -0.2476 0.7461 0.6180
vn -0.3192 0.7277 0.6071
vn -0.3275 0.6579 0.6781
vn -0.3961 0.6370 0.6613
vn -0.3852 0.7063 0.5939
vn -0.4450 0.6831 0.5791
vn -0.4594 0.6135 0.6424
vn -0.5223 0.5878 0.6179
vn -0.5503 0.5170 0.6557
vn -0.5029 0.6572 0.5614
vn -0.5754 0.4433 0.6873
vn -0.5970 0.3618 0.7160
vn -0.6144 0.2732 0.7402
vn -0.6266 0.1801 0.7583
vn -0.6331 0.0850 0.7694
vn -0.6339 -0.0098 0.7733
vn -0.6292 -0.1021 0.7705
vn -0.6196 -0.1905 0.7615
vn -0.6058 -0.2735 0.7471
vn -0.5888 -0.3501 0.7285
vn -0.5693 -0.4197 0.7070
vn -0.5474 -0.4831 0.6833
vn -0.4498 -0.6334 0.6296
vn -0.4592 -0.5669 0.6839
vn -0.5235 -0.5457 0.6543
vn -0.5093 -0.6108 0.6062
vn -0.3173 -0.6716 0.6695
vn -0.3215 -0.6026 0.7304
vn -0.3935 -0.5861 0.7083
vn -0.3872 -0.6536 0.6503
vn -0.1575 -0.6964 0.7002
vn -0.1595 -0.6257 0.7636
vn -0.2429 -0.6161 0.7493
vn -0.2402 -0.6862 0.6867
vn 0.0169 -0.7024 0.7116
vn 0.0155 -0.6315 0.7752
vn -0.0728 -0.6310 0.7724
vn -0.0711 -0.7019 0.7088
vn 0.1909 -0.6886 0.6995
vn 0.1900 -0.6180 0.7629
vn 0.1037 -0.6271 0.7720
vn 0.1049 -0.6980 0.7084
vn 0.3494 -0.6568 0.6682
vn 0.3507 -0.5878 0.7291
vn 0.2729 -0.6047 0.7483
vn 0.2730 -0.6748 0.6857
vn 0.4219 -0.5680 0.7067
vn 0.4183 -0.6358 0.6487
vn -0.4689 -0.7417 -0.4795
vn -0.3984 -0.7725 -0.4945
vn -0.4031 -0.8144 -0.4173
vn -0.4780 -0.7782 -0.4073
vn -0.3269 -0.7933 -0.5135
vn -0.3355 -0.8339 -0.4382
vn -0.3776 -0.8322 -0.4059
vn -0.4137 -0.8404 -0.3500
vn -0.4883 -0.8043 -0.3385
vn -0.2471 -0.8076 -0.5355
vn -0.2506 -0.8452 -0.4721
vn -0.1612 -0.8174 -0.5531
vn -0.1586 -0.8545 -0.4947
vn -0.1723 -0.8328 -0.5261
vn -0.2734 -0.8349 -0.4778
vn -0.0735 -0.8226 -0.5639
vn -0.0716 -0.8602 -0.5050
vn 0.0171 -0.8229 -0.5679
vn 0.0181 -0.8607 -0.5088
vn 0.0174 -0.8304 -0.5570
vn -0.0818 -0.8312 -0.5499
vn 0.1076 -0.8186 -0.5642
vn 0.1078 -0.8563 -0.5052
vn 0.1950 -0.8096 -0.5537
vn 0.1943 -0.8467 -0.4952
vn 0.2069 -0.8244 -0.5269
vn 0.1165 -0.8268 -0.5503
vn 0.2804 -0.7960 -0.5364
vn 0.2858 -0.8334 -0.4731
vn 0.3596 -0.7782 -0.5149
vn 0.3702 -0.8184 -0.4396
vn 0.4125 -0.8148 -0.4075
vn 0.3080 -0.8220 -0.4790
vn 0.4302 -0.7542 -0.4962
vn 0.4371 -0.7959 -0.4189
vn 0.4994 -0.7203 -0.4814
vn 0.5103 -0.7564 -0.4092
vn 0.5221 -0.7820 -0.3405
vn 0.4490 -0.8214 -0.3517
vn -0.4374 -0.8553 -0.2779
vn -0.5063 -0.8202 -0.2665
vn -0.4537 -0.8320 -0.3193
vn -0.5017 -0.8348 -0.2267
vn -0.4634 -0.8649 -0.1930
vn -0.5288 -0.8288 -0.1832
vn 0.4736 -0.8352 -0.2796
vn 0.4888 -0.8111 -0.3211
vn 0.5409 -0.7970 -0.2686
vn 0.5641 -0.8046 -0.1854
vn 0.5003 -0.8437 -0.1948
vn 0.5372 -0.8118 -0.2288
vn -0.4847 -0.8695 -0.0954
vn -0.5466 -0.8325 -0.0903
vn -0.5313 -0.8395 -0.1140
vn -0.5411 -0.8410 0.0024
vn -0.4933 -0.8698 0.0037
vn -0.5535 -0.8329 0.0046
vn 0.5221 -0.8473 -0.0975
vn 0.5674 -0.8151 -0.1164
vn 0.5825 -0.8075 -0.0926
vn 0.5898 -0.8076 0.0022
vn 0.5314 -0.8471 0.0015
vn 0.5777 -0.8162 -0.0001
vn -0.4902 -0.8664 0.0952
vn -0.5498 -0.8298 0.0959
vn -0.5341 -0.8389 0.1045
vn -0.5103 -0.8377 0.1946
vn -0.4800 -0.8582 0.1819
vn -0.5391 -0.8221 0.1834
vn 0.5285 -0.8438 0.0930
vn 0.5711 -0.8145 0.1021
vn 0.5864 -0.8046 0.0936
vn 0.5757 -0.7973 0.1812
vn 0.5184 -0.8360 0.1799
vn 0.5476 -0.8143 0.1925
vn -0.4577 -0.8460 0.2735
vn -0.5217 -0.8096 0.2690
vn -0.4623 -0.8361 0.2954
vn -0.3908 -0.8294 0.3992
vn -0.4241 -0.8318 0.3580
vn -0.5001 -0.7928 0.3484
vn 0.4959 -0.8248 0.2717
vn 0.4999 -0.8148 0.2936
vn 0.5581 -0.7857 0.2669
vn 0.5361 -0.7698 0.3464
vn 0.4619 -0.8122 0.3563
vn 0.4287 -0.8112 0.3976
vn -0.4036 -0.8102 0.4252
vn -0.4815 -0.7697 0.4192
vn -0.3358 -0.8347 0.4364
vn -0.3250 -0.7964 0.5101
vn -0.3942 -0.7717 0.4990
vn -0.4671 -0.7367 0.4890
vn -0.3045 -0.8258 0.4747
vn -0.2634 -0.8477 0.4604
vn -0.2122 -0.8258 0.5225
vn -0.1784 -0.8552 0.4866
vn -0.1694 -0.8171 0.5511
vn -0.2528 -0.8105 0.5284
vn -0.1000 -0.8276 0.5523
vn -0.0809 -0.8575 0.5081
vn 0.0193 -0.8268 0.5621
vn 0.0199 -0.8562 0.5162
vn 0.0192 -0.8175 0.5756
vn -0.0764 -0.8187 0.5691
vn 0.1385 -0.8223 0.5519
vn 0.1207 -0.8530 0.5078
vn 0.2506 -0.8156 0.5216
vn 0.2180 -0.8463 0.4860
vn 0.2075 -0.8087 0.5504
vn 0.1148 -0.8145 0.5687
vn 0.3427 -0.8114 0.4734
vn 0.3026 -0.8351 0.4594
vn 0.3742 -0.8189 0.4351
vn 0.3620 -0.7811 0.5087
vn 0.2905 -0.7984 0.5274
vn 0.4407 -0.7915 0.4235
vn 0.5167 -0.7476 0.4173
vn 0.5011 -0.7153 0.4870
vn 0.4299 -0.7535 0.4974
vn -0.5226 -0.6664 -0.5317
vn -0.4575 -0.6962 -0.5532
vn -0.5426 -0.6987 -0.4664
vn -0.3924 -0.7195 -0.5730
vn -0.3217 -0.7388 -0.5922
vn -0.2436 -0.7539 -0.6101
vn -0.1601 -0.7645 -0.6244
vn -0.0733 -0.7701 -0.6337
vn 0.0158 -0.7706 -0.6371
vn 0.1048 -0.7662 -0.6340
vn 0.1913 -0.7567 -0.6251
vn 0.2743 -0.7425 -0.6111
vn 0.3517 -0.7239 -0.5935
vn 0.4216 -0.7015 -0.5746
vn 0.4856 -0.6753 -0.5551
vn 0.5495 -0.6427 -0.5339
vn 0.5711 -0.6740 -0.4686
vn 0.5892 -0.7002 -0.4031
vn 0.6060 -0.7220 -0.3339
vn 0.6238 -0.7375 -0.2588
vn 0.6410 -0.7471 -0.1762
vn 0.6532 -0.7521 -0.0878
vn 0.6577 -0.7532 0.0024
vn 0.6547 -0.7503 0.0917
vn 0.6456 -0.7425 0.1784
vn 0.6313 -0.7301 0.2616
vn 0.6132 -0.7133 0.3393
vn 0.5937 -0.6926 0.4096
vn 0.5735 -0.6681 0.4741
vn 0.5515 -0.6371 0.5385
vn 0.4870 -0.6706 0.5595
vn 0.4223 -0.6989 0.5772
vn 0.3538 -0.7228 0.5937
vn 0.2791 -0.7406 0.6112
vn 0.1968 -0.7527 0.6282
vn 0.1086 -0.7604 0.6403
vn 0.0182 -0.7642 0.6447
vn -0.0723 -0.7644 0.6407
vn -0.1608 -0.7607 0.6289
vn -0.2437 -0.7522 0.6122
vn -0.3191 -0.7377 0.5950
vn -0.3887 -0.7169 0.5788
vn -0.4547 -0.6914 0.5614
vn -0.5415 -0.6928 0.4763
vn -0.5206 -0.6609 0.5406
vn -0.5797 -0.7397 0.3417
vn -0.5609 -0.7182 0.4118
vn -0.6114 -0.7704 0.1809
vn -0.5973 -0.7573 0.2640
vn -0.6238 -0.7816 0.0050
vn -0.6205 -0.7785 0.0942
vn -0.6080 -0.7747 -0.1737
vn -0.6197 -0.7802 -0.0853
vn -0.5748 -0.7481 -0.3316
vn -0.5916 -0.7644 -0.2564
vn -0.5593 -0.7257 -0.4008
vn 0.4202 0.7917 -0.4434
vn 0.3502 0.8197 -0.4533
vn 0.3544 0.8548 -0.3791
vn 0.4296 0.8218 -0.3742
vn 0.2787 0.8422 -0.4615
vn 0.2792 0.8802 -0.3837
vn 0.2804 0.9097 -0.3063
vn 0.3586 0.8824 -0.3046
vn 0.4374 0.8465 -0.3034
vn 0.2053 0.8598 -0.4676
vn 0.2039 0.8991 -0.3873
vn 0.1306 0.8719 -0.4719
vn 0.1287 0.9119 -0.3897
vn 0.1274 0.9426 -0.3086
vn 0.2033 0.9295 -0.3077
vn 0.0552 0.8786 -0.4743
vn 0.0536 0.9188 -0.3911
vn -0.0204 0.8797 -0.4751
vn -0.0211 0.9200 -0.3915
vn -0.0217 0.9508 -0.3091
vn 0.0525 0.9496 -0.3090
vn -0.0959 0.8753 -0.4740
vn -0.0958 0.9155 -0.3908
vn -0.1710 0.8653 -0.4713
vn -0.1704 0.9053 -0.3891
vn -0.1702 0.9360 -0.3080
vn -0.0957 0.9463 -0.3087
vn -0.2450 0.8498 -0.4667
vn -0.2450 0.8892 -0.3864
vn -0.3175 0.8290 -0.4603
vn -0.3194 0.8670 -0.3825
vn -0.3216 0.8964 -0.3051
vn -0.2454 0.9196 -0.3068
vn -0.3879 0.8033 -0.4519
vn -0.3934 0.8383 -0.3776
vn -0.4566 0.7723 -0.4417
vn -0.4670 0.8020 -0.3724
vn -0.4756 0.8263 -0.3016
vn -0.3985 0.8657 -0.3031
vn 0.3619 0.9034 -0.2298
vn 0.4433 0.8662 -0.2305
vn 0.2815 0.9316 -0.2298
vn 0.2823 0.9468 -0.1542
vn 0.3642 0.9183 -0.1550
vn 0.4474 0.8806 -0.1562
vn 0.2029 0.9519 -0.2297
vn 0.1264 0.9651 -0.2295
vn 0.1255 0.9803 -0.1528
vn 0.2026 0.9672 -0.1535
vn 0.0516 0.9720 -0.2292
vn -0.0220 0.9732 -0.2290
vn -0.0222 0.9881 -0.1519
vn 0.0508 0.9870 -0.1522
vn -0.0954 0.9688 -0.2289
vn -0.1698 0.9585 -0.2289
vn -0.1694 0.9737 -0.1522
vn -0.0951 0.9838 -0.1519
vn -0.2458 0.9419 -0.2288
vn -0.3234 0.9183 -0.2286
vn -0.3245 0.9334 -0.1530
vn -0.2458 0.9572 -0.1526
vn -0.4024 0.8865 -0.2283
vn -0.4821 0.8458 -0.2287
vn -0.4866 0.8599 -0.1544
vn -0.4051 0.9013 -0.1535
vn 0.3657 0.9273 -0.0802
vn 0.4499 0.8894 -0.0810
vn 0.2828 0.9559 -0.0796
vn 0.2830 0.9591 -0.0055
vn 0.3662 0.9305 -0.0055
vn 0.4509 0.8926 -0.0055
vn 0.2024 0.9761 -0.0789
vn 0.1250 0.9891 -0.0783
vn 0.1249 0.9922 -0.0054
vn 0.2024 0.9793 -0.0054
vn 0.0504 0.9957 -0.0778
vn -0.0222 0.9967 -0.0775
vn -0.0221 0.9997 -0.0051
vn 0.0503 0.9987 -0.0053
vn -0.0947 0.9925 -0.0775
vn -0.1689 0.9826 -0.0777
vn -0.1687 0.9857 -0.0048
vn -0.0945 0.9955 -0.0050
vn -0.2457 0.9662 -0.0780
vn -0.3251 0.9424 -0.0784
vn -0.3252 0.9456 -0.0043
vn -0.2456 0.9694 -0.0046
vn -0.4066 0.9102 -0.0787
vn -0.4892 0.8686 -0.0792
vn -0.4900 0.8717 -0.0036
vn -0.4070 0.9134 -0.0040
vn 0.3659 0.9281 0.0693
vn 0.4502 0.8902 0.0702
vn 0.2830 0.9567 0.0686
vn 0.2829 0.9484 0.1434
vn 0.3648 0.9199 0.1442
vn 0.4480 0.8821 0.1454
vn 0.2027 0.9769 0.0681
vn 0.1253 0.9898 0.0676
vn 0.1261 0.9818 0.1422
vn 0.2032 0.9687 0.1427
vn 0.0507 0.9964 0.0673
vn -0.0219 0.9975 0.0673
vn -0.0216 0.9897 0.1417
vn 0.0514 0.9886 0.1418
vn -0.0944 0.9932 0.0676
vn -0.1687 0.9833 0.0682
vn -0.1688 0.9752 0.1428
vn -0.0945 0.9853 0.1421
vn -0.2454 0.9670 0.0690
vn -0.3248 0.9432 0.0698
vn -0.3240 0.9350 0.1446
vn -0.2453 0.9588 0.1436
vn -0.4063 0.9110 0.0708
vn -0.4889 0.8694 0.0720
vn -0.4860 0.8615 0.1473
vn -0.4046 0.9028 0.1457
vn 0.3627 0.9058 0.2191
vn 0.4441 0.8686 0.2199
vn 0.2823 0.9340 0.2191
vn 0.2815 0.9128 0.2958
vn 0.3597 0.8855 0.2941
vn 0.4385 0.8496 0.2930
vn 0.2038 0.9542 0.2191
vn 0.1272 0.9674 0.2190
vn 0.1285 0.9458 0.2984
vn 0.2044 0.9326 0.2973
vn 0.0524 0.9743 0.2190
vn -0.0212 0.9755 0.2190
vn -0.0205 0.9539 0.2993
vn 0.0536 0.9528 0.2990
vn -0.0946 0.9711 0.2193
vn -0.1690 0.9608 0.2196
vn -0.1690 0.9392 0.2990
vn -0.0945 0.9495 0.2993
vn -0.2449 0.9443 0.2200
vn -0.3225 0.9206 0.2203
vn -0.3204 0.8995 0.2970
vn -0.2443 0.9227 0.2982
vn -0.4016 0.8888 0.2207
vn -0.4812 0.8481 0.2217
vn -0.4745 0.8294 0.2948
vn -0.3974 0.8688 0.2956
vn 0.3558 0.8587 0.3689
vn 0.4310 0.8256 0.3641
vn 0.2806 0.8842 0.3735
vn 0.2804 0.8469 0.4517
vn 0.3519 0.8243 0.4435
vn 0.4218 0.7963 0.4336
vn 0.2053 0.9031 0.3772
vn 0.1301 0.9159 0.3798
vn 0.1324 0.8768 0.4623
vn 0.2070 0.8645 0.4579
vn 0.0551 0.9228 0.3814
vn -0.0197 0.9240 0.3820
vn -0.0187 0.8846 0.4660
vn 0.0570 0.8835 0.4650
vn -0.0943 0.9195 0.3817
vn -0.1690 0.9093 0.3804
vn -0.1692 0.8701 0.4629
vn -0.0942 0.8801 0.4653
vn -0.2436 0.8932 0.3781
vn -0.3179 0.8709 0.3747
vn -0.3158 0.8337 0.4529
vn -0.2433 0.8546 0.4588
vn -0.3920 0.8421 0.3704
vn -0.4656 0.8058 0.3659
vn -0.4549 0.7769 0.4353
vn -0.3863 0.8080 0.4450
vn 0.4772 0.7236 -0.4987
vn 0.4123 0.7518 -0.5145
vn 0.4924 0.7540 -0.4347
vn 0.3486 0.7743 -0.5281
vn 0.2807 0.7941 -0.5392
vn 0.2085 0.8102 -0.5477
vn 0.1338 0.8218 -0.5539
vn 0.0575 0.8282 -0.5575
vn -0.0195 0.8292 -0.5587
vn -0.0963 0.8248 -0.5572
vn -0.1722 0.8150 -0.5533
vn -0.2463 0.8002 -0.5468
vn -0.3177 0.7808 -0.5380
vn -0.3846 0.7581 -0.5267
vn -0.4472 0.7328 -0.5128
vn -0.5107 0.7017 -0.4968
vn -0.5270 0.7314 -0.4327
vn -0.5410 0.7554 -0.3696
vn -0.5524 0.7768 -0.3022
vn -0.5613 0.7948 -0.2306
vn -0.5677 0.8083 -0.1562
vn -0.5715 0.8167 -0.0801
vn -0.5727 0.8198 -0.0032
vn -0.5712 0.8175 0.0737
vn -0.5671 0.8099 0.1499
vn -0.5605 0.7972 0.2244
vn -0.5513 0.7799 0.2962
vn -0.5397 0.7592 0.3638
vn -0.5254 0.7359 0.4271
vn -0.5089 0.7068 0.4914
vn -0.4453 0.7381 0.5069
vn -0.3827 0.7635 0.5202
vn -0.3157 0.7863 0.5310
vn -0.2443 0.8058 0.5395
vn -0.1702 0.8207 0.5455
vn -0.0942 0.8305 0.5490
vn -0.0174 0.8349 0.5501
vn 0.0595 0.8339 0.5487
vn 0.1358 0.8275 0.5449
vn 0.2106 0.8159 0.5386
vn 0.2827 0.7996 0.5299
vn 0.3506 0.7797 0.5188
vn 0.4142 0.7571 0.5052
vn 0.4940 0.7584 0.4251
vn 0.4790 0.7287 0.4894
vn 0.5175 0.8036 0.2941
vn 0.5070 0.7824 0.3617
vn 0.5313 0.8342 0.1477
vn 0.5256 0.8212 0.2223
vn 0.5358 0.8443 -0.0054
vn 0.5348 0.8420 0.0715
vn 0.5308 0.8326 -0.1583
vn 0.5345 0.8412 -0.0822
vn 0.5163 0.8005 -0.3044
vn 0.5247 0.8189 -0.2327
vn 0.5056 0.7786 -0.3717
vn 0.7033 0.5307 0.4730
vn 0.3505 0.9048 0.2419
vn 0.2953 0.9039 0.3094
vn 0.5968 0.5290 0.6033
vn -0.8698 0.4935 -0.0009
vn -0.4647 0.8855 -0.0037
vn -0.4563 0.8852 -0.0905
vn -0.8536 0.4930 -0.1685
vn -0.8038 0.4966 0.3275
vn -0.4305 0.8871 0.1665
vn -0.4560 0.8861 0.0831
vn -0.8530 0.4947 0.1665
vn 0.8471 0.5315 -0.0043
vn 0.4250 0.9052 -0.0055
vn 0.4167 0.9054 0.0814
vn 0.8309 0.5320 0.1632
vn -0.7242 0.4991 0.4758
vn -0.3893 0.8884 0.2433
vn 0.8303 0.5302 -0.1718
vn 0.4163 0.9045 -0.0923
vn -0.6172 0.5022 0.6057
vn -0.3338 0.8900 0.3107
vn 0.7811 0.5283 -0.3328
vn 0.3909 0.9035 -0.1757
vn -0.4869 0.5056 0.7122
vn -0.2663 0.8918 0.3659
vn 0.7015 0.5258 -0.4811
vn 0.3496 0.9022 -0.2525
vn -0.3384 0.5093 0.7913
vn -0.1893 0.8937 0.4068
vn 0.5945 0.5227 -0.6110
vn 0.2942 0.9006 -0.3199
vn -0.0129 0.5080 -0.8613
vn -0.0207 0.8930 -0.4496
vn 0.0661 0.8950 -0.4412
vn 0.1546 0.5118 -0.8451
vn -0.1772 0.5131 0.8398
vn -0.1058 0.8957 0.4320
vn -0.3413 0.5011 -0.7952
vn -0.1908 0.8894 -0.4153
vn -0.1074 0.8911 -0.4408
vn -0.1804 0.5044 -0.8444
vn 0.4642 0.5193 -0.7175
vn 0.2266 0.8989 -0.3751
vn -0.0097 0.5169 0.8560
vn -0.0190 0.8976 0.4404
vn -0.4896 0.4982 -0.7156
vn -0.2677 0.8879 -0.3741
vn 0.3157 0.5156 -0.7965
vn 0.1496 0.8970 -0.4160
vn 0.1577 0.5205 0.8392
vn 0.0678 0.8995 0.4317
vn -0.6195 0.4959 -0.6086
vn -0.3350 0.8867 -0.3186
vn 0.3186 0.5238 0.7900
vn 0.1512 0.9012 0.4062
vn -0.7260 0.4942 -0.4782
vn -0.3902 0.8858 -0.2511
vn 0.4669 0.5267 0.7104
vn 0.2280 0.9027 0.3649
vn -0.8050 0.4932 -0.3296
vn -0.4311 0.8853 -0.1741
vn 0.7823 0.5317 0.3244
vn 0.3915 0.9053 0.1649
vn 0.1507 -0.9385 -0.3105
vn 0.3244 -0.5715 -0.7537
vn 0.4660 -0.5680 -0.6784
vn 0.2097 -0.9371 -0.2791
vn 0.0880 -0.9366 0.3392
vn 0.1738 -0.5669 0.8053
vn 0.0142 -0.5703 0.8213
vn 0.0214 -0.9380 0.3459
vn -0.2208 -0.9464 -0.2359
vn -0.5669 -0.5903 -0.5746
vn -0.4431 -0.5881 -0.6766
vn -0.1692 -0.9455 -0.2784
vn 0.0867 -0.9401 -0.3298
vn 0.1708 -0.5752 -0.8000
vn 0.1519 -0.9353 0.3197
vn 0.3272 -0.5637 0.7584
vn -0.2631 -0.9470 -0.1841
vn -0.6684 -0.5919 -0.4504
vn 0.0202 -0.9416 -0.3362
vn 0.0112 -0.5788 -0.8154
vn 0.2108 -0.9341 0.2880
vn 0.4685 -0.5610 0.6825
vn -0.2945 -0.9474 -0.1251
vn -0.7438 -0.5929 -0.3087
vn 0.2624 -0.9332 0.2455
vn 0.5923 -0.5587 0.5805
vn -0.3138 -0.9475 -0.0611
vn -0.7900 -0.5931 -0.1551
vn 0.3047 -0.9325 0.1938
vn 0.6939 -0.5571 0.4563
vn -0.3202 -0.9473 0.0055
vn -0.8054 -0.5926 0.0046
vn 0.3361 -0.9321 0.1347
vn 0.7692 -0.5562 0.3146
vn -0.3135 -0.9469 0.0720
vn -0.7894 -0.5915 0.1642
vn 0.3554 -0.9320 0.0707
vn 0.8155 -0.5560 0.1610
vn -0.2940 -0.9461 0.1360
vn -0.7426 -0.5896 0.3176
vn 0.3618 -0.9322 0.0041
vn 0.8309 -0.5564 0.0013
vn -0.2624 -0.9451 0.1949
vn -0.6667 -0.5872 0.4590
vn 0.3551 -0.9327 -0.0624
vn 0.8149 -0.5576 -0.1583
vn -0.2199 -0.9439 0.2465
vn -0.5647 -0.5843 0.5828
vn 0.3356 -0.9335 -0.1263
vn 0.7680 -0.5594 -0.3117
vn -0.1681 -0.9425 0.2888
vn -0.4406 -0.5811 0.6843
vn 0.3040 -0.9345 -0.1852
vn 0.6922 -0.5618 -0.4531
vn -0.1091 -0.9411 0.3202
vn -0.2990 -0.5776 0.7596
vn -0.0463 -0.9430 -0.3296
vn -0.1484 -0.5822 -0.7994
vn 0.2615 -0.9357 -0.2368
vn 0.5902 -0.5647 -0.5769
vn -0.0451 -0.9395 0.3395
vn -0.1454 -0.5739 0.8059
vn -0.1103 -0.9443 -0.3100
vn -0.3018 -0.5854 -0.7525
vn 0.7086 -0.0231 0.7053
vn 0.5627 0.5982 0.5706
vn 0.4398 0.5960 0.6719
vn 0.5574 -0.0258 0.8298
vn -0.9791 -0.0651 -0.1928
vn -0.8101 0.5640 -0.1600
vn -0.7642 0.5643 -0.3125
vn -0.9226 -0.0648 -0.3803
vn 0.8325 -0.0211 0.5536
vn 0.6635 0.5998 0.4472
vn -0.9979 -0.0645 0.0022
vn -0.8254 0.5645 -0.0014
vn 0.9245 -0.0200 0.3807
vn 0.7384 0.6007 0.3065
vn -0.9784 -0.0631 0.1971
vn -0.8095 0.5657 0.1571
vn 0.9810 -0.0197 0.1932
vn 0.7843 0.6010 0.1540
vn -0.9212 -0.0608 0.3844
vn -0.7630 0.5675 0.3095
vn 0.9998 -0.0203 -0.0018
vn 0.7996 0.6005 -0.0046
vn -0.8285 -0.0579 0.5569
vn -0.6876 0.5699 0.4499
vn 0.9802 -0.0217 -0.1966
vn 0.7837 0.5993 -0.1631
vn -0.7040 -0.0544 0.7081
vn -0.5864 0.5728 0.5728
vn 0.9230 -0.0239 -0.3839
vn 0.7372 0.5975 -0.3155
vn -0.5524 -0.0504 0.8320
vn -0.4631 0.5760 0.6737
vn 0.8304 -0.0269 -0.5565
vn 0.6619 0.5951 -0.4558
vn -0.3796 -0.0461 0.9240
vn -0.3224 0.5795 0.7485
vn -0.1958 -0.0518 -0.9793
vn -0.1729 0.5749 -0.7998
vn -0.0144 0.5783 -0.8157
vn -0.0009 -0.0476 -0.9989
vn 0.7059 -0.0304 -0.7076
vn 0.5606 0.5922 -0.5788
vn -0.1921 -0.0416 0.9805
vn -0.1699 0.5831 0.7944
vn -0.3830 -0.0556 -0.9221
vn -0.3252 0.5717 -0.7532
vn 0.5543 -0.0344 -0.8316
vn 0.4373 0.5890 -0.6796
vn 0.0028 -0.0372 0.9993
vn -0.0114 0.5867 0.8097
vn -0.5555 -0.0590 -0.8294
vn -0.4656 0.5690 -0.6778
vn 0.3815 -0.0387 -0.9236
vn 0.2966 0.5855 -0.7545
vn 0.1976 -0.0330 0.9797
vn 0.1471 0.5901 0.7938
vn -0.7067 -0.0617 -0.7048
vn -0.5885 0.5668 -0.5765
vn 0.1940 -0.0431 -0.9801
vn 0.1441 0.5819 -0.8004
vn 0.3849 -0.0292 0.9225
vn 0.2994 0.5933 0.7472
vn -0.8306 -0.0636 -0.5532
vn -0.6893 0.5652 -0.4532
vn 0.3615 0.9297 0.0705
vn 0.7940 0.5876 0.1559
vn 0.7475 0.5873 0.3103
vn 0.3395 0.9296 0.1436
vn -0.3797 0.9137 0.1450
vn -0.7715 0.5537 0.3133
vn -0.8186 0.5519 0.1591
vn -0.4020 0.9128 0.0720
vn 0.3689 0.9295 -0.0055
vn 0.8095 0.5871 -0.0045
vn -0.3436 0.9148 0.2122
vn -0.6953 0.5561 0.4553
vn 0.3612 0.9289 -0.0814
vn 0.7934 0.5859 -0.1649
vn -0.2951 0.9162 0.2711
vn -0.5928 0.5590 0.5797
vn 0.3389 0.9280 -0.1544
vn 0.7463 0.5841 -0.3191
vn -0.2360 0.9177 0.3194
vn -0.4681 0.5623 0.6817
vn 0.3029 0.9269 -0.2217
vn 0.6701 0.5817 -0.4611
vn -0.1687 0.9194 0.3553
vn -0.3258 0.5659 0.7574
vn -0.0970 0.9172 -0.3864
vn -0.1745 0.5612 -0.8091
vn -0.0141 0.5646 -0.8252
vn -0.0211 0.9188 -0.3941
vn 0.2543 0.9255 -0.2806
vn 0.5676 0.5788 -0.5855
vn -0.0956 0.9211 0.3773
vn -0.1715 0.5695 0.8039
vn -0.1700 0.9157 -0.3641
vn -0.3286 0.5580 -0.7620
vn 0.1953 0.9240 -0.3289
vn 0.4429 0.5755 -0.6875
vn -0.0197 0.9229 0.3846
vn -0.0111 0.5731 0.8194
vn -0.2372 0.9144 -0.3280
vn -0.4706 0.5552 -0.6857
vn 0.1279 0.9223 -0.3647
vn 0.3006 0.5719 -0.7632
vn 0.0563 0.9245 0.3770
vn 0.1493 0.5766 0.8033
vn -0.2961 0.9133 -0.2795
vn -0.5950 0.5530 -0.5832
vn 0.0548 0.9206 -0.3867
vn 0.1463 0.5683 -0.8097
vn 0.1292 0.9260 0.3547
vn 0.3034 0.5798 0.7562
vn -0.3444 0.9126 -0.2204
vn -0.6970 0.5514 -0.4584
vn 0.1965 0.9273 0.3186
vn 0.4454 0.5825 0.6799
vn -0.3803 0.9121 -0.1530
vn -0.7727 0.5505 -0.3161
vn 0.2554 0.9284 0.2700
vn 0.5698 0.5848 0.5774
vn -0.4023 0.9120 -0.0799
vn -0.8192 0.5502 -0.1617
vn 0.3037 0.9291 0.2109
vn 0.6718 0.5864 0.4526
vn -0.4096 0.9122 -0.0040
vn -0.8347 0.5507 -0.0013
vn 0.9229 0.0185 -0.3845
vn 0.7668 -0.5615 -0.3112
vn 0.8135 -0.5597 -0.1580
vn 0.9802 0.0207 -0.1970
vn -0.5539 -0.0080 0.8326
vn -0.4397 -0.5831 0.6831
vn -0.5637 -0.5864 0.5818
vn -0.7056 -0.0120 0.7085
vn 0.8302 0.0155 -0.5572
vn 0.6910 -0.5639 -0.4523
vn -0.3809 -0.0037 0.9246
vn -0.2984 -0.5796 0.7583
vn -0.1969 -0.0094 -0.9804
vn -0.1481 -0.5842 -0.7980
vn 0.0112 -0.5808 -0.8140
vn -0.0019 -0.0052 -1.0000
vn 0.7056 0.0120 -0.7085
vn 0.5892 -0.5668 -0.5758
vn -0.1932 0.0008 0.9812
vn -0.1451 -0.5759 0.8045
vn -0.3843 -0.0132 -0.9231
vn -0.3012 -0.5874 -0.7512
vn 0.5539 0.0080 -0.8326
vn 0.4653 -0.5700 -0.6772
vn 0.0019 0.0052 1.0000
vn 0.0143 -0.5723 0.8199
vn -0.5570 -0.0166 -0.8304
vn -0.4423 -0.5901 -0.6754
vn 0.3809 0.0037 -0.9246
vn 0.3239 -0.5735 -0.7524
vn 0.1969 0.0094 0.9804
vn 0.1736 -0.5689 0.8039
vn -0.7082 -0.0193 -0.7057
vn -0.5658 -0.5923 -0.5736
vn 0.1932 -0.0008 -0.9812
vn 0.1706 -0.5772 -0.7986
vn 0.3843 0.0132 0.9231
vn 0.3267 -0.5657 0.7571
vn -0.8323 -0.0213 -0.5539
vn -0.6672 -0.5939 -0.4496
vn 0.5570 0.0166 0.8304
vn 0.4678 -0.5630 0.6813
vn -0.9244 -0.0224 -0.3809
vn -0.7424 -0.5949 -0.3082
vn 0.7082 0.0193 0.7057
vn 0.5914 -0.5608 0.5795
vn -0.9809 -0.0227 -0.1931
vn -0.7886 -0.5951 -0.1548
vn 0.8323 0.0213 0.5539
vn 0.6927 -0.5592 0.4555
vn -0.9998 -0.0221 0.0020
vn -0.8040 -0.5946 0.0046
vn 0.9244 0.0224 0.3809
vn 0.7679 -0.5582 0.3141
vn -0.9802 -0.0207 0.1970
vn -0.7880 -0.5935 0.1639
vn 0.9809 0.0227 0.1931
vn 0.8141 -0.5580 0.1608
vn -0.9229 -0.0185 0.3845
vn -0.7412 -0.5916 0.3171
vn 0.9998 0.0221 -0.0020
vn 0.8295 -0.5585 0.0013
vn -0.8302 -0.0155 0.5572
vn -0.6655 -0.5892 0.4582
vn -0.2698 -0.6813 -0.6804
vn -0.1310 -0.6785 -0.7229
vn 0.4252 -0.6656 -0.6133
vn 0.5376 -0.6626 -0.5214
vn 0.0162 -0.6677 0.7443
vn -0.1283 -0.6710 0.7303
vn -0.3978 -0.6838 -0.6117
vn 0.2970 -0.6688 -0.6815
vn 0.1607 -0.6646 0.7297
vn -0.5098 -0.6858 -0.5194
vn 0.1580 -0.6721 -0.7234
vn 0.2996 -0.6617 0.6873
vn -0.6017 -0.6873 -0.4069
vn 0.0135 -0.6753 -0.7374
vn 0.4275 -0.6592 0.6186
vn -0.6699 -0.6881 -0.2787
vn 0.5396 -0.6572 0.5262
vn -0.7118 -0.6883 -0.1396
vn 0.6315 -0.6558 0.4138
vn -0.7258 -0.6879 0.0049
vn 0.6997 -0.6549 0.2856
vn -0.7113 -0.6868 0.1494
vn 0.7416 -0.6547 0.1465
vn -0.6689 -0.6852 0.2883
vn 0.7555 -0.6551 0.0020
vn -0.6002 -0.6830 0.4162
vn 0.7410 -0.6562 -0.1425
vn -0.5079 -0.6804 0.5283
vn 0.6986 -0.6578 -0.2814
vn -0.3955 -0.6774 0.6202
vn 0.6299 -0.6600 -0.4093
vn -0.2673 -0.6743 0.6884
vn -0.8315 -0.0455 -0.5536
vn -0.7075 -0.0435 -0.7054
vn -0.0013 -0.0294 -0.9996
vn 0.1937 -0.0250 -0.9807
vn 0.5574 -0.0076 0.8302
vn 0.3847 -0.0110 0.9230
vn -0.9236 -0.0466 -0.3806
vn 0.7086 -0.0049 0.7056
vn -0.9801 -0.0469 -0.1930
vn 0.8326 -0.0030 0.5539
vn -0.9989 -0.0463 0.0021
vn 0.9246 -0.0018 0.3809
vn -0.9794 -0.0449 0.1971
vn 0.9812 -0.0015 0.1932
vn -0.9221 -0.0427 0.3845
vn 1.0000 -0.0021 -0.0019
vn -0.8294 -0.0397 0.5572
vn 0.9804 -0.0035 -0.1968
vn -0.7049 -0.0362 0.7084
vn 0.9232 -0.0058 -0.3843
vn -0.5532 -0.0322 0.8324
vn 0.8305 -0.0087 -0.5569
vn -0.3802 -0.0279 0.9245
vn -0.1963 -0.0336 -0.9800
vn 0.7059 -0.0122 -0.7082
vn -0.1926 -0.0235 0.9810
vn -0.3837 -0.0375 -0.9227
vn 0.5543 -0.0162 -0.8322
vn 0.0024 -0.0190 0.9998
vn -0.5563 -0.0408 -0.8300
vn 0.3813 -0.0205 -0.9242
vn 0.1973 -0.0148 0.9802
vn -0.8653 0.5012 -0.0010
vn -0.8492 0.5007 -0.1676
vn 0.7779 0.5392 0.3226
vn 0.6993 0.5383 0.4704
vn -0.8486 0.5024 0.1656
vn 0.8262 0.5395 0.1623
vn -0.7997 0.5043 0.3257
vn 0.8423 0.5390 -0.0044
vn -0.7206 0.5068 0.4732
vn 0.8256 0.5378 -0.1709
vn -0.6141 0.5099 0.6024
vn 0.7767 0.5359 -0.3310
vn -0.4845 0.5133 0.7084
vn 0.6975 0.5333 -0.4785
vn -0.3368 0.5169 0.7870
vn -0.1796 0.5121 -0.8399
vn -0.0131 0.5157 -0.8567
vn 0.5911 0.5303 -0.6077
vn -0.1765 0.5207 0.8353
vn -0.3397 0.5088 -0.7910
vn 0.4615 0.5269 -0.7137
vn -0.0099 0.5245 0.8513
vn -0.4872 0.5059 -0.7118
vn 0.3138 0.5232 -0.7923
vn 0.1566 0.5281 0.8346
vn -0.6164 0.5036 -0.6054
vn 0.1535 0.5194 -0.8406
vn 0.3167 0.5314 0.7857
vn -0.7223 0.5019 -0.4757
vn 0.4642 0.5343 0.7065
vn -0.8010 0.5009 -0.3279
vn 0.5934 0.5366 0.6000
vn -0.6240 0.6681 0.4052
vn -0.6920 0.6660 0.2785
vn 0.7039 0.6947 -0.1480
vn 0.7183 0.6958 -0.0049
vn -0.5326 0.6707 0.5162
vn 0.6619 0.6931 -0.2855
vn -0.4213 0.6737 0.6072
vn 0.5939 0.6909 -0.4122
vn -0.2944 0.6768 0.6747
vn -0.1594 0.6726 -0.7226
vn -0.0164 0.6757 -0.7370
vn 0.5025 0.6883 -0.5232
vn -0.1568 0.6801 0.7162
vn -0.2969 0.6698 -0.6806
vn 0.3912 0.6854 -0.6142
vn -0.0137 0.6833 0.7300
vn -0.4236 0.6674 -0.6125
vn 0.2643 0.6822 -0.6817
vn 0.1294 0.6864 0.7156
vn -0.5345 0.6654 -0.5211
vn 0.1267 0.6790 -0.7232
vn 0.2668 0.6892 0.6736
vn -0.6255 0.6639 -0.4098
vn 0.3935 0.6917 0.6056
vn -0.6931 0.6631 -0.2828
vn 0.5044 0.6937 0.5141
vn -0.7345 0.6629 -0.1452
vn 0.5954 0.6951 0.4028
vn -0.7484 0.6633 -0.0020
vn 0.6630 0.6960 0.2759
vn -0.7340 0.6644 0.1410
vn 0.7044 0.6962 0.1382
vn -0.3676 0.3190 0.8735
vn -0.5314 0.3149 0.7864
vn -0.1935 0.3136 -0.9296
vn -0.0089 0.3176 -0.9482
vn 0.6608 0.3338 -0.6723
vn 0.7787 0.3372 -0.5291
vn -0.1900 0.3232 0.9271
vn -0.3709 0.3099 -0.8754
vn 0.5171 0.3300 -0.7897
vn -0.0054 0.3274 0.9449
vn -0.5344 0.3068 -0.7876
vn 0.3534 0.3260 -0.8769
vn 0.1792 0.3314 0.9263
vn -0.6775 0.3042 -0.6696
vn 0.1757 0.3218 -0.9304
vn 0.3566 0.3350 0.8721
vn -0.7950 0.3023 -0.5260
vn 0.5201 0.3382 0.7843
vn -0.8821 0.3013 -0.3621
vn 0.6633 0.3408 0.6663
vn -0.9356 0.3010 -0.1845
vn 0.7807 0.3426 0.5227
vn -0.9535 0.3015 0.0002
vn 0.8678 0.3437 0.3588
vn -0.9349 0.3029 0.1848
vn 0.9213 0.3440 0.1812
vn -0.8807 0.3050 0.3623
vn 0.9392 0.3434 -0.0035
vn -0.7930 0.3078 0.5258
vn 0.9206 0.3421 -0.1881
vn -0.6750 0.3111 0.6690
vn 0.8665 0.3400 -0.3656
vn 0.1978 -0.1559 0.9678
vn 0.0055 -0.1601 0.9871
vn -0.6949 -0.1842 -0.6952
vn -0.5457 -0.1815 -0.8181
vn 0.1942 -0.1659 -0.9668
vn 0.3793 -0.1615 -0.9111
vn 0.3827 -0.1521 0.9113
vn -0.8172 -0.1861 -0.5455
vn 0.0018 -0.1703 -0.9854
vn 0.5530 -0.1488 0.8198
vn -0.9080 -0.1873 -0.3748
vn 0.7022 -0.1461 0.6968
vn -0.9638 -0.1876 -0.1896
vn 0.8245 -0.1442 0.5472
vn -0.9824 -0.1870 0.0028
vn 0.9153 -0.1431 0.3765
vn -0.9631 -0.1856 0.1952
vn 0.9711 -0.1428 0.1913
vn -0.9066 -0.1834 0.3801
vn 0.9897 -0.1433 -0.0011
vn -0.8152 -0.1805 0.5504
vn 0.9704 -0.1448 -0.1935
vn -0.6923 -0.1770 0.6996
vn 0.9139 -0.1470 -0.3784
vn -0.5426 -0.1731 0.8220
vn 0.8225 -0.1499 -0.5487
vn -0.3720 -0.1688 0.9128
vn -0.1905 -0.1744 -0.9661
vn 0.6996 -0.1533 -0.6979
vn -0.1869 -0.1644 0.9685
vn -0.3754 -0.1782 -0.9096
vn 0.5499 -0.1573 -0.8203
vn 0.5185 -0.7857 0.3374
vn 0.7589 -0.4162 0.5009
vn 0.6472 -0.4180 0.6375
vn 0.4439 -0.7869 0.4288
vn -0.5839 -0.8118 0.0053
vn -0.8903 -0.4553 0.0040
vn -0.8734 -0.4558 -0.1716
vn -0.5726 -0.8121 -0.1121
vn 0.5739 -0.7850 0.2333
vn 0.8418 -0.4152 0.3451
vn -0.5722 -0.8109 0.1227
vn -0.8727 -0.4540 0.1796
vn 0.6080 -0.7848 0.1203
vn 0.8927 -0.4149 0.1761
vn -0.5377 -0.8096 0.2355
vn -0.8212 -0.4520 0.3484
vn 0.6193 -0.7852 0.0029
vn 0.9096 -0.4154 0.0005
vn -0.4819 -0.8078 0.3394
vn -0.7377 -0.4493 0.5038
vn 0.6075 -0.7860 -0.1145
vn 0.8920 -0.4167 -0.1751
vn -0.4069 -0.8057 0.4304
vn -0.6256 -0.4461 0.6400
vn 0.5731 -0.7874 -0.2273
vn 0.8405 -0.4187 -0.3439
vn -0.3156 -0.8033 0.5051
vn -0.4890 -0.4425 0.7517
vn 0.5173 -0.7891 -0.3312
vn 0.7570 -0.4214 -0.4994
vn -0.2115 -0.8007 0.5605
vn -0.3332 -0.4387 0.8346
vn 0.4423 -0.7913 -0.4222
vn 0.6448 -0.4246 -0.6356
vn -0.0986 -0.7980 0.5945
vn -0.1643 -0.4347 0.8855
vn 0.0166 -0.8016 -0.5977
vn 0.0080 -0.4400 -0.8980
vn 0.1836 -0.4360 -0.8810
vn 0.1339 -0.7989 -0.5863
vn 0.3510 -0.7937 -0.4969
vn 0.5082 -0.4282 -0.7472
vn 0.0188 -0.7954 0.6059
vn 0.0113 -0.4307 0.9024
vn -0.3175 -0.8085 -0.4956
vn -0.4918 -0.4503 -0.7453
vn -0.3363 -0.4473 -0.8288
vn -0.2136 -0.8064 -0.5514
vn 0.2469 -0.7962 -0.5523
vn 0.3525 -0.4320 -0.8301
vn 0.1361 -0.7928 0.5941
vn 0.1869 -0.4269 0.8848
vn -0.4085 -0.8101 -0.4206
vn -0.6279 -0.4527 -0.6330
vn 0.2489 -0.7905 0.5596
vn 0.3556 -0.4234 0.8332
vn -0.4832 -0.8113 -0.3292
vn -0.7396 -0.4545 -0.4964
vn 0.3529 -0.7885 0.5038
vn 0.5110 -0.4204 0.7497
vn -0.5386 -0.8120 -0.2251
vn -0.8225 -0.4555 -0.3406
vn -0.1676 -0.4438 -0.8803
vn -0.1008 -0.8041 -0.5859
vn 0.9356 -0.3011 0.1845
vn 0.8821 -0.3014 0.3621
vn -0.8664 -0.3401 0.3656
vn -0.9206 -0.3422 0.1881
vn 0.9534 -0.3017 -0.0002
vn -0.7787 -0.3373 0.5291
vn 0.9349 -0.3030 -0.1848
vn -0.6607 -0.3339 0.6723
vn 0.8807 -0.3051 -0.3623
vn -0.5171 -0.3302 0.7897
vn 0.7930 -0.3079 -0.5257
vn -0.3534 -0.3261 0.8768
vn -0.1792 -0.3315 -0.9263
vn 0.0054 -0.3275 -0.9448
vn 0.6750 -0.3113 -0.6689
vn -0.1757 -0.3219 0.9303
vn -0.3566 -0.3351 -0.8721
vn 0.5314 -0.3150 -0.7864
vn 0.0089 -0.3177 0.9481
vn -0.5200 -0.3383 -0.7843
vn 0.3676 -0.3191 -0.8735
vn 0.1935 -0.3137 0.9296
vn -0.6632 -0.3409 -0.6663
vn 0.1900 -0.3233 -0.9270
vn 0.3709 -0.3101 0.8754
vn -0.7806 -0.3427 -0.5226
vn 0.5343 -0.3069 0.7876
vn -0.8678 -0.3438 -0.3588
vn 0.6775 -0.3043 0.6696
vn -0.9213 -0.3441 -0.1812
vn 0.7949 -0.3025 0.5259
vn -0.9391 -0.3435 0.0035
vn 0.8104 0.4742 -0.3442
vn 0.8613 0.4762 -0.1775
vn -0.5025 0.4507 0.7378
vn -0.6374 0.4471 0.6275
vn 0.7279 0.4716 -0.4977
vn -0.3487 0.4545 0.8197
vn -0.1852 0.4494 -0.8739
vn -0.0118 0.4532 -0.8913
vn 0.6172 0.4684 -0.6322
vn -0.1819 0.4584 0.8699
vn -0.3518 0.4460 -0.8230
vn 0.4823 0.4649 -0.7425
vn -0.0085 0.4624 0.8867
vn -0.5053 0.4430 -0.7405
vn 0.3285 0.4610 -0.8244
vn 0.1649 0.4661 0.8692
vn -0.6398 0.4406 -0.6297
vn 0.1616 0.4571 -0.8746
vn 0.3315 0.4695 0.8183
vn -0.7501 0.4389 -0.4948
vn 0.4850 0.4725 0.7359
vn -0.8319 0.4378 -0.3409
vn 0.6195 0.4749 0.6250
vn -0.8822 0.4376 -0.1741
vn 0.7298 0.4767 0.4901
vn -0.8989 0.4381 -0.0006
vn 0.8116 0.4777 0.3362
vn -0.8815 0.4394 0.1728
vn 0.8619 0.4780 0.1694
vn -0.8306 0.4413 0.3395
vn 0.8787 0.4774 -0.0041
vn -0.7482 0.4440 0.4930
vn -0.4155 0.6836 -0.6000
vn -0.4469 0.6160 -0.6487
vn -0.3127 0.6186 -0.7208
vn -0.2914 0.6861 -0.6666
vn 0.2582 0.6982 -0.6677
vn 0.2821 0.6318 -0.7220
vn 0.4166 0.6351 -0.6504
vn 0.3824 0.7013 -0.6016
vn 0.1260 0.7023 0.7006
vn 0.1391 0.6362 0.7588
vn -0.0125 0.6330 0.7741
vn -0.0141 0.6993 0.7147
vn -0.5241 0.6817 -0.5105
vn -0.5645 0.6139 -0.5518
vn 0.1234 0.6950 -0.7083
vn 0.1363 0.6283 -0.7659
vn 0.2606 0.7051 0.6595
vn 0.2848 0.6392 0.7143
vn -0.6132 0.6803 -0.4014
vn -0.6609 0.6124 -0.4338
vn 0.3847 0.7075 0.5929
vn 0.4190 0.6418 0.6422
vn -0.6794 0.6795 -0.2771
vn -0.7325 0.6115 -0.2993
vn -0.1284 0.8238 -0.5522
vn -0.0194 0.8261 -0.5631
vn 0.4933 0.7094 0.5033
vn 0.5366 0.6439 0.5453
vn -0.7200 0.6793 -0.1423
vn -0.7764 0.6113 -0.1534
vn 0.5824 0.7108 0.3943
vn 0.6330 0.6455 0.4273
vn -0.7335 0.6797 -0.0021
vn -0.7911 0.6117 -0.0017
vn 0.6486 0.7117 0.2700
vn 0.7046 0.6464 0.2928
vn -0.7195 0.6807 0.1380
vn -0.7758 0.6129 0.1499
vn 0.6892 0.7119 0.1352
vn 0.7486 0.6466 0.1469
vn -0.6783 0.6823 0.2726
vn -0.7313 0.6146 0.2957
vn 0.7027 0.7115 -0.0050
vn 0.7632 0.6461 -0.0048
vn -0.6117 0.6844 0.3967
vn -0.6593 0.6169 0.4299
vn 0.6886 0.7104 -0.1451
vn 0.7480 0.6450 -0.1564
vn -0.5222 0.6870 0.5053
vn -0.5624 0.6196 0.5475
vn 0.6475 0.7088 -0.2798
vn 0.7035 0.6433 -0.3021
vn -0.4132 0.6898 0.5944
vn -0.4445 0.6227 0.6439
vn 0.5809 0.7067 -0.4038
vn 0.6314 0.6410 -0.4364
vn -0.2890 0.6929 0.6606
vn -0.3100 0.6261 0.7155
vn 0.4914 0.7042 -0.5125
vn 0.5346 0.6383 -0.5540
vn -0.1542 0.6961 0.7012
vn -0.1641 0.6295 0.7594
vn -0.0167 0.6919 -0.7218
vn -0.0154 0.6249 -0.7805
vn -0.4835 0.8171 -0.3138
vn -0.4142 0.8182 -0.3987
vn -0.1670 0.6216 -0.7653
vn -0.1568 0.6888 -0.7078
vn 0.2929 0.8383 0.4598
vn 0.1964 0.8364 0.5117
vn -0.5350 0.8165 -0.2171
vn 0.3775 0.8398 0.3902
vn -0.5666 0.8163 -0.1122
vn 0.4468 0.8409 0.3053
vn -0.5771 0.8167 -0.0031
vn 0.4983 0.8416 0.2086
vn -0.5662 0.8175 0.1059
vn 0.5299 0.8417 0.1037
vn -0.5342 0.8187 0.2106
vn 0.5404 0.8414 -0.0054
vn -0.4824 0.8203 0.3072
vn 0.5295 0.8406 -0.1144
vn -0.4127 0.8223 0.3917
vn 0.4975 0.8393 -0.2192
vn -0.3279 0.8246 0.4611
vn 0.4457 0.8377 -0.3157
vn -0.2312 0.8270 0.5125
vn 0.0896 0.8286 -0.5526
vn 0.3760 0.8357 -0.4002
vn -0.1263 0.8294 0.5441
vn -0.2331 0.8216 -0.5202
vn 0.2912 0.8335 -0.4696
vn -0.0173 0.8319 0.5546
vn -0.3297 0.8198 -0.4683
vn 0.1945 0.8311 -0.5210
vn 0.0917 0.8343 0.5437
vn -0.3469 0.4727 -0.8101
vn -0.3654 0.3565 -0.8599
vn -0.1912 0.3601 -0.9131
vn -0.1830 0.4760 -0.8602
vn 0.4738 0.4913 -0.7309
vn 0.5067 0.3762 -0.7757
vn 0.6477 0.3799 -0.6604
vn 0.6066 0.4947 -0.6223
vn -0.0091 0.4888 0.8724
vn -0.0064 0.3736 0.9276
vn -0.1878 0.3695 0.9101
vn -0.1798 0.4849 0.8559
vn -0.4980 0.4697 -0.7289
vn -0.5259 0.3534 -0.7737
vn 0.3225 0.4875 -0.8114
vn 0.3458 0.3722 -0.8613
vn 0.1615 0.4925 0.8552
vn 0.1748 0.3775 0.9094
vn -0.6303 0.4674 -0.6199
vn -0.6665 0.3508 -0.6578
vn 0.1583 0.4836 -0.8609
vn 0.1714 0.3681 -0.9139
vn 0.3255 0.4958 0.8051
vn 0.3490 0.3811 0.8561
vn -0.7389 0.4656 -0.4871
vn -0.7818 0.3490 -0.5167
vn -0.0124 0.4797 -0.8773
vn -0.0099 0.3640 -0.9314
vn 0.4766 0.4988 0.7240
vn 0.5095 0.3842 0.7699
vn -0.8194 0.4646 -0.3357
vn -0.8673 0.3479 -0.3559
vn 0.6089 0.5011 0.6149
vn 0.6501 0.3867 0.6540
vn -0.8689 0.4644 -0.1715
vn -0.9199 0.3477 -0.1814
vn 0.7174 0.5029 0.4821
vn 0.7654 0.3886 0.5130
vn -0.8854 0.4649 -0.0008
vn -0.9374 0.3482 -0.0001
vn 0.7980 0.5039 0.3307
vn 0.8510 0.3896 0.3521
vn -0.8682 0.4662 0.1699
vn -0.9192 0.3495 0.1812
vn 0.8474 0.5041 0.1665
vn 0.9036 0.3899 0.1776
vn -0.8182 0.4681 0.3339
vn -0.8660 0.3516 0.3555
vn 0.8639 0.5036 -0.0042
vn 0.9211 0.3893 -0.0037
vn -0.7371 0.4707 0.4850
vn -0.7798 0.3544 0.5160
vn 0.8468 0.5024 -0.1749
vn 0.9029 0.3880 -0.1850
vn -0.6280 0.4738 0.6173
vn -0.6640 0.3576 0.6566
vn 0.7967 0.5004 -0.3389
vn 0.8497 0.3859 -0.3593
vn -0.4953 0.4773 0.7259
vn -0.5230 0.3614 0.7720
vn 0.7156 0.4978 -0.4900
vn 0.7635 0.3832 -0.5198
vn -0.3439 0.4810 0.8064
vn -0.3622 0.3654 0.8575
vn -0.8041 0.2647 -0.5324
vn -0.6852 0.2666 -0.6779
vn -0.0081 0.2801 -0.9599
vn 0.1789 0.2843 -0.9419
vn 0.5275 0.3010 0.7944
vn 0.3620 0.2978 0.8833
vn -0.8923 0.2636 -0.3665
vn 0.6725 0.3036 0.6749
vn -0.9465 0.2633 -0.1866
vn 0.7914 0.3054 0.5295
vn -0.9646 0.2639 0.0004
vn 0.8797 0.3065 0.3636
vn -0.9458 0.2652 0.1874
vn 0.9339 0.3068 0.1837
vn -0.8909 0.2674 0.3671
vn 0.9519 0.3063 -0.0034
vn -0.8021 0.2702 0.5326
vn 0.9332 0.3049 -0.1903
vn -0.6826 0.2736 0.6776
vn 0.8783 0.3028 -0.3700
vn -0.5372 0.2774 0.7965
vn 0.7895 0.2999 -0.5355
vn -0.3714 0.2815 0.8848
vn -0.1950 0.2761 -0.9411
vn 0.6700 0.2965 -0.6805
vn -0.1915 0.2858 0.9390
vn -0.3747 0.2724 -0.8863
vn 0.5246 0.2927 -0.7995
vn -0.0045 0.2900 0.9570
vn -0.5402 0.2692 -0.7974
vn 0.3587 0.2886 -0.8877
vn 0.1824 0.2941 0.9382
vn -0.8266 0.1080 0.5523
vn -0.9186 0.1051 0.3809
vn 0.9699 0.1440 -0.1962
vn 0.9894 0.1454 -0.0026
vn -0.7029 0.1115 0.7024
vn 0.9131 0.1418 -0.3822
vn -0.5524 0.1155 0.8256
vn 0.8211 0.1388 -0.5536
vn -0.3807 0.1198 0.9169
vn -0.1981 0.1141 -0.9735
vn -0.0046 0.1183 -0.9930
vn 0.6975 0.1353 -0.7037
vn -0.1945 0.1242 0.9730
vn -0.3841 0.1103 -0.9167
vn 0.5469 0.1314 -0.8268
vn -0.0009 0.1286 0.9917
vn -0.5555 0.1070 -0.8246
vn 0.3752 0.1271 -0.9182
vn 0.1926 0.1327 0.9723
vn -0.7056 0.1043 -0.7009
vn 0.1890 0.1227 -0.9743
vn 0.3786 0.1366 0.9154
vn -0.8287 0.1023 -0.5503
vn 0.5500 0.1399 0.8234
vn -0.9200 0.1012 -0.3786
vn 0.7001 0.1426 0.6997
vn -0.9761 0.1009 -0.1923
vn 0.8232 0.1445 0.5490
vn -0.9948 0.1015 0.0013
vn 0.9146 0.1457 0.3773
vn -0.9754 0.1029 0.1949
vn 0.9707 0.1460 0.1910
vn 0.6582 -0.3795 -0.6502
vn 0.7729 -0.3762 -0.5109
vn 0.0460 -0.9989 -0.0109
vn 0.0424 -0.9990 -0.0152
vn -0.7575 -0.4101 -0.5079
vn -0.6433 -0.4083 -0.6476
vn 0.0018 -0.9999 -0.0151
vn -0.0018 -0.9999 -0.0108
vn -0.3451 -0.4027 -0.8478
vn -0.1726 -0.3992 -0.9005
vn 0.0165 -0.9996 -0.0230
vn 0.0111 -0.9997 -0.0214
vn 0.5185 -0.3832 -0.7644
vn 0.0380 -0.9991 -0.0188
vn 0.0104 -0.3858 0.9225
vn -0.1692 -0.3898 0.9052
vn 0.0166 -0.9993 0.0333
vn 0.0222 -0.9992 0.0338
vn -0.5041 -0.4058 -0.7624
vn 0.0061 -0.9998 -0.0187
vn -0.1646 0.6385 -0.7518
vn -0.0157 0.6417 -0.7668
vn 0.0069 -0.3953 -0.9185
vn 0.1899 -0.3819 0.9045
vn 0.0278 -0.9991 0.0333
vn 0.1865 -0.3912 -0.9012
vn 0.3593 -0.3871 -0.8492
vn 0.0331 -0.9992 -0.0214
vn 0.0277 -0.9994 -0.0230
vn 0.3624 -0.3783 0.8518
vn 0.0332 -0.9989 0.0316
vn 0.0221 -0.9995 -0.0236
vn 0.5214 -0.3752 0.7664
vn 0.0381 -0.9989 0.0290
vn -0.3420 -0.3939 0.8532
vn 0.0112 -0.9994 0.0317
vn -0.8423 -0.4112 -0.3486
vn -0.0044 -1.0000 -0.0058
vn 0.6606 -0.3727 0.6516
vn 0.0425 -0.9988 0.0254
vn -0.8943 -0.4114 -0.1758
vn -0.0060 -1.0000 -0.0004
vn 0.7748 -0.3709 0.5119
vn 0.0460 -0.9987 0.0210
vn -0.9117 -0.4109 0.0038
vn -0.0066 -1.0000 0.0052
vn 0.8596 -0.3699 0.3526
vn 0.0487 -0.9987 0.0161
vn -0.8937 -0.4096 0.1834
vn -0.0060 -0.9999 0.0108
vn 0.9116 -0.3696 0.1798
vn 0.0503 -0.9987 0.0107
vn -0.8410 -0.4075 0.3560
vn -0.0044 -0.9999 0.0162
vn 0.9290 -0.3701 0.0002
vn 0.0508 -0.9987 0.0051
vn -0.7556 -0.4048 0.5149
vn -0.0017 -0.9998 0.0211
vn 0.9110 -0.3715 -0.1794
vn 0.0503 -0.9987 -0.0005
vn -0.6409 -0.4016 0.6542
vn 0.0019 -0.9997 0.0255
vn 0.8583 -0.3735 -0.3520
vn 0.0486 -0.9988 -0.0059
vn -0.5012 -0.3979 0.7684
vn 0.0062 -0.9996 0.0290
vn 0.6212 0.6619 0.4196
vn 0.5265 0.6604 0.5355
vn -0.7776 0.6287 -0.0018
vn -0.7632 0.6283 -0.1508
vn 0.6915 0.6628 0.2875
vn -0.7627 0.6298 0.1471
vn 0.7346 0.6630 0.1442
vn -0.7190 0.6315 0.2903
vn 0.7490 0.6625 -0.0048
vn -0.6482 0.6338 0.4221
vn 0.7341 0.6614 -0.1537
vn -0.5530 0.6365 0.5376
vn 0.6904 0.6597 -0.2969
vn -0.4372 0.6395 0.6323
vn 0.6196 0.6575 -0.4287
vn -0.3051 0.6428 0.7026
vn 0.5244 0.6548 -0.5443
vn -0.1618 0.6462 0.7458
vn -0.3077 0.6355 -0.7081
vn 0.4086 0.6517 -0.6390
vn -0.0129 0.6496 0.7602
vn -0.4396 0.6330 -0.6373
vn 0.2765 0.6485 -0.7093
vn 0.1360 0.6528 0.7452
vn -0.5550 0.6309 -0.5421
vn 0.1332 0.6451 -0.7524
vn 0.2791 0.6558 0.7015
vn -0.6498 0.6294 -0.4262
vn 0.4110 0.6583 0.6307
vn -0.7201 0.6285 -0.2941
vn 0.6678 0.6864 -0.2879
vn 0.7102 0.6881 -0.1492
vn -0.4246 0.6668 0.6124
vn -0.5369 0.6639 0.5206
vn 0.5992 0.6842 -0.4156
vn -0.2966 0.6700 0.6805
vn -0.1605 0.6658 -0.7287
vn -0.0163 0.6689 -0.7432
vn 0.5071 0.6816 -0.5275
vn -0.1578 0.6733 0.7223
vn -0.2992 0.6629 -0.6863
vn 0.3948 0.6787 -0.6193
vn -0.0135 0.6766 0.7363
vn -0.4269 0.6605 -0.6177
vn 0.2668 0.6755 -0.6874
vn 0.1307 0.6797 0.7218
vn -0.5388 0.6585 -0.5255
vn 0.1280 0.6722 -0.7292
vn 0.2694 0.6825 0.6794
vn -0.6306 0.6570 -0.4132
vn 0.3971 0.6850 0.6108
vn -0.6987 0.6562 -0.2852
vn 0.5090 0.6870 0.5186
vn -0.7405 0.6559 -0.1463
vn 0.6008 0.6885 0.4063
vn -0.7544 0.6564 -0.0020
vn 0.6689 0.6893 0.2783
vn -0.7399 0.6574 0.1423
vn 0.7107 0.6895 0.1394
vn -0.6976 0.6591 0.2810
vn 0.7246 0.6891 -0.0049
vn -0.6290 0.6613 0.4087
vn 0.7582 0.6333 -0.1553
vn 0.7706 0.6373 -0.0052
vn -0.5999 0.5325 0.5971
vn -0.7156 0.5335 0.4510
vn -0.4670 0.5292 -0.7084
vn -0.3091 0.5704 -0.7610
vn 0.7279 0.6166 -0.2999
vn -0.4515 0.5677 0.6883
vn -0.6134 0.5222 -0.5925
vn 0.6789 0.5834 -0.4458
vn -0.3065 0.6021 0.7373
vn -0.7058 0.5528 -0.4430
vn 0.5873 0.5488 -0.5949
vn -0.1625 0.6204 0.7673
vn -0.7556 0.5838 -0.2970
vn 0.4403 0.5492 -0.7102
vn -0.0123 0.6271 0.7789
vn 0.2806 0.5834 -0.7622
vn 0.1380 0.6271 0.7666
vn 0.1330 0.6083 -0.7825
vn 0.2825 0.6152 0.7361
vn -0.0151 0.6127 -0.7902
vn 0.4286 0.5873 0.6866
vn 0.5781 0.5586 0.5947
vn -0.7860 0.5992 -0.1522
vn 0.6930 0.5647 0.4482
vn -0.7981 0.6025 -0.0021
vn 0.7438 0.6024 0.2896
vn -0.7900 0.5954 0.1461
vn 0.7635 0.6298 0.1431
vn -0.7686 0.5689 0.2926
vn -0.1629 0.6018 -0.7819
vn 0.7083 0.0193 0.7057
vn -0.7083 -0.0193 -0.7057
vn -0.1211 -0.7247 -0.6784
vn 0.0146 -0.7217 -0.6920
vn -0.2515 -0.7274 -0.6385
vn -0.3716 -0.7297 -0.5740
vn -0.4768 -0.7316 -0.4873
vn -0.5631 -0.7329 -0.3817
vn -0.6272 -0.7337 -0.2613
vn -0.6665 -0.7339 -0.1307
vn -0.6796 -0.7335 0.0051
vn -0.6660 -0.7325 0.1408
vn -0.6262 -0.7310 0.2712
vn -0.5617 -0.7289 0.3913
vn -0.4750 -0.7265 0.4966
vn -0.3694 -0.7237 0.5829
vn -0.2491 -0.7207 0.6469
vn -0.1185 -0.7176 0.6863
vn 0.0172 -0.7145 0.6994
vn 0.1529 -0.7116 0.6857
vn 0.2833 -0.7089 0.6459
vn 0.4034 -0.7066 0.5814
vn 0.5086 -0.7047 0.4946
vn 0.5949 -0.7033 0.3890
vn 0.6590 -0.7025 0.2686
vn 0.6983 -0.7023 0.1381
vn 0.7114 -0.7028 0.0023
vn 0.6978 -0.7038 -0.1334
vn 0.6580 -0.7053 -0.2638
vn 0.5935 -0.7073 -0.3840
vn 0.5068 -0.7098 -0.4892
vn 0.4012 -0.7126 -0.5755
vn 0.2809 -0.7156 -0.6396
vn 0.1503 -0.7187 -0.6789
vn -0.1450 -0.6028 -0.7846
vn 0.0117 -0.5994 -0.8003
vn -0.2956 -0.6059 -0.7386
vn -0.4343 -0.6086 -0.6640
vn -0.5558 -0.6108 -0.5639
vn -0.6555 -0.6124 -0.4420
vn -0.7294 -0.6133 -0.3029
vn -0.7749 -0.6135 -0.1521
vn -0.7900 -0.6131 0.0046
vn -0.7743 -0.6119 0.1613
vn -0.7283 -0.6101 0.3120
vn -0.6538 -0.6078 0.4507
vn -0.5537 -0.6049 0.5723
vn -0.4318 -0.6017 0.6719
vn -0.2928 -0.5983 0.7459
vn -0.1420 -0.5947 0.7913
vn 0.0147 -0.5911 0.8064
vn 0.1713 -0.5878 0.7907
vn 0.3219 -0.5847 0.7447
vn 0.4607 -0.5820 0.6702
vn 0.5822 -0.5798 0.5700
vn 0.6818 -0.5782 0.4481
vn 0.7558 -0.5773 0.3090
vn 0.8012 -0.5771 0.1582
vn 0.8164 -0.5775 0.0015
vn 0.8007 -0.5787 -0.1552
vn 0.7547 -0.5805 -0.3059
vn 0.6802 -0.5828 -0.4446
vn 0.5801 -0.5857 -0.5661
vn 0.4582 -0.5889 -0.6658
vn 0.3192 -0.5923 -0.7398
vn 0.1684 -0.5959 -0.7852
vn 0.0221 -0.9997 0.0051
vn 0.0215 -0.9872 -0.1583
vn 0.0534 -0.9864 -0.1553
vn -0.1415 -0.9899 0.0054
vn -0.1384 -0.9900 -0.0265
vn -0.1292 -0.9900 -0.0572
vn 0.1376 -0.9832 0.1204
vn 0.1128 -0.9836 0.1407
vn -0.1142 -0.9898 -0.0854
vn 0.0846 -0.9841 0.1559
vn -0.0939 -0.9895 -0.1102
vn 0.0540 -0.9848 0.1653
vn 0.0841 -0.9857 -0.1460
vn -0.0692 -0.9890 -0.1306
vn 0.0221 -0.9855 0.1685
vn 0.1123 -0.9850 -0.1310
vn -0.0410 -0.9885 -0.1458
vn -0.0097 -0.9862 0.1654
vn 0.1371 -0.9843 -0.1107
vn -0.0103 -0.9878 -0.1551
vn -0.0404 -0.9869 0.1561
vn 0.1575 -0.9838 -0.0860
vn -0.0687 -0.9876 0.1411
vn 0.1726 -0.9833 -0.0578
vn -0.0935 -0.9883 0.1208
vn 0.1820 -0.9829 -0.0271
vn -0.1138 -0.9888 0.0961
vn 0.1852 -0.9827 0.0047
vn -0.1290 -0.9893 0.0679
vn 0.1821 -0.9826 0.0366
vn -0.1383 -0.9897 0.0373
vn 0.1729 -0.9826 0.0673
vn 0.1578 -0.9828 0.0956
vn -0.9652 -0.1799 -0.1899
vn -0.9838 -0.1793 0.0028
vn 0.7029 -0.1384 0.6977
vn 0.8254 -0.1364 0.5478
vn -0.9093 -0.1796 -0.3753
vn 0.5535 -0.1410 0.8208
vn -0.8184 -0.1784 -0.5462
vn 0.3830 -0.1443 0.9124
vn 0.1943 -0.1582 -0.9681
vn 0.0016 -0.1625 -0.9867
vn -0.6959 -0.1765 -0.6961
vn 0.1979 -0.1481 0.9690
vn 0.3796 -0.1538 -0.9123
vn -0.5465 -0.1738 -0.8192
vn 0.0053 -0.1523 0.9883
vn 0.5505 -0.1495 -0.8214
vn -0.3760 -0.1705 -0.9108
vn -0.1873 -0.1567 0.9697
vn 0.7003 -0.1456 -0.6988
vn -0.1909 -0.1667 -0.9673
vn -0.3726 -0.1611 0.9139
vn 0.8234 -0.1421 -0.5494
vn -0.5435 -0.1653 0.8230
vn 0.9149 -0.1392 -0.3789
vn -0.6933 -0.1693 0.7005
vn 0.9714 -0.1370 -0.1938
vn -0.8164 -0.1728 0.5511
vn 0.9908 -0.1356 -0.0011
vn -0.9079 -0.1757 0.3805
vn 0.9722 -0.1350 0.1915
vn -0.9645 -0.1779 0.1954
vn 0.9163 -0.1353 0.3769
vn -0.1281 -0.6924 -0.7101
vn 0.0138 -0.6893 -0.7244
vn -0.2646 -0.6952 -0.6684
vn -0.3902 -0.6976 -0.6009
vn -0.5003 -0.6996 -0.5102
vn -0.5906 -0.7010 -0.3997
vn -0.6577 -0.7018 -0.2737
vn -0.6988 -0.7020 -0.1371
vn -0.7125 -0.7016 0.0050
vn -0.6983 -0.7006 0.1469
vn -0.6566 -0.6990 0.2834
vn -0.5891 -0.6968 0.4091
vn -0.4984 -0.6942 0.5192
vn -0.3880 -0.6913 0.6095
vn -0.2621 -0.6882 0.6765
vn -0.1255 -0.6850 0.7177
vn 0.0165 -0.6818 0.7314
vn 0.1585 -0.6787 0.7171
vn 0.2949 -0.6759 0.6754
vn 0.4206 -0.6734 0.6079
vn 0.5307 -0.6715 0.5172
vn 0.6210 -0.6700 0.4067
vn 0.6880 -0.6692 0.2807
vn 0.7292 -0.6690 0.1441
vn 0.7429 -0.6694 0.0021
vn 0.7286 -0.6705 -0.1399
vn 0.6870 -0.6721 -0.2764
vn 0.6195 -0.6742 -0.4021
vn 0.5288 -0.6768 -0.5122
vn 0.4183 -0.6797 -0.6025
vn 0.2924 -0.6828 -0.6695
vn 0.1558 -0.6861 -0.7107
vn -0.4123 -0.8035 -0.4294
vn -0.5076 -0.7914 -0.3405
vn -0.5696 -0.7850 -0.2434
vn -0.6057 -0.7859 -0.1248
vn -0.6161 -0.7876 0.0018
vn -0.6014 -0.7909 0.1133
vn -0.5628 -0.8000 0.2081
vn -0.4985 -0.8082 0.3137
vn -0.4137 -0.8014 0.4319
vn -0.3257 -0.7855 0.5262
vn -0.2292 -0.7759 0.5878
vn -0.1113 -0.7736 0.6238
vn 0.0182 -0.7719 0.6355
vn 0.1477 -0.7680 0.6232
vn 0.2656 -0.7651 0.5866
vn 0.3622 -0.7704 0.5247
vn 0.4503 -0.7824 0.4301
vn 0.5348 -0.7854 0.3117
vn 0.5982 -0.7745 0.2058
vn 0.6362 -0.7636 0.1106
vn 0.6504 -0.7596 -0.0009
vn 0.6394 -0.7582 -0.1275
vn 0.6030 -0.7589 -0.2457
vn 0.5410 -0.7681 -0.3426
vn 0.4458 -0.7844 -0.4312
vn 0.3264 -0.7918 -0.5162
vn 0.2199 -0.7842 -0.5802
vn 0.1245 -0.7761 -0.6183
vn 0.0160 -0.7754 -0.6313
vn -0.0922 -0.7810 -0.6177
vn -0.1873 -0.7934 -0.5792
vn -0.2931 -0.8057 -0.5148
vn -0.6606 -0.3245 -0.6770
vn -0.4882 -0.3058 -0.8174
vn -0.3267 -0.2358 -0.9152
vn -0.1712 -0.1902 -0.9667
vn 0.0020 -0.1772 -0.9842
vn 0.1757 -0.1825 -0.9674
vn 0.3332 -0.2212 -0.9166
vn 0.4980 -0.2839 -0.8194
vn 0.6716 -0.2950 -0.6796
vn 0.8180 -0.2328 -0.5261
vn 0.9139 -0.1709 -0.3682
vn 0.9697 -0.1486 -0.1936
vn 0.9890 -0.1476 -0.0046
vn 0.9724 -0.1573 0.1723
vn 0.9229 -0.1995 0.3294
vn 0.8277 -0.2673 0.4935
vn 0.6883 -0.2852 0.6670
vn 0.5329 -0.2299 0.8143
vn 0.3731 -0.1744 0.9113
vn 0.1977 -0.1582 0.9674
vn 0.0055 -0.1616 0.9868
vn -0.1868 -0.1667 0.9682
vn -0.3614 -0.1906 0.9127
vn -0.5190 -0.2531 0.8164
vn -0.6724 -0.3152 0.6697
vn -0.8131 -0.3036 0.4967
vn -0.9118 -0.2401 0.3330
vn -0.9638 -0.2001 0.1762
vn -0.9815 -0.1912 -0.0005
vn -0.9630 -0.1914 -0.1897
vn -0.9069 -0.2112 -0.3646
vn -0.8089 -0.2688 -0.5229
vn -0.0182 0.7664 -0.6422
vn -0.1427 0.7637 -0.6297
vn -0.2623 0.7612 -0.5931
vn -0.3725 0.7591 -0.5339
vn -0.4691 0.7573 -0.4543
vn -0.5482 0.7561 -0.3575
vn -0.6070 0.7553 -0.2470
vn -0.6431 0.7552 -0.1272
vn -0.6551 0.7555 -0.0027
vn -0.6426 0.7564 0.1218
vn -0.6061 0.7579 0.2415
vn -0.5469 0.7597 0.3517
vn -0.4674 0.7620 0.4482
vn -0.3705 0.7646 0.5274
vn -0.2601 0.7673 0.5862
vn -0.1404 0.7701 0.6222
vn -0.0159 0.7730 0.6343
vn 0.1086 0.7756 0.6218
vn 0.2282 0.7781 0.5852
vn 0.3384 0.7802 0.5260
vn 0.4350 0.7820 0.4464
vn 0.5141 0.7832 0.3496
vn 0.5729 0.7840 0.2391
vn 0.6090 0.7841 0.1193
vn 0.6210 0.7838 -0.0052
vn 0.6085 0.7829 -0.1297
vn 0.5720 0.7814 -0.2493
vn 0.5128 0.7796 -0.3596
vn 0.4333 0.7773 -0.4561
vn 0.3365 0.7748 -0.5353
vn 0.2260 0.7720 -0.5941
vn 0.1063 0.7692 -0.6301
vt 0.969117 0.064411
vt 0.970246 0.064652
vt 0.970111 0.063458
vt 0.968929 0.063267
vt 0.971477 0.064905
vt 0.971384 0.063665
vt 0.971278 0.062332
vt 0.969963 0.062164
vt 0.968733 0.062012
vt 0.972787 0.065137
vt 0.972729 0.063861
vt 0.974152 0.065328
vt 0.974125 0.064026
vt 0.974092 0.062634
vt 0.972661 0.062494
vt 0.975548 0.065461
vt 0.975550 0.064145
vt 0.976951 0.065529
vt 0.976981 0.064208
vt 0.977013 0.062796
vt 0.975550 0.062738
vt 0.978338 0.065526
vt 0.978394 0.064210
vt 0.979686 0.065455
vt 0.979769 0.064156
vt 0.979861 0.062767
vt 0.978457 0.062805
vt 0.980974 0.065326
vt 0.981084 0.064054
vt 0.982183 0.065152
vt 0.982321 0.063917
vt 0.982473 0.062590
vt 0.981206 0.062691
vt 0.983295 0.064953
vt 0.983465 0.063766
vt 0.984295 0.064762
vt 0.984506 0.063626
vt 0.984727 0.062381
vt 0.983650 0.062480
vt 0.969831 0.060786
vt 0.968563 0.060667
vt 0.971182 0.060918
vt 0.971110 0.059441
vt 0.969732 0.059342
vt 0.968436 0.059254
vt 0.972599 0.061048
vt 0.974063 0.061162
vt 0.974045 0.059628
vt 0.972554 0.059539
vt 0.975553 0.061251
vt 0.977047 0.061304
vt 0.977082 0.059748
vt 0.975562 0.059699
vt 0.978521 0.061319
vt 0.979954 0.061298
vt 0.980039 0.059766
vt 0.978581 0.059769
vt 0.981326 0.061249
vt 0.982621 0.061182
vt 0.982749 0.059709
vt 0.981433 0.059744
vt 0.983825 0.061108
vt 0.984930 0.061045
vt 0.985099 0.059638
vt 0.983973 0.059671
vt 0.969681 0.057855
vt 0.968369 0.057796
vt 0.971076 0.057920
vt 0.971086 0.056378
vt 0.969686 0.056346
vt 0.968368 0.056315
vt 0.972537 0.057986
vt 0.974046 0.058049
vt 0.974070 0.056447
vt 0.972554 0.056412
vt 0.975581 0.058103
vt 0.977119 0.058145
vt 0.977156 0.056518
vt 0.975612 0.056483
vt 0.978635 0.058173
vt 0.980108 0.058188
vt 0.980157 0.056587
vt 0.978679 0.056553
vt 0.981517 0.058193
vt 0.982846 0.058191
vt 0.982903 0.056651
vt 0.981571 0.056620
vt 0.984082 0.058187
vt 0.985219 0.058184
vt 0.985283 0.056706
vt 0.984143 0.056679
vt 0.969751 0.054838
vt 0.968437 0.054837
vt 0.971147 0.054838
vt 0.971251 0.053320
vt 0.969870 0.053355
vt 0.968572 0.053383
vt 0.972610 0.054839
vt 0.974120 0.054846
vt 0.974192 0.053268
vt 0.972698 0.053289
vt 0.975656 0.054863
vt 0.977194 0.054892
vt 0.977231 0.053289
vt 0.975710 0.053267
vt 0.978710 0.054933
vt 0.980182 0.054986
vt 0.980185 0.053407
vt 0.978730 0.053336
vt 0.981590 0.055046
vt 0.982917 0.055109
vt 0.982890 0.053589
vt 0.981577 0.053493
vt 0.984151 0.055170
vt 0.985287 0.055225
vt 0.985234 0.053767
vt 0.984111 0.053683
vt 0.970036 0.051918
vt 0.968763 0.051978
vt 0.971391 0.051848
vt 0.971552 0.050440
vt 0.970231 0.050547
vt 0.968996 0.050642
vt 0.972813 0.051783
vt 0.974280 0.051736
vt 0.974378 0.050268
vt 0.972941 0.050341
vt 0.975773 0.051717
vt 0.977267 0.051732
vt 0.977302 0.050240
vt 0.975839 0.050231
vt 0.978741 0.051785
vt 0.980171 0.051872
vt 0.980146 0.050401
vt 0.978745 0.050298
vt 0.981540 0.051985
vt 0.982830 0.052112
vt 0.982748 0.050698
vt 0.981486 0.050539
vt 0.984029 0.052240
vt 0.985131 0.052355
vt 0.984989 0.051011
vt 0.983918 0.050862
vt 0.970438 0.049261
vt 0.969248 0.049398
vt 0.971719 0.049113
vt 0.971870 0.047878
vt 0.970628 0.048074
vt 0.969489 0.048263
vt 0.973072 0.048979
vt 0.974474 0.048879
vt 0.974561 0.047579
vt 0.973189 0.047707
vt 0.975903 0.048826
vt 0.977335 0.048829
vt 0.977366 0.047507
vt 0.975962 0.047510
vt 0.978747 0.048891
vt 0.980118 0.049009
vt 0.980095 0.047707
vt 0.978752 0.047575
vt 0.981427 0.049172
vt 0.982657 0.049365
vt 0.982576 0.048125
vt 0.981376 0.047896
vt 0.983793 0.049569
vt 0.984826 0.049757
vt 0.984668 0.048613
vt 0.983678 0.048375
vt 0.967830 0.065642
vt 0.968421 0.065934
vt 0.968327 0.065167
vt 0.967565 0.065038
vt 0.969307 0.066314
vt 0.969260 0.065430
vt 0.968108 0.064222
vt 0.967227 0.064134
vt 0.970364 0.066704
vt 0.970340 0.065736
vt 0.971547 0.067071
vt 0.971538 0.066042
vt 0.972819 0.067387
vt 0.972821 0.066314
vt 0.974153 0.067633
vt 0.974163 0.066532
vt 0.975520 0.067799
vt 0.975539 0.066681
vt 0.976897 0.067876
vt 0.976923 0.066753
vt 0.978259 0.067862
vt 0.978291 0.066744
vt 0.979583 0.067759
vt 0.979622 0.066658
vt 0.980846 0.067572
vt 0.980891 0.066500
vt 0.982027 0.067313
vt 0.982080 0.066285
vt 0.983104 0.066998
vt 0.983166 0.066032
vt 0.984051 0.066654
vt 0.984129 0.065772
vt 0.984833 0.066313
vt 0.984946 0.065550
vt 0.367967 0.578086
vt 0.368255 0.577818
vt 0.368843 0.578117
vt 0.368711 0.578712
vt 0.369726 0.578507
vt 0.369632 0.579257
vt 0.985172 0.064615
vt 0.985436 0.063528
vt 0.370784 0.578910
vt 0.370708 0.579759
vt 0.371977 0.579292
vt 0.371911 0.580209
vt 0.985698 0.062316
vt 0.985932 0.061005
vt 0.373271 0.579623
vt 0.373214 0.580587
vt 0.374642 0.579887
vt 0.374593 0.580883
vt 0.986121 0.059622
vt 0.986252 0.058188
vt 0.376065 0.580070
vt 0.376022 0.581084
vt 0.377515 0.580167
vt 0.377480 0.581186
vt 0.986319 0.056729
vt 0.986319 0.055269
vt 0.378969 0.580172
vt 0.378941 0.581186
vt 0.380401 0.580088
vt 0.380381 0.581085
vt 0.986255 0.053831
vt 0.986130 0.052440
vt 0.381787 0.579921
vt 0.381776 0.580887
vt 0.383102 0.579681
vt 0.383103 0.580600
vt 0.985957 0.051121
vt 0.985750 0.049897
vt 0.384318 0.579383
vt 0.384334 0.580236
vt 0.385402 0.579055
vt 0.385443 0.579810
vt 0.985537 0.048799
vt 0.985354 0.047855
vt 0.984548 0.047595
vt 0.386309 0.578728
vt 0.386400 0.579331
vt 0.386917 0.578470
vt 0.387185 0.578758
vt 0.985277 0.047088
vt 0.984510 0.046711
vt 0.983598 0.047291
vt 0.982525 0.046988
vt 0.983581 0.046324
vt 0.982519 0.045959
vt 0.981347 0.046719
vt 0.980086 0.046503
vt 0.981351 0.045646
vt 0.980098 0.045402
vt 0.978761 0.046356
vt 0.977395 0.046284
vt 0.978781 0.045238
vt 0.977421 0.045161
vt 0.976009 0.046292
vt 0.974628 0.046377
vt 0.976042 0.045174
vt 0.974668 0.045276
vt 0.973277 0.046533
vt 0.971983 0.046745
vt 0.973325 0.045461
vt 0.972039 0.045718
vt 0.970772 0.046996
vt 0.969679 0.047252
vt 0.970840 0.046030
vt 0.969766 0.046371
vt 0.967589 0.048453
vt 0.968473 0.048406
vt 0.968735 0.047472
vt 0.967968 0.047566
vt 0.968865 0.046709
vt 0.968260 0.046974
vt 0.966831 0.050713
vt 0.967860 0.050703
vt 0.968166 0.049492
vt 0.967198 0.049516
vt 0.966267 0.053385
vt 0.967369 0.053396
vt 0.967587 0.052013
vt 0.966515 0.052011
vt 0.966022 0.056261
vt 0.967145 0.056287
vt 0.967219 0.054829
vt 0.966101 0.054810
vt 0.966134 0.059146
vt 0.967235 0.059186
vt 0.967151 0.057748
vt 0.966034 0.057715
vt 0.966574 0.061842
vt 0.967602 0.061898
vt 0.967390 0.060578
vt 0.966318 0.060530
vt 0.967852 0.063123
vt 0.966886 0.063054
vt 0.313691 0.976492
vt 0.314821 0.976732
vt 0.314686 0.975538
vt 0.313503 0.975347
vt 0.316052 0.976985
vt 0.315958 0.975745
vt 0.315853 0.974412
vt 0.314538 0.974244
vt 0.313308 0.974092
vt 0.317362 0.977217
vt 0.317304 0.975941
vt 0.318727 0.977408
vt 0.318700 0.976106
vt 0.318667 0.974714
vt 0.317236 0.974574
vt 0.320123 0.977542
vt 0.320125 0.976225
vt 0.321526 0.977609
vt 0.321556 0.976288
vt 0.321588 0.974877
vt 0.320125 0.974818
vt 0.322912 0.977606
vt 0.322969 0.976290
vt 0.324261 0.977536
vt 0.324344 0.976236
vt 0.324436 0.974847
vt 0.323032 0.974885
vt 0.325549 0.977406
vt 0.325659 0.976134
vt 0.326758 0.977232
vt 0.326896 0.975998
vt 0.327048 0.974670
vt 0.325780 0.974771
vt 0.327870 0.977033
vt 0.328040 0.975846
vt 0.328870 0.976842
vt 0.329081 0.975706
vt 0.329302 0.974461
vt 0.328225 0.974560
vt 0.314406 0.972866
vt 0.313138 0.972747
vt 0.315757 0.972998
vt 0.315685 0.971521
vt 0.314307 0.971422
vt 0.313011 0.971334
vt 0.317174 0.973128
vt 0.318638 0.973243
vt 0.318620 0.971708
vt 0.317129 0.971619
vt 0.320128 0.973331
vt 0.321621 0.973385
vt 0.321657 0.971828
vt 0.320137 0.971780
vt 0.323095 0.973399
vt 0.324529 0.973379
vt 0.324614 0.971846
vt 0.323156 0.971849
vt 0.325901 0.973329
vt 0.327196 0.973262
vt 0.327324 0.971789
vt 0.326008 0.971824
vt 0.328400 0.973189
vt 0.329505 0.973125
vt 0.329673 0.971719
vt 0.328548 0.971751
vt 0.314256 0.969935
vt 0.312943 0.969876
vt 0.315650 0.970000
vt 0.315661 0.968458
vt 0.314260 0.968426
vt 0.312942 0.968396
vt 0.317112 0.970067
vt 0.318621 0.970129
vt 0.318645 0.968527
vt 0.317129 0.968492
vt 0.320156 0.970183
vt 0.321693 0.970225
vt 0.321731 0.968598
vt 0.320186 0.968563
vt 0.323210 0.970253
vt 0.324683 0.970269
vt 0.324732 0.968668
vt 0.323254 0.968634
vt 0.326092 0.970274
vt 0.327421 0.970272
vt 0.327478 0.968731
vt 0.326146 0.968700
vt 0.328657 0.970267
vt 0.329793 0.970265
vt 0.329858 0.968786
vt 0.328718 0.968760
vt 0.314325 0.966919
vt 0.313012 0.966917
vt 0.315721 0.966918
vt 0.315826 0.965401
vt 0.314445 0.965435
vt 0.313147 0.965463
vt 0.317184 0.966919
vt 0.318694 0.966926
vt 0.318767 0.965349
vt 0.317273 0.965369
vt 0.320230 0.966943
vt 0.321768 0.966972
vt 0.321806 0.965369
vt 0.320285 0.965347
vt 0.323285 0.967014
vt 0.324757 0.967066
vt 0.324760 0.965487
vt 0.323305 0.965417
vt 0.326165 0.967126
vt 0.327492 0.967189
vt 0.327465 0.965669
vt 0.326152 0.965574
vt 0.328726 0.967251
vt 0.329862 0.967306
vt 0.329809 0.965848
vt 0.328686 0.965764
vt 0.314610 0.963998
vt 0.313338 0.964058
vt 0.315966 0.963928
vt 0.316127 0.962520
vt 0.314806 0.962627
vt 0.313570 0.962722
vt 0.317387 0.963864
vt 0.318855 0.963817
vt 0.318952 0.962348
vt 0.317516 0.962422
vt 0.320348 0.963797
vt 0.321842 0.963812
vt 0.321877 0.962320
vt 0.320414 0.962312
vt 0.323315 0.963866
vt 0.324746 0.963952
vt 0.324721 0.962481
vt 0.323320 0.962379
vt 0.326114 0.964065
vt 0.327405 0.964192
vt 0.327322 0.962778
vt 0.326061 0.962619
vt 0.328604 0.964321
vt 0.329706 0.964435
vt 0.329564 0.963091
vt 0.328493 0.962943
vt 0.315013 0.961342
vt 0.313823 0.961478
vt 0.316294 0.961193
vt 0.316445 0.959959
vt 0.315203 0.960155
vt 0.314064 0.960343
vt 0.317647 0.961060
vt 0.319049 0.960959
vt 0.319136 0.959660
vt 0.317764 0.959787
vt 0.320478 0.960906
vt 0.321910 0.960909
vt 0.321941 0.959588
vt 0.320536 0.959591
vt 0.323322 0.960972
vt 0.324693 0.961089
vt 0.324670 0.959787
vt 0.323326 0.959655
vt 0.326002 0.961252
vt 0.327232 0.961445
vt 0.327151 0.960206
vt 0.325951 0.959976
vt 0.328367 0.961650
vt 0.329401 0.961837
vt 0.329243 0.960693
vt 0.328252 0.960455
vt 0.312405 0.977722
vt 0.312996 0.978015
vt 0.312902 0.977247
vt 0.312140 0.977118
vt 0.313881 0.978394
vt 0.313834 0.977510
vt 0.312683 0.976302
vt 0.311802 0.976214
vt 0.314938 0.978784
vt 0.314915 0.977817
vt 0.316121 0.979151
vt 0.316112 0.978122
vt 0.317394 0.979467
vt 0.317396 0.978394
vt 0.318727 0.979714
vt 0.318738 0.978612
vt 0.320095 0.979879
vt 0.320114 0.978761
vt 0.321472 0.979956
vt 0.321498 0.978833
vt 0.322834 0.979942
vt 0.322866 0.978824
vt 0.324157 0.979839
vt 0.324196 0.978738
vt 0.325420 0.979652
vt 0.325466 0.978580
vt 0.326602 0.979393
vt 0.326655 0.978366
vt 0.327679 0.979078
vt 0.327741 0.978112
vt 0.328625 0.978734
vt 0.328704 0.977853
vt 0.329408 0.978393
vt 0.329521 0.977630
vt 0.387216 0.577882
vt 0.387811 0.578015
vt 0.387606 0.577000
vt 0.388356 0.577093
vt 0.329747 0.976696
vt 0.330010 0.975608
vt 0.388009 0.575941
vt 0.388859 0.576017
vt 0.388391 0.574749
vt 0.389308 0.574814
vt 0.330273 0.974396
vt 0.330507 0.973086
vt 0.388722 0.573454
vt 0.389687 0.573511
vt 0.388986 0.572083
vt 0.389982 0.572133
vt 0.330696 0.971702
vt 0.330827 0.970269
vt 0.389170 0.570660
vt 0.390183 0.570703
vt 0.389266 0.569210
vt 0.390286 0.569246
vt 0.330894 0.968810
vt 0.330894 0.967349
vt 0.389271 0.567757
vt 0.390286 0.567785
vt 0.389188 0.566325
vt 0.390185 0.566345
vt 0.330829 0.965912
vt 0.330705 0.964521
vt 0.389020 0.564939
vt 0.389986 0.564949
vt 0.388780 0.563624
vt 0.389699 0.563623
vt 0.330531 0.963201
vt 0.330325 0.961978
vt 0.388483 0.562408
vt 0.389335 0.562391
vt 0.388155 0.561324
vt 0.388909 0.561283
vt 0.330112 0.960880
vt 0.329929 0.959935
vt 0.329123 0.959675
vt 0.387827 0.560416
vt 0.388430 0.560326
vt 0.387570 0.559809
vt 0.387858 0.559540
vt 0.329852 0.959168
vt 0.329085 0.958791
vt 0.328173 0.959372
vt 0.327100 0.959069
vt 0.328155 0.958404
vt 0.327094 0.958040
vt 0.325922 0.958799
vt 0.324661 0.958584
vt 0.325926 0.957727
vt 0.324673 0.957482
vt 0.323336 0.958436
vt 0.321970 0.958364
vt 0.323355 0.957318
vt 0.321996 0.957241
vt 0.320584 0.958372
vt 0.319203 0.958458
vt 0.320617 0.957255
vt 0.319243 0.957357
vt 0.317852 0.958613
vt 0.316557 0.958826
vt 0.317900 0.957542
vt 0.316614 0.957798
vt 0.315347 0.959076
vt 0.314254 0.959333
vt 0.315415 0.958110
vt 0.314341 0.958451
vt 0.312164 0.960533
vt 0.313048 0.960486
vt 0.313310 0.959552
vt 0.312543 0.959646
vt 0.313439 0.958790
vt 0.312835 0.959054
vt 0.311406 0.962793
vt 0.312435 0.962784
vt 0.312741 0.961572
vt 0.311773 0.961596
vt 0.310842 0.965466
vt 0.311944 0.965476
vt 0.312162 0.964093
vt 0.311090 0.964091
vt 0.310597 0.968342
vt 0.311720 0.968368
vt 0.311793 0.966909
vt 0.310676 0.966890
vt 0.310709 0.971226
vt 0.311810 0.971266
vt 0.311726 0.969828
vt 0.310609 0.969795
vt 0.311149 0.973922
vt 0.312176 0.973979
vt 0.311965 0.972658
vt 0.310893 0.972610
vt 0.312426 0.975203
vt 0.311461 0.975134
vt 0.981103 0.380458
vt 0.979974 0.380699
vt 0.980109 0.379504
vt 0.981292 0.379313
vt 0.978743 0.380951
vt 0.978836 0.379711
vt 0.978942 0.378378
vt 0.980257 0.378210
vt 0.981487 0.378058
vt 0.977433 0.381183
vt 0.977491 0.379907
vt 0.976068 0.381374
vt 0.976095 0.380072
vt 0.976128 0.378680
vt 0.977559 0.378540
vt 0.974672 0.381508
vt 0.974670 0.380191
vt 0.973269 0.381575
vt 0.973239 0.380254
vt 0.973207 0.378843
vt 0.974670 0.378784
vt 0.971883 0.381572
vt 0.971826 0.380257
vt 0.970534 0.381502
vt 0.970451 0.380202
vt 0.970359 0.378813
vt 0.971763 0.378851
vt 0.969246 0.381372
vt 0.969136 0.380100
vt 0.968037 0.381198
vt 0.967899 0.379964
vt 0.967747 0.378636
vt 0.969015 0.378737
vt 0.966925 0.381000
vt 0.966755 0.379812
vt 0.965925 0.380808
vt 0.965714 0.379672
vt 0.965493 0.378427
vt 0.966570 0.378526
vt 0.980389 0.376832
vt 0.981657 0.376714
vt 0.979038 0.376964
vt 0.979110 0.375487
vt 0.980488 0.375389
vt 0.981784 0.375300
vt 0.977621 0.377094
vt 0.976157 0.377209
vt 0.976175 0.375674
vt 0.977666 0.375585
vt 0.974667 0.377297
vt 0.973174 0.377351
vt 0.973138 0.375794
vt 0.974658 0.375746
vt 0.971699 0.377365
vt 0.970266 0.377345
vt 0.970181 0.375812
vt 0.971639 0.375816
vt 0.968894 0.377295
vt 0.967599 0.377228
vt 0.967471 0.375755
vt 0.968787 0.375790
vt 0.966395 0.377155
vt 0.965290 0.377091
vt 0.965122 0.375685
vt 0.966247 0.375717
vt 0.980539 0.373901
vt 0.981851 0.373842
vt 0.979145 0.373966
vt 0.979134 0.372425
vt 0.980534 0.372392
vt 0.981853 0.372362
vt 0.977683 0.374033
vt 0.976174 0.374095
vt 0.976150 0.372493
vt 0.977666 0.372458
vt 0.974639 0.374149
vt 0.973101 0.374191
vt 0.973064 0.372565
vt 0.974609 0.372529
vt 0.971585 0.374219
vt 0.970112 0.374235
vt 0.970063 0.372634
vt 0.971541 0.372600
vt 0.968703 0.374240
vt 0.967374 0.374238
vt 0.967317 0.372697
vt 0.968649 0.372666
vt 0.966138 0.374233
vt 0.965002 0.374231
vt 0.964937 0.372752
vt 0.966077 0.372726
vt 0.980470 0.370885
vt 0.981783 0.370883
vt 0.979074 0.370884
vt 0.978969 0.369367
vt 0.980350 0.369401
vt 0.981648 0.369430
vt 0.977611 0.370885
vt 0.976101 0.370892
vt 0.976028 0.369315
vt 0.977522 0.369335
vt 0.974565 0.370909
vt 0.973027 0.370938
vt 0.972989 0.369335
vt 0.974510 0.369313
vt 0.971510 0.370980
vt 0.970038 0.371032
vt 0.970035 0.369453
vt 0.971490 0.369383
vt 0.968630 0.371092
vt 0.967303 0.371155
vt 0.967330 0.369635
vt 0.968643 0.369540
vt 0.966069 0.371217
vt 0.964933 0.371272
vt 0.964986 0.369814
vt 0.966109 0.369730
vt 0.980184 0.367964
vt 0.981457 0.368024
vt 0.978829 0.367894
vt 0.978668 0.366486
vt 0.979989 0.366593
vt 0.981225 0.366688
vt 0.977408 0.367830
vt 0.975940 0.367783
vt 0.975842 0.366314
vt 0.977279 0.366388
vt 0.974447 0.367763
vt 0.972953 0.367778
vt 0.972918 0.366286
vt 0.974381 0.366278
vt 0.971480 0.367832
vt 0.970049 0.367918
vt 0.970074 0.366447
vt 0.971475 0.366345
vt 0.968681 0.368031
vt 0.967390 0.368158
vt 0.967472 0.366744
vt 0.968734 0.366585
vt 0.966191 0.368287
vt 0.965089 0.368401
vt 0.965231 0.367057
vt 0.966302 0.366909
vt 0.979782 0.365308
vt 0.980972 0.365444
vt 0.978501 0.365159
vt 0.978350 0.363925
vt 0.979592 0.364121
vt 0.980731 0.364309
vt 0.977148 0.365026
vt 0.975746 0.364925
vt 0.975659 0.363626
vt 0.977031 0.363753
vt 0.974317 0.364872
vt 0.972885 0.364875
vt 0.972854 0.363554
vt 0.974258 0.363557
vt 0.971473 0.364938
vt 0.970102 0.365055
vt 0.970125 0.363753
vt 0.971469 0.363621
vt 0.968793 0.365218
vt 0.967563 0.365411
vt 0.967644 0.364172
vt 0.968844 0.363942
vt 0.966428 0.365616
vt 0.965394 0.365803
vt 0.965552 0.364659
vt 0.966543 0.364422
vt 0.982390 0.381689
vt 0.981799 0.381981
vt 0.981893 0.381213
vt 0.982655 0.381084
vt 0.980914 0.382360
vt 0.980961 0.381476
vt 0.982112 0.380268
vt 0.982993 0.380180
vt 0.979857 0.382751
vt 0.979880 0.381783
vt 0.978674 0.383118
vt 0.978683 0.382089
vt 0.977401 0.383433
vt 0.977399 0.382360
vt 0.976068 0.383680
vt 0.976057 0.382578
vt 0.974700 0.383845
vt 0.974681 0.382727
vt 0.973323 0.383922
vt 0.973297 0.382799
vt 0.971961 0.383908
vt 0.971929 0.382790
vt 0.970638 0.383805
vt 0.970599 0.382704
vt 0.969374 0.383618
vt 0.969329 0.382546
vt 0.968193 0.383359
vt 0.968140 0.382332
vt 0.967116 0.383044
vt 0.967054 0.382078
vt 0.966170 0.382700
vt 0.966091 0.381819
vt 0.965387 0.382359
vt 0.965274 0.381597
vt 0.386982 0.559509
vt 0.387114 0.558914
vt 0.386099 0.559119
vt 0.386193 0.558369
vt 0.965048 0.380662
vt 0.964785 0.379575
vt 0.385041 0.558716
vt 0.385117 0.557867
vt 0.383848 0.558335
vt 0.383914 0.557417
vt 0.964522 0.378362
vt 0.964288 0.377052
vt 0.382554 0.558003
vt 0.382611 0.557039
vt 0.381183 0.557739
vt 0.381232 0.556743
vt 0.964099 0.375668
vt 0.963968 0.374235
vt 0.379760 0.557556
vt 0.379803 0.556542
vt 0.378310 0.557459
vt 0.378345 0.556440
vt 0.963901 0.372776
vt 0.963901 0.371316
vt 0.376856 0.557454
vt 0.376884 0.556440
vt 0.375424 0.557538
vt 0.375444 0.556541
vt 0.963966 0.369878
vt 0.964090 0.368487
vt 0.374038 0.557705
vt 0.374049 0.556739
vt 0.372723 0.557945
vt 0.372722 0.557026
vt 0.964263 0.367167
vt 0.964470 0.365944
vt 0.371507 0.558243
vt 0.371491 0.557390
vt 0.370423 0.558571
vt 0.370382 0.557816
vt 0.964683 0.364846
vt 0.964866 0.363901
vt 0.965672 0.363642
vt 0.369516 0.558899
vt 0.369425 0.558295
vt 0.368908 0.559156
vt 0.368639 0.558868
vt 0.964943 0.363134
vt 0.965710 0.362758
vt 0.966622 0.363338
vt 0.967695 0.363035
vt 0.966640 0.362370
vt 0.967701 0.362006
vt 0.968873 0.362766
vt 0.970134 0.362550
vt 0.968869 0.361693
vt 0.970122 0.361448
vt 0.971459 0.362402
vt 0.972825 0.362330
vt 0.971440 0.361284
vt 0.972799 0.361207
vt 0.974211 0.362339
vt 0.975592 0.362424
vt 0.974178 0.361221
vt 0.975552 0.361323
vt 0.976943 0.362579
vt 0.978238 0.362792
vt 0.976895 0.361508
vt 0.978181 0.361764
vt 0.979448 0.363042
vt 0.980541 0.363299
vt 0.979380 0.362076
vt 0.980454 0.362418
vt 0.982631 0.364499
vt 0.981747 0.364452
vt 0.981485 0.363518
vt 0.982252 0.363612
vt 0.981356 0.362756
vt 0.981960 0.363020
vt 0.983389 0.366759
vt 0.982360 0.366750
vt 0.982054 0.365538
vt 0.983022 0.365562
vt 0.983953 0.369432
vt 0.982851 0.369442
vt 0.982633 0.368059
vt 0.983705 0.368058
vt 0.984198 0.372308
vt 0.983075 0.372334
vt 0.983002 0.370875
vt 0.984119 0.370857
vt 0.984086 0.375192
vt 0.982985 0.375232
vt 0.983069 0.373794
vt 0.984186 0.373761
vt 0.983646 0.377888
vt 0.982619 0.377945
vt 0.982830 0.376624
vt 0.983902 0.376576
vt 0.982369 0.379169
vt 0.983334 0.379101
vt 0.976861 0.573480
vt 0.975732 0.573720
vt 0.975867 0.572526
vt 0.977049 0.572335
vt 0.974501 0.573973
vt 0.974594 0.572733
vt 0.974700 0.571400
vt 0.976014 0.571232
vt 0.977244 0.571080
vt 0.973191 0.574205
vt 0.973249 0.572929
vt 0.971826 0.574396
vt 0.971853 0.573094
vt 0.971885 0.571702
vt 0.973317 0.571562
vt 0.970430 0.574529
vt 0.970428 0.573213
vt 0.969027 0.574597
vt 0.968997 0.573276
vt 0.968965 0.571864
vt 0.970427 0.571806
vt 0.967640 0.574594
vt 0.967584 0.573278
vt 0.966292 0.574524
vt 0.966209 0.573224
vt 0.966117 0.571835
vt 0.967521 0.571873
vt 0.965004 0.574394
vt 0.964894 0.573122
vt 0.963794 0.574220
vt 0.963657 0.572985
vt 0.963504 0.571658
vt 0.964772 0.571759
vt 0.962683 0.574021
vt 0.962513 0.572834
vt 0.961682 0.573830
vt 0.961472 0.572694
vt 0.961251 0.571449
vt 0.962328 0.571548
vt 0.976147 0.569854
vt 0.977415 0.569735
vt 0.974796 0.569986
vt 0.974868 0.568509
vt 0.976246 0.568410
vt 0.977542 0.568322
vt 0.973379 0.570116
vt 0.971915 0.570231
vt 0.971933 0.568696
vt 0.973424 0.568607
vt 0.970425 0.570319
vt 0.968931 0.570373
vt 0.968896 0.568816
vt 0.970416 0.568768
vt 0.967457 0.570387
vt 0.966024 0.570366
vt 0.965939 0.568834
vt 0.967396 0.568837
vt 0.964652 0.570317
vt 0.963357 0.570250
vt 0.963229 0.568777
vt 0.964545 0.568812
vt 0.962153 0.570176
vt 0.961048 0.570113
vt 0.960879 0.568707
vt 0.962005 0.568739
vt 0.976297 0.566923
vt 0.977609 0.566864
vt 0.974902 0.566988
vt 0.974892 0.565446
vt 0.976292 0.565414
vt 0.977610 0.565384
vt 0.973441 0.567054
vt 0.971932 0.567117
vt 0.971908 0.565515
vt 0.973424 0.565480
vt 0.970397 0.567171
vt 0.968859 0.567213
vt 0.968822 0.565586
vt 0.970366 0.565551
vt 0.967343 0.567241
vt 0.965869 0.567257
vt 0.965820 0.565656
vt 0.967299 0.565621
vt 0.964461 0.567261
vt 0.963132 0.567260
vt 0.963074 0.565719
vt 0.964407 0.565688
vt 0.961896 0.567255
vt 0.960759 0.567252
vt 0.960695 0.565774
vt 0.961835 0.565747
vt 0.976227 0.563907
vt 0.977541 0.563905
vt 0.974831 0.563906
vt 0.974727 0.562388
vt 0.976108 0.562423
vt 0.977406 0.562451
vt 0.973368 0.563907
vt 0.971858 0.563914
vt 0.971786 0.562337
vt 0.973280 0.562357
vt 0.970322 0.563931
vt 0.968784 0.563960
vt 0.968747 0.562357
vt 0.970267 0.562335
vt 0.967268 0.564001
vt 0.965796 0.564054
vt 0.965792 0.562475
vt 0.967248 0.562405
vt 0.964388 0.564114
vt 0.963061 0.564177
vt 0.963088 0.562657
vt 0.964400 0.562562
vt 0.961826 0.564239
vt 0.960691 0.564294
vt 0.960744 0.562836
vt 0.961867 0.562751
vt 0.975942 0.560986
vt 0.977215 0.561046
vt 0.974587 0.560916
vt 0.974425 0.559508
vt 0.975747 0.559615
vt 0.976982 0.559710
vt 0.973165 0.560852
vt 0.971697 0.560804
vt 0.971600 0.559336
vt 0.973036 0.559410
vt 0.970205 0.560785
vt 0.968711 0.560800
vt 0.968676 0.559308
vt 0.970139 0.559299
vt 0.967237 0.560853
vt 0.965807 0.560940
vt 0.965832 0.559469
vt 0.967233 0.559366
vt 0.964438 0.561053
vt 0.963148 0.561180
vt 0.963230 0.559766
vt 0.964492 0.559607
vt 0.961949 0.561308
vt 0.960847 0.561423
vt 0.960989 0.560079
vt 0.962060 0.559931
vt 0.975540 0.558330
vt 0.976729 0.558466
vt 0.974259 0.558181
vt 0.974108 0.556947
vt 0.975349 0.557142
vt 0.976489 0.557331
vt 0.972906 0.558047
vt 0.971503 0.557947
vt 0.971417 0.556648
vt 0.972789 0.556775
vt 0.970074 0.557894
vt 0.968642 0.557897
vt 0.968612 0.556576
vt 0.970016 0.556579
vt 0.967230 0.557960
vt 0.965860 0.558077
vt 0.965883 0.556775
vt 0.967226 0.556643
vt 0.964551 0.558240
vt 0.963321 0.558433
vt 0.963402 0.557193
vt 0.964602 0.556964
vt 0.962185 0.558637
vt 0.961152 0.558825
vt 0.961310 0.557681
vt 0.962300 0.557443
vt 0.978148 0.574710
vt 0.977557 0.575002
vt 0.977651 0.574235
vt 0.978412 0.574106
vt 0.976671 0.575382
vt 0.976718 0.574498
vt 0.977870 0.573290
vt 0.978751 0.573202
vt 0.975614 0.575772
vt 0.975638 0.574804
vt 0.974431 0.576139
vt 0.974440 0.575110
vt 0.973159 0.576455
vt 0.973157 0.575382
vt 0.971825 0.576701
vt 0.971814 0.575600
vt 0.970458 0.576867
vt 0.970439 0.575749
vt 0.969081 0.576944
vt 0.969055 0.575821
vt 0.967719 0.576930
vt 0.967686 0.575812
vt 0.966395 0.576827
vt 0.966356 0.575726
vt 0.965132 0.576640
vt 0.965087 0.575568
vt 0.963951 0.576381
vt 0.963898 0.575353
vt 0.962874 0.576066
vt 0.962812 0.575100
vt 0.961927 0.575722
vt 0.961849 0.574841
vt 0.961145 0.575381
vt 0.961032 0.574618
vt 0.368609 0.559744
vt 0.368013 0.559611
vt 0.368219 0.560627
vt 0.367469 0.560533
vt 0.960806 0.573683
vt 0.960542 0.572596
vt 0.367816 0.561685
vt 0.366966 0.561609
vt 0.367434 0.562877
vt 0.366517 0.562812
vt 0.960279 0.571384
vt 0.960045 0.570074
vt 0.367102 0.564172
vt 0.366138 0.564115
vt 0.366839 0.565543
vt 0.365843 0.565493
vt 0.959857 0.568690
vt 0.959726 0.567256
vt 0.366655 0.566966
vt 0.365642 0.566923
vt 0.366559 0.568416
vt 0.365539 0.568380
vt 0.959658 0.565798
vt 0.959658 0.564337
vt 0.366554 0.569869
vt 0.365539 0.569841
vt 0.366637 0.571301
vt 0.365640 0.571281
vt 0.959723 0.562899
vt 0.959848 0.561508
vt 0.366805 0.572688
vt 0.365839 0.572677
vt 0.367045 0.574002
vt 0.366125 0.574003
vt 0.960021 0.560189
vt 0.960228 0.558966
vt 0.367342 0.575218
vt 0.366490 0.575235
vt 0.367670 0.576302
vt 0.366916 0.576343
vt 0.960441 0.557867
vt 0.960624 0.556923
vt 0.961430 0.556663
vt 0.367998 0.577210
vt 0.367395 0.577301
vt 0.960701 0.556156
vt 0.961467 0.555779
vt 0.962379 0.556360
vt 0.963453 0.556057
vt 0.962397 0.555392
vt 0.963459 0.555028
vt 0.964630 0.555787
vt 0.965892 0.555571
vt 0.964627 0.554715
vt 0.965880 0.554470
vt 0.967216 0.555424
vt 0.968583 0.555352
vt 0.967197 0.554306
vt 0.968557 0.554229
vt 0.969969 0.555360
vt 0.971350 0.555445
vt 0.969936 0.554243
vt 0.971310 0.554344
vt 0.972701 0.555601
vt 0.973995 0.555813
vt 0.972653 0.554529
vt 0.973939 0.554786
vt 0.975206 0.556064
vt 0.976299 0.556320
vt 0.975138 0.555098
vt 0.976211 0.555439
vt 0.978389 0.557521
vt 0.977505 0.557474
vt 0.977243 0.556540
vt 0.978010 0.556634
vt 0.977113 0.555778
vt 0.977717 0.556042
vt 0.979147 0.559781
vt 0.978118 0.559771
vt 0.977812 0.558560
vt 0.978780 0.558584
vt 0.979711 0.562453
vt 0.978609 0.562464
vt 0.978390 0.561081
vt 0.979463 0.561079
vt 0.979956 0.565330
vt 0.978833 0.565355
vt 0.978759 0.563897
vt 0.979877 0.563878
vt 0.979843 0.568214
vt 0.978743 0.568254
vt 0.978827 0.566816
vt 0.979944 0.566783
vt 0.979404 0.570910
vt 0.978376 0.570967
vt 0.978588 0.569646
vt 0.979659 0.569598
vt 0.978126 0.572191
vt 0.979092 0.572122
vt 0.453355 0.628561
vt 0.454538 0.628818
vt 0.454563 0.627632
vt 0.453224 0.627419
vt 0.455817 0.629095
vt 0.455996 0.627869
vt 0.456533 0.626210
vt 0.454524 0.626301
vt 0.453058 0.626158
vt 0.457138 0.629359
vt 0.457308 0.628174
vt 0.458503 0.629590
vt 0.458614 0.628447
vt 0.458764 0.627307
vt 0.457570 0.626930
vt 0.459920 0.629766
vt 0.459986 0.628671
vt 0.461369 0.629862
vt 0.461402 0.628793
vt 0.461434 0.627761
vt 0.460069 0.627603
vt 0.462821 0.629857
vt 0.462823 0.628760
vt 0.464246 0.629770
vt 0.464206 0.628622
vt 0.464128 0.627475
vt 0.462807 0.627689
vt 0.465622 0.629625
vt 0.465526 0.628431
vt 0.466957 0.629444
vt 0.466855 0.628209
vt 0.466423 0.626520
vt 0.465343 0.627174
vt 0.468251 0.629248
vt 0.468300 0.628062
vt 0.469448 0.629065
vt 0.469650 0.627933
vt 0.469894 0.626685
vt 0.468423 0.626736
vt 0.454209 0.624873
vt 0.452846 0.624790
vt 0.455693 0.624932
vt 0.455082 0.623388
vt 0.453857 0.623381
vt 0.452650 0.623359
vt 0.468827 0.625331
vt 0.467341 0.625297
vt 0.470191 0.625333
vt 0.470477 0.623917
vt 0.469271 0.623864
vt 0.468048 0.623794
vt 0.453643 0.621918
vt 0.452538 0.621908
vt 0.454724 0.621913
vt 0.454632 0.620518
vt 0.453600 0.620486
vt 0.452530 0.620452
vt 0.469576 0.622417
vt 0.468497 0.622344
vt 0.470679 0.622476
vt 0.470778 0.621023
vt 0.469709 0.620990
vt 0.468677 0.620958
vt 0.453721 0.619070
vt 0.452626 0.619003
vt 0.454789 0.619152
vt 0.455085 0.617847
vt 0.453946 0.617698
vt 0.452802 0.617586
vt 0.469676 0.619569
vt 0.468605 0.619585
vt 0.470773 0.619572
vt 0.470686 0.618146
vt 0.469538 0.618186
vt 0.468392 0.618264
vt 0.454219 0.616392
vt 0.453033 0.616222
vt 0.455462 0.616654
vt 0.456182 0.615617
vt 0.454523 0.615080
vt 0.453297 0.614901
vt 0.469347 0.616866
vt 0.468090 0.617049
vt 0.470541 0.616770
vt 0.470360 0.615435
vt 0.469125 0.615537
vt 0.467436 0.615969
vt 0.454761 0.613647
vt 0.453574 0.613621
vt 0.456091 0.613607
vt 0.456234 0.612142
vt 0.454973 0.612307
vt 0.453831 0.612439
vt 0.457460 0.614777
vt 0.457519 0.613292
vt 0.459004 0.614166
vt 0.459011 0.612940
vt 0.459033 0.611734
vt 0.457602 0.611930
vt 0.460479 0.613808
vt 0.460474 0.612726
vt 0.461874 0.613715
vt 0.461906 0.612683
vt 0.461940 0.611614
vt 0.460484 0.611622
vt 0.463260 0.613895
vt 0.463333 0.612816
vt 0.464710 0.614344
vt 0.464780 0.613121
vt 0.464833 0.611915
vt 0.463392 0.611713
vt 0.466213 0.615051
vt 0.466247 0.613566
vt 0.467653 0.613969
vt 0.467601 0.612498
vt 0.466249 0.612201
vt 0.468978 0.614092
vt 0.470164 0.614141
vt 0.469981 0.612944
vt 0.468850 0.612742
vt 0.452030 0.629778
vt 0.452619 0.630075
vt 0.452532 0.629307
vt 0.451771 0.629171
vt 0.453503 0.630462
vt 0.453467 0.629577
vt 0.452323 0.628360
vt 0.451440 0.628265
vt 0.454563 0.630861
vt 0.454557 0.629894
vt 0.455757 0.631238
vt 0.455770 0.630212
vt 0.457053 0.631565
vt 0.457076 0.630498
vt 0.458425 0.631824
vt 0.458452 0.630731
vt 0.459848 0.632002
vt 0.459879 0.630897
vt 0.461299 0.632093
vt 0.461333 0.630984
vt 0.462752 0.632093
vt 0.462790 0.630988
vt 0.464184 0.632004
vt 0.464225 0.630912
vt 0.465569 0.631831
vt 0.465613 0.630765
vt 0.466883 0.631586
vt 0.466934 0.630561
vt 0.468098 0.631285
vt 0.468165 0.630320
vt 0.469181 0.630952
vt 0.469273 0.630072
vt 0.470087 0.630621
vt 0.470223 0.629861
vt 0.470694 0.630362
vt 0.470991 0.629773
vt 0.471378 0.628889
vt 0.470490 0.628929
vt 0.470800 0.627845
vt 0.471777 0.627829
vt 0.472154 0.626635
vt 0.471114 0.626636
vt 0.471403 0.625326
vt 0.472481 0.625339
vt 0.472740 0.623967
vt 0.471644 0.623944
vt 0.471813 0.622513
vt 0.472918 0.622544
vt 0.473009 0.621093
vt 0.471901 0.621059
vt 0.471904 0.619602
vt 0.473009 0.619640
vt 0.472920 0.618208
vt 0.471828 0.618167
vt 0.471681 0.616779
vt 0.472748 0.616823
vt 0.472503 0.615509
vt 0.471478 0.615458
vt 0.471236 0.614227
vt 0.472201 0.614294
vt 0.471869 0.613211
vt 0.470988 0.613119
vt 0.470777 0.612170
vt 0.469845 0.611902
vt 0.471538 0.612305
vt 0.471278 0.611698
vt 0.470689 0.611401
vt 0.469805 0.611014
vt 0.468762 0.611592
vt 0.467552 0.611279
vt 0.468745 0.610615
vt 0.467552 0.610238
vt 0.466243 0.610989
vt 0.464860 0.610748
vt 0.466256 0.609911
vt 0.464884 0.609652
vt 0.463430 0.610579
vt 0.461975 0.610491
vt 0.463460 0.609474
vt 0.462010 0.609383
vt 0.460517 0.610488
vt 0.459080 0.610567
vt 0.460556 0.609383
vt 0.459124 0.609472
vt 0.457684 0.610721
vt 0.456359 0.610928
vt 0.457739 0.609644
vt 0.456425 0.609889
vt 0.455133 0.611166
vt 0.454032 0.611407
vt 0.455210 0.610191
vt 0.454127 0.610523
vt 0.451930 0.612587
vt 0.452815 0.612551
vt 0.453085 0.611616
vt 0.452317 0.611703
vt 0.453221 0.610854
vt 0.452614 0.611114
vt 0.451154 0.614841
vt 0.452180 0.614854
vt 0.452498 0.613640
vt 0.451531 0.613647
vt 0.450568 0.617509
vt 0.451661 0.617536
vt 0.451894 0.616159
vt 0.450827 0.616136
vt 0.450299 0.620382
vt 0.451408 0.620417
vt 0.451495 0.618963
vt 0.450390 0.618932
vt 0.450388 0.623268
vt 0.451484 0.623313
vt 0.451405 0.621875
vt 0.450299 0.621836
vt 0.450806 0.625967
vt 0.451844 0.626033
vt 0.451637 0.624708
vt 0.450561 0.624653
vt 0.452082 0.627259
vt 0.451108 0.627182
vt 0.386266 0.561024
vt 0.386441 0.562171
vt 0.385256 0.561966
vt 0.385135 0.560769
vt 0.386622 0.563428
vt 0.385389 0.563261
vt 0.384064 0.563077
vt 0.383973 0.561743
vt 0.383893 0.560501
vt 0.386776 0.564774
vt 0.385506 0.564641
vt 0.386886 0.566189
vt 0.385588 0.566085
vt 0.384200 0.565970
vt 0.384145 0.564492
vt 0.386937 0.567648
vt 0.385622 0.567573
vt 0.386920 0.569128
vt 0.385599 0.569082
vt 0.384189 0.569033
vt 0.384217 0.567491
vt 0.386833 0.570606
vt 0.385516 0.570589
vt 0.386681 0.572058
vt 0.385379 0.572070
vt 0.383986 0.572088
vt 0.384110 0.570572
vt 0.386473 0.573461
vt 0.385196 0.573506
vt 0.386224 0.574794
vt 0.384983 0.574874
vt 0.383649 0.574965
vt 0.383828 0.573559
vt 0.385956 0.576035
vt 0.384760 0.576157
vt 0.385702 0.577167
vt 0.384555 0.577342
vt 0.383298 0.577522
vt 0.383465 0.576290
vt 0.382605 0.561530
vt 0.382561 0.560253
vt 0.382658 0.562897
vt 0.381188 0.562739
vt 0.381170 0.561347
vt 0.381157 0.560045
vt 0.382705 0.564344
vt 0.382733 0.565854
vt 0.381202 0.565746
vt 0.381201 0.564211
vt 0.382733 0.567407
vt 0.382697 0.568980
vt 0.381141 0.568926
vt 0.381184 0.567325
vt 0.382623 0.570553
vt 0.382515 0.572102
vt 0.380980 0.572103
vt 0.381072 0.570526
vt 0.382381 0.573606
vt 0.382233 0.575046
vt 0.380755 0.575101
vt 0.380872 0.573634
vt 0.382085 0.576406
vt 0.381951 0.577677
vt 0.380537 0.577787
vt 0.380640 0.576489
vt 0.379688 0.561209
vt 0.379705 0.559892
vt 0.379672 0.562616
vt 0.378132 0.562537
vt 0.378181 0.561126
vt 0.378228 0.559805
vt 0.379652 0.564103
vt 0.379626 0.565654
vt 0.378025 0.565584
vt 0.378080 0.564028
vt 0.379588 0.567250
vt 0.379539 0.568870
vt 0.377912 0.568813
vt 0.377969 0.567187
vt 0.379475 0.570489
vt 0.379401 0.572084
vt 0.377800 0.572042
vt 0.377856 0.570439
vt 0.379319 0.573633
vt 0.379235 0.575118
vt 0.377693 0.575089
vt 0.377745 0.573598
vt 0.379152 0.576523
vt 0.379078 0.577837
vt 0.377597 0.577821
vt 0.377644 0.576500
vt 0.376673 0.561104
vt 0.376747 0.559789
vt 0.376590 0.562508
vt 0.375070 0.562525
vt 0.375185 0.561137
vt 0.375288 0.559839
vt 0.376506 0.563993
vt 0.376424 0.565542
vt 0.374845 0.565523
vt 0.374953 0.563992
vt 0.376350 0.567137
vt 0.376286 0.568756
vt 0.374684 0.568700
vt 0.374753 0.567100
vt 0.376236 0.570376
vt 0.376199 0.571972
vt 0.374623 0.571880
vt 0.374641 0.570301
vt 0.376173 0.573523
vt 0.376153 0.575010
vt 0.374637 0.574887
vt 0.374624 0.573415
vt 0.376137 0.576417
vt 0.376120 0.577734
vt 0.374668 0.577582
vt 0.374655 0.576279
vt 0.373740 0.561220
vt 0.373874 0.559949
vt 0.373592 0.562580
vt 0.372176 0.562661
vt 0.372360 0.561336
vt 0.372527 0.560104
vt 0.373444 0.564021
vt 0.373310 0.565524
vt 0.371838 0.565538
vt 0.371997 0.564067
vt 0.373202 0.567073
vt 0.373128 0.568646
vt 0.371636 0.568594
vt 0.371715 0.567054
vt 0.373092 0.570220
vt 0.373092 0.571772
vt 0.371624 0.571656
vt 0.371608 0.570135
vt 0.373120 0.573282
vt 0.373167 0.574729
vt 0.371761 0.574549
vt 0.371680 0.573134
vt 0.373220 0.576096
vt 0.373264 0.577373
vt 0.371932 0.577125
vt 0.371852 0.575884
vt 0.371065 0.561469
vt 0.371270 0.560284
vt 0.370842 0.562752
vt 0.369601 0.562832
vt 0.369869 0.561591
vt 0.370123 0.560459
vt 0.370629 0.564120
vt 0.370446 0.565556
vt 0.369144 0.565568
vt 0.369352 0.564165
vt 0.370308 0.567038
vt 0.370226 0.568544
vt 0.368905 0.568498
vt 0.368992 0.567020
vt 0.370203 0.570053
vt 0.370237 0.571541
vt 0.368939 0.571437
vt 0.368888 0.569978
vt 0.370319 0.572985
vt 0.370436 0.574365
vt 0.369203 0.574198
vt 0.369049 0.572852
vt 0.370569 0.575661
vt 0.370690 0.576857
vt 0.369559 0.576602
vt 0.369384 0.575455
vt 0.387066 0.560278
vt 0.387275 0.561226
vt 0.386136 0.560004
vt 0.387518 0.562328
vt 0.387753 0.563555
vt 0.387949 0.564878
vt 0.388087 0.566271
vt 0.388154 0.567710
vt 0.388143 0.569171
vt 0.388052 0.570629
vt 0.387885 0.572060
vt 0.387650 0.573440
vt 0.387362 0.574746
vt 0.387041 0.575954
vt 0.386721 0.577036
vt 0.386448 0.577967
vt 0.385500 0.578175
vt 0.384398 0.578418
vt 0.383171 0.578654
vt 0.381848 0.578850
vt 0.380454 0.578988
vt 0.379015 0.579055
vt 0.377555 0.579044
vt 0.376097 0.578953
vt 0.374666 0.578785
vt 0.373286 0.578550
vt 0.371979 0.578262
vt 0.370772 0.577942
vt 0.369689 0.577622
vt 0.368758 0.577348
vt 0.368550 0.576401
vt 0.368307 0.575298
vt 0.368072 0.574071
vt 0.367876 0.572748
vt 0.367738 0.571355
vt 0.367671 0.569916
vt 0.367682 0.568455
vt 0.367773 0.566997
vt 0.367940 0.565566
vt 0.368175 0.564186
vt 0.368463 0.562880
vt 0.368784 0.561672
vt 0.369103 0.560590
vt 0.370325 0.559451
vt 0.369377 0.559659
vt 0.372654 0.558972
vt 0.371427 0.559208
vt 0.375371 0.558638
vt 0.373977 0.558776
vt 0.378270 0.558582
vt 0.376810 0.558571
vt 0.381159 0.558841
vt 0.379728 0.558673
vt 0.383846 0.559364
vt 0.382539 0.559076
vt 0.385053 0.559684
vt 0.053697 0.648839
vt 0.053574 0.648773
vt 0.055471 0.644193
vt 0.055605 0.644234
vt 0.019289 0.614430
vt 0.019355 0.614553
vt 0.015233 0.617307
vt 0.015144 0.617199
vt 0.028782 0.611550
vt 0.028796 0.611689
vt 0.023934 0.612656
vt 0.023894 0.612522
vt 0.043260 0.659276
vt 0.043194 0.659153
vt 0.047315 0.656399
vt 0.047404 0.656507
vt 0.033766 0.611550
vt 0.033753 0.611689
vt 0.038655 0.661184
vt 0.038614 0.661050
vt 0.038655 0.612522
vt 0.038614 0.612656
vt 0.033766 0.662156
vt 0.033753 0.662017
vt 0.043260 0.614430
vt 0.043194 0.614553
vt 0.028782 0.662156
vt 0.028796 0.662017
vt 0.047404 0.617199
vt 0.047315 0.617307
vt 0.023894 0.661184
vt 0.023934 0.661050
vt 0.008851 0.648839
vt 0.008974 0.648773
vt 0.011728 0.652894
vt 0.011620 0.652983
vt 0.050928 0.620723
vt 0.050820 0.620812
vt 0.005971 0.639345
vt 0.006110 0.639332
vt 0.007077 0.644193
vt 0.006944 0.644234
vt 0.019289 0.659276
vt 0.019355 0.659153
vt 0.053697 0.624868
vt 0.053574 0.624933
vt 0.005971 0.634361
vt 0.006110 0.634375
vt 0.015144 0.656507
vt 0.015233 0.656399
vt 0.055605 0.629472
vt 0.055471 0.629513
vt 0.006944 0.629472
vt 0.007077 0.629513
vt 0.056577 0.634361
vt 0.056438 0.634375
vt 0.008851 0.624868
vt 0.008974 0.624933
vt 0.056577 0.639345
vt 0.056438 0.639332
vt 0.011620 0.620723
vt 0.011728 0.620812
vt 0.050928 0.652983
vt 0.050820 0.652894
vt 0.012675 0.659517
vt 0.017453 0.662710
vt 0.059331 0.628342
vt 0.057131 0.623032
vt 0.003218 0.628342
vt 0.002097 0.633979
vt 0.008610 0.655453
vt 0.060452 0.633979
vt 0.005417 0.623032
vt 0.005417 0.650674
vt 0.060452 0.639727
vt 0.008610 0.618253
vt 0.059331 0.645364
vt 0.012675 0.614189
vt 0.057131 0.650674
vt 0.017453 0.610996
vt 0.053938 0.655453
vt 0.022763 0.608797
vt 0.049874 0.659517
vt 0.028400 0.607675
vt 0.045095 0.662710
vt 0.034148 0.607675
vt 0.039785 0.664909
vt 0.039785 0.608797
vt 0.034148 0.666031
vt 0.045095 0.610996
vt 0.028400 0.666031
vt 0.049874 0.614189
vt 0.003218 0.645364
vt 0.022763 0.664909
vt 0.053938 0.618253
vt 0.002097 0.639727
vt 0.616295 0.806699
vt 0.617245 0.806773
vt 0.617245 0.811230
vt 0.616295 0.811172
vt 0.836891 0.106997
vt 0.837841 0.107018
vt 0.837841 0.101500
vt 0.836891 0.101460
vt 0.238736 0.848216
vt 0.239686 0.848158
vt 0.239686 0.852615
vt 0.238736 0.852689
vt 0.836891 0.112756
vt 0.837841 0.112756
vt 0.238736 0.843112
vt 0.239686 0.843072
vt 0.836891 0.118516
vt 0.837841 0.118495
vt 0.238736 0.837574
vt 0.239686 0.837554
vt 0.836891 0.124053
vt 0.837841 0.124013
vt 0.238736 0.831815
vt 0.239686 0.831815
vt 0.836891 0.129157
vt 0.837841 0.129099
vt 0.238736 0.826056
vt 0.239686 0.826076
vt 0.836891 0.133630
vt 0.837841 0.133557
vt 0.238736 0.820518
vt 0.239686 0.820558
vt 0.616295 0.843973
vt 0.617245 0.843915
vt 0.617245 0.848373
vt 0.616295 0.848447
vt 0.238736 0.815415
vt 0.239686 0.815473
vt 0.616295 0.838870
vt 0.617245 0.838830
vt 0.849618 0.415472
vt 0.850568 0.415452
vt 0.850568 0.409713
vt 0.849618 0.409713
vt 0.238736 0.810941
vt 0.239686 0.811015
vt 0.616295 0.833332
vt 0.617245 0.833312
vt 0.849618 0.421010
vt 0.850568 0.420970
vt 0.849618 0.393312
vt 0.850568 0.393370
vt 0.850568 0.388913
vt 0.849618 0.388839
vt 0.616295 0.827573
vt 0.617245 0.827573
vt 0.849618 0.426113
vt 0.850568 0.426055
vt 0.849618 0.398416
vt 0.850568 0.398456
vt 0.616295 0.821814
vt 0.617245 0.821834
vt 0.849618 0.430587
vt 0.850568 0.430513
vt 0.849618 0.403954
vt 0.850568 0.403974
vt 0.616295 0.816276
vt 0.617245 0.816316
vt 0.836891 0.096356
vt 0.837841 0.096414
vt 0.837841 0.091956
vt 0.836891 0.091883
vt 0.519571 0.018102
vt 0.519818 0.020618
vt 0.515114 0.021554
vt 0.514381 0.019135
vt 0.509492 0.068770
vt 0.510684 0.066541
vt 0.515114 0.068376
vt 0.514381 0.070795
vt 0.524862 0.018102
vt 0.524614 0.020618
vt 0.505092 0.065830
vt 0.506696 0.063877
vt 0.530052 0.019135
vt 0.529318 0.021554
vt 0.501351 0.062089
vt 0.503305 0.060485
vt 0.534940 0.021160
vt 0.533749 0.023389
vt 0.498411 0.057689
vt 0.500640 0.056498
vt 0.539340 0.024099
vt 0.537737 0.026053
vt 0.496386 0.052800
vt 0.498805 0.052067
vt 0.548047 0.052800
vt 0.545628 0.052067
vt 0.546563 0.047363
vt 0.549079 0.047611
vt 0.543082 0.027841
vt 0.541128 0.029445
vt 0.495354 0.047611
vt 0.497869 0.047363
vt 0.546022 0.057689
vt 0.543792 0.056498
vt 0.546022 0.032241
vt 0.543792 0.033432
vt 0.495354 0.042319
vt 0.497869 0.042567
vt 0.543082 0.062089
vt 0.541128 0.060485
vt 0.548047 0.037129
vt 0.545628 0.037863
vt 0.496386 0.037129
vt 0.498805 0.037863
vt 0.539340 0.065830
vt 0.537737 0.063877
vt 0.549079 0.042319
vt 0.546563 0.042567
vt 0.498411 0.032241
vt 0.500640 0.033432
vt 0.534940 0.068770
vt 0.533749 0.066541
vt 0.501351 0.027841
vt 0.503305 0.029445
vt 0.530052 0.070795
vt 0.529318 0.068376
vt 0.505092 0.024099
vt 0.506696 0.026053
vt 0.524862 0.071828
vt 0.524614 0.069312
vt 0.509492 0.021160
vt 0.510684 0.023389
vt 0.519571 0.071828
vt 0.519818 0.069312
vt 0.300700 0.879055
vt 0.301199 0.879055
vt 0.301199 0.883645
vt 0.300700 0.883645
vt 0.903097 0.541420
vt 0.903596 0.541420
vt 0.903596 0.545127
vt 0.903097 0.545127
vt 0.300700 0.874826
vt 0.301199 0.874826
vt 0.903097 0.537190
vt 0.903596 0.537190
vt 0.567961 0.893191
vt 0.568459 0.893191
vt 0.568459 0.888418
vt 0.567961 0.888418
vt 0.300700 0.871118
vt 0.301199 0.871118
vt 0.903097 0.532601
vt 0.903596 0.532601
vt 0.567961 0.897780
vt 0.568459 0.897780
vt 0.567961 0.874826
vt 0.568459 0.874826
vt 0.568459 0.871118
vt 0.567961 0.871118
vt 0.903097 0.527828
vt 0.903596 0.527828
vt 0.567961 0.902010
vt 0.568459 0.902010
vt 0.567961 0.879055
vt 0.568459 0.879055
vt 0.903097 0.523055
vt 0.903596 0.523055
vt 0.567961 0.905717
vt 0.568459 0.905717
vt 0.567961 0.883645
vt 0.568459 0.883645
vt 0.903097 0.518466
vt 0.903596 0.518466
vt 0.903097 0.556658
vt 0.903596 0.556658
vt 0.903596 0.552951
vt 0.903097 0.552951
vt 0.903097 0.514236
vt 0.903596 0.514236
vt 0.903097 0.560888
vt 0.903596 0.560888
vt 0.903097 0.510529
vt 0.903596 0.510529
vt 0.903097 0.565477
vt 0.903596 0.565477
vt 0.300700 0.902010
vt 0.301199 0.902010
vt 0.301199 0.905717
vt 0.300700 0.905717
vt 0.903097 0.570250
vt 0.903596 0.570250
vt 0.300700 0.897780
vt 0.301199 0.897780
vt 0.903097 0.575023
vt 0.903596 0.575023
vt 0.300700 0.893191
vt 0.301199 0.893191
vt 0.903097 0.579612
vt 0.903596 0.579612
vt 0.300700 0.888418
vt 0.301199 0.888418
vt 0.903097 0.583842
vt 0.903596 0.583842
vt 0.903097 0.587549
vt 0.903596 0.587549
vt 0.200755 0.752984
vt 0.200966 0.755118
vt 0.206082 0.754100
vt 0.205459 0.752048
vt 0.219934 0.740169
vt 0.221825 0.741180
vt 0.223821 0.736361
vt 0.221769 0.735739
vt 0.186825 0.707061
vt 0.185814 0.705170
vt 0.181477 0.708068
vt 0.182837 0.709725
vt 0.195959 0.752984
vt 0.195749 0.755118
vt 0.217269 0.744157
vt 0.218927 0.745517
vt 0.191256 0.705225
vt 0.190633 0.703173
vt 0.191256 0.752048
vt 0.190633 0.754100
vt 0.213878 0.747548
vt 0.215238 0.749206
vt 0.195959 0.704290
vt 0.195749 0.702156
vt 0.186825 0.750213
vt 0.185814 0.752104
vt 0.209890 0.750213
vt 0.210901 0.752104
vt 0.200755 0.704290
vt 0.200966 0.702156
vt 0.182837 0.747548
vt 0.181477 0.749206
vt 0.205459 0.705225
vt 0.206082 0.703173
vt 0.179446 0.744157
vt 0.177788 0.745517
vt 0.209890 0.707061
vt 0.210901 0.705170
vt 0.176781 0.740169
vt 0.174890 0.741180
vt 0.213878 0.709725
vt 0.215238 0.708068
vt 0.174946 0.735739
vt 0.172894 0.736361
vt 0.217269 0.713116
vt 0.218927 0.711756
vt 0.174010 0.731035
vt 0.171877 0.731245
vt 0.219934 0.717104
vt 0.221825 0.716093
vt 0.174010 0.726239
vt 0.171877 0.726029
vt 0.221769 0.721535
vt 0.223821 0.720913
vt 0.174946 0.721535
vt 0.172894 0.720913
vt 0.222705 0.726239
vt 0.224838 0.726029
vt 0.176781 0.717104
vt 0.174890 0.716093
vt 0.222705 0.731035
vt 0.224838 0.731245
vt 0.179446 0.713116
vt 0.177788 0.711756
vt 0.233626 0.597501
vt 0.237872 0.596720
vt 0.237872 0.592475
vt 0.233626 0.593469
vt 0.076663 0.597436
vt 0.080910 0.597436
vt 0.080910 0.591971
vt 0.076663 0.592245
vt 0.674818 0.007830
vt 0.679065 0.007050
vt 0.679065 0.011893
vt 0.674818 0.012431
vt 0.233626 0.602101
vt 0.237872 0.601564
vt 0.674818 0.003798
vt 0.679065 0.002805
vt 0.233626 0.607093
vt 0.237872 0.606819
vt 0.507250 0.629188
vt 0.511496 0.629969
vt 0.511496 0.634214
vt 0.507250 0.633221
vt 0.233626 0.612284
vt 0.237872 0.612284
vt 0.507250 0.624588
vt 0.511496 0.625126
vt 0.233626 0.617475
vt 0.237872 0.617749
vt 0.507250 0.619596
vt 0.511496 0.619870
vt 0.233626 0.622467
vt 0.237872 0.623005
vt 0.507250 0.614405
vt 0.511496 0.614405
vt 0.233626 0.627067
vt 0.237872 0.627848
vt 0.507250 0.609214
vt 0.511496 0.608940
vt 0.233626 0.631100
vt 0.237872 0.632093
vt 0.507250 0.604222
vt 0.511496 0.603685
vt 0.674818 0.037397
vt 0.679065 0.038177
vt 0.679065 0.042422
vt 0.674818 0.041429
vt 0.507250 0.599622
vt 0.511496 0.598842
vt 0.674818 0.032796
vt 0.679065 0.033334
vt 0.076663 0.602628
vt 0.080910 0.602902
vt 0.507250 0.595590
vt 0.511496 0.594596
vt 0.674818 0.027805
vt 0.679065 0.028079
vt 0.076663 0.607619
vt 0.080910 0.608157
vt 0.076663 0.582653
vt 0.080910 0.581873
vt 0.080910 0.577628
vt 0.076663 0.578621
vt 0.674818 0.022614
vt 0.679065 0.022614
vt 0.076663 0.612220
vt 0.080910 0.613000
vt 0.076663 0.587253
vt 0.080910 0.586716
vt 0.674818 0.017422
vt 0.679065 0.017148
vt 0.076663 0.616252
vt 0.080910 0.617245
vt 0.241807 0.612284
vt 0.241807 0.607031
vt 0.515431 0.624709
vt 0.515431 0.629363
vt 0.241807 0.617537
vt 0.515431 0.619658
vt 0.241807 0.622588
vt 0.515431 0.614405
vt 0.241807 0.627242
vt 0.515431 0.609153
vt 0.241807 0.631322
vt 0.515431 0.604102
vt 0.683000 0.037572
vt 0.683000 0.041652
vt 0.515431 0.599447
vt 0.683000 0.032917
vt 0.084845 0.602689
vt 0.084845 0.597436
vt 0.515431 0.595367
vt 0.683000 0.027866
vt 0.084845 0.607740
vt 0.084845 0.582478
vt 0.084845 0.578398
vt 0.683000 0.022614
vt 0.084845 0.612395
vt 0.084845 0.587133
vt 0.683000 0.017361
vt 0.084845 0.616475
vt 0.084845 0.592184
vt 0.683000 0.012310
vt 0.241807 0.597326
vt 0.241807 0.593246
vt 0.683000 0.007655
vt 0.241807 0.601981
vt 0.683000 0.003575
vt 0.515431 0.633443
vt 0.516177 0.392774
vt 0.514316 0.396256
vt 0.510154 0.394532
vt 0.511300 0.390754
vt 0.500846 0.443314
vt 0.501233 0.439384
vt 0.505737 0.439384
vt 0.506124 0.443314
vt 0.520565 0.395706
vt 0.518061 0.398758
vt 0.495669 0.442284
vt 0.496815 0.438506
vt 0.524297 0.399439
vt 0.521245 0.401943
vt 0.490793 0.440264
vt 0.492654 0.436782
vt 0.527230 0.403827
vt 0.523748 0.405688
vt 0.476690 0.413880
vt 0.480619 0.414267
vt 0.480619 0.418771
vt 0.476690 0.419158
vt 0.486404 0.437332
vt 0.488909 0.434280
vt 0.529250 0.408703
vt 0.525471 0.409849
vt 0.477720 0.408703
vt 0.481498 0.409849
vt 0.482672 0.433600
vt 0.485724 0.431095
vt 0.530279 0.413880
vt 0.526350 0.414267
vt 0.479740 0.403827
vt 0.483222 0.405688
vt 0.479740 0.429211
vt 0.483222 0.427350
vt 0.530279 0.419158
vt 0.526350 0.418771
vt 0.482672 0.399438
vt 0.485724 0.401943
vt 0.477720 0.424335
vt 0.481498 0.423189
vt 0.529250 0.424335
vt 0.525471 0.423189
vt 0.486404 0.395706
vt 0.488909 0.398758
vt 0.527230 0.429211
vt 0.523748 0.427350
vt 0.490793 0.392774
vt 0.492654 0.396256
vt 0.524297 0.433600
vt 0.521245 0.431095
vt 0.495669 0.390754
vt 0.496815 0.394532
vt 0.520565 0.437332
vt 0.518061 0.434280
vt 0.500846 0.389724
vt 0.501233 0.393654
vt 0.516177 0.440264
vt 0.514316 0.436782
vt 0.506124 0.389724
vt 0.505737 0.393654
vt 0.511300 0.442284
vt 0.510154 0.438506
vt 0.904587 0.312835
vt 0.908309 0.311765
vt 0.908309 0.315255
vt 0.904587 0.316807
vt 0.384914 0.910922
vt 0.388635 0.910377
vt 0.388635 0.906439
vt 0.384914 0.906439
vt 0.512181 0.888072
vt 0.515902 0.890048
vt 0.515902 0.893106
vt 0.512181 0.891554
vt 0.904587 0.308525
vt 0.908309 0.307979
vt 0.384914 0.915232
vt 0.388635 0.914163
vt 0.384914 0.893675
vt 0.388635 0.895227
vt 0.388635 0.892169
vt 0.384914 0.890193
vt 0.904587 0.304042
vt 0.908309 0.304042
vt 0.384914 0.919204
vt 0.388635 0.917652
vt 0.384914 0.897647
vt 0.388635 0.898716
vt 0.904587 0.299560
vt 0.908309 0.300105
vt 0.384914 0.922686
vt 0.388635 0.920710
vt 0.384914 0.901957
vt 0.388635 0.902502
vt 0.904587 0.295250
vt 0.908309 0.296319
vt 0.656416 0.893675
vt 0.660138 0.895227
vt 0.660138 0.892169
vt 0.656416 0.890193
vt 0.904587 0.291277
vt 0.908309 0.292830
vt 0.656416 0.897647
vt 0.660138 0.898716
vt 0.904587 0.287796
vt 0.908309 0.289772
vt 0.656416 0.901957
vt 0.660138 0.902502
vt 0.512181 0.917083
vt 0.515902 0.915531
vt 0.515902 0.918589
vt 0.512181 0.920565
vt 0.656416 0.906440
vt 0.660138 0.906440
vt 0.512181 0.913111
vt 0.515902 0.912042
vt 0.656416 0.910922
vt 0.660138 0.910377
vt 0.512181 0.908801
vt 0.515902 0.908256
vt 0.656416 0.915232
vt 0.660138 0.914163
vt 0.512181 0.904318
vt 0.515902 0.904318
vt 0.656416 0.919204
vt 0.660138 0.917652
vt 0.512181 0.899836
vt 0.515902 0.900381
vt 0.656416 0.922686
vt 0.660138 0.920710
vt 0.512181 0.895526
vt 0.515902 0.896595
vt 0.908309 0.318313
vt 0.904587 0.320289
vt 0.910474 0.300105
vt 0.910474 0.304042
vt 0.390800 0.920710
vt 0.390800 0.917652
vt 0.390800 0.902502
vt 0.390800 0.898716
vt 0.910474 0.296319
vt 0.662303 0.895227
vt 0.662303 0.892169
vt 0.390800 0.906439
vt 0.910474 0.292830
vt 0.662303 0.898716
vt 0.910474 0.289772
vt 0.662303 0.902502
vt 0.518067 0.915531
vt 0.518067 0.918589
vt 0.662303 0.906440
vt 0.518067 0.912042
vt 0.662303 0.910377
vt 0.518067 0.908256
vt 0.662303 0.914163
vt 0.518067 0.904318
vt 0.662303 0.917652
vt 0.518067 0.900381
vt 0.662303 0.920710
vt 0.518067 0.896595
vt 0.910474 0.315255
vt 0.910474 0.318313
vt 0.518067 0.893106
vt 0.910474 0.311765
vt 0.390800 0.910377
vt 0.518067 0.890048
vt 0.910474 0.307979
vt 0.390800 0.914163
vt 0.390800 0.895227
vt 0.390800 0.892169
vt 0.468716 0.584540
vt 0.469191 0.584929
vt 0.471583 0.581350
vt 0.471041 0.581061
vt 0.446020 0.550572
vt 0.445841 0.549985
vt 0.441864 0.551632
vt 0.442154 0.552173
vt 0.465758 0.587499
vt 0.466147 0.587973
vt 0.450124 0.549756
vt 0.450064 0.549145
vt 0.462278 0.589824
vt 0.462568 0.590365
vt 0.454308 0.549756
vt 0.454368 0.549145
vt 0.458412 0.591425
vt 0.458591 0.592012
vt 0.458412 0.550572
vt 0.458590 0.549985
vt 0.454308 0.592241
vt 0.454368 0.592852
vt 0.462278 0.552173
vt 0.462568 0.551632
vt 0.450124 0.592241
vt 0.450064 0.592852
vt 0.465757 0.554498
vt 0.466147 0.554024
vt 0.446020 0.591425
vt 0.445842 0.592012
vt 0.468716 0.557457
vt 0.469191 0.557068
vt 0.442154 0.589824
vt 0.441864 0.590365
vt 0.471041 0.560936
vt 0.471582 0.560647
vt 0.431790 0.577195
vt 0.431202 0.577373
vt 0.432850 0.581350
vt 0.433391 0.581061
vt 0.438675 0.587499
vt 0.438285 0.587973
vt 0.472642 0.564802
vt 0.473230 0.564624
vt 0.431790 0.564802
vt 0.431202 0.564624
vt 0.430362 0.568846
vt 0.430973 0.568906
vt 0.435716 0.584540
vt 0.435241 0.584929
vt 0.473459 0.568906
vt 0.474070 0.568846
vt 0.433391 0.560936
vt 0.432850 0.560647
vt 0.473459 0.573091
vt 0.474070 0.573151
vt 0.435716 0.557457
vt 0.435241 0.557068
vt 0.472642 0.577195
vt 0.473230 0.577373
vt 0.438674 0.554498
vt 0.438285 0.554024
vt 0.430362 0.573151
vt 0.430973 0.573091
vt 0.519300 0.908338
vt 0.519300 0.912202
vt 0.663536 0.914324
vt 0.663536 0.910459
vt 0.519300 0.904318
vt 0.663536 0.917885
vt 0.519300 0.900299
vt 0.663536 0.921007
vt 0.519300 0.896434
vt 0.911707 0.315488
vt 0.911707 0.318610
vt 0.519300 0.892873
vt 0.911707 0.311926
vt 0.392033 0.910459
vt 0.392033 0.906439
vt 0.519300 0.889751
vt 0.911707 0.308061
vt 0.392033 0.914324
vt 0.392033 0.894994
vt 0.392033 0.891872
vt 0.911707 0.304042
vt 0.392033 0.917885
vt 0.392033 0.898556
vt 0.911707 0.300023
vt 0.392033 0.921007
vt 0.392033 0.902420
vt 0.911707 0.296158
vt 0.663536 0.894994
vt 0.663536 0.891872
vt 0.911707 0.292596
vt 0.663536 0.898556
vt 0.911707 0.289475
vt 0.663536 0.902420
vt 0.519300 0.915764
vt 0.519300 0.918886
vt 0.663536 0.906440
vt 0.870654 0.900876
vt 0.871779 0.900876
vt 0.871779 0.904995
vt 0.870654 0.904995
vt 0.720055 0.927843
vt 0.721180 0.927843
vt 0.721180 0.931170
vt 0.720055 0.931170
vt 0.870654 0.897079
vt 0.871779 0.897079
vt 0.720055 0.924046
vt 0.721180 0.924046
vt 0.932167 0.060874
vt 0.933292 0.060874
vt 0.933292 0.056590
vt 0.932167 0.056590
vt 0.870654 0.893752
vt 0.871779 0.893752
vt 0.720055 0.919927
vt 0.721180 0.919927
vt 0.932167 0.064994
vt 0.933292 0.064994
vt 0.932167 0.044390
vt 0.933292 0.044390
vt 0.933292 0.041063
vt 0.932167 0.041063
vt 0.720055 0.915643
vt 0.721180 0.915643
vt 0.932167 0.068790
vt 0.933292 0.068790
vt 0.932167 0.048187
vt 0.933292 0.048187
vt 0.720055 0.911359
vt 0.721180 0.911359
vt 0.932167 0.072118
vt 0.933292 0.072118
vt 0.932167 0.052306
vt 0.933292 0.052306
vt 0.720055 0.907239
vt 0.721180 0.907239
vt 0.930045 0.356195
vt 0.931170 0.356195
vt 0.931170 0.352867
vt 0.930045 0.352867
vt 0.720055 0.903443
vt 0.721180 0.903443
vt 0.930045 0.359991
vt 0.931170 0.359991
vt 0.720055 0.900115
vt 0.721180 0.900115
vt 0.930045 0.364110
vt 0.931170 0.364110
vt 0.870654 0.921479
vt 0.871779 0.921479
vt 0.871779 0.924807
vt 0.870654 0.924807
vt 0.930045 0.368395
vt 0.931170 0.368395
vt 0.870654 0.917683
vt 0.871779 0.917683
vt 0.930045 0.372679
vt 0.931170 0.372679
vt 0.870654 0.913563
vt 0.871779 0.913563
vt 0.930045 0.376798
vt 0.931170 0.376798
vt 0.870654 0.909279
vt 0.871779 0.909279
vt 0.930045 0.380595
vt 0.931170 0.380595
vt 0.930045 0.383922
vt 0.931170 0.383922
vt 0.640626 0.653765
vt 0.641952 0.654168
vt 0.641312 0.657385
vt 0.639933 0.657249
vt 0.643958 0.670519
vt 0.645030 0.669640
vt 0.647349 0.671959
vt 0.646470 0.673031
vt 0.787122 0.176814
vt 0.786852 0.178246
vt 0.783587 0.178246
vt 0.783587 0.176814
vt 0.641985 0.650484
vt 0.643208 0.651137
vt 0.641985 0.667566
vt 0.643208 0.666913
vt 0.675996 0.660801
vt 0.674616 0.660665
vt 0.674616 0.657385
vt 0.675996 0.657249
vt 0.643958 0.647530
vt 0.645030 0.648410
vt 0.675303 0.664284
vt 0.673976 0.663882
vt 0.646470 0.645019
vt 0.647349 0.646091
vt 0.636111 0.661177
vt 0.638085 0.660983
vt 0.638849 0.664823
vt 0.636950 0.665399
vt 0.673944 0.667566
vt 0.672721 0.666912
vt 0.649423 0.643046
vt 0.650077 0.644268
vt 0.671970 0.670519
vt 0.670899 0.669640
vt 0.535417 0.921327
vt 0.535417 0.922758
vt 0.538681 0.922758
vt 0.538951 0.921327
vt 0.669459 0.673031
vt 0.668579 0.671959
vt 0.531882 0.921327
vt 0.532152 0.922758
vt 0.666505 0.675004
vt 0.665852 0.673782
vt 0.659740 0.640993
vt 0.659604 0.642373
vt 0.656324 0.642373
vt 0.656188 0.640993
vt 0.779345 0.923448
vt 0.779345 0.924879
vt 0.776081 0.924879
vt 0.775810 0.923448
vt 0.663224 0.641686
vt 0.662821 0.643013
vt 0.782880 0.923448
vt 0.782609 0.924879
vt 0.666505 0.643046
vt 0.665852 0.644268
vt 0.656188 0.677056
vt 0.656324 0.675677
vt 0.659604 0.675677
vt 0.659740 0.677056
vt 0.669459 0.645019
vt 0.668579 0.646091
vt 0.652705 0.676364
vt 0.653107 0.675037
vt 0.671970 0.647530
vt 0.670899 0.648410
vt 0.649423 0.675004
vt 0.650077 0.673782
vt 0.673944 0.650484
vt 0.672721 0.651137
vt 0.942671 0.427106
vt 0.942671 0.428538
vt 0.945935 0.428538
vt 0.946206 0.427106
vt 0.780323 0.178246
vt 0.780053 0.176814
vt 0.640989 0.645094
vt 0.642523 0.646353
vt 0.640348 0.649609
vt 0.638598 0.648673
vt 0.641312 0.660665
vt 0.639933 0.660801
vt 0.678978 0.665399
vt 0.677079 0.664823
vt 0.677843 0.660983
vt 0.679818 0.661177
vt 0.644033 0.642050
vt 0.645292 0.643584
vt 0.677331 0.669376
vt 0.675581 0.668441
vt 0.647613 0.639658
vt 0.648548 0.641408
vt 0.674939 0.672956
vt 0.673405 0.671697
vt 0.651590 0.638011
vt 0.652166 0.639910
vt 0.671895 0.676000
vt 0.670637 0.674466
vt 0.655812 0.637171
vt 0.656006 0.639146
vt 0.668316 0.678391
vt 0.667381 0.676642
vt 0.660117 0.637171
vt 0.659922 0.639146
vt 0.664339 0.680039
vt 0.663763 0.678140
vt 0.664339 0.638011
vt 0.663763 0.639910
vt 0.660117 0.680879
vt 0.659922 0.678904
vt 0.668316 0.639658
vt 0.667381 0.641408
vt 0.655812 0.680879
vt 0.656006 0.678904
vt 0.671895 0.642050
vt 0.670636 0.643584
vt 0.651590 0.680039
vt 0.652166 0.678140
vt 0.674939 0.645094
vt 0.673405 0.646353
vt 0.640348 0.668441
vt 0.638598 0.669377
vt 0.647613 0.678391
vt 0.648548 0.676642
vt 0.677331 0.648673
vt 0.675581 0.649609
vt 0.636111 0.656873
vt 0.638085 0.657067
vt 0.644033 0.676000
vt 0.645292 0.674466
vt 0.678978 0.652650
vt 0.677079 0.653226
vt 0.636950 0.652650
vt 0.638849 0.653226
vt 0.640989 0.672956
vt 0.642523 0.671697
vt 0.679818 0.656872
vt 0.677843 0.657067
vt 0.937091 0.431792
vt 0.937651 0.435047
vt 0.940112 0.435047
vt 0.939826 0.431792
vt 0.950772 0.431792
vt 0.949959 0.435047
vt 0.951947 0.435047
vt 0.952981 0.431792
vt 0.783587 0.181501
vt 0.783587 0.184755
vt 0.781028 0.184755
vt 0.780743 0.181501
vt 0.934570 0.431792
vt 0.935383 0.435047
vt 0.948251 0.431792
vt 0.947691 0.435047
vt 0.786432 0.181501
vt 0.786147 0.184755
vt 0.932361 0.431792
vt 0.933395 0.435047
vt 0.945516 0.431792
vt 0.945230 0.435047
vt 0.789167 0.181501
vt 0.788607 0.184755
vt 0.543517 0.926013
vt 0.542705 0.929268
vt 0.544693 0.929268
vt 0.545727 0.926013
vt 0.942671 0.431792
vt 0.942671 0.435047
vt 0.791688 0.181501
vt 0.790875 0.184755
vt 0.540997 0.926013
vt 0.540437 0.929268
vt 0.793898 0.181501
vt 0.792863 0.184755
vt 0.538261 0.926013
vt 0.537976 0.929268
vt 0.771244 0.928134
vt 0.772057 0.931389
vt 0.770069 0.931389
vt 0.769035 0.928134
vt 0.535417 0.926013
vt 0.535417 0.929268
vt 0.773765 0.928134
vt 0.774325 0.931389
vt 0.532572 0.926013
vt 0.532857 0.929268
vt 0.776500 0.928134
vt 0.776786 0.931389
vt 0.529837 0.926013
vt 0.530397 0.929268
vt 0.779345 0.928134
vt 0.779345 0.931389
vt 0.527316 0.926013
vt 0.528129 0.929268
vt 0.782190 0.928134
vt 0.781904 0.931389
vt 0.525106 0.926013
vt 0.526141 0.929268
vt 0.784925 0.928134
vt 0.784365 0.931389
vt 0.775486 0.181501
vt 0.776299 0.184755
vt 0.774311 0.184755
vt 0.773277 0.181501
vt 0.787446 0.928134
vt 0.786633 0.931389
vt 0.778007 0.181501
vt 0.778567 0.184755
vt 0.789656 0.928134
vt 0.788621 0.931389
vt 0.777184 0.178246
vt 0.791177 0.924879
vt 0.788641 0.924879
vt 0.939407 0.428538
vt 0.774291 0.178246
vt 0.785748 0.924879
vt 0.771756 0.178246
vt 0.523585 0.922758
vt 0.526121 0.922758
vt 0.529013 0.922758
vt 0.772942 0.924879
vt 0.770049 0.924879
vt 0.767513 0.924879
vt 0.541820 0.922758
vt 0.795419 0.178246
vt 0.792883 0.178246
vt 0.544713 0.922758
vt 0.789991 0.178246
vt 0.547248 0.922758
vt 0.949074 0.428538
vt 0.930839 0.428538
vt 0.933375 0.428538
vt 0.951967 0.428538
vt 0.936268 0.428538
vt 0.954503 0.428538
vt 0.541691 0.934574
vt 0.543403 0.934574
vt 0.942671 0.440354
vt 0.944874 0.440354
vt 0.789862 0.190062
vt 0.787909 0.190062
vt 0.539739 0.934574
vt 0.791573 0.190062
vt 0.537620 0.934574
vt 0.773070 0.936695
vt 0.771359 0.936695
vt 0.535417 0.934574
vt 0.775023 0.936695
vt 0.533213 0.934574
vt 0.777142 0.936695
vt 0.531095 0.934574
vt 0.779345 0.936695
vt 0.529142 0.934574
vt 0.781548 0.936695
vt 0.527431 0.934574
vt 0.783667 0.936695
vt 0.777313 0.190062
vt 0.775601 0.190062
vt 0.785620 0.936695
vt 0.779265 0.190062
vt 0.940468 0.440354
vt 0.787331 0.936695
vt 0.781384 0.190062
vt 0.938349 0.440354
vt 0.948946 0.440354
vt 0.950657 0.440354
vt 0.783587 0.190062
vt 0.936396 0.440354
vt 0.946993 0.440354
vt 0.785791 0.190062
vt 0.934685 0.440354
vt 0.530023 0.940900
vt 0.531702 0.940900
vt 0.781239 0.943021
vt 0.779345 0.943021
vt 0.528552 0.940900
vt 0.783060 0.943021
vt 0.778194 0.196388
vt 0.776723 0.196388
vt 0.784739 0.943021
vt 0.779872 0.196388
vt 0.940777 0.446680
vt 0.942671 0.446680
vt 0.786210 0.943021
vt 0.781693 0.196388
vt 0.938956 0.446680
vt 0.948065 0.446680
vt 0.949536 0.446680
vt 0.783587 0.196388
vt 0.937277 0.446680
vt 0.946386 0.446680
vt 0.785481 0.196388
vt 0.935806 0.446680
vt 0.944565 0.446680
vt 0.787302 0.196388
vt 0.540810 0.940900
vt 0.542281 0.940900
vt 0.788981 0.196388
vt 0.539132 0.940900
vt 0.790452 0.196388
vt 0.537311 0.940900
vt 0.773952 0.943021
vt 0.772480 0.943021
vt 0.535417 0.940900
vt 0.775630 0.943021
vt 0.533523 0.940900
vt 0.777451 0.943021
vt 0.530023 0.946108
vt 0.531702 0.946108
vt 0.781239 0.948230
vt 0.779345 0.948230
vt 0.528552 0.946108
vt 0.783060 0.948230
vt 0.778194 0.201596
vt 0.776723 0.201596
vt 0.784739 0.948230
vt 0.779872 0.201596
vt 0.940777 0.451888
vt 0.942671 0.451888
vt 0.786210 0.948230
vt 0.781693 0.201596
vt 0.938956 0.451888
vt 0.948065 0.451888
vt 0.949536 0.451888
vt 0.783587 0.201596
vt 0.937277 0.451888
vt 0.946386 0.451888
vt 0.785481 0.201596
vt 0.935806 0.451888
vt 0.944565 0.451888
vt 0.787302 0.201596
vt 0.540810 0.946108
vt 0.542281 0.946108
vt 0.788981 0.201596
vt 0.539132 0.946108
vt 0.790452 0.201596
vt 0.537311 0.946108
vt 0.773952 0.948230
vt 0.772480 0.948230
vt 0.535417 0.946108
vt 0.775630 0.948230
vt 0.533523 0.946108
vt 0.777451 0.948230
vt 0.478089 0.918500
vt 0.481391 0.919868
vt 0.483613 0.912544
vt 0.481697 0.911750
vt 0.472591 0.890857
vt 0.470605 0.893828
vt 0.477355 0.897436
vt 0.478507 0.895712
vt 0.468540 0.900635
vt 0.468540 0.904209
vt 0.476157 0.903459
vt 0.476157 0.901385
vt 0.475118 0.916515
vt 0.479973 0.910598
vt 0.504129 0.897130
vt 0.502761 0.893828
vt 0.496011 0.897436
vt 0.496805 0.899352
vt 0.469237 0.897130
vt 0.476561 0.899352
vt 0.810971 0.623400
vt 0.816091 0.622561
vt 0.816091 0.619843
vt 0.810971 0.619843
vt 0.504826 0.900635
vt 0.497209 0.901385
vt 0.470605 0.911016
vt 0.472591 0.913988
vt 0.478507 0.909132
vt 0.477355 0.907408
vt 0.504826 0.904209
vt 0.497209 0.903459
vt 0.469237 0.907714
vt 0.476561 0.905492
vt 0.504129 0.907714
vt 0.496805 0.905492
vt 0.500776 0.890857
vt 0.494859 0.895712
vt 0.475118 0.888330
vt 0.479973 0.894246
vt 0.502761 0.911016
vt 0.496011 0.907408
vt 0.478089 0.886344
vt 0.481697 0.893094
vt 0.500776 0.913987
vt 0.494859 0.909132
vt 0.481391 0.884976
vt 0.483613 0.892300
vt 0.498248 0.916515
vt 0.493393 0.910598
vt 0.484896 0.884279
vt 0.485646 0.891896
vt 0.495277 0.918500
vt 0.491669 0.911750
vt 0.488470 0.884279
vt 0.487720 0.891896
vt 0.491975 0.919868
vt 0.489753 0.912544
vt 0.491975 0.884976
vt 0.489753 0.892300
vt 0.488470 0.920565
vt 0.487720 0.912948
vt 0.495277 0.886344
vt 0.491669 0.893094
vt 0.484896 0.920565
vt 0.485646 0.912948
vt 0.498248 0.888330
vt 0.493393 0.894246
vt 0.497449 0.911258
vt 0.498966 0.908988
vt 0.019794 0.821350
vt 0.024914 0.821350
vt 0.024914 0.818632
vt 0.019794 0.817793
vt 0.900058 0.671363
vt 0.905178 0.669717
vt 0.905178 0.672125
vt 0.900058 0.674515
vt 0.019794 0.824906
vt 0.024914 0.824067
vt 0.900058 0.667943
vt 0.905178 0.667104
vt 0.019794 0.828326
vt 0.024914 0.826679
vt 0.900058 0.664387
vt 0.905178 0.664387
vt 0.019794 0.831478
vt 0.024914 0.829087
vt 0.900058 0.660830
vt 0.905178 0.661670
vt 0.493249 0.890139
vt 0.490726 0.889094
vt 0.900058 0.657410
vt 0.905178 0.659057
vt 0.495519 0.891656
vt 0.900058 0.654258
vt 0.905178 0.656649
vt 0.337962 0.981046
vt 0.343082 0.979400
vt 0.343082 0.981808
vt 0.337962 0.984198
vt 0.480118 0.914705
vt 0.482640 0.915750
vt 0.337962 0.977627
vt 0.343082 0.976787
vt 0.810971 0.626820
vt 0.816091 0.625173
vt 0.477847 0.913188
vt 0.337962 0.974070
vt 0.343082 0.974070
vt 0.810971 0.629972
vt 0.816091 0.627581
vt 0.810971 0.612867
vt 0.816091 0.614513
vt 0.816091 0.612106
vt 0.810971 0.609715
vt 0.337962 0.970513
vt 0.343082 0.971353
vt 0.474400 0.895857
vt 0.473355 0.898379
vt 0.810971 0.616287
vt 0.816091 0.617126
vt 0.337962 0.967093
vt 0.343082 0.968740
vt 0.475917 0.893586
vt 0.337962 0.963942
vt 0.343082 0.966332
vt 0.019794 0.814373
vt 0.024914 0.816020
vt 0.024914 0.813612
vt 0.019794 0.811221
vt 0.500011 0.906465
vt 0.909593 0.660496
vt 0.909593 0.662403
vt 0.493133 0.894563
vt 0.491476 0.893456
vt 0.909593 0.658738
vt 0.347497 0.977961
vt 0.347497 0.979718
vt 0.820506 0.621827
vt 0.820506 0.619843
vt 0.481890 0.911389
vt 0.483732 0.912151
vt 0.347497 0.976053
vt 0.820506 0.623734
vt 0.480233 0.910281
vt 0.347497 0.974070
vt 0.820506 0.625492
vt 0.820506 0.615953
vt 0.820506 0.614195
vt 0.347497 0.972086
vt 0.477717 0.897629
vt 0.476954 0.899471
vt 0.820506 0.617860
vt 0.347497 0.970179
vt 0.478824 0.895972
vt 0.347497 0.968421
vt 0.029329 0.817459
vt 0.029329 0.815701
vt 0.495650 0.907215
vt 0.496412 0.905373
vt 0.029329 0.819366
vt 0.494542 0.908872
vt 0.029329 0.821350
vt 0.909593 0.668278
vt 0.909593 0.670035
vt 0.029329 0.823333
vt 0.909593 0.666370
vt 0.029329 0.825240
vt 0.909593 0.664387
vt 0.029329 0.826998
vt 0.489634 0.892693
vt 0.913286 0.663107
vt 0.913286 0.664387
vt 0.489775 0.896637
vt 0.488587 0.896145
vt 0.480406 0.900518
vt 0.480155 0.901779
vt 0.476565 0.901426
vt 0.485687 0.912540
vt 0.486040 0.908950
vt 0.487326 0.908950
vt 0.487680 0.912540
vt 0.490844 0.897352
vt 0.480898 0.899330
vt 0.484779 0.908699
vt 0.494542 0.895972
vt 0.491754 0.898261
vt 0.481613 0.898261
vt 0.483591 0.908207
vt 0.495650 0.897629
vt 0.492468 0.899330
vt 0.480233 0.894563
vt 0.482522 0.897352
vt 0.482522 0.907493
vt 0.351190 0.974070
vt 0.351190 0.975350
vt 0.478824 0.908872
vt 0.481613 0.906583
vt 0.351190 0.972790
vt 0.477717 0.907215
vt 0.480898 0.905514
vt 0.496801 0.903419
vt 0.493211 0.903065
vt 0.493211 0.901779
vt 0.496801 0.901426
vt 0.824199 0.619843
vt 0.824199 0.618564
vt 0.492960 0.904326
vt 0.492468 0.905514
vt 0.481890 0.893456
vt 0.483591 0.896637
vt 0.491754 0.906583
vt 0.033023 0.821350
vt 0.033023 0.820070
vt 0.493133 0.910281
vt 0.490844 0.907493
vt 0.033023 0.822629
vt 0.491476 0.911389
vt 0.489775 0.908207
vt 0.487680 0.892304
vt 0.487326 0.895894
vt 0.486040 0.895894
vt 0.485687 0.892304
vt 0.824199 0.621123
vt 0.913286 0.665666
vt 0.480155 0.903065
vt 0.476565 0.903419
vt 0.946386 0.455175
vt 0.948065 0.455175
vt 0.937277 0.455175
vt 0.938956 0.455175
vt 0.783587 0.204883
vt 0.781693 0.204883
vt 0.949536 0.455175
vt 0.940777 0.455175
vt 0.779872 0.204883
vt 0.786210 0.951516
vt 0.784739 0.951516
vt 0.942671 0.455175
vt 0.778194 0.204883
vt 0.783060 0.951516
vt 0.776723 0.204883
vt 0.781239 0.951516
vt 0.528552 0.949395
vt 0.530023 0.949395
vt 0.779345 0.951516
vt 0.531702 0.949395
vt 0.777451 0.951516
vt 0.533523 0.949395
vt 0.775630 0.951516
vt 0.535417 0.949395
vt 0.773952 0.951516
vt 0.537311 0.949395
vt 0.772480 0.951516
vt 0.539132 0.949395
vt 0.790452 0.204883
vt 0.788981 0.204883
vt 0.540810 0.949395
vt 0.787302 0.204883
vt 0.944565 0.455175
vt 0.542281 0.949395
vt 0.785481 0.204883
vt 0.935806 0.455175
vt 0.940777 0.456040
vt 0.942671 0.456040
vt 0.477022 0.903374
vt 0.477393 0.905240
vt 0.938956 0.456040
vt 0.477022 0.901471
vt 0.937277 0.456040
vt 0.477393 0.899604
vt 0.935806 0.456040
vt 0.478121 0.897846
vt 0.540810 0.950261
vt 0.542281 0.950261
vt 0.479179 0.896263
vt 0.539132 0.950261
vt 0.480524 0.894918
vt 0.537311 0.950261
vt 0.482107 0.893860
vt 0.535417 0.950261
vt 0.483865 0.893132
vt 0.533523 0.950261
vt 0.485732 0.892761
vt 0.531702 0.950261
vt 0.487635 0.892761
vt 0.530023 0.950261
vt 0.489501 0.893132
vt 0.528552 0.950261
vt 0.491259 0.893860
vt 0.778194 0.205748
vt 0.776723 0.205748
vt 0.492842 0.894918
vt 0.779872 0.205748
vt 0.494187 0.896263
vt 0.781693 0.205748
vt 0.495245 0.897846
vt 0.783587 0.205748
vt 0.495973 0.899604
vt 0.785481 0.205748
vt 0.496344 0.901470
vt 0.787302 0.205748
vt 0.496344 0.903374
vt 0.788981 0.205748
vt 0.495973 0.905240
vt 0.790452 0.205748
vt 0.495245 0.906998
vt 0.773952 0.952382
vt 0.772480 0.952382
vt 0.494188 0.908581
vt 0.775630 0.952382
vt 0.492842 0.909926
vt 0.777451 0.952382
vt 0.491259 0.910984
vt 0.779345 0.952382
vt 0.489501 0.911712
vt 0.781239 0.952382
vt 0.487635 0.912083
vt 0.783060 0.952382
vt 0.485732 0.912083
vt 0.784739 0.952382
vt 0.483865 0.911712
vt 0.786210 0.952382
vt 0.482107 0.910984
vt 0.948065 0.456040
vt 0.949536 0.456040
vt 0.480524 0.909926
vt 0.946386 0.456040
vt 0.479179 0.908581
vt 0.944565 0.456040
vt 0.478121 0.906998
vt 0.392407 0.910484
vt 0.392407 0.906439
vt 0.431587 0.573030
vt 0.432379 0.577016
vt 0.392407 0.914372
vt 0.431587 0.568967
vt 0.392407 0.917956
vt 0.432379 0.564981
vt 0.392407 0.921097
vt 0.433934 0.561227
vt 0.663910 0.894923
vt 0.663910 0.891782
vt 0.436192 0.557848
vt 0.663910 0.898507
vt 0.439066 0.554975
vt 0.663910 0.902395
vt 0.442444 0.552717
vt 0.663910 0.906440
vt 0.446199 0.551162
vt 0.663910 0.910484
vt 0.450184 0.550369
vt 0.663910 0.914372
vt 0.454248 0.550369
vt 0.663910 0.917956
vt 0.458233 0.551162
vt 0.663910 0.921097
vt 0.461988 0.552717
vt 0.912080 0.315559
vt 0.912080 0.318700
vt 0.465366 0.554975
vt 0.912080 0.311975
vt 0.468240 0.557848
vt 0.912080 0.308086
vt 0.470498 0.561227
vt 0.912080 0.304042
vt 0.472053 0.564981
vt 0.912080 0.299998
vt 0.472845 0.568967
vt 0.912080 0.296109
vt 0.472845 0.573030
vt 0.912080 0.292526
vt 0.472053 0.577016
vt 0.912080 0.289384
vt 0.470498 0.580770
vt 0.519674 0.915835
vt 0.519674 0.918976
vt 0.468240 0.584149
vt 0.519674 0.912251
vt 0.465367 0.587022
vt 0.519674 0.908362
vt 0.461988 0.589280
vt 0.519674 0.904318
vt 0.458233 0.590835
vt 0.519674 0.900274
vt 0.454248 0.591628
vt 0.519674 0.896386
vt 0.450184 0.591628
vt 0.519674 0.892802
vt 0.446199 0.590835
vt 0.519674 0.889661
vt 0.442444 0.589280
vt 0.392407 0.894923
vt 0.392407 0.891782
vt 0.439066 0.587022
vt 0.392407 0.898507
vt 0.436192 0.584149
vt 0.392407 0.902395
vt 0.433935 0.580770
vt 0.902598 0.587549
vt 0.902598 0.583842
vt 0.300201 0.883645
vt 0.300201 0.888418
vt 0.902598 0.579612
vt 0.300201 0.893191
vt 0.902598 0.575023
vt 0.300201 0.897780
vt 0.902598 0.570250
vt 0.300201 0.902010
vt 0.902598 0.565477
vt 0.300201 0.905717
vt 0.902598 0.560888
vt 0.902598 0.510529
vt 0.902598 0.514236
vt 0.902598 0.556658
vt 0.902598 0.518466
vt 0.567462 0.888418
vt 0.567462 0.883645
vt 0.902598 0.552951
vt 0.902598 0.523055
vt 0.567462 0.879055
vt 0.567462 0.905717
vt 0.567462 0.902010
vt 0.902598 0.527828
vt 0.567462 0.874826
vt 0.567462 0.897780
vt 0.902598 0.532601
vt 0.567462 0.871118
vt 0.567462 0.893191
vt 0.902598 0.537190
vt 0.300201 0.871118
vt 0.300201 0.874826
vt 0.902598 0.541420
vt 0.300201 0.879055
vt 0.902598 0.545127
vt 0.895920 0.547114
vt 0.897233 0.547114
vt 0.897233 0.542719
vt 0.895920 0.542719
vt 0.632901 0.229317
vt 0.634214 0.229317
vt 0.634214 0.224547
vt 0.632901 0.224547
vt 0.639265 0.339481
vt 0.640577 0.339481
vt 0.640577 0.343334
vt 0.639265 0.343334
vt 0.895920 0.551884
vt 0.897233 0.551884
vt 0.898041 0.299467
vt 0.899354 0.299467
vt 0.899354 0.303320
vt 0.898041 0.303320
vt 0.895920 0.556844
vt 0.897233 0.556844
vt 0.898041 0.295071
vt 0.899354 0.295071
vt 0.895920 0.561804
vt 0.897233 0.561804
vt 0.898041 0.290302
vt 0.899354 0.290302
vt 0.895920 0.566574
vt 0.897233 0.566574
vt 0.898041 0.285341
vt 0.899354 0.285341
vt 0.895920 0.570970
vt 0.897233 0.570970
vt 0.898041 0.280381
vt 0.899354 0.280381
vt 0.895920 0.574823
vt 0.897233 0.574823
vt 0.898041 0.275611
vt 0.899354 0.275611
vt 0.639265 0.371585
vt 0.640577 0.371585
vt 0.640577 0.375438
vt 0.639265 0.375438
vt 0.898041 0.271216
vt 0.899354 0.271216
vt 0.639265 0.367189
vt 0.640577 0.367189
vt 0.898041 0.267363
vt 0.899354 0.267363
vt 0.639265 0.362419
vt 0.640577 0.362419
vt 0.632901 0.219587
vt 0.634214 0.219587
vt 0.634214 0.214626
vt 0.632901 0.214626
vt 0.632901 0.205461
vt 0.634214 0.205461
vt 0.634214 0.201608
vt 0.632901 0.201608
vt 0.639265 0.357459
vt 0.640577 0.357459
vt 0.632901 0.233712
vt 0.634214 0.233712
vt 0.632901 0.209857
vt 0.634214 0.209857
vt 0.639265 0.352499
vt 0.640577 0.352499
vt 0.632901 0.237565
vt 0.634214 0.237565
vt 0.639265 0.347729
vt 0.640577 0.347729
vt 0.897233 0.538866
vt 0.895920 0.538866
vt 0.791434 0.137897
vt 0.791434 0.133907
vt 0.790656 0.129993
vt 0.790080 0.134213
vt 0.789129 0.126306
vt 0.787850 0.130471
vt 0.786912 0.122988
vt 0.784876 0.126852
vt 0.784090 0.120167
vt 0.781323 0.123539
vt 0.780772 0.117950
vt 0.777379 0.120700
vt 0.777085 0.116423
vt 0.773250 0.118489
vt 0.773172 0.115644
vt 0.769145 0.117032
vt 0.769181 0.115644
vt 0.765267 0.116423
vt 0.790656 0.141811
vt 0.788738 0.138464
vt 0.785883 0.134805
vt 0.782284 0.131040
vt 0.778165 0.127386
vt 0.773778 0.124060
vt 0.769383 0.121264
vt 0.765237 0.119178
vt 0.761581 0.117950
vt 0.789129 0.145498
vt 0.786679 0.142583
vt 0.783303 0.139142
vt 0.779234 0.135389
vt 0.774739 0.131561
vt 0.770108 0.127899
vt 0.765633 0.124640
vt 0.761599 0.122001
vt 0.758263 0.120167
vt 0.786912 0.148815
vt 0.783983 0.146412
vt 0.780209 0.143315
vt 0.775844 0.139733
vt 0.771176 0.135902
vt 0.766509 0.132071
vt 0.762144 0.128489
vt 0.758370 0.125392
vt 0.755441 0.122988
vt 0.784090 0.151637
vt 0.780754 0.149803
vt 0.776720 0.147163
vt 0.772245 0.143905
vt 0.767614 0.140243
vt 0.763119 0.136415
vt 0.759050 0.132662
vt 0.755674 0.129220
vt 0.753224 0.126306
vt 0.780772 0.153854
vt 0.777116 0.152626
vt 0.772970 0.150540
vt 0.768575 0.147744
vt 0.764188 0.144418
vt 0.760069 0.140764
vt 0.756470 0.136999
vt 0.753615 0.133339
vt 0.751697 0.129993
vt 0.777085 0.155381
vt 0.773208 0.154772
vt 0.769103 0.153315
vt 0.764974 0.151104
vt 0.761030 0.148265
vt 0.757477 0.144951
vt 0.754503 0.141333
vt 0.752272 0.137591
vt 0.750919 0.133907
vt 0.773172 0.156160
vt 0.769181 0.156160
vt 0.765267 0.155381
vt 0.761581 0.153854
vt 0.758263 0.151637
vt 0.755441 0.148815
vt 0.753224 0.145498
vt 0.751697 0.141811
vt 0.750919 0.137897
vt 0.759554 0.157646
vt 0.755535 0.154961
vt 0.768760 0.111365
vt 0.773593 0.111365
vt 0.764019 0.159496
vt 0.764019 0.112308
vt 0.768760 0.160439
vt 0.759554 0.114158
vt 0.792921 0.147524
vt 0.790236 0.151543
vt 0.773593 0.160439
vt 0.755535 0.116843
vt 0.794770 0.143059
vt 0.778334 0.159496
vt 0.752117 0.120261
vt 0.795713 0.138319
vt 0.782799 0.157646
vt 0.749432 0.124279
vt 0.795713 0.133485
vt 0.786818 0.154961
vt 0.747582 0.128745
vt 0.794770 0.128745
vt 0.746640 0.133485
vt 0.792921 0.124279
vt 0.746640 0.138319
vt 0.790236 0.120260
vt 0.747582 0.143059
vt 0.786818 0.116843
vt 0.749432 0.147524
vt 0.782799 0.114158
vt 0.752117 0.151543
vt 0.778334 0.112308
vt 0.008962 0.648779
vt 0.011718 0.652903
vt 0.019348 0.614541
vt 0.015225 0.617297
vt 0.011718 0.620804
vt 0.055484 0.644197
vt 0.056452 0.639333
vt 0.008962 0.624927
vt 0.056452 0.634373
vt 0.007064 0.629509
vt 0.055484 0.629509
vt 0.015225 0.656410
vt 0.006097 0.634373
vt 0.053586 0.624927
vt 0.019348 0.659165
vt 0.006097 0.639333
vt 0.050831 0.620804
vt 0.023930 0.661063
vt 0.007064 0.644197
vt 0.047324 0.617297
vt 0.028794 0.662030
vt 0.043200 0.614541
vt 0.033754 0.662030
vt 0.038618 0.612643
vt 0.038618 0.661063
vt 0.033754 0.611676
vt 0.043200 0.659165
vt 0.028794 0.611676
vt 0.047324 0.656410
vt 0.023930 0.612643
vt 0.050831 0.652903
vt 0.053586 0.648779
vt 0.015315 0.617407
vt 0.019415 0.614667
vt 0.055347 0.644156
vt 0.053460 0.648712
vt 0.011828 0.620894
vt 0.056310 0.639319
vt 0.009088 0.624994
vt 0.056310 0.634387
vt 0.011828 0.652812
vt 0.009088 0.648712
vt 0.007201 0.629551
vt 0.055347 0.629551
vt 0.015315 0.656299
vt 0.006239 0.634387
vt 0.053460 0.624994
vt 0.019416 0.659039
vt 0.006239 0.639319
vt 0.050720 0.620894
vt 0.023972 0.660926
vt 0.007201 0.644156
vt 0.047233 0.617407
vt 0.028808 0.661888
vt 0.043133 0.614667
vt 0.033740 0.661888
vt 0.038577 0.612780
vt 0.038577 0.660926
vt 0.033740 0.611818
vt 0.043133 0.659039
vt 0.028808 0.611818
vt 0.047233 0.656299
vt 0.023972 0.612780
vt 0.050720 0.652812
vt 0.787306 0.155556
vt 0.790831 0.152032
vt 0.632135 0.224547
vt 0.632135 0.219587
vt 0.783162 0.158325
vt 0.632135 0.229317
vt 0.778557 0.160233
vt 0.632135 0.233712
vt 0.773669 0.161205
vt 0.632135 0.237565
vt 0.768684 0.161205
vt 0.895154 0.542719
vt 0.895154 0.538866
vt 0.763796 0.160233
vt 0.895154 0.547114
vt 0.759191 0.158325
vt 0.895154 0.551884
vt 0.755047 0.155556
vt 0.895154 0.556844
vt 0.751522 0.152032
vt 0.895154 0.561804
vt 0.748753 0.147887
vt 0.895154 0.566574
vt 0.746846 0.143283
vt 0.895154 0.570970
vt 0.745873 0.138394
vt 0.895154 0.574823
vt 0.745873 0.133410
vt 0.638498 0.371585
vt 0.638498 0.375438
vt 0.746846 0.128521
vt 0.638498 0.367189
vt 0.748753 0.123916
vt 0.638498 0.362419
vt 0.751522 0.119772
vt 0.638498 0.357459
vt 0.755047 0.116248
vt 0.638498 0.352499
vt 0.759191 0.113479
vt 0.638498 0.347729
vt 0.763796 0.111571
vt 0.638498 0.343334
vt 0.768684 0.110599
vt 0.638498 0.339481
vt 0.773669 0.110599
vt 0.897275 0.299467
vt 0.897275 0.303320
vt 0.778557 0.111571
vt 0.897275 0.295071
vt 0.783162 0.113479
vt 0.897275 0.290302
vt 0.787306 0.116248
vt 0.897275 0.285341
vt 0.790831 0.119772
vt 0.897275 0.280381
vt 0.793600 0.123916
vt 0.897275 0.275611
vt 0.795507 0.128521
vt 0.897275 0.271216
vt 0.796480 0.133410
vt 0.897275 0.267363
vt 0.796480 0.138394
vt 0.632135 0.205461
vt 0.632135 0.201608
vt 0.795507 0.143282
vt 0.632135 0.209857
vt 0.793600 0.147887
vt 0.632135 0.214626
vt 0.835873 0.101537
vt 0.835873 0.096468
vt 0.615277 0.811284
vt 0.615277 0.816353
vt 0.848599 0.409713
vt 0.848599 0.403993
vt 0.835873 0.092025
vt 0.615277 0.821853
vt 0.848599 0.398493
vt 0.848599 0.430444
vt 0.848599 0.426002
vt 0.615277 0.827573
vt 0.848599 0.393424
vt 0.848599 0.420933
vt 0.615277 0.833293
vt 0.848599 0.388981
vt 0.848599 0.415433
vt 0.615277 0.838793
vt 0.237718 0.811084
vt 0.237718 0.815526
vt 0.615277 0.843862
vt 0.237718 0.820595
vt 0.615277 0.848304
vt 0.237718 0.826095
vt 0.835873 0.133488
vt 0.835873 0.129045
vt 0.237718 0.831815
vt 0.835873 0.123976
vt 0.237718 0.837535
vt 0.835873 0.118476
vt 0.237718 0.843035
vt 0.835873 0.112756
vt 0.237718 0.848104
vt 0.835873 0.107037
vt 0.237718 0.852547
vt 0.615277 0.806841
vt 0.513677 0.073114
vt 0.519333 0.074239
vt 0.513677 0.016816
vt 0.508350 0.019023
vt 0.525100 0.074239
vt 0.503555 0.022226
vt 0.530755 0.073114
vt 0.499478 0.026304
vt 0.536083 0.070907
vt 0.496274 0.031098
vt 0.551490 0.047848
vt 0.551490 0.042082
vt 0.540877 0.067704
vt 0.494067 0.036426
vt 0.550365 0.036426
vt 0.544955 0.063626
vt 0.492942 0.042082
vt 0.548159 0.031098
vt 0.548159 0.058831
vt 0.492942 0.047848
vt 0.544955 0.026304
vt 0.550365 0.053504
vt 0.494067 0.053504
vt 0.540877 0.022226
vt 0.496274 0.058831
vt 0.536083 0.019023
vt 0.499478 0.063626
vt 0.530755 0.016816
vt 0.503555 0.067704
vt 0.525100 0.015691
vt 0.508350 0.070907
vt 0.519333 0.015691
vt 0.456886 0.625699
vt 0.456104 0.624547
vt 0.455535 0.623174
vt 0.455202 0.621831
vt 0.455116 0.620537
vt 0.455267 0.619265
vt 0.455572 0.618050
vt 0.455988 0.616939
vt 0.456697 0.615973
vt 0.457848 0.615191
vt 0.459221 0.614622
vt 0.460564 0.614289
vt 0.461859 0.614203
vt 0.463145 0.614370
vt 0.464465 0.614787
vt 0.465800 0.615440
vt 0.466900 0.616293
vt 0.467547 0.617301
vt 0.467892 0.618436
vt 0.468121 0.619668
vt 0.468192 0.620946
vt 0.468026 0.622232
vt 0.467609 0.623552
vt 0.466955 0.624887
vt 0.466103 0.625987
vt 0.465095 0.626634
vt 0.463960 0.626980
vt 0.462728 0.627209
vt 0.461449 0.627280
vt 0.460178 0.627129
vt 0.458963 0.626823
vt 0.457852 0.626408
vt 0.824199 0.623488
vt 0.824199 0.624482
vt 0.825114 0.624117
vt 0.825083 0.623202
vt 0.824199 0.622354
vt 0.825031 0.622159
vt 0.825006 0.621025
vt 0.825003 0.619843
vt 0.825007 0.618662
vt 0.824199 0.617333
vt 0.825031 0.617528
vt 0.824199 0.616199
vt 0.825083 0.616485
vt 0.824199 0.615205
vt 0.825115 0.615570
vt 0.913286 0.660743
vt 0.913286 0.659749
vt 0.914201 0.659802
vt 0.914170 0.660803
vt 0.913286 0.661877
vt 0.914118 0.661988
vt 0.914093 0.663189
vt 0.914090 0.664380
vt 0.914093 0.665561
vt 0.913286 0.666897
vt 0.914117 0.666695
vt 0.913286 0.668031
vt 0.914170 0.667738
vt 0.913286 0.669025
vt 0.914201 0.668654
vt 0.351190 0.970426
vt 0.351190 0.969432
vt 0.352105 0.969492
vt 0.352074 0.970493
vt 0.351190 0.971560
vt 0.352021 0.971678
vt 0.351997 0.972879
vt 0.351994 0.974070
vt 0.351997 0.975261
vt 0.351190 0.976580
vt 0.352022 0.976462
vt 0.351190 0.977714
vt 0.352074 0.977647
vt 0.351190 0.978708
vt 0.352105 0.978648
vt 0.033023 0.824994
vt 0.033023 0.825988
vt 0.033938 0.825616
vt 0.033906 0.824701
vt 0.033023 0.823860
vt 0.033854 0.823658
vt 0.033830 0.822524
vt 0.033826 0.821343
vt 0.033830 0.820152
vt 0.033023 0.818839
vt 0.033854 0.818951
vt 0.033023 0.817705
vt 0.033906 0.817766
vt 0.033023 0.816711
vt 0.033938 0.816765
vt 0.458133 0.625885
vt 0.457239 0.625187
vt 0.459162 0.626339
vt 0.460287 0.626654
vt 0.461464 0.626799
vt 0.462649 0.626728
vt 0.463791 0.626484
vt 0.464846 0.626095
vt 0.465782 0.625454
vt 0.466569 0.624477
vt 0.467170 0.623310
vt 0.467554 0.622121
vt 0.467708 0.620934
vt 0.467638 0.619750
vt 0.467393 0.618608
vt 0.467004 0.617552
vt 0.466363 0.616616
vt 0.465387 0.615830
vt 0.464219 0.615229
vt 0.463030 0.614845
vt 0.461843 0.614691
vt 0.460650 0.614770
vt 0.459439 0.615079
vt 0.458236 0.615606
vt 0.457212 0.616330
vt 0.456514 0.617224
vt 0.456060 0.618253
vt 0.455744 0.619378
vt 0.455600 0.620555
vt 0.455680 0.621749
vt 0.455988 0.622960
vt 0.456515 0.624163
vt 0.939136 0.427106
vt 0.942671 0.426232
vt 0.938971 0.426232
vt 0.639090 0.660884
vt 0.639816 0.664530
vt 0.639090 0.657166
vt 0.639816 0.653520
vt 0.641238 0.650085
vt 0.643304 0.646993
vt 0.645933 0.644365
vt 0.649024 0.642299
vt 0.539117 0.920453
vt 0.535417 0.920453
vt 0.652459 0.640876
vt 0.531717 0.920453
vt 0.656105 0.640151
vt 0.659823 0.640151
vt 0.663470 0.640876
vt 0.666904 0.642299
vt 0.669996 0.644364
vt 0.672625 0.646993
vt 0.674690 0.650085
vt 0.779887 0.175941
vt 0.783587 0.175941
vt 0.676113 0.653520
vt 0.787287 0.175941
vt 0.676838 0.657166
vt 0.676838 0.660884
vt 0.676113 0.664530
vt 0.674690 0.667965
vt 0.672625 0.671056
vt 0.669996 0.673685
vt 0.666905 0.675751
vt 0.775645 0.922574
vt 0.779345 0.922574
vt 0.663470 0.677174
vt 0.783045 0.922574
vt 0.659823 0.677899
vt 0.656105 0.677899
vt 0.652459 0.677174
vt 0.649024 0.675751
vt 0.645933 0.673685
vt 0.643304 0.671056
vt 0.641238 0.667965
vt 0.946371 0.426232
s 1
usemtl Black_Player.001
f 93/1/1 474/2/2 1122/3/3 480/4/4
f 474/2/2 94/5/5 481/6/6 1122/3/3
f 1122/3/3 481/6/6 101/7/7 487/8/8
f 480/4/4 1122/3/3 487/8/8 100/9/9
f 94/5/5 475/10/10 1123/11/11 481/6/6
f 475/10/10 95/12/12 482/13/13 1123/11/11
f 1123/11/11 482/13/13 102/14/14 488/15/15
f 481/6/6 1123/11/11 488/15/15 101/7/7
f 95/12/12 476/16/16 1124/17/17 482/13/13
f 476/16/16 96/18/18 483/19/19 1124/17/17
f 1124/17/17 483/19/19 103/20/20 489/21/21
f 482/13/13 1124/17/17 489/21/21 102/14/14
f 96/18/18 477/22/22 1125/23/23 483/19/19
f 477/22/22 97/24/24 484/25/25 1125/23/23
f 1125/23/23 484/25/25 104/26/26 490/27/27
f 483/19/19 1125/23/23 490/27/27 103/20/20
f 97/24/24 478/28/28 1126/29/29 484/25/25
f 478/28/28 98/30/30 485/31/31 1126/29/29
f 1126/29/29 485/31/31 105/32/32 491/33/33
f 484/25/25 1126/29/29 491/33/33 104/26/26
f 98/30/30 479/34/34 1127/35/35 485/31/31
f 479/34/34 99/36/36 486/37/37 1127/35/35
f 1127/35/35 486/37/37 106/38/38 492/39/39
f 485/31/31 1127/35/35 492/39/39 105/32/32
f 100/9/9 487/8/8 1128/40/40 493/41/41
f 487/8/8 101/7/7 494/42/42 1128/40/40
f 1128/40/40 494/42/42 108/43/43 500/44/44
f 493/41/41 1128/40/40 500/44/44 107/45/45
f 101/7/7 488/15/15 1129/46/46 494/42/42
f 488/15/15 102/14/14 495/47/47 1129/46/46
f 1129/46/46 495/47/47 109/48/48 501/49/49
f 494/42/42 1129/46/46 501/49/49 108/43/43
f 102/14/14 489/21/21 1130/50/50 495/47/47
f 489/21/21 103/20/20 496/51/51 1130/50/50
f 1130/50/50 496/51/51 110/52/52 502/53/53
f 495/47/47 1130/50/50 502/53/53 109/48/48
f 103/20/20 490/27/27 1131/54/54 496/51/51
f 490/27/27 104/26/26 497/55/55 1131/54/54
f 1131/54/54 497/55/55 111/56/56 503/57/57
f 496/51/51 1131/54/54 503/57/57 110/52/52
f 104/26/26 491/33/33 1132/58/58 497/55/55
f 491/33/33 105/32/32 498/59/59 1132/58/58
f 1132/58/58 498/59/59 112/60/60 504/61/61
f 497/55/55 1132/58/58 504/61/61 111/56/56
f 105/32/32 492/39/39 1133/62/62 498/59/59
f 492/39/39 106/38/38 499/63/63 1133/62/62
f 1133/62/62 499/63/63 113/64/64 505/65/65
f 498/59/59 1133/62/62 505/65/65 112/60/60
f 107/45/45 500/44/44 1134/66/66 506/67/67
f 500/44/44 108/43/43 507/68/68 1134/66/66
f 1134/66/66 507/68/68 115/69/69 513/70/70
f 506/67/67 1134/66/66 513/70/70 114/71/71
f 108/43/43 501/49/49 1135/72/72 507/68/68
f 501/49/49 109/48/48 508/73/73 1135/72/72
f 1135/72/72 508/73/73 116/74/74 514/75/75
f 507/68/68 1135/72/72 514/75/75 115/69/69
f 109/48/48 502/53/53 1136/76/76 508/73/73
f 502/53/53 110/52/52 509/77/77 1136/76/76
f 1136/76/76 509/77/77 117/78/78 515/79/79
f 508/73/73 1136/76/76 515/79/79 116/74/74
f 110/52/52 503/57/57 1137/80/80 509/77/77
f 503/57/57 111/56/56 510/81/81 1137/80/80
f 1137/80/80 510/81/81 118/82/82 516/83/83
f 509/77/77 1137/80/80 516/83/83 117/78/78
f 111/56/56 504/61/61 1138/84/84 510/81/81
f 504/61/61 112/60/60 511/85/85 1138/84/84
f 1138/84/84 511/85/85 119/86/86 517/87/87
f 510/81/81 1138/84/84 517/87/87 118/82/82
f 112/60/60 505/65/65 1139/88/88 511/85/85
f 505/65/65 113/64/64 512/89/89 1139/88/88
f 1139/88/88 512/89/89 120/90/90 518/91/91
f 511/85/85 1139/88/88 518/91/91 119/86/86
f 114/71/71 513/70/70 1140/92/92 519/93/93
f 513/70/70 115/69/69 520/94/94 1140/92/92
f 1140/92/92 520/94/94 122/95/95 526/96/96
f 519/93/93 1140/92/92 526/96/96 121/97/97
f 115/69/69 514/75/75 1141/98/98 520/94/94
f 514/75/75 116/74/74 521/99/99 1141/98/98
f 1141/98/98 521/99/99 123/100/100 527/101/101
f 520/94/94 1141/98/98 527/101/101 122/95/95
f 116/74/74 515/79/79 1142/102/102 521/99/99
f 515/79/79 117/78/78 522/103/103 1142/102/102
f 1142/102/102 522/103/103 124/104/104 528/105/105
f 521/99/99 1142/102/102 528/105/105 123/100/100
f 117/78/78 516/83/83 1143/106/106 522/103/103
f 516/83/83 118/82/82 523/107/107 1143/106/106
f 1143/106/106 523/107/107 125/108/108 529/109/109
f 522/103/103 1143/106/106 529/109/109 124/104/104
f 118/82/82 517/87/87 1144/110/110 523/107/107
f 517/87/87 119/86/86 524/111/111 1144/110/110
f 1144/110/110 524/111/111 126/112/112 530/113/113
f 523/107/107 1144/110/110 530/113/113 125/108/108
f 119/86/86 518/91/91 1145/114/114 524/111/111
f 518/91/91 120/90/90 525/115/115 1145/114/114
f 1145/114/114 525/115/115 127/116/116 531/117/117
f 524/111/111 1145/114/114 531/117/117 126/112/112
f 121/97/97 526/96/96 1146/118/118 532/119/119
f 526/96/96 122/95/95 533/120/120 1146/118/118
f 1146/118/118 533/120/120 129/121/121 539/122/122
f 532/119/119 1146/118/118 539/122/122 128/123/123
f 122/95/95 527/101/101 1147/124/124 533/120/120
f 527/101/101 123/100/100 534/125/125 1147/124/124
f 1147/124/124 534/125/125 130/126/126 540/127/127
f 533/120/120 1147/124/124 540/127/127 129/121/121
f 123/100/100 528/105/105 1148/128/128 534/125/125
f 528/105/105 124/104/104 535/129/129 1148/128/128
f 1148/128/128 535/129/129 131/130/130 541/131/131
f 534/125/125 1148/128/128 541/131/131 130/126/126
f 124/104/104 529/109/109 1149/132/132 535/129/129
f 529/109/109 125/108/108 536/133/133 1149/132/132
f 1149/132/132 536/133/133 132/134/134 542/135/135
f 535/129/129 1149/132/132 542/135/135 131/130/130
f 125/108/108 530/113/113 1150/136/136 536/133/133
f 530/113/113 126/112/112 537/137/137 1150/136/136
f 1150/136/136 537/137/137 133/138/138 543/139/139
f 536/133/133 1150/136/136 543/139/139 132/134/134
f 126/112/112 531/117/117 1151/140/140 537/137/137
f 531/117/117 127/116/116 538/141/141 1151/140/140
f 1151/140/140 538/141/141 134/142/142 544/143/143
f 537/137/137 1151/140/140 544/143/143 133/138/138
f 128/123/123 539/122/122 1152/144/144 545/145/145
f 539/122/122 129/121/121 546/146/146 1152/144/144
f 1152/144/144 546/146/146 136/147/147 552/148/148
f 545/145/145 1152/144/144 552/148/148 135/149/149
f 129/121/121 540/127/127 1153/150/150 546/146/146
f 540/127/127 130/126/126 547/151/151 1153/150/150
f 1153/150/150 547/151/151 137/152/152 553/153/153
f 546/146/146 1153/150/150 553/153/153 136/147/147
f 130/126/126 541/131/131 1154/154/154 547/151/151
f 541/131/131 131/130/130 548/155/155 1154/154/154
f 1154/154/154 548/155/155 138/156/156 554/157/157
f 547/151/151 1154/154/154 554/157/157 137/152/152
f 131/130/130 542/135/135 1155/158/158 548/155/155
f 542/135/135 132/134/134 549/159/159 1155/158/158
f 1155/158/158 549/159/159 139/160/160 555/161/161
f 548/155/155 1155/158/158 555/161/161 138/156/156
f 132/134/134 543/139/139 1156/162/162 549/159/159
f 543/139/139 133/138/138 550/163/163 1156/162/162
f 1156/162/162 550/163/163 140/164/164 556/165/165
f 549/159/159 1156/162/162 556/165/165 139/160/160
f 133/138/138 544/143/143 1157/166/166 550/163/163
f 544/143/143 134/142/142 551/167/167 1157/166/166
f 1157/166/166 551/167/167 141/168/168 557/169/169
f 550/163/163 1157/166/166 557/169/169 140/164/164
f 1/170/170 386/171/171 1158/172/172 385/173/173
f 386/171/171 16/174/174 558/175/175 1158/172/172
f 1158/172/172 558/175/175 93/1/1 585/176/176
f 385/173/173 1158/172/172 585/176/176 15/177/177
f 16/174/174 387/178/178 1159/179/179 558/175/175
f 387/178/178 17/180/180 559/181/181 1159/179/179
f 1159/179/179 559/181/181 94/5/5 474/2/2
f 558/175/175 1159/179/179 474/2/2 93/1/1
f 17/180/180 388/182/182 1160/183/183 559/181/181
f 388/182/182 18/184/184 560/185/185 1160/183/183
f 1160/183/183 560/185/185 95/12/12 475/10/10
f 559/181/181 1160/183/183 475/10/10 94/5/5
f 18/184/184 389/186/186 1161/187/187 560/185/185
f 389/186/186 19/188/188 561/189/189 1161/187/187
f 1161/187/187 561/189/189 96/18/18 476/16/16
f 560/185/185 1161/187/187 476/16/16 95/12/12
f 19/188/188 390/190/190 1162/191/191 561/189/189
f 390/190/190 20/192/192 562/193/193 1162/191/191
f 1162/191/191 562/193/193 97/24/24 477/22/22
f 561/189/189 1162/191/191 477/22/22 96/18/18
f 20/192/192 391/194/194 1163/195/195 562/193/193
f 391/194/194 21/196/196 563/197/197 1163/195/195
f 1163/195/195 563/197/197 98/30/30 478/28/28
f 562/193/193 1163/195/195 478/28/28 97/24/24
f 21/196/196 392/198/198 1164/199/199 563/197/197
f 392/198/198 22/200/200 564/201/201 1164/199/199
f 1164/199/199 564/201/201 99/36/36 479/34/34
f 563/197/197 1164/199/199 479/34/34 98/30/30
f 22/200/200 393/202/202 1165/203/203 564/201/201
f 393/204/202 2/205/204 394/206/205 1165/207/203
f 1165/207/203 394/206/205 23/208/206 565/209/207
f 564/201/201 1165/203/203 565/210/207 99/36/36
f 99/36/36 565/210/207 1166/211/208 486/37/37
f 565/209/207 23/208/206 395/212/209 1166/213/208
f 1166/213/208 395/212/209 24/214/210 566/215/211
f 486/37/37 1166/211/208 566/216/211 106/38/38
f 106/38/38 566/216/211 1167/217/212 499/63/63
f 566/215/211 24/214/210 396/218/213 1167/219/212
f 1167/219/212 396/218/213 25/220/214 567/221/215
f 499/63/63 1167/217/212 567/222/215 113/64/64
f 113/64/64 567/222/215 1168/223/216 512/89/89
f 567/221/215 25/220/214 397/224/217 1168/225/216
f 1168/225/216 397/224/217 26/226/218 568/227/219
f 512/89/89 1168/223/216 568/228/219 120/90/90
f 120/90/90 568/228/219 1169/229/220 525/115/115
f 568/227/219 26/226/218 398/230/221 1169/231/220
f 1169/231/220 398/230/221 27/232/222 569/233/223
f 525/115/115 1169/229/220 569/234/223 127/116/116
f 127/116/116 569/234/223 1170/235/224 538/141/141
f 569/233/223 27/232/222 399/236/225 1170/237/224
f 1170/237/224 399/236/225 28/238/226 570/239/227
f 538/141/141 1170/235/224 570/240/227 134/142/142
f 134/142/142 570/240/227 1171/241/228 551/167/167
f 570/239/227 28/238/226 400/242/229 1171/243/228
f 1171/243/228 400/242/229 29/244/230 571/245/231
f 551/167/167 1171/241/228 571/246/231 141/168/168
f 141/168/168 571/246/231 1172/247/232 572/248/233
f 571/245/231 29/244/230 401/249/234 1172/250/232
f 1172/250/232 401/249/234 4/251/235 402/252/236
f 572/248/233 1172/247/232 402/253/236 30/254/237
f 140/164/164 557/169/169 1173/255/238 573/256/239
f 557/169/169 141/168/168 572/248/233 1173/255/238
f 1173/255/238 572/248/233 30/254/237 403/257/240
f 573/256/239 1173/255/238 403/257/240 31/258/241
f 139/160/160 556/165/165 1174/259/242 574/260/243
f 556/165/165 140/164/164 573/256/239 1174/259/242
f 1174/259/242 573/256/239 31/258/241 404/261/244
f 574/260/243 1174/259/242 404/261/244 32/262/245
f 138/156/156 555/161/161 1175/263/246 575/264/247
f 555/161/161 139/160/160 574/260/243 1175/263/246
f 1175/263/246 574/260/243 32/262/245 405/265/248
f 575/264/247 1175/263/246 405/265/248 33/266/249
f 137/152/152 554/157/157 1176/267/250 576/268/251
f 554/157/157 138/156/156 575/264/247 1176/267/250
f 1176/267/250 575/264/247 33/266/249 406/269/252
f 576/268/251 1176/267/250 406/269/252 34/270/253
f 136/147/147 553/153/153 1177/271/254 577/272/255
f 553/153/153 137/152/152 576/268/251 1177/271/254
f 1177/271/254 576/268/251 34/270/253 407/273/256
f 577/272/255 1177/271/254 407/273/256 35/274/257
f 135/149/149 552/148/148 1178/275/258 578/276/259
f 552/148/148 136/147/147 577/272/255 1178/275/258
f 1178/275/258 577/272/255 35/274/257 408/277/260
f 578/276/259 1178/275/258 408/277/260 36/278/261
f 9/279/262 579/280/263 1179/281/264 378/282/265
f 579/280/263 135/149/149 578/276/259 1179/281/264
f 1179/281/264 578/276/259 36/278/261 409/283/266
f 378/282/265 1179/281/264 409/283/266 3/284/267
f 10/285/268 580/286/269 1180/287/270 379/288/271
f 580/286/269 128/123/123 545/145/145 1180/287/270
f 1180/287/270 545/145/145 135/149/149 579/280/263
f 379/288/271 1180/287/270 579/280/263 9/279/262
f 11/289/272 581/290/273 1181/291/274 380/292/275
f 581/290/273 121/97/97 532/119/119 1181/291/274
f 1181/291/274 532/119/119 128/123/123 580/286/269
f 380/292/275 1181/291/274 580/286/269 10/285/268
f 12/293/276 582/294/277 1182/295/278 381/296/279
f 582/294/277 114/71/71 519/93/93 1182/295/278
f 1182/295/278 519/93/93 121/97/97 581/290/273
f 381/296/279 1182/295/278 581/290/273 11/289/272
f 13/297/280 583/298/281 1183/299/282 382/300/283
f 583/298/281 107/45/45 506/67/67 1183/299/282
f 1183/299/282 506/67/67 114/71/71 582/294/277
f 382/300/283 1183/299/282 582/294/277 12/293/276
f 14/301/284 584/302/285 1184/303/286 383/304/287
f 584/302/285 100/9/9 493/41/41 1184/303/286
f 1184/303/286 493/41/41 107/45/45 583/298/281
f 383/304/287 1184/303/286 583/298/281 13/297/280
f 15/177/177 585/176/176 1185/305/288 384/306/289
f 585/176/176 93/1/1 480/4/4 1185/305/288
f 1185/305/288 480/4/4 100/9/9 584/302/285
f 384/306/289 1185/305/288 584/302/285 14/301/284
f 142/307/290 586/308/291 1186/309/292 592/310/293
f 586/308/291 143/311/294 593/312/295 1186/309/292
f 1186/309/292 593/312/295 150/313/296 599/314/297
f 592/310/293 1186/309/292 599/314/297 149/315/298
f 143/311/294 587/316/299 1187/317/300 593/312/295
f 587/316/299 144/318/301 594/319/302 1187/317/300
f 1187/317/300 594/319/302 151/320/303 600/321/304
f 593/312/295 1187/317/300 600/321/304 150/313/296
f 144/318/301 588/322/305 1188/323/306 594/319/302
f 588/322/305 145/324/307 595/325/308 1188/323/306
f 1188/323/306 595/325/308 152/326/309 601/327/310
f 594/319/302 1188/323/306 601/327/310 151/320/303
f 145/324/307 589/328/311 1189/329/312 595/325/308
f 589/328/311 146/330/313 596/331/314 1189/329/312
f 1189/329/312 596/331/314 153/332/315 602/333/316
f 595/325/308 1189/329/312 602/333/316 152/326/309
f 146/330/313 590/334/317 1190/335/318 596/331/314
f 590/334/317 147/336/319 597/337/320 1190/335/318
f 1190/335/318 597/337/320 154/338/321 603/339/322
f 596/331/314 1190/335/318 603/339/322 153/332/315
f 147/336/319 591/340/323 1191/341/324 597/337/320
f 591/340/323 148/342/325 598/343/326 1191/341/324
f 1191/341/324 598/343/326 155/344/327 604/345/328
f 597/337/320 1191/341/324 604/345/328 154/338/321
f 149/315/298 599/314/297 1192/346/329 605/347/330
f 599/314/297 150/313/296 606/348/331 1192/346/329
f 1192/346/329 606/348/331 157/349/332 612/350/333
f 605/347/330 1192/346/329 612/350/333 156/351/334
f 150/313/296 600/321/304 1193/352/335 606/348/331
f 600/321/304 151/320/303 607/353/336 1193/352/335
f 1193/352/335 607/353/336 158/354/337 613/355/338
f 606/348/331 1193/352/335 613/355/338 157/349/332
f 151/320/303 601/327/310 1194/356/339 607/353/336
f 601/327/310 152/326/309 608/357/340 1194/356/339
f 1194/356/339 608/357/340 159/358/341 614/359/342
f 607/353/336 1194/356/339 614/359/342 158/354/337
f 152/326/309 602/333/316 1195/360/343 608/357/340
f 602/333/316 153/332/315 609/361/344 1195/360/343
f 1195/360/343 609/361/344 160/362/345 615/363/346
f 608/357/340 1195/360/343 615/363/346 159/358/341
f 153/332/315 603/339/322 1196/364/347 609/361/344
f 603/339/322 154/338/321 610/365/348 1196/364/347
f 1196/364/347 610/365/348 161/366/349 616/367/350
f 609/361/344 1196/364/347 616/367/350 160/362/345
f 154/338/321 604/345/328 1197/368/351 610/365/348
f 604/345/328 155/344/327 611/369/352 1197/368/351
f 1197/368/351 611/369/352 162/370/353 617/371/354
f 610/365/348 1197/368/351 617/371/354 161/366/349
f 156/351/334 612/350/333 1198/372/355 618/373/356
f 612/350/333 157/349/332 619/374/357 1198/372/355
f 1198/372/355 619/374/357 164/375/358 625/376/359
f 618/373/356 1198/372/355 625/376/359 163/377/360
f 157/349/332 613/355/338 1199/378/361 619/374/357
f 613/355/338 158/354/337 620/379/362 1199/378/361
f 1199/378/361 620/379/362 165/380/363 626/381/364
f 619/374/357 1199/378/361 626/381/364 164/375/358
f 158/354/337 614/359/342 1200/382/365 620/379/362
f 614/359/342 159/358/341 621/383/366 1200/382/365
f 1200/382/365 621/383/366 166/384/367 627/385/368
f 620/379/362 1200/382/365 627/385/368 165/380/363
f 159/358/341 615/363/346 1201/386/369 621/383/366
f 615/363/346 160/362/345 622/387/370 1201/386/369
f 1201/386/369 622/387/370 167/388/371 628/389/372
f 621/383/366 1201/386/369 628/389/372 166/384/367
f 160/362/345 616/367/350 1202/390/373 622/387/370
f 616/367/350 161/366/349 623/391/374 1202/390/373
f 1202/390/373 623/391/374 168/392/375 629/393/376
f 622/387/370 1202/390/373 629/393/376 167/388/371
f 161/366/349 617/371/354 1203/394/377 623/391/374
f 617/371/354 162/370/353 624/395/378 1203/394/377
f 1203/394/377 624/395/378 169/396/379 630/397/380
f 623/391/374 1203/394/377 630/397/380 168/392/375
f 163/377/360 625/376/359 1204/398/381 631/399/382
f 625/376/359 164/375/358 632/400/383 1204/398/381
f 1204/398/381 632/400/383 171/401/384 638/402/385
f 631/399/382 1204/398/381 638/402/385 170/403/386
f 164/375/358 626/381/364 1205/404/387 632/400/383
f 626/381/364 165/380/363 633/405/388 1205/404/387
f 1205/404/387 633/405/388 172/406/389 639/407/390
f 632/400/383 1205/404/387 639/407/390 171/401/384
f 165/380/363 627/385/368 1206/408/391 633/405/388
f 627/385/368 166/384/367 634/409/392 1206/408/391
f 1206/408/391 634/409/392 173/410/393 640/411/394
f 633/405/388 1206/408/391 640/411/394 172/406/389
f 166/384/367 628/389/372 1207/412/395 634/409/392
f 628/389/372 167/388/371 635/413/396 1207/412/395
f 1207/412/395 635/413/396 174/414/397 641/415/398
f 634/409/392 1207/412/395 641/415/398 173/410/393
f 167/388/371 629/393/376 1208/416/399 635/413/396
f 629/393/376 168/392/375 636/417/400 1208/416/399
f 1208/416/399 636/417/400 175/418/401 642/419/402
f 635/413/396 1208/416/399 642/419/402 174/414/397
f 168/392/375 630/397/380 1209/420/403 636/417/400
f 630/397/380 169/396/379 637/421/404 1209/420/403
f 1209/420/403 637/421/404 176/422/405 643/423/406
f 636/417/400 1209/420/403 643/423/406 175/418/401
f 170/403/386 638/402/385 1210/424/407 644/425/408
f 638/402/385 171/401/384 645/426/409 1210/424/407
f 1210/424/407 645/426/409 178/427/410 651/428/411
f 644/425/408 1210/424/407 651/428/411 177/429/412
f 171/401/384 639/407/390 1211/430/413 645/426/409
f 639/407/390 172/406/389 646/431/414 1211/430/413
f 1211/430/413 646/431/414 179/432/415 652/433/416
f 645/426/409 1211/430/413 652/433/416 178/427/410
f 172/406/389 640/411/394 1212/434/417 646/431/414
f 640/411/394 173/410/393 647/435/418 1212/434/417
f 1212/434/417 647/435/418 180/436/419 653/437/420
f 646/431/414 1212/434/417 653/437/420 179/432/415
f 173/410/393 641/415/398 1213/438/421 647/435/418
f 641/415/398 174/414/397 648/439/422 1213/438/421
f 1213/438/421 648/439/422 181/440/423 654/441/424
f 647/435/418 1213/438/421 654/441/424 180/436/419
f 174/414/397 642/419/402 1214/442/425 648/439/422
f 642/419/402 175/418/401 649/443/426 1214/442/425
f 1214/442/425 649/443/426 182/444/427 655/445/428
f 648/439/422 1214/442/425 655/445/428 181/440/423
f 175/418/401 643/423/406 1215/446/429 649/443/426
f 643/423/406 176/422/405 650/447/430 1215/446/429
f 1215/446/429 650/447/430 183/448/431 656/449/432
f 649/443/426 1215/446/429 656/449/432 182/444/427
f 177/429/412 651/428/411 1216/450/433 657/451/434
f 651/428/411 178/427/410 658/452/435 1216/450/433
f 1216/450/433 658/452/435 185/453/436 664/454/437
f 657/451/434 1216/450/433 664/454/437 184/455/438
f 178/427/410 652/433/416 1217/456/439 658/452/435
f 652/433/416 179/432/415 659/457/440 1217/456/439
f 1217/456/439 659/457/440 186/458/441 665/459/442
f 658/452/435 1217/456/439 665/459/442 185/453/436
f 179/432/415 653/437/420 1218/460/443 659/457/440
f 653/437/420 180/436/419 660/461/444 1218/460/443
f 1218/460/443 660/461/444 187/462/445 666/463/446
f 659/457/440 1218/460/443 666/463/446 186/458/441
f 180/436/419 654/441/424 1219/464/447 660/461/444
f 654/441/424 181/440/423 661/465/448 1219/464/447
f 1219/464/447 661/465/448 188/466/449 667/467/450
f 660/461/444 1219/464/447 667/467/450 187/462/445
f 181/440/423 655/445/428 1220/468/451 661/465/448
f 655/445/428 182/444/427 662/469/452 1220/468/451
f 1220/468/451 662/469/452 189/470/453 668/471/454
f 661/465/448 1220/468/451 668/471/454 188/466/449
f 182/444/427 656/449/432 1221/472/455 662/469/452
f 656/449/432 183/448/431 663/473/456 1221/472/455
f 1221/472/455 663/473/456 190/474/457 669/475/458
f 662/469/452 1221/472/455 669/475/458 189/470/453
f 3/476/267 409/477/266 1222/478/459 417/479/460
f 409/477/266 36/480/261 670/481/461 1222/478/459
f 1222/478/459 670/481/461 142/307/290 697/482/462
f 417/479/460 1222/478/459 697/482/462 43/483/463
f 36/480/261 408/484/260 1223/485/464 670/481/461
f 408/484/260 35/486/257 671/487/465 1223/485/464
f 1223/485/464 671/487/465 143/311/294 586/308/291
f 670/481/461 1223/485/464 586/308/291 142/307/290
f 35/486/257 407/488/256 1224/489/466 671/487/465
f 407/488/256 34/490/253 672/491/467 1224/489/466
f 1224/489/466 672/491/467 144/318/301 587/316/299
f 671/487/465 1224/489/466 587/316/299 143/311/294
f 34/490/253 406/492/252 1225/493/468 672/491/467
f 406/492/252 33/494/249 673/495/469 1225/493/468
f 1225/493/468 673/495/469 145/324/307 588/322/305
f 672/491/467 1225/493/468 588/322/305 144/318/301
f 33/494/249 405/496/248 1226/497/470 673/495/469
f 405/496/248 32/498/245 674/499/471 1226/497/470
f 1226/497/470 674/499/471 146/330/313 589/328/311
f 673/495/469 1226/497/470 589/328/311 145/324/307
f 32/498/245 404/500/244 1227/501/472 674/499/471
f 404/500/244 31/502/241 675/503/473 1227/501/472
f 1227/501/472 675/503/473 147/336/319 590/334/317
f 674/499/471 1227/501/472 590/334/317 146/330/313
f 31/502/241 403/504/240 1228/505/474 675/503/473
f 403/504/240 30/506/237 676/507/475 1228/505/474
f 1228/505/474 676/507/475 148/342/325 591/340/323
f 675/503/473 1228/505/474 591/340/323 147/336/319
f 30/506/237 402/508/236 1229/509/476 676/507/475
f 402/252/236 4/251/235 418/510/477 1229/511/476
f 1229/511/476 418/510/477 44/512/478 677/513/479
f 676/507/475 1229/509/476 677/514/479 148/342/325
f 148/342/325 677/514/479 1230/515/480 598/343/326
f 677/513/479 44/512/478 419/516/481 1230/517/480
f 1230/517/480 419/516/481 45/518/482 678/519/483
f 598/343/326 1230/515/480 678/520/483 155/344/327
f 155/344/327 678/520/483 1231/521/484 611/369/352
f 678/519/483 45/518/482 420/522/485 1231/523/484
f 1231/523/484 420/522/485 46/524/486 679/525/487
f 611/369/352 1231/521/484 679/526/487 162/370/353
f 162/370/353 679/526/487 1232/527/488 624/395/378
f 679/525/487 46/524/486 421/528/489 1232/529/488
f 1232/529/488 421/528/489 47/530/490 680/531/491
f 624/395/378 1232/527/488 680/532/491 169/396/379
f 169/396/379 680/532/491 1233/533/492 637/421/404
f 680/531/491 47/530/490 422/534/493 1233/535/492
f 1233/535/492 422/534/493 48/536/494 681/537/495
f 637/421/404 1233/533/492 681/538/495 176/422/405
f 176/422/405 681/538/495 1234/539/496 650/447/430
f 681/537/495 48/536/494 423/540/497 1234/541/496
f 1234/541/496 423/540/497 49/542/498 682/543/499
f 650/447/430 1234/539/496 682/544/499 183/448/431
f 183/448/431 682/544/499 1235/545/500 663/473/456
f 682/543/499 49/542/498 424/546/501 1235/547/500
f 1235/547/500 424/546/501 50/548/502 683/549/503
f 663/473/456 1235/545/500 683/550/503 190/474/457
f 190/474/457 683/550/503 1236/551/504 684/552/505
f 683/549/503 50/548/502 425/553/506 1236/554/504
f 1236/554/504 425/553/506 8/555/507 426/556/508
f 684/552/505 1236/551/504 426/557/508 51/558/509
f 189/470/453 669/475/458 1237/559/510 685/560/511
f 669/475/458 190/474/457 684/552/505 1237/559/510
f 1237/559/510 684/552/505 51/558/509 427/561/512
f 685/560/511 1237/559/510 427/561/512 52/562/513
f 188/466/449 668/471/454 1238/563/514 686/564/515
f 668/471/454 189/470/453 685/560/511 1238/563/514
f 1238/563/514 685/560/511 52/562/513 428/565/516
f 686/564/515 1238/563/514 428/565/516 53/566/517
f 187/462/445 667/467/450 1239/567/518 687/568/519
f 667/467/450 188/466/449 686/564/515 1239/567/518
f 1239/567/518 686/564/515 53/566/517 429/569/520
f 687/568/519 1239/567/518 429/569/520 54/570/521
f 186/458/441 666/463/446 1240/571/522 688/572/523
f 666/463/446 187/462/445 687/568/519 1240/571/522
f 1240/571/522 687/568/519 54/570/521 430/573/524
f 688/572/523 1240/571/522 430/573/524 55/574/525
f 185/453/436 665/459/442 1241/575/526 689/576/527
f 665/459/442 186/458/441 688/572/523 1241/575/526
f 1241/575/526 688/572/523 55/574/525 431/577/528
f 689/576/527 1241/575/526 431/577/528 56/578/529
f 184/455/438 664/454/437 1242/579/530 690/580/531
f 664/454/437 185/453/436 689/576/527 1242/579/530
f 1242/579/530 689/576/527 56/578/529 432/581/532
f 690/580/531 1242/579/530 432/581/532 57/582/533
f 37/583/534 691/584/535 1243/585/536 410/586/537
f 691/584/535 184/455/438 690/580/531 1243/585/536
f 1243/585/536 690/580/531 57/582/533 433/587/538
f 410/586/537 1243/585/536 433/587/538 7/588/539
f 38/589/540 692/590/541 1244/591/542 411/592/543
f 692/590/541 177/429/412 657/451/434 1244/591/542
f 1244/591/542 657/451/434 184/455/438 691/584/535
f 411/592/543 1244/591/542 691/584/535 37/583/534
f 39/593/544 693/594/545 1245/595/546 412/596/547
f 693/594/545 170/403/386 644/425/408 1245/595/546
f 1245/595/546 644/425/408 177/429/412 692/590/541
f 412/596/547 1245/595/546 692/590/541 38/589/540
f 40/597/548 694/598/549 1246/599/550 413/600/551
f 694/598/549 163/377/360 631/399/382 1246/599/550
f 1246/599/550 631/399/382 170/403/386 693/594/545
f 413/600/551 1246/599/550 693/594/545 39/593/544
f 41/601/552 695/602/553 1247/603/554 414/604/555
f 695/602/553 156/351/334 618/373/356 1247/603/554
f 1247/603/554 618/373/356 163/377/360 694/598/549
f 414/604/555 1247/603/554 694/598/549 40/597/548
f 42/605/556 696/606/557 1248/607/558 415/608/559
f 696/606/557 149/315/298 605/347/330 1248/607/558
f 1248/607/558 605/347/330 156/351/334 695/602/553
f 415/608/559 1248/607/558 695/602/553 41/601/552
f 43/483/463 697/482/462 1249/609/560 416/610/561
f 697/482/462 142/307/290 592/310/293 1249/609/560
f 1249/609/560 592/310/293 149/315/298 696/606/557
f 416/610/561 1249/609/560 696/606/557 42/605/556
f 191/611/562 698/612/563 1250/613/564 704/614/565
f 698/612/563 192/615/566 705/616/567 1250/613/564
f 1250/613/564 705/616/567 199/617/568 711/618/569
f 704/614/565 1250/613/564 711/618/569 198/619/570
f 192/615/566 699/620/571 1251/621/572 705/616/567
f 699/620/571 193/622/573 706/623/574 1251/621/572
f 1251/621/572 706/623/574 200/624/575 712/625/576
f 705/616/567 1251/621/572 712/625/576 199/617/568
f 193/622/573 700/626/577 1252/627/578 706/623/574
f 700/626/577 194/628/579 707/629/580 1252/627/578
f 1252/627/578 707/629/580 201/630/581 713/631/582
f 706/623/574 1252/627/578 713/631/582 200/624/575
f 194/628/579 701/632/583 1253/633/584 707/629/580
f 701/632/583 195/634/585 708/635/586 1253/633/584
f 1253/633/584 708/635/586 202/636/587 714/637/588
f 707/629/580 1253/633/584 714/637/588 201/630/581
f 195/634/585 702/638/589 1254/639/590 708/635/586
f 702/638/589 196/640/591 709/641/592 1254/639/590
f 1254/639/590 709/641/592 203/642/593 715/643/594
f 708/635/586 1254/639/590 715/643/594 202/636/587
f 196/640/591 703/644/595 1255/645/596 709/641/592
f 703/644/595 197/646/597 710/647/598 1255/645/596
f 1255/645/596 710/647/598 204/648/599 716/649/600
f 709/641/592 1255/645/596 716/649/600 203/642/593
f 198/619/570 711/618/569 1256/650/601 717/651/602
f 711/618/569 199/617/568 718/652/603 1256/650/601
f 1256/650/601 718/652/603 206/653/604 724/654/605
f 717/651/602 1256/650/601 724/654/605 205/655/606
f 199/617/568 712/625/576 1257/656/607 718/652/603
f 712/625/576 200/624/575 719/657/608 1257/656/607
f 1257/656/607 719/657/608 207/658/609 725/659/610
f 718/652/603 1257/656/607 725/659/610 206/653/604
f 200/624/575 713/631/582 1258/660/611 719/657/608
f 713/631/582 201/630/581 720/661/612 1258/660/611
f 1258/660/611 720/661/612 208/662/613 726/663/614
f 719/657/608 1258/660/611 726/663/614 207/658/609
f 201/630/581 714/637/588 1259/664/615 720/661/612
f 714/637/588 202/636/587 721/665/616 1259/664/615
f 1259/664/615 721/665/616 209/666/617 727/667/618
f 720/661/612 1259/664/615 727/667/618 208/662/613
f 202/636/587 715/643/594 1260/668/619 721/665/616
f 715/643/594 203/642/593 722/669/620 1260/668/619
f 1260/668/619 722/669/620 210/670/621 728/671/622
f 721/665/616 1260/668/619 728/671/622 209/666/617
f 203/642/593 716/649/600 1261/672/623 722/669/620
f 716/649/600 204/648/599 723/673/624 1261/672/623
f 1261/672/623 723/673/624 211/674/625 729/675/626
f 722/669/620 1261/672/623 729/675/626 210/670/621
f 205/655/606 724/654/605 1262/676/627 730/677/628
f 724/654/605 206/653/604 731/678/629 1262/676/627
f 1262/676/627 731/678/629 213/679/630 737/680/631
f 730/677/628 1262/676/627 737/680/631 212/681/632
f 206/653/604 725/659/610 1263/682/633 731/678/629
f 725/659/610 207/658/609 732/683/634 1263/682/633
f 1263/682/633 732/683/634 214/684/635 738/685/636
f 731/678/629 1263/682/633 738/685/636 213/679/630
f 207/658/609 726/663/614 1264/686/637 732/683/634
f 726/663/614 208/662/613 733/687/638 1264/686/637
f 1264/686/637 733/687/638 215/688/639 739/689/640
f 732/683/634 1264/686/637 739/689/640 214/684/635
f 208/662/613 727/667/618 1265/690/641 733/687/638
f 727/667/618 209/666/617 734/691/642 1265/690/641
f 1265/690/641 734/691/642 216/692/643 740/693/644
f 733/687/638 1265/690/641 740/693/644 215/688/639
f 209/666/617 728/671/622 1266/694/645 734/691/642
f 728/671/622 210/670/621 735/695/646 1266/694/645
f 1266/694/645 735/695/646 217/696/647 741/697/648
f 734/691/642 1266/694/645 741/697/648 216/692/643
f 210/670/621 729/675/626 1267/698/649 735/695/646
f 729/675/626 211/674/625 736/699/650 1267/698/649
f 1267/698/649 736/699/650 218/700/651 742/701/652
f 735/695/646 1267/698/649 742/701/652 217/696/647
f 212/681/632 737/680/631 1268/702/653 743/703/654
f 737/680/631 213/679/630 744/704/655 1268/702/653
f 1268/702/653 744/704/655 220/705/656 750/706/657
f 743/703/654 1268/702/653 750/706/657 219/707/658
f 213/679/630 738/685/636 1269/708/659 744/704/655
f 738/685/636 214/684/635 745/709/660 1269/708/659
f 1269/708/659 745/709/660 221/710/661 751/711/662
f 744/704/655 1269/708/659 751/711/662 220/705/656
f 214/684/635 739/689/640 1270/712/663 745/709/660
f 739/689/640 215/688/639 746/713/664 1270/712/663
f 1270/712/663 746/713/664 222/714/665 752/715/666
f 745/709/660 1270/712/663 752/715/666 221/710/661
f 215/688/639 740/693/644 1271/716/667 746/713/664
f 740/693/644 216/692/643 747/717/668 1271/716/667
f 1271/716/667 747/717/668 223/718/669 753/719/670
f 746/713/664 1271/716/667 753/719/670 222/714/665
f 216/692/643 741/697/648 1272/720/671 747/717/668
f 741/697/648 217/696/647 748/721/672 1272/720/671
f 1272/720/671 748/721/672 224/722/673 754/723/674
f 747/717/668 1272/720/671 754/723/674 223/718/669
f 217/696/647 742/701/652 1273/724/675 748/721/672
f 742/701/652 218/700/651 749/725/676 1273/724/675
f 1273/724/675 749/725/676 225/726/677 755/727/678
f 748/721/672 1273/724/675 755/727/678 224/722/673
f 219/707/658 750/706/657 1274/728/679 756/729/680
f 750/706/657 220/705/656 757/730/681 1274/728/679
f 1274/728/679 757/730/681 227/731/682 763/732/683
f 756/729/680 1274/728/679 763/732/683 226/733/684
f 220/705/656 751/711/662 1275/734/685 757/730/681
f 751/711/662 221/710/661 758/735/686 1275/734/685
f 1275/734/685 758/735/686 228/736/687 764/737/688
f 757/730/681 1275/734/685 764/737/688 227/731/682
f 221/710/661 752/715/666 1276/738/689 758/735/686
f 752/715/666 222/714/665 759/739/690 1276/738/689
f 1276/738/689 759/739/690 229/740/691 765/741/692
f 758/735/686 1276/738/689 765/741/692 228/736/687
f 222/714/665 753/719/670 1277/742/693 759/739/690
f 753/719/670 223/718/669 760/743/694 1277/742/693
f 1277/742/693 760/743/694 230/744/695 766/745/696
f 759/739/690 1277/742/693 766/745/696 229/740/691
f 223/718/669 754/723/674 1278/746/697 760/743/694
f 754/723/674 224/722/673 761/747/698 1278/746/697
f 1278/746/697 761/747/698 231/748/699 767/749/700
f 760/743/694 1278/746/697 767/749/700 230/744/695
f 224/722/673 755/727/678 1279/750/701 761/747/698
f 755/727/678 225/726/677 762/751/702 1279/750/701
f 1279/750/701 762/751/702 232/752/703 768/753/704
f 761/747/698 1279/750/701 768/753/704 231/748/699
f 226/733/684 763/732/683 1280/754/705 769/755/706
f 763/732/683 227/731/682 770/756/707 1280/754/705
f 1280/754/705 770/756/707 234/757/708 776/758/709
f 769/755/706 1280/754/705 776/758/709 233/759/710
f 227/731/682 764/737/688 1281/760/711 770/756/707
f 764/737/688 228/736/687 771/761/712 1281/760/711
f 1281/760/711 771/761/712 235/762/713 777/763/714
f 770/756/707 1281/760/711 777/763/714 234/757/708
f 228/736/687 765/741/692 1282/764/715 771/761/712
f 765/741/692 229/740/691 772/765/716 1282/764/715
f 1282/764/715 772/765/716 236/766/717 778/767/718
f 771/761/712 1282/764/715 778/767/718 235/762/713
f 229/740/691 766/745/696 1283/768/719 772/765/716
f 766/745/696 230/744/695 773/769/720 1283/768/719
f 1283/768/719 773/769/720 237/770/721 779/771/722
f 772/765/716 1283/768/719 779/771/722 236/766/717
f 230/744/695 767/749/700 1284/772/723 773/769/720
f 767/749/700 231/748/699 774/773/724 1284/772/723
f 1284/772/723 774/773/724 238/774/725 780/775/726
f 773/769/720 1284/772/723 780/775/726 237/770/721
f 231/748/699 768/753/704 1285/776/727 774/773/724
f 768/753/704 232/752/703 775/777/728 1285/776/727
f 1285/776/727 775/777/728 239/778/729 781/779/730
f 774/773/724 1285/776/727 781/779/730 238/774/725
f 7/780/539 433/781/538 1286/782/731 441/783/732
f 433/781/538 57/784/533 782/785/733 1286/782/731
f 1286/782/731 782/785/733 191/611/562 809/786/734
f 441/783/732 1286/782/731 809/786/734 64/787/735
f 57/784/533 432/788/532 1287/789/736 782/785/733
f 432/788/532 56/790/529 783/791/737 1287/789/736
f 1287/789/736 783/791/737 192/615/566 698/612/563
f 782/785/733 1287/789/736 698/612/563 191/611/562
f 56/790/529 431/792/528 1288/793/738 783/791/737
f 431/792/528 55/794/525 784/795/739 1288/793/738
f 1288/793/738 784/795/739 193/622/573 699/620/571
f 783/791/737 1288/793/738 699/620/571 192/615/566
f 55/794/525 430/796/524 1289/797/740 784/795/739
f 430/796/524 54/798/521 785/799/741 1289/797/740
f 1289/797/740 785/799/741 194/628/579 700/626/577
f 784/795/739 1289/797/740 700/626/577 193/622/573
f 54/798/521 429/800/520 1290/801/742 785/799/741
f 429/800/520 53/802/517 786/803/743 1290/801/742
f 1290/801/742 786/803/743 195/634/585 701/632/583
f 785/799/741 1290/801/742 701/632/583 194/628/579
f 53/802/517 428/804/516 1291/805/744 786/803/743
f 428/804/516 52/806/513 787/807/745 1291/805/744
f 1291/805/744 787/807/745 196/640/591 702/638/589
f 786/803/743 1291/805/744 702/638/589 195/634/585
f 52/806/513 427/808/512 1292/809/746 787/807/745
f 427/808/512 51/810/509 788/811/747 1292/809/746
f 1292/809/746 788/811/747 197/646/597 703/644/595
f 787/807/745 1292/809/746 703/644/595 196/640/591
f 51/810/509 426/812/508 1293/813/748 788/811/747
f 426/556/508 8/555/507 442/814/749 1293/815/748
f 1293/815/748 442/814/749 65/816/750 789/817/751
f 788/811/747 1293/813/748 789/818/751 197/646/597
f 197/646/597 789/818/751 1294/819/752 710/647/598
f 789/817/751 65/816/750 443/820/753 1294/821/752
f 1294/821/752 443/820/753 66/822/754 790/823/755
f 710/647/598 1294/819/752 790/824/755 204/648/599
f 204/648/599 790/824/755 1295/825/756 723/673/624
f 790/823/755 66/822/754 444/826/757 1295/827/756
f 1295/827/756 444/826/757 67/828/758 791/829/759
f 723/673/624 1295/825/756 791/830/759 211/674/625
f 211/674/625 791/830/759 1296/831/760 736/699/650
f 791/829/759 67/828/758 445/832/761 1296/833/760
f 1296/833/760 445/832/761 68/834/762 792/835/763
f 736/699/650 1296/831/760 792/836/763 218/700/651
f 218/700/651 792/836/763 1297/837/764 749/725/676
f 792/835/763 68/834/762 446/838/765 1297/839/764
f 1297/839/764 446/838/765 69/840/766 793/841/767
f 749/725/676 1297/837/764 793/842/767 225/726/677
f 225/726/677 793/842/767 1298/843/768 762/751/702
f 793/841/767 69/840/766 447/844/769 1298/845/768
f 1298/845/768 447/844/769 70/846/770 794/847/771
f 762/751/702 1298/843/768 794/848/771 232/752/703
f 232/752/703 794/848/771 1299/849/772 775/777/728
f 794/847/771 70/846/770 448/850/773 1299/851/772
f 1299/851/772 448/850/773 71/852/774 795/853/775
f 775/777/728 1299/849/772 795/854/775 239/778/729
f 239/778/729 795/854/775 1300/855/776 796/856/777
f 795/853/775 71/852/774 449/857/778 1300/858/776
f 1300/858/776 449/857/778 6/859/779 450/860/780
f 796/856/777 1300/855/776 450/861/780 72/862/781
f 238/774/725 781/779/730 1301/863/782 797/864/783
f 781/779/730 239/778/729 796/856/777 1301/863/782
f 1301/863/782 796/856/777 72/862/781 451/865/784
f 797/864/783 1301/863/782 451/865/784 73/866/785
f 237/770/721 780/775/726 1302/867/786 798/868/787
f 780/775/726 238/774/725 797/864/783 1302/867/786
f 1302/867/786 797/864/783 73/866/785 452/869/788
f 798/868/787 1302/867/786 452/869/788 74/870/789
f 236/766/717 779/771/722 1303/871/790 799/872/791
f 779/771/722 237/770/721 798/868/787 1303/871/790
f 1303/871/790 798/868/787 74/870/789 453/873/792
f 799/872/791 1303/871/790 453/873/792 75/874/793
f 235/762/713 778/767/718 1304/875/794 800/876/795
f 778/767/718 236/766/717 799/872/791 1304/875/794
f 1304/875/794 799/872/791 75/874/793 454/877/796
f 800/876/795 1304/875/794 454/877/796 76/878/797
f 234/757/708 777/763/714 1305/879/798 801/880/799
f 777/763/714 235/762/713 800/876/795 1305/879/798
f 1305/879/798 800/876/795 76/878/797 455/881/800
f 801/880/799 1305/879/798 455/881/800 77/882/801
f 233/759/710 776/758/709 1306/883/802 802/884/803
f 776/758/709 234/757/708 801/880/799 1306/883/802
f 1306/883/802 801/880/799 77/882/801 456/885/804
f 802/884/803 1306/883/802 456/885/804 78/886/805
f 58/887/806 803/888/807 1307/889/808 434/890/809
f 803/888/807 233/759/710 802/884/803 1307/889/808
f 1307/889/808 802/884/803 78/886/805 457/891/810
f 434/890/809 1307/889/808 457/891/810 5/892/811
f 59/893/812 804/894/813 1308/895/814 435/896/815
f 804/894/813 226/733/684 769/755/706 1308/895/814
f 1308/895/814 769/755/706 233/759/710 803/888/807
f 435/896/815 1308/895/814 803/888/807 58/887/806
f 60/897/816 805/898/817 1309/899/818 436/900/819
f 805/898/817 219/707/658 756/729/680 1309/899/818
f 1309/899/818 756/729/680 226/733/684 804/894/813
f 436/900/819 1309/899/818 804/894/813 59/893/812
f 61/901/820 806/902/821 1310/903/822 437/904/823
f 806/902/821 212/681/632 743/703/654 1310/903/822
f 1310/903/822 743/703/654 219/707/658 805/898/817
f 437/904/823 1310/903/822 805/898/817 60/897/816
f 62/905/824 807/906/825 1311/907/826 438/908/827
f 807/906/825 205/655/606 730/677/628 1311/907/826
f 1311/907/826 730/677/628 212/681/632 806/902/821
f 438/908/827 1311/907/826 806/902/821 61/901/820
f 63/909/828 808/910/829 1312/911/830 439/912/831
f 808/910/829 198/619/570 717/651/602 1312/911/830
f 1312/911/830 717/651/602 205/655/606 807/906/825
f 439/912/831 1312/911/830 807/906/825 62/905/824
f 64/787/735 809/786/734 1313/913/832 440/914/833
f 809/786/734 191/611/562 704/614/565 1313/913/832
f 1313/913/832 704/614/565 198/619/570 808/910/829
f 440/914/833 1313/913/832 808/910/829 63/909/828
f 240/915/834 810/916/835 1314/917/836 816/918/837
f 810/916/835 241/919/838 817/920/839 1314/917/836
f 1314/917/836 817/920/839 248/921/840 823/922/841
f 816/918/837 1314/917/836 823/922/841 247/923/842
f 241/919/838 811/924/843 1315/925/844 817/920/839
f 811/924/843 242/926/845 818/927/846 1315/925/844
f 1315/925/844 818/927/846 249/928/847 824/929/848
f 817/920/839 1315/925/844 824/929/848 248/921/840
f 242/926/845 812/930/849 1316/931/850 818/927/846
f 812/930/849 243/932/851 819/933/852 1316/931/850
f 1316/931/850 819/933/852 250/934/853 825/935/854
f 818/927/846 1316/931/850 825/935/854 249/928/847
f 243/932/851 813/936/855 1317/937/856 819/933/852
f 813/936/855 244/938/857 820/939/858 1317/937/856
f 1317/937/856 820/939/858 251/940/859 826/941/860
f 819/933/852 1317/937/856 826/941/860 250/934/853
f 244/938/857 814/942/861 1318/943/862 820/939/858
f 814/942/861 245/944/863 821/945/864 1318/943/862
f 1318/943/862 821/945/864 252/946/865 827/947/866
f 820/939/858 1318/943/862 827/947/866 251/940/859
f 245/944/863 815/948/867 1319/949/868 821/945/864
f 815/948/867 246/950/869 822/951/870 1319/949/868
f 1319/949/868 822/951/870 253/952/871 828/953/872
f 821/945/864 1319/949/868 828/953/872 252/946/865
f 247/923/842 823/922/841 1320/954/873 829/955/874
f 823/922/841 248/921/840 830/956/875 1320/954/873
f 1320/954/873 830/956/875 255/957/876 836/958/877
f 829/955/874 1320/954/873 836/958/877 254/959/878
f 248/921/840 824/929/848 1321/960/879 830/956/875
f 824/929/848 249/928/847 831/961/880 1321/960/879
f 1321/960/879 831/961/880 256/962/881 837/963/882
f 830/956/875 1321/960/879 837/963/882 255/957/876
f 249/928/847 825/935/854 1322/964/883 831/961/880
f 825/935/854 250/934/853 832/965/884 1322/964/883
f 1322/964/883 832/965/884 257/966/885 838/967/886
f 831/961/880 1322/964/883 838/967/886 256/962/881
f 250/934/853 826/941/860 1323/968/887 832/965/884
f 826/941/860 251/940/859 833/969/888 1323/968/887
f 1323/968/887 833/969/888 258/970/889 839/971/890
f 832/965/884 1323/968/887 839/971/890 257/966/885
f 251/940/859 827/947/866 1324/972/891 833/969/888
f 827/947/866 252/946/865 834/973/892 1324/972/891
f 1324/972/891 834/973/892 259/974/893 840/975/894
f 833/969/888 1324/972/891 840/975/894 258/970/889
f 252/946/865 828/953/872 1325/976/895 834/973/892
f 828/953/872 253/952/871 835/977/896 1325/976/895
f 1325/976/895 835/977/896 260/978/897 841/979/898
f 834/973/892 1325/976/895 841/979/898 259/974/893
f 254/959/878 836/958/877 1326/980/899 842/981/900
f 836/958/877 255/957/876 843/982/901 1326/980/899
f 1326/980/899 843/982/901 262/983/902 849/984/903
f 842/981/900 1326/980/899 849/984/903 261/985/904
f 255/957/876 837/963/882 1327/986/905 843/982/901
f 837/963/882 256/962/881 844/987/906 1327/986/905
f 1327/986/905 844/987/906 263/988/907 850/989/908
f 843/982/901 1327/986/905 850/989/908 262/983/902
f 256/962/881 838/967/886 1328/990/909 844/987/906
f 838/967/886 257/966/885 845/991/910 1328/990/909
f 1328/990/909 845/991/910 264/992/911 851/993/912
f 844/987/906 1328/990/909 851/993/912 263/988/907
f 257/966/885 839/971/890 1329/994/913 845/991/910
f 839/971/890 258/970/889 846/995/914 1329/994/913
f 1329/994/913 846/995/914 265/996/915 852/997/916
f 845/991/910 1329/994/913 852/997/916 264/992/911
f 258/970/889 840/975/894 1330/998/917 846/995/914
f 840/975/894 259/974/893 847/999/918 1330/998/917
f 1330/998/917 847/999/918 266/1000/919 853/1001/920
f 846/995/914 1330/998/917 853/1001/920 265/996/915
f 259/974/893 841/979/898 1331/1002/921 847/999/918
f 841/979/898 260/978/897 848/1003/922 1331/1002/921
f 1331/1002/921 848/1003/922 267/1004/923 854/1005/924
f 847/999/918 1331/1002/921 854/1005/924 266/1000/919
f 261/985/904 849/984/903 1332/1006/925 855/1007/926
f 849/984/903 262/983/902 856/1008/927 1332/1006/925
f 1332/1006/925 856/1008/927 269/1009/928 862/1010/929
f 855/1007/926 1332/1006/925 862/1010/929 268/1011/930
f 262/983/902 850/989/908 1333/1012/931 856/1008/927
f 850/989/908 263/988/907 857/1013/932 1333/1012/931
f 1333/1012/931 857/1013/932 270/1014/933 863/1015/934
f 856/1008/927 1333/1012/931 863/1015/934 269/1009/928
f 263/988/907 851/993/912 1334/1016/935 857/1013/932
f 851/993/912 264/992/911 858/1017/936 1334/1016/935
f 1334/1016/935 858/1017/936 271/1018/937 864/1019/938
f 857/1013/932 1334/1016/935 864/1019/938 270/1014/933
f 264/992/911 852/997/916 1335/1020/939 858/1017/936
f 852/997/916 265/996/915 859/1021/940 1335/1020/939
f 1335/1020/939 859/1021/940 272/1022/941 865/1023/942
f 858/1017/936 1335/1020/939 865/1023/942 271/1018/937
f 265/996/915 853/1001/920 1336/1024/943 859/1021/940
f 853/1001/920 266/1000/919 860/1025/944 1336/1024/943
f 1336/1024/943 860/1025/944 273/1026/945 866/1027/946
f 859/1021/940 1336/1024/943 866/1027/946 272/1022/941
f 266/1000/919 854/1005/924 1337/1028/947 860/1025/944
f 854/1005/924 267/1004/923 861/1029/948 1337/1028/947
f 1337/1028/947 861/1029/948 274/1030/949 867/1031/950
f 860/1025/944 1337/1028/947 867/1031/950 273/1026/945
f 268/1011/930 862/1010/929 1338/1032/951 868/1033/952
f 862/1010/929 269/1009/928 869/1034/953 1338/1032/951
f 1338/1032/951 869/1034/953 276/1035/954 875/1036/955
f 868/1033/952 1338/1032/951 875/1036/955 275/1037/956
f 269/1009/928 863/1015/934 1339/1038/957 869/1034/953
f 863/1015/934 270/1014/933 870/1039/958 1339/1038/957
f 1339/1038/957 870/1039/958 277/1040/959 876/1041/960
f 869/1034/953 1339/1038/957 876/1041/960 276/1035/954
f 270/1014/933 864/1019/938 1340/1042/961 870/1039/958
f 864/1019/938 271/1018/937 871/1043/962 1340/1042/961
f 1340/1042/961 871/1043/962 278/1044/963 877/1045/964
f 870/1039/958 1340/1042/961 877/1045/964 277/1040/959
f 271/1018/937 865/1023/942 1341/1046/965 871/1043/962
f 865/1023/942 272/1022/941 872/1047/966 1341/1046/965
f 1341/1046/965 872/1047/966 279/1048/967 878/1049/968
f 871/1043/962 1341/1046/965 878/1049/968 278/1044/963
f 272/1022/941 866/1027/946 1342/1050/969 872/1047/966
f 866/1027/946 273/1026/945 873/1051/970 1342/1050/969
f 1342/1050/969 873/1051/970 280/1052/971 879/1053/972
f 872/1047/966 1342/1050/969 879/1053/972 279/1048/967
f 273/1026/945 867/1031/950 1343/1054/973 873/1051/970
f 867/1031/950 274/1030/949 874/1055/974 1343/1054/973
f 1343/1054/973 874/1055/974 281/1056/975 880/1057/976
f 873/1051/970 1343/1054/973 880/1057/976 280/1052/971
f 275/1037/956 875/1036/955 1344/1058/977 881/1059/978
f 875/1036/955 276/1035/954 882/1060/979 1344/1058/977
f 1344/1058/977 882/1060/979 283/1061/980 888/1062/981
f 881/1059/978 1344/1058/977 888/1062/981 282/1063/982
f 276/1035/954 876/1041/960 1345/1064/983 882/1060/979
f 876/1041/960 277/1040/959 883/1065/984 1345/1064/983
f 1345/1064/983 883/1065/984 284/1066/985 889/1067/986
f 882/1060/979 1345/1064/983 889/1067/986 283/1061/980
f 277/1040/959 877/1045/964 1346/1068/987 883/1065/984
f 877/1045/964 278/1044/963 884/1069/988 1346/1068/987
f 1346/1068/987 884/1069/988 285/1070/989 890/1071/990
f 883/1065/984 1346/1068/987 890/1071/990 284/1066/985
f 278/1044/963 878/1049/968 1347/1072/991 884/1069/988
f 878/1049/968 279/1048/967 885/1073/992 1347/1072/991
f 1347/1072/991 885/1073/992 286/1074/993 891/1075/994
f 884/1069/988 1347/1072/991 891/1075/994 285/1070/989
f 279/1048/967 879/1053/972 1348/1076/995 885/1073/992
f 879/1053/972 280/1052/971 886/1077/996 1348/1076/995
f 1348/1076/995 886/1077/996 287/1078/997 892/1079/998
f 885/1073/992 1348/1076/995 892/1079/998 286/1074/993
f 280/1052/971 880/1057/976 1349/1080/999 886/1077/996
f 880/1057/976 281/1056/975 887/1081/1000 1349/1080/999
f 1349/1080/999 887/1081/1000 288/1082/1001 893/1083/1002
f 886/1077/996 1349/1080/999 893/1083/1002 287/1078/997
f 5/1084/811 457/1085/810 1350/1086/1003 465/1087/1004
f 457/1085/810 78/1088/805 894/1089/1005 1350/1086/1003
f 1350/1086/1003 894/1089/1005 240/915/834 921/1090/1006
f 465/1087/1004 1350/1086/1003 921/1090/1006 85/1091/1007
f 78/1088/805 456/1092/804 1351/1093/1008 894/1089/1005
f 456/1092/804 77/1094/801 895/1095/1009 1351/1093/1008
f 1351/1093/1008 895/1095/1009 241/919/838 810/916/835
f 894/1089/1005 1351/1093/1008 810/916/835 240/915/834
f 77/1094/801 455/1096/800 1352/1097/1010 895/1095/1009
f 455/1096/800 76/1098/797 896/1099/1011 1352/1097/1010
f 1352/1097/1010 896/1099/1011 242/926/845 811/924/843
f 895/1095/1009 1352/1097/1010 811/924/843 241/919/838
f 76/1098/797 454/1100/796 1353/1101/1012 896/1099/1011
f 454/1100/796 75/1102/793 897/1103/1013 1353/1101/1012
f 1353/1101/1012 897/1103/1013 243/932/851 812/930/849
f 896/1099/1011 1353/1101/1012 812/930/849 242/926/845
f 75/1102/793 453/1104/792 1354/1105/1014 897/1103/1013
f 453/1104/792 74/1106/789 898/1107/1015 1354/1105/1014
f 1354/1105/1014 898/1107/1015 244/938/857 813/936/855
f 897/1103/1013 1354/1105/1014 813/936/855 243/932/851
f 74/1106/789 452/1108/788 1355/1109/1016 898/1107/1015
f 452/1108/788 73/1110/785 899/1111/1017 1355/1109/1016
f 1355/1109/1016 899/1111/1017 245/944/863 814/942/861
f 898/1107/1015 1355/1109/1016 814/942/861 244/938/857
f 73/1110/785 451/1112/784 1356/1113/1018 899/1111/1017
f 451/1112/784 72/1114/781 900/1115/1019 1356/1113/1018
f 1356/1113/1018 900/1115/1019 246/950/869 815/948/867
f 899/1111/1017 1356/1113/1018 815/948/867 245/944/863
f 72/1114/781 450/1116/780 1357/1117/1020 900/1115/1019
f 450/860/780 6/859/779 466/1118/1021 1357/1119/1020
f 1357/1119/1020 466/1118/1021 86/1120/1022 901/1121/1023
f 900/1115/1019 1357/1117/1020 901/1122/1023 246/950/869
f 246/950/869 901/1122/1023 1358/1123/1024 822/951/870
f 901/1121/1023 86/1120/1022 467/1124/1025 1358/1125/1024
f 1358/1125/1024 467/1124/1025 87/1126/1026 902/1127/1027
f 822/951/870 1358/1123/1024 902/1128/1027 253/952/871
f 253/952/871 902/1128/1027 1359/1129/1028 835/977/896
f 902/1127/1027 87/1126/1026 468/1130/1029 1359/1131/1028
f 1359/1131/1028 468/1130/1029 88/1132/1030 903/1133/1031
f 835/977/896 1359/1129/1028 903/1134/1031 260/978/897
f 260/978/897 903/1134/1031 1360/1135/1032 848/1003/922
f 903/1133/1031 88/1132/1030 469/1136/1033 1360/1137/1032
f 1360/1137/1032 469/1136/1033 89/1138/1034 904/1139/1035
f 848/1003/922 1360/1135/1032 904/1140/1035 267/1004/923
f 267/1004/923 904/1140/1035 1361/1141/1036 861/1029/948
f 904/1139/1035 89/1138/1034 470/1142/1037 1361/1143/1036
f 1361/1143/1036 470/1142/1037 90/1144/1038 905/1145/1039
f 861/1029/948 1361/1141/1036 905/1146/1039 274/1030/949
f 274/1030/949 905/1146/1039 1362/1147/1040 874/1055/974
f 905/1145/1039 90/1144/1038 471/1148/1041 1362/1149/1040
f 1362/1149/1040 471/1148/1041 91/1150/1042 906/1151/1043
f 874/1055/974 1362/1147/1040 906/1152/1043 281/1056/975
f 281/1056/975 906/1152/1043 1363/1153/1044 887/1081/1000
f 906/1151/1043 91/1150/1042 472/1154/1045 1363/1155/1044
f 1363/1155/1044 472/1154/1045 92/1156/1046 907/1157/1047
f 887/1081/1000 1363/1153/1044 907/1158/1047 288/1082/1001
f 288/1082/1001 907/1158/1047 1364/1159/1048 908/1160/1049
f 907/1157/1047 92/1156/1046 473/1161/1050 1364/1162/1048
f 1364/1162/1048 473/1161/1050 2/205/204 393/204/202
f 908/1160/1049 1364/1159/1048 393/1163/202 22/1164/200
f 287/1078/997 893/1083/1002 1365/1165/1051 909/1166/1052
f 893/1083/1002 288/1082/1001 908/1160/1049 1365/1165/1051
f 1365/1165/1051 908/1160/1049 22/1164/200 392/1167/198
f 909/1166/1052 1365/1165/1051 392/1167/198 21/1168/196
f 286/1074/993 892/1079/998 1366/1169/1053 910/1170/1054
f 892/1079/998 287/1078/997 909/1166/1052 1366/1169/1053
f 1366/1169/1053 909/1166/1052 21/1168/196 391/1171/194
f 910/1170/1054 1366/1169/1053 391/1171/194 20/1172/192
f 285/1070/989 891/1075/994 1367/1173/1055 911/1174/1056
f 891/1075/994 286/1074/993 910/1170/1054 1367/1173/1055
f 1367/1173/1055 910/1170/1054 20/1172/192 390/1175/190
f 911/1174/1056 1367/1173/1055 390/1175/190 19/1176/188
f 284/1066/985 890/1071/990 1368/1177/1057 912/1178/1058
f 890/1071/990 285/1070/989 911/1174/1056 1368/1177/1057
f 1368/1177/1057 911/1174/1056 19/1176/188 389/1179/186
f 912/1178/1058 1368/1177/1057 389/1179/186 18/1180/184
f 283/1061/980 889/1067/986 1369/1181/1059 913/1182/1060
f 889/1067/986 284/1066/985 912/1178/1058 1369/1181/1059
f 1369/1181/1059 912/1178/1058 18/1180/184 388/1183/182
f 913/1182/1060 1369/1181/1059 388/1183/182 17/1184/180
f 282/1063/982 888/1062/981 1370/1185/1061 914/1186/1062
f 888/1062/981 283/1061/980 913/1182/1060 1370/1185/1061
f 1370/1185/1061 913/1182/1060 17/1184/180 387/1187/178
f 914/1186/1062 1370/1185/1061 387/1187/178 16/1188/174
f 79/1189/1063 915/1190/1064 1371/1191/1065 458/1192/1066
f 915/1190/1064 282/1063/982 914/1186/1062 1371/1191/1065
f 1371/1191/1065 914/1186/1062 16/1188/174 386/1193/171
f 458/1192/1066 1371/1191/1065 386/1193/171 1/1194/170
f 80/1195/1067 916/1196/1068 1372/1197/1069 459/1198/1070
f 916/1196/1068 275/1037/956 881/1059/978 1372/1197/1069
f 1372/1197/1069 881/1059/978 282/1063/982 915/1190/1064
f 459/1198/1070 1372/1197/1069 915/1190/1064 79/1189/1063
f 81/1199/1071 917/1200/1072 1373/1201/1073 460/1202/1074
f 917/1200/1072 268/1011/930 868/1033/952 1373/1201/1073
f 1373/1201/1073 868/1033/952 275/1037/956 916/1196/1068
f 460/1202/1074 1373/1201/1073 916/1196/1068 80/1195/1067
f 82/1203/1075 918/1204/1076 1374/1205/1077 461/1206/1078
f 918/1204/1076 261/985/904 855/1007/926 1374/1205/1077
f 1374/1205/1077 855/1007/926 268/1011/930 917/1200/1072
f 461/1206/1078 1374/1205/1077 917/1200/1072 81/1199/1071
f 83/1207/1079 919/1208/1080 1375/1209/1081 462/1210/1082
f 919/1208/1080 254/959/878 842/981/900 1375/1209/1081
f 1375/1209/1081 842/981/900 261/985/904 918/1204/1076
f 462/1210/1082 1375/1209/1081 918/1204/1076 82/1203/1075
f 84/1211/1083 920/1212/1084 1376/1213/1085 463/1214/1086
f 920/1212/1084 247/923/842 829/955/874 1376/1213/1085
f 1376/1213/1085 829/955/874 254/959/878 919/1208/1080
f 463/1214/1086 1376/1213/1085 919/1208/1080 83/1207/1079
f 85/1091/1007 921/1090/1006 1377/1215/1087 464/1216/1088
f 921/1090/1006 240/915/834 816/918/837 1377/1215/1087
f 1377/1215/1087 816/918/837 247/923/842 920/1212/1084
f 464/1216/1088 1377/1215/1087 920/1212/1084 84/1211/1083
f 289/1217/1089 922/1218/1090 1378/1219/1091 928/1220/1092
f 922/1218/1090 290/1221/1093 929/1222/1094 1378/1219/1091
f 1378/1219/1091 929/1222/1094 297/1223/1095 935/1224/1096
f 928/1220/1092 1378/1219/1091 935/1224/1096 296/1225/1097
f 290/1221/1093 923/1226/1098 1379/1227/1099 929/1222/1094
f 923/1226/1098 291/1228/1100 930/1229/1101 1379/1227/1099
f 1379/1227/1099 930/1229/1101 298/1230/1102 936/1231/1103
f 929/1222/1094 1379/1227/1099 936/1231/1103 297/1223/1095
f 291/1228/1100 924/1232/1104 1380/1233/1105 930/1229/1101
f 924/1232/1104 292/1234/1106 931/1235/1107 1380/1233/1105
f 1380/1233/1105 931/1235/1107 299/1236/1108 937/1237/1109
f 930/1229/1101 1380/1233/1105 937/1237/1109 298/1230/1102
f 292/1234/1106 925/1238/1110 1381/1239/1111 931/1235/1107
f 925/1238/1110 293/1240/1112 932/1241/1113 1381/1239/1111
f 1381/1239/1111 932/1241/1113 300/1242/1114 938/1243/1115
f 931/1235/1107 1381/1239/1111 938/1243/1115 299/1236/1108
f 293/1240/1112 926/1244/1116 1382/1245/1117 932/1241/1113
f 926/1244/1116 294/1246/1118 933/1247/1119 1382/1245/1117
f 1382/1245/1117 933/1247/1119 301/1248/1120 939/1249/1121
f 932/1241/1113 1382/1245/1117 939/1249/1121 300/1242/1114
f 294/1246/1118 927/1250/1122 1383/1251/1123 933/1247/1119
f 927/1250/1122 295/1252/1124 934/1253/1125 1383/1251/1123
f 1383/1251/1123 934/1253/1125 302/1254/1126 940/1255/1127
f 933/1247/1119 1383/1251/1123 940/1255/1127 301/1248/1120
f 296/1225/1097 935/1224/1096 1384/1256/1128 941/1257/1129
f 935/1224/1096 297/1223/1095 942/1258/1130 1384/1256/1128
f 1384/1256/1128 942/1258/1130 304/1259/1131 945/1260/1132
f 941/1257/1129 1384/1256/1128 945/1260/1132 303/1261/1133
f 301/1248/1120 940/1255/1127 1385/1262/1134 943/1263/1135
f 940/1255/1127 302/1254/1126 944/1264/1136 1385/1262/1134
f 1385/1262/1134 944/1264/1136 306/1265/1137 946/1266/1138
f 943/1263/1135 1385/1262/1134 946/1266/1138 305/1267/1139
f 303/1261/1133 945/1260/1132 1386/1268/1140 947/1269/1141
f 945/1260/1132 304/1259/1131 948/1270/1142 1386/1268/1140
f 1386/1268/1140 948/1270/1142 308/1271/1143 951/1272/1144
f 947/1269/1141 1386/1268/1140 951/1272/1144 307/1273/1145
f 305/1267/1139 946/1266/1138 1387/1274/1146 949/1275/1147
f 946/1266/1138 306/1265/1137 950/1276/1148 1387/1274/1146
f 1387/1274/1146 950/1276/1148 310/1277/1149 952/1278/1150
f 949/1275/1147 1387/1274/1146 952/1278/1150 309/1279/1151
f 307/1273/1145 951/1272/1144 1388/1280/1152 953/1281/1153
f 951/1272/1144 308/1271/1143 954/1282/1154 1388/1280/1152
f 1388/1280/1152 954/1282/1154 312/1283/1155 957/1284/1156
f 953/1281/1153 1388/1280/1152 957/1284/1156 311/1285/1157
f 309/1279/1151 952/1278/1150 1389/1286/1158 955/1287/1159
f 952/1278/1150 310/1277/1149 956/1288/1160 1389/1286/1158
f 1389/1286/1158 956/1288/1160 314/1289/1161 958/1290/1162
f 955/1287/1159 1389/1286/1158 958/1290/1162 313/1291/1163
f 311/1285/1157 957/1284/1156 1390/1292/1164 959/1293/1165
f 957/1284/1156 312/1283/1155 960/1294/1166 1390/1292/1164
f 1390/1292/1164 960/1294/1166 316/1295/1167 963/1296/1168
f 959/1293/1165 1390/1292/1164 963/1296/1168 315/1297/1169
f 313/1291/1163 958/1290/1162 1391/1298/1170 961/1299/1171
f 958/1290/1162 314/1289/1161 962/1300/1172 1391/1298/1170
f 1391/1298/1170 962/1300/1172 321/1301/1173 968/1302/1174
f 961/1299/1171 1391/1298/1170 968/1302/1174 320/1303/1175
f 315/1297/1169 963/1296/1168 1392/1304/1176 969/1305/1177
f 963/1296/1168 316/1295/1167 970/1306/1178 1392/1304/1176
f 1392/1304/1176 970/1306/1178 323/1307/1179 976/1308/1180
f 969/1305/1177 1392/1304/1176 976/1308/1180 322/1309/1181
f 316/1295/1167 964/1310/1182 1393/1311/1183 970/1306/1178
f 964/1310/1182 317/1312/1184 971/1313/1185 1393/1311/1183
f 1393/1311/1183 971/1313/1185 324/1314/1186 977/1315/1187
f 970/1306/1178 1393/1311/1183 977/1315/1187 323/1307/1179
f 317/1312/1184 965/1316/1188 1394/1317/1189 971/1313/1185
f 965/1316/1188 318/1318/1190 972/1319/1191 1394/1317/1189
f 1394/1317/1189 972/1319/1191 325/1320/1192 978/1321/1193
f 971/1313/1185 1394/1317/1189 978/1321/1193 324/1314/1186
f 318/1318/1190 966/1322/1194 1395/1323/1195 972/1319/1191
f 966/1322/1194 319/1324/1196 973/1325/1197 1395/1323/1195
f 1395/1323/1195 973/1325/1197 326/1326/1198 979/1327/1199
f 972/1319/1191 1395/1323/1195 979/1327/1199 325/1320/1192
f 319/1324/1196 967/1328/1200 1396/1329/1201 973/1325/1197
f 967/1328/1200 320/1303/1175 974/1330/1202 1396/1329/1201
f 1396/1329/1201 974/1330/1202 327/1331/1203 980/1332/1204
f 973/1325/1197 1396/1329/1201 980/1332/1204 326/1326/1198
f 320/1303/1175 968/1302/1174 1397/1333/1205 974/1330/1202
f 968/1302/1174 321/1301/1173 975/1334/1206 1397/1333/1205
f 1397/1333/1205 975/1334/1206 328/1335/1207 981/1336/1208
f 974/1330/1202 1397/1333/1205 981/1336/1208 327/1331/1203
f 3/1337/267 417/1338/460 1398/1339/1209 378/1340/265
f 417/1338/460 43/1341/463 982/1342/1210 1398/1339/1209
f 1398/1339/1209 982/1342/1210 289/1217/1089 1009/1343/1211
f 378/1340/265 1398/1339/1209 1009/1343/1211 9/1344/262
f 43/1341/463 416/1345/561 1399/1346/1212 982/1342/1210
f 416/1345/561 42/1347/556 983/1348/1213 1399/1346/1212
f 1399/1346/1212 983/1348/1213 290/1221/1093 922/1218/1090
f 982/1342/1210 1399/1346/1212 922/1218/1090 289/1217/1089
f 42/1347/556 415/1349/559 1400/1350/1214 983/1348/1213
f 415/1349/559 41/1351/552 984/1352/1215 1400/1350/1214
f 1400/1350/1214 984/1352/1215 291/1228/1100 923/1226/1098
f 983/1348/1213 1400/1350/1214 923/1226/1098 290/1221/1093
f 41/1351/552 414/1353/555 1401/1354/1216 984/1352/1215
f 414/1353/555 40/1355/548 985/1356/1217 1401/1354/1216
f 1401/1354/1216 985/1356/1217 292/1234/1106 924/1232/1104
f 984/1352/1215 1401/1354/1216 924/1232/1104 291/1228/1100
f 40/1355/548 413/1357/551 1402/1358/1218 985/1356/1217
f 413/1357/551 39/1359/544 986/1360/1219 1402/1358/1218
f 1402/1358/1218 986/1360/1219 293/1240/1112 925/1238/1110
f 985/1356/1217 1402/1358/1218 925/1238/1110 292/1234/1106
f 39/1359/544 412/1361/547 1403/1362/1220 986/1360/1219
f 412/1361/547 38/1363/540 987/1364/1221 1403/1362/1220
f 1403/1362/1220 987/1364/1221 294/1246/1118 926/1244/1116
f 986/1360/1219 1403/1362/1220 926/1244/1116 293/1240/1112
f 38/1363/540 411/1365/543 1404/1366/1222 987/1364/1221
f 411/1365/543 37/1367/534 988/1368/1223 1404/1366/1222
f 1404/1366/1222 988/1368/1223 295/1252/1124 927/1250/1122
f 987/1364/1221 1404/1366/1222 927/1250/1122 294/1246/1118
f 37/1367/534 410/1369/537 1405/1370/1224 988/1368/1223
f 410/1369/537 7/1371/539 441/1372/732 1405/1370/1224
f 1405/1370/1224 441/1372/732 64/1373/735 989/1374/1225
f 988/1368/1223 1405/1370/1224 989/1374/1225 295/1252/1124
f 295/1252/1124 989/1374/1225 1406/1375/1226 934/1253/1125
f 989/1374/1225 64/1373/735 440/1376/833 1406/1375/1226
f 1406/1375/1226 440/1376/833 63/1377/828 990/1378/1227
f 934/1253/1125 1406/1375/1226 990/1378/1227 302/1254/1126
f 302/1254/1126 990/1378/1227 1407/1379/1228 944/1264/1136
f 990/1378/1227 63/1377/828 439/1380/831 1407/1379/1228
f 1407/1379/1228 439/1380/831 62/1381/824 991/1382/1229
f 944/1264/1136 1407/1379/1228 991/1382/1229 306/1265/1137
f 306/1265/1137 991/1382/1229 1408/1383/1230 950/1276/1148
f 991/1382/1229 62/1381/824 438/1384/827 1408/1383/1230
f 1408/1383/1230 438/1384/827 61/1385/820 992/1386/1231
f 950/1276/1148 1408/1383/1230 992/1386/1231 310/1277/1149
f 310/1277/1149 992/1386/1231 1409/1387/1232 956/1288/1160
f 992/1386/1231 61/1385/820 437/1388/823 1409/1387/1232
f 1409/1387/1232 437/1388/823 60/1389/816 993/1390/1233
f 956/1288/1160 1409/1387/1232 993/1390/1233 314/1289/1161
f 314/1289/1161 993/1390/1233 1410/1391/1234 962/1300/1172
f 993/1390/1233 60/1389/816 436/1392/819 1410/1391/1234
f 1410/1391/1234 436/1392/819 59/1393/812 994/1394/1235
f 962/1300/1172 1410/1391/1234 994/1394/1235 321/1301/1173
f 321/1301/1173 994/1394/1235 1411/1395/1236 975/1334/1206
f 994/1394/1235 59/1393/812 435/1396/815 1411/1395/1236
f 1411/1395/1236 435/1396/815 58/1397/806 995/1398/1237
f 975/1334/1206 1411/1395/1236 995/1398/1237 328/1335/1207
f 328/1335/1207 995/1398/1237 1412/1399/1238 996/1400/1239
f 995/1398/1237 58/1397/806 434/1401/809 1412/1399/1238
f 1412/1399/1238 434/1401/809 5/1402/811 465/1403/1004
f 996/1400/1239 1412/1399/1238 465/1403/1004 85/1404/1007
f 327/1331/1203 981/1336/1208 1413/1405/1240 997/1406/1241
f 981/1336/1208 328/1335/1207 996/1400/1239 1413/1405/1240
f 1413/1405/1240 996/1400/1239 85/1404/1007 464/1407/1088
f 997/1406/1241 1413/1405/1240 464/1407/1088 84/1408/1083
f 326/1326/1198 980/1332/1204 1414/1409/1242 998/1410/1243
f 980/1332/1204 327/1331/1203 997/1406/1241 1414/1409/1242
f 1414/1409/1242 997/1406/1241 84/1408/1083 463/1411/1086
f 998/1410/1243 1414/1409/1242 463/1411/1086 83/1412/1079
f 325/1320/1192 979/1327/1199 1415/1413/1244 999/1414/1245
f 979/1327/1199 326/1326/1198 998/1410/1243 1415/1413/1244
f 1415/1413/1244 998/1410/1243 83/1412/1079 462/1415/1082
f 999/1414/1245 1415/1413/1244 462/1415/1082 82/1416/1075
f 324/1314/1186 978/1321/1193 1416/1417/1246 1000/1418/1247
f 978/1321/1193 325/1320/1192 999/1414/1245 1416/1417/1246
f 1416/1417/1246 999/1414/1245 82/1416/1075 461/1419/1078
f 1000/1418/1247 1416/1417/1246 461/1419/1078 81/1420/1071
f 323/1307/1179 977/1315/1187 1417/1421/1248 1001/1422/1249
f 977/1315/1187 324/1314/1186 1000/1418/1247 1417/1421/1248
f 1417/1421/1248 1000/1418/1247 81/1420/1071 460/1423/1074
f 1001/1422/1249 1417/1421/1248 460/1423/1074 80/1424/1067
f 322/1309/1181 976/1308/1180 1418/1425/1250 1002/1426/1251
f 976/1308/1180 323/1307/1179 1001/1422/1249 1418/1425/1250
f 1418/1425/1250 1001/1422/1249 80/1424/1067 459/1427/1070
f 1002/1426/1251 1418/1425/1250 459/1427/1070 79/1428/1063
f 15/1429/177 1003/1430/1252 1419/1431/1253 385/1432/173
f 1003/1430/1252 322/1309/1181 1002/1426/1251 1419/1431/1253
f 1419/1431/1253 1002/1426/1251 79/1428/1063 458/1433/1066
f 385/1432/173 1419/1431/1253 458/1433/1066 1/1434/170
f 14/1435/284 1004/1436/1254 1420/1437/1255 384/1438/289
f 1004/1436/1254 315/1297/1169 969/1305/1177 1420/1437/1255
f 1420/1437/1255 969/1305/1177 322/1309/1181 1003/1430/1252
f 384/1438/289 1420/1437/1255 1003/1430/1252 15/1429/177
f 13/1439/280 1005/1440/1256 1421/1441/1257 383/1442/287
f 1005/1440/1256 311/1285/1157 959/1293/1165 1421/1441/1257
f 1421/1441/1257 959/1293/1165 315/1297/1169 1004/1436/1254
f 383/1442/287 1421/1441/1257 1004/1436/1254 14/1435/284
f 12/1443/276 1006/1444/1258 1422/1445/1259 382/1446/283
f 1006/1444/1258 307/1273/1145 953/1281/1153 1422/1445/1259
f 1422/1445/1259 953/1281/1153 311/1285/1157 1005/1440/1256
f 382/1446/283 1422/1445/1259 1005/1440/1256 13/1439/280
f 11/1447/272 1007/1448/1260 1423/1449/1261 381/1450/279
f 1007/1448/1260 303/1261/1133 947/1269/1141 1423/1449/1261
f 1423/1449/1261 947/1269/1141 307/1273/1145 1006/1444/1258
f 381/1450/279 1423/1449/1261 1006/1444/1258 12/1443/276
f 10/1451/268 1008/1452/1262 1424/1453/1263 380/1454/275
f 1008/1452/1262 296/1225/1097 941/1257/1129 1424/1453/1263
f 1424/1453/1263 941/1257/1129 303/1261/1133 1007/1448/1260
f 380/1454/275 1424/1453/1263 1007/1448/1260 11/1447/272
f 9/1344/262 1009/1343/1211 1425/1455/1264 379/1456/271
f 1009/1343/1211 289/1217/1089 928/1220/1092 1425/1455/1264
f 1425/1455/1264 928/1220/1092 296/1225/1097 1008/1452/1262
f 379/1456/271 1425/1455/1264 1008/1452/1262 10/1451/268
f 329/1457/1265 1010/1458/1266 1426/1459/1267 1016/1460/1268
f 1010/1458/1266 330/1461/1269 1017/1462/1270 1426/1459/1267
f 1426/1459/1267 1017/1462/1270 337/1463/1271 1023/1464/1272
f 1016/1460/1268 1426/1459/1267 1023/1464/1272 336/1465/1273
f 330/1461/1269 1011/1466/1274 1427/1467/1275 1017/1462/1270
f 1011/1466/1274 331/1468/1276 1018/1469/1277 1427/1467/1275
f 1427/1467/1275 1018/1469/1277 338/1470/1278 1024/1471/1279
f 1017/1462/1270 1427/1467/1275 1024/1471/1279 337/1463/1271
f 331/1468/1276 1012/1472/1280 1428/1473/1281 1018/1469/1277
f 1012/1472/1280 332/1474/1282 1019/1475/1283 1428/1473/1281
f 1428/1473/1281 1019/1475/1283 339/1476/1284 1025/1477/1285
f 1018/1469/1277 1428/1473/1281 1025/1477/1285 338/1470/1278
f 332/1474/1282 1013/1478/1286 1429/1479/1287 1019/1475/1283
f 1013/1478/1286 333/1480/1288 1020/1481/1289 1429/1479/1287
f 1429/1479/1287 1020/1481/1289 340/1482/1290 1026/1483/1291
f 1019/1475/1283 1429/1479/1287 1026/1483/1291 339/1476/1284
f 333/1480/1288 1014/1484/1292 1430/1485/1293 1020/1481/1289
f 1014/1484/1292 334/1486/1294 1021/1487/1295 1430/1485/1293
f 1430/1485/1293 1021/1487/1295 341/1488/1296 1027/1489/1297
f 1020/1481/1289 1430/1485/1293 1027/1489/1297 340/1482/1290
f 334/1486/1294 1015/1490/1298 1431/1491/1299 1021/1487/1295
f 1015/1490/1298 335/1492/1300 1022/1493/1301 1431/1491/1299
f 1431/1491/1299 1022/1493/1301 342/1494/1302 1028/1495/1303
f 1021/1487/1295 1431/1491/1299 1028/1495/1303 341/1488/1296
f 336/1465/1273 1023/1464/1272 1432/1496/1304 1029/1497/1305
f 1023/1464/1272 337/1463/1271 1030/1498/1306 1432/1496/1304
f 1432/1496/1304 1030/1498/1306 344/1499/1307 1036/1500/1308
f 1029/1497/1305 1432/1496/1304 1036/1500/1308 343/1501/1309
f 337/1463/1271 1024/1471/1279 1433/1502/1310 1030/1498/1306
f 1024/1471/1279 338/1470/1278 1031/1503/1311 1433/1502/1310
f 1433/1502/1310 1031/1503/1311 345/1504/1312 1037/1505/1313
f 1030/1498/1306 1433/1502/1310 1037/1505/1313 344/1499/1307
f 338/1470/1278 1025/1477/1285 1434/1506/1314 1031/1503/1311
f 1025/1477/1285 339/1476/1284 1032/1507/1315 1434/1506/1314
f 1434/1506/1314 1032/1507/1315 346/1508/1316 1038/1509/1317
f 1031/1503/1311 1434/1506/1314 1038/1509/1317 345/1504/1312
f 339/1476/1284 1026/1483/1291 1435/1510/1318 1032/1507/1315
f 1026/1483/1291 340/1482/1290 1033/1511/1319 1435/1510/1318
f 1435/1510/1318 1033/1511/1319 347/1512/1320 1039/1513/1321
f 1032/1507/1315 1435/1510/1318 1039/1513/1321 346/1508/1316
f 340/1482/1290 1027/1489/1297 1436/1514/1322 1033/1511/1319
f 1027/1489/1297 341/1488/1296 1034/1515/1323 1436/1514/1322
f 1436/1514/1322 1034/1515/1323 348/1516/1324 1040/1517/1325
f 1033/1511/1319 1436/1514/1322 1040/1517/1325 347/1512/1320
f 341/1488/1296 1028/1495/1303 1437/1518/1326 1034/1515/1323
f 1028/1495/1303 342/1494/1302 1035/1519/1327 1437/1518/1326
f 1437/1518/1326 1035/1519/1327 349/1520/1328 1041/1521/1329
f 1034/1515/1323 1437/1518/1326 1041/1521/1329 348/1516/1324
f 343/1501/1309 1036/1500/1308 1438/1522/1330 1042/1523/1331
f 1036/1500/1308 344/1499/1307 1043/1524/1332 1438/1522/1330
f 1438/1522/1330 1043/1524/1332 351/1525/1333 1049/1526/1334
f 1042/1523/1331 1438/1522/1330 1049/1526/1334 350/1527/1335
f 344/1499/1307 1037/1505/1313 1439/1528/1336 1043/1524/1332
f 1037/1505/1313 345/1504/1312 1044/1529/1337 1439/1528/1336
f 1439/1528/1336 1044/1529/1337 352/1530/1338 1050/1531/1339
f 1043/1524/1332 1439/1528/1336 1050/1531/1339 351/1525/1333
f 345/1504/1312 1038/1509/1317 1440/1532/1340 1044/1529/1337
f 1038/1509/1317 346/1508/1316 1045/1533/1341 1440/1532/1340
f 1440/1532/1340 1045/1533/1341 353/1534/1342 1051/1535/1343
f 1044/1529/1337 1440/1532/1340 1051/1535/1343 352/1530/1338
f 346/1508/1316 1039/1513/1321 1441/1536/1344 1045/1533/1341
f 1039/1513/1321 347/1512/1320 1046/1537/1345 1441/1536/1344
f 1441/1536/1344 1046/1537/1345 354/1538/1346 1052/1539/1347
f 1045/1533/1341 1441/1536/1344 1052/1539/1347 353/1534/1342
f 347/1512/1320 1040/1517/1325 1442/1540/1348 1046/1537/1345
f 1040/1517/1325 348/1516/1324 1047/1541/1349 1442/1540/1348
f 1442/1540/1348 1047/1541/1349 355/1542/1350 1053/1543/1351
f 1046/1537/1345 1442/1540/1348 1053/1543/1351 354/1538/1346
f 348/1516/1324 1041/1521/1329 1443/1544/1352 1047/1541/1349
f 1041/1521/1329 349/1520/1328 1048/1545/1353 1443/1544/1352
f 1443/1544/1352 1048/1545/1353 356/1546/1354 1054/1547/1355
f 1047/1541/1349 1443/1544/1352 1054/1547/1355 355/1542/1350
f 350/1527/1335 1049/1526/1334 1444/1548/1356 1055/1549/1357
f 1049/1526/1334 351/1525/1333 1056/1550/1358 1444/1548/1356
f 1444/1548/1356 1056/1550/1358 358/1551/1359 1062/1552/1360
f 1055/1549/1357 1444/1548/1356 1062/1552/1360 357/1553/1361
f 351/1525/1333 1050/1531/1339 1445/1554/1362 1056/1550/1358
f 1050/1531/1339 352/1530/1338 1057/1555/1363 1445/1554/1362
f 1445/1554/1362 1057/1555/1363 359/1556/1364 1063/1557/1365
f 1056/1550/1358 1445/1554/1362 1063/1557/1365 358/1551/1359
f 352/1530/1338 1051/1535/1343 1446/1558/1366 1057/1555/1363
f 1051/1535/1343 353/1534/1342 1058/1559/1367 1446/1558/1366
f 1446/1558/1366 1058/1559/1367 360/1560/1368 1064/1561/1369
f 1057/1555/1363 1446/1558/1366 1064/1561/1369 359/1556/1364
f 353/1534/1342 1052/1539/1347 1447/1562/1370 1058/1559/1367
f 1052/1539/1347 354/1538/1346 1059/1563/1371 1447/1562/1370
f 1447/1562/1370 1059/1563/1371 361/1564/1372 1065/1565/1373
f 1058/1559/1367 1447/1562/1370 1065/1565/1373 360/1560/1368
f 354/1538/1346 1053/1543/1351 1448/1566/1374 1059/1563/1371
f 1053/1543/1351 355/1542/1350 1060/1567/1375 1448/1566/1374
f 1448/1566/1374 1060/1567/1375 362/1568/1376 1066/1569/1377
f 1059/1563/1371 1448/1566/1374 1066/1569/1377 361/1564/1372
f 355/1542/1350 1054/1547/1355 1449/1570/1378 1060/1567/1375
f 1054/1547/1355 356/1546/1354 1061/1571/1379 1449/1570/1378
f 1449/1570/1378 1061/1571/1379 363/1572/1380 1067/1573/1381
f 1060/1567/1375 1449/1570/1378 1067/1573/1381 362/1568/1376
f 357/1553/1361 1062/1552/1360 1450/1574/1382 1068/1575/1383
f 1062/1552/1360 358/1551/1359 1069/1576/1384 1450/1574/1382
f 1450/1574/1382 1069/1576/1384 365/1577/1385 1075/1578/1386
f 1068/1575/1383 1450/1574/1382 1075/1578/1386 364/1579/1387
f 358/1551/1359 1063/1557/1365 1451/1580/1388 1069/1576/1384
f 1063/1557/1365 359/1556/1364 1070/1581/1389 1451/1580/1388
f 1451/1580/1388 1070/1581/1389 366/1582/1390 1076/1583/1391
f 1069/1576/1384 1451/1580/1388 1076/1583/1391 365/1577/1385
f 359/1556/1364 1064/1561/1369 1452/1584/1392 1070/1581/1389
f 1064/1561/1369 360/1560/1368 1071/1585/1393 1452/1584/1392
f 1452/1584/1392 1071/1585/1393 367/1586/1394 1077/1587/1395
f 1070/1581/1389 1452/1584/1392 1077/1587/1395 366/1582/1390
f 360/1560/1368 1065/1565/1373 1453/1588/1396 1071/1585/1393
f 1065/1565/1373 361/1564/1372 1072/1589/1397 1453/1588/1396
f 1453/1588/1396 1072/1589/1397 368/1590/1398 1078/1591/1399
f 1071/1585/1393 1453/1588/1396 1078/1591/1399 367/1586/1394
f 361/1564/1372 1066/1569/1377 1454/1592/1400 1072/1589/1397
f 1066/1569/1377 362/1568/1376 1073/1593/1401 1454/1592/1400
f 1454/1592/1400 1073/1593/1401 369/1594/1402 1079/1595/1403
f 1072/1589/1397 1454/1592/1400 1079/1595/1403 368/1590/1398
f 362/1568/1376 1067/1573/1381 1455/1596/1404 1073/1593/1401
f 1067/1573/1381 363/1572/1380 1074/1597/1405 1455/1596/1404
f 1455/1596/1404 1074/1597/1405 370/1598/1406 1080/1599/1407
f 1073/1593/1401 1455/1596/1404 1080/1599/1407 369/1594/1402
f 364/1579/1387 1075/1578/1386 1456/1600/1408 1081/1601/1409
f 1075/1578/1386 365/1577/1385 1082/1602/1410 1456/1600/1408
f 1456/1600/1408 1082/1602/1410 372/1603/1411 1088/1604/1412
f 1081/1601/1409 1456/1600/1408 1088/1604/1412 371/1605/1413
f 365/1577/1385 1076/1583/1391 1457/1606/1414 1082/1602/1410
f 1076/1583/1391 366/1582/1390 1083/1607/1415 1457/1606/1414
f 1457/1606/1414 1083/1607/1415 373/1608/1416 1089/1609/1417
f 1082/1602/1410 1457/1606/1414 1089/1609/1417 372/1603/1411
f 366/1582/1390 1077/1587/1395 1458/1610/1418 1083/1607/1415
f 1077/1587/1395 367/1586/1394 1084/1611/1419 1458/1610/1418
f 1458/1610/1418 1084/1611/1419 374/1612/1420 1090/1613/1421
f 1083/1607/1415 1458/1610/1418 1090/1613/1421 373/1608/1416
f 367/1586/1394 1078/1591/1399 1459/1614/1422 1084/1611/1419
f 1078/1591/1399 368/1590/1398 1085/1615/1423 1459/1614/1422
f 1459/1614/1422 1085/1615/1423 375/1616/1424 1091/1617/1425
f 1084/1611/1419 1459/1614/1422 1091/1617/1425 374/1612/1420
f 368/1590/1398 1079/1595/1403 1460/1618/1426 1085/1615/1423
f 1079/1595/1403 369/1594/1402 1086/1619/1427 1460/1618/1426
f 1460/1618/1426 1086/1619/1427 376/1620/1428 1092/1621/1429
f 1085/1615/1423 1460/1618/1426 1092/1621/1429 375/1616/1424
f 369/1594/1402 1080/1599/1407 1461/1622/1430 1086/1619/1427
f 1080/1599/1407 370/1598/1406 1087/1623/1431 1461/1622/1430
f 1461/1622/1430 1087/1623/1431 377/1624/1432 1093/1625/1433
f 1086/1619/1427 1461/1622/1430 1093/1625/1433 376/1620/1428
f 8/555/507 425/553/506 1462/1626/1434 442/814/749
f 425/553/506 50/548/502 1094/1627/1435 1462/1626/1434
f 1462/1626/1434 1094/1627/1435 329/1457/1265 1121/1628/1436
f 442/814/749 1462/1626/1434 1121/1628/1436 65/816/750
f 50/548/502 424/546/501 1463/1629/1437 1094/1627/1435
f 424/546/501 49/542/498 1095/1630/1438 1463/1629/1437
f 1463/1629/1437 1095/1630/1438 330/1461/1269 1010/1458/1266
f 1094/1627/1435 1463/1629/1437 1010/1458/1266 329/1457/1265
f 49/542/498 423/540/497 1464/1631/1439 1095/1630/1438
f 423/540/497 48/536/494 1096/1632/1440 1464/1631/1439
f 1464/1631/1439 1096/1632/1440 331/1468/1276 1011/1466/1274
f 1095/1630/1438 1464/1631/1439 1011/1466/1274 330/1461/1269
f 48/536/494 422/534/493 1465/1633/1441 1096/1632/1440
f 422/534/493 47/530/490 1097/1634/1442 1465/1633/1441
f 1465/1633/1441 1097/1634/1442 332/1474/1282 1012/1472/1280
f 1096/1632/1440 1465/1633/1441 1012/1472/1280 331/1468/1276
f 47/530/490 421/528/489 1466/1635/1443 1097/1634/1442
f 421/528/489 46/524/486 1098/1636/1444 1466/1635/1443
f 1466/1635/1443 1098/1636/1444 333/1480/1288 1013/1478/1286
f 1097/1634/1442 1466/1635/1443 1013/1478/1286 332/1474/1282
f 46/524/486 420/522/485 1467/1637/1445 1098/1636/1444
f 420/522/485 45/518/482 1099/1638/1446 1467/1637/1445
f 1467/1637/1445 1099/1638/1446 334/1486/1294 1014/1484/1292
f 1098/1636/1444 1467/1637/1445 1014/1484/1292 333/1480/1288
f 45/518/482 419/516/481 1468/1639/1447 1099/1638/1446
f 419/516/481 44/512/478 1100/1640/1448 1468/1639/1447
f 1468/1639/1447 1100/1640/1448 335/1492/1300 1015/1490/1298
f 1099/1638/1446 1468/1639/1447 1015/1490/1298 334/1486/1294
f 44/512/478 418/510/477 1469/1641/1449 1100/1640/1448
f 418/510/477 4/251/235 401/249/234 1469/1641/1449
f 1469/1641/1449 401/249/234 29/244/230 1101/1642/1450
f 1100/1640/1448 1469/1641/1449 1101/1642/1450 335/1492/1300
f 335/1492/1300 1101/1642/1450 1470/1643/1451 1022/1493/1301
f 1101/1642/1450 29/244/230 400/242/229 1470/1643/1451
f 1470/1643/1451 400/242/229 28/238/226 1102/1644/1452
f 1022/1493/1301 1470/1643/1451 1102/1644/1452 342/1494/1302
f 342/1494/1302 1102/1644/1452 1471/1645/1453 1035/1519/1327
f 1102/1644/1452 28/238/226 399/236/225 1471/1645/1453
f 1471/1645/1453 399/236/225 27/232/222 1103/1646/1454
f 1035/1519/1327 1471/1645/1453 1103/1646/1454 349/1520/1328
f 349/1520/1328 1103/1646/1454 1472/1647/1455 1048/1545/1353
f 1103/1646/1454 27/232/222 398/230/221 1472/1647/1455
f 1472/1647/1455 398/230/221 26/226/218 1104/1648/1456
f 1048/1545/1353 1472/1647/1455 1104/1648/1456 356/1546/1354
f 356/1546/1354 1104/1648/1456 1473/1649/1457 1061/1571/1379
f 1104/1648/1456 26/226/218 397/224/217 1473/1649/1457
f 1473/1649/1457 397/224/217 25/220/214 1105/1650/1458
f 1061/1571/1379 1473/1649/1457 1105/1650/1458 363/1572/1380
f 363/1572/1380 1105/1650/1458 1474/1651/1459 1074/1597/1405
f 1105/1650/1458 25/220/214 396/218/213 1474/1651/1459
f 1474/1651/1459 396/218/213 24/214/210 1106/1652/1460
f 1074/1597/1405 1474/1651/1459 1106/1652/1460 370/1598/1406
f 370/1598/1406 1106/1652/1460 1475/1653/1461 1087/1623/1431
f 1106/1652/1460 24/214/210 395/212/209 1475/1653/1461
f 1475/1653/1461 395/212/209 23/208/206 1107/1654/1462
f 1087/1623/1431 1475/1653/1461 1107/1654/1462 377/1624/1432
f 377/1624/1432 1107/1654/1462 1476/1655/1463 1108/1656/1464
f 1107/1654/1462 23/208/206 394/206/205 1476/1655/1463
f 1476/1655/1463 394/206/205 2/205/204 473/1161/1050
f 1108/1656/1464 1476/1655/1463 473/1161/1050 92/1156/1046
f 376/1620/1428 1093/1625/1433 1477/1657/1465 1109/1658/1466
f 1093/1625/1433 377/1624/1432 1108/1656/1464 1477/1657/1465
f 1477/1657/1465 1108/1656/1464 92/1156/1046 472/1154/1045
f 1109/1658/1466 1477/1657/1465 472/1154/1045 91/1150/1042
f 375/1616/1424 1092/1621/1429 1478/1659/1467 1110/1660/1468
f 1092/1621/1429 376/1620/1428 1109/1658/1466 1478/1659/1467
f 1478/1659/1467 1109/1658/1466 91/1150/1042 471/1148/1041
f 1110/1660/1468 1478/1659/1467 471/1148/1041 90/1144/1038
f 374/1612/1420 1091/1617/1425 1479/1661/1469 1111/1662/1470
f 1091/1617/1425 375/1616/1424 1110/1660/1468 1479/1661/1469
f 1479/1661/1469 1110/1660/1468 90/1144/1038 470/1142/1037
f 1111/1662/1470 1479/1661/1469 470/1142/1037 89/1138/1034
f 373/1608/1416 1090/1613/1421 1480/1663/1471 1112/1664/1472
f 1090/1613/1421 374/1612/1420 1111/1662/1470 1480/1663/1471
f 1480/1663/1471 1111/1662/1470 89/1138/1034 469/1136/1033
f 1112/1664/1472 1480/1663/1471 469/1136/1033 88/1132/1030
f 372/1603/1411 1089/1609/1417 1481/1665/1473 1113/1666/1474
f 1089/1609/1417 373/1608/1416 1112/1664/1472 1481/1665/1473
f 1481/1665/1473 1112/1664/1472 88/1132/1030 468/1130/1029
f 1113/1666/1474 1481/1665/1473 468/1130/1029 87/1126/1026
f 371/1605/1413 1088/1604/1412 1482/1667/1475 1114/1668/1476
f 1088/1604/1412 372/1603/1411 1113/1666/1474 1482/1667/1475
f 1482/1667/1475 1113/1666/1474 87/1126/1026 467/1124/1025
f 1114/1668/1476 1482/1667/1475 467/1124/1025 86/1120/1022
f 71/852/774 1115/1669/1477 1483/1670/1478 449/857/778
f 1115/1669/1477 371/1605/1413 1114/1668/1476 1483/1670/1478
f 1483/1670/1478 1114/1668/1476 86/1120/1022 466/1118/1021
f 449/857/778 1483/1670/1478 466/1118/1021 6/859/779
f 70/846/770 1116/1671/1479 1484/1672/1480 448/850/773
f 1116/1671/1479 364/1579/1387 1081/1601/1409 1484/1672/1480
f 1484/1672/1480 1081/1601/1409 371/1605/1413 1115/1669/1477
f 448/850/773 1484/1672/1480 1115/1669/1477 71/852/774
f 69/840/766 1117/1673/1481 1485/1674/1482 447/844/769
f 1117/1673/1481 357/1553/1361 1068/1575/1383 1485/1674/1482
f 1485/1674/1482 1068/1575/1383 364/1579/1387 1116/1671/1479
f 447/844/769 1485/1674/1482 1116/1671/1479 70/846/770
f 68/834/762 1118/1675/1483 1486/1676/1484 446/838/765
f 1118/1675/1483 350/1527/1335 1055/1549/1357 1486/1676/1484
f 1486/1676/1484 1055/1549/1357 357/1553/1361 1117/1673/1481
f 446/838/765 1486/1676/1484 1117/1673/1481 69/840/766
f 67/828/758 1119/1677/1485 1487/1678/1486 445/832/761
f 1119/1677/1485 343/1501/1309 1042/1523/1331 1487/1678/1486
f 1487/1678/1486 1042/1523/1331 350/1527/1335 1118/1675/1483
f 445/832/761 1487/1678/1486 1118/1675/1483 68/834/762
f 66/822/754 1120/1679/1487 1488/1680/1488 444/826/757
f 1120/1679/1487 336/1465/1273 1029/1497/1305 1488/1680/1488
f 1488/1680/1488 1029/1497/1305 343/1501/1309 1119/1677/1485
f 444/826/757 1488/1680/1488 1119/1677/1485 67/828/758
f 65/816/750 1121/1628/1436 1489/1681/1489 443/820/753
f 1121/1628/1436 329/1457/1265 1016/1460/1268 1489/1681/1489
f 1489/1681/1489 1016/1460/1268 336/1465/1273 1120/1679/1487
f 443/820/753 1489/1681/1489 1120/1679/1487 66/822/754
f 2531/1682/1490 2564/1683/1491 2653/1684/1492 2561/1685/1493
f 2533/1686/1494 2567/1687/1495 2656/1688/1496 2562/1689/1497
f 2536/1690/1498 2581/1691/1499 2575/1692/1500 2534/1693/1501
f 2537/1694/1502 2584/1695/1503 2578/1696/1504 2535/1697/1505
f 2538/1698/1506 2587/1699/1507 2581/1691/1499 2536/1690/1498
f 2539/1700/1508 2590/1701/1509 2584/1695/1503 2537/1694/1502
f 2540/1702/1510 2593/1703/1511 2587/1699/1507 2538/1698/1506
f 2541/1704/1512 2596/1705/1513 2590/1701/1509 2539/1700/1508
f 2542/1706/1514 2599/1707/1515 2593/1703/1511 2540/1702/1510
f 2543/1708/1516 2602/1709/1517 2596/1705/1513 2541/1704/1512
f 2544/1710/1518 2605/1711/1519 2599/1707/1515 2542/1706/1514
f 2547/1712/1520 2611/1713/1521 2602/1709/1517 2543/1708/1516
f 2545/1714/1522 2570/1715/1523 2638/1716/1524 2556/1717/1525
f 2548/1718/1526 2614/1719/1527 2605/1711/1519 2544/1710/1518
f 2549/1720/1528 2617/1721/1529 2608/1722/1530 2546/1723/1531
f 2550/1724/1532 2620/1725/1533 2611/1713/1521 2547/1712/1520
f 2551/1726/1534 2623/1727/1535 2614/1719/1527 2548/1718/1526
f 2552/1728/1536 2626/1729/1537 2617/1721/1529 2549/1720/1528
f 2553/1730/1538 2629/1731/1539 2620/1725/1533 2550/1724/1532
f 2554/1732/1540 2632/1733/1541 2623/1727/1535 2551/1726/1534
f 2555/1734/1542 2635/1735/1543 2626/1729/1537 2552/1728/1536
f 2556/1717/1525 2638/1716/1524 2629/1731/1539 2553/1730/1538
f 2557/1736/1544 2641/1737/1545 2632/1733/1541 2554/1732/1540
f 2558/1738/1546 2644/1739/1547 2635/1735/1543 2555/1734/1542
f 2559/1740/1548 2647/1741/1549 2641/1737/1545 2557/1736/1544
f 2546/1723/1531 2608/1722/1530 2570/1715/1523 2545/1714/1522
f 2560/1742/1550 2650/1743/1551 2644/1739/1547 2558/1738/1546
f 2561/1685/1493 2653/1684/1492 2647/1741/1549 2559/1740/1548
f 2562/1689/1497 2656/1688/1496 2650/1743/1551 2560/1742/1550
f 2532/1744/1552 2572/1745/1553 2564/1683/1491 2531/1682/1490
f 2534/1693/1501 2575/1692/1500 2567/1687/1495 2533/1686/1494
f 1520/1730/1554 1552/1746/1555 1551/1747/1556 1519/1724/1557
f 1507/1732/1558 1539/1748/1559 1538/1749/1560 1506/1726/1561
f 1494/1734/1562 1526/1750/1563 1525/1751/1564 1493/1728/1565
f 1521/1717/1566 1553/1752/1567 1552/1746/1555 1520/1730/1554
f 1508/1736/1568 1540/1753/1569 1539/1748/1559 1507/1732/1558
f 1495/1738/1570 1527/1754/1571 1526/1750/1563 1494/1734/1562
f 1490/1714/1572 1522/1755/1573 1553/1752/1567 1521/1717/1566
f 1509/1740/1574 1541/1756/1575 1540/1753/1569 1508/1736/1568
f 1496/1742/1576 1528/1757/1577 1527/1754/1571 1495/1738/1570
f 1510/1685/1578 1542/1758/1579 1541/1756/1575 1509/1740/1574
f 1497/1689/1580 1529/1759/1581 1528/1757/1577 1496/1742/1576
f 1511/1682/1582 1543/1760/1583 1542/1758/1579 1510/1685/1578
f 1498/1686/1584 1530/1761/1585 1529/1759/1581 1497/1689/1580
f 1512/1744/1586 1544/1762/1587 1543/1760/1583 1511/1682/1582
f 1499/1693/1588 1531/1763/1589 1530/1761/1585 1498/1686/1584
f 1513/1697/1590 1545/1764/1591 1544/1762/1587 1512/1744/1586
f 1500/1690/1592 1532/1765/1593 1531/1763/1589 1499/1693/1588
f 1514/1694/1594 1546/1766/1595 1545/1764/1591 1513/1697/1590
f 1501/1698/1596 1533/1767/1597 1532/1765/1593 1500/1690/1592
f 1515/1700/1598 1547/1768/1599 1546/1766/1595 1514/1694/1594
f 1502/1702/1600 1534/1769/1601 1533/1767/1597 1501/1698/1596
f 1516/1704/1602 1548/1770/1603 1547/1768/1599 1515/1700/1598
f 1503/1706/1604 1535/1771/1605 1534/1769/1601 1502/1702/1600
f 1517/1708/1606 1549/1772/1607 1548/1770/1603 1516/1704/1602
f 1504/1710/1608 1536/1773/1609 1535/1771/1605 1503/1706/1604
f 1491/1723/1610 1523/1774/1611 1522/1755/1573 1490/1714/1572
f 1518/1712/1612 1550/1775/1613 1549/1772/1607 1517/1708/1606
f 1505/1718/1614 1537/1776/1615 1536/1773/1609 1504/1710/1608
f 1492/1720/1616 1524/1777/1617 1523/1774/1611 1491/1723/1610
f 1519/1724/1557 1551/1747/1556 1550/1775/1613 1518/1712/1612
f 1506/1726/1561 1538/1749/1560 1537/1776/1615 1505/1718/1614
f 1493/1728/1565 1525/1751/1564 1524/1777/1617 1492/1720/1616
f 2756/1778/1618 1574/1779/1619 1573/1780/1620 2755/1781/1621
f 2758/1782/1622 1561/1783/1623 1560/1784/1624 2757/1785/1625
f 2759/1786/1626 1575/1787/1627 1574/1788/1619 2756/1789/1618
f 2760/1790/1628 1562/1791/1629 1561/1783/1623 2758/1782/1622
f 2761/1792/1630 1576/1793/1631 1575/1787/1627 2759/1786/1626
f 2762/1794/1632 1563/1795/1633 1562/1791/1629 2760/1790/1628
f 2763/1796/1634 1577/1797/1635 1576/1793/1631 2761/1792/1630
f 2764/1798/1636 1564/1799/1637 1563/1795/1633 2762/1794/1632
f 2765/1800/1638 1578/1801/1639 1577/1797/1635 2763/1796/1634
f 2766/1802/1640 1565/1803/1641 1564/1799/1637 2764/1798/1636
f 2767/1804/1642 1579/1805/1643 1578/1801/1639 2765/1800/1638
f 2768/1806/1644 1566/1807/1645 1565/1803/1641 2766/1802/1640
f 2769/1808/1646 1580/1809/1647 1579/1805/1643 2767/1804/1642
f 2770/1810/1648 1567/1811/1649 1566/1812/1645 2768/1813/1644
f 2771/1814/1650 1581/1815/1651 1580/1809/1647 2769/1808/1646
f 2772/1816/1652 1568/1817/1653 1567/1811/1649 2770/1810/1648
f 2774/1818/1654 1555/1819/1655 1554/1820/1656 2773/1821/1657
f 2775/1822/1658 1582/1823/1659 1581/1815/1651 2771/1814/1650
f 2776/1824/1660 1569/1825/1661 1568/1817/1653 2772/1816/1652
f 2777/1826/1662 1556/1827/1663 1555/1819/1655 2774/1818/1654
f 2778/1828/1664 1583/1829/1665 1582/1830/1659 2775/1831/1658
f 2779/1832/1666 1570/1833/1667 1569/1825/1661 2776/1824/1660
f 2780/1834/1668 1557/1835/1669 1556/1827/1663 2777/1826/1662
f 2781/1836/1670 1584/1837/1671 1583/1829/1665 2778/1828/1664
f 2782/1838/1672 1571/1839/1673 1570/1833/1667 2779/1832/1666
f 2783/1840/1674 1558/1841/1675 1557/1835/1669 2780/1834/1668
f 2784/1842/1676 1585/1843/1677 1584/1837/1671 2781/1836/1670
f 2785/1844/1678 1572/1845/1679 1571/1839/1673 2782/1838/1672
f 2786/1846/1680 1559/1847/1681 1558/1848/1675 2783/1849/1674
f 2773/1821/1657 1554/1820/1656 1585/1843/1677 2784/1842/1676
f 2755/1781/1621 1573/1780/1620 1572/1845/1679 2785/1844/1678
f 2757/1785/1625 1560/1784/1624 1559/1847/1681 2786/1846/1680
f 2788/1850/1682 1609/1851/1683 1608/1852/1684 2787/1853/1685
f 2790/1854/1686 1596/1855/1687 1595/1856/1688 2789/1857/1689
f 2791/1858/1690 1610/1859/1691 1609/1851/1683 2788/1850/1682
f 2792/1860/1692 1597/1861/1693 1596/1855/1687 2790/1854/1686
f 2793/1862/1694 1611/1863/1695 1610/1859/1691 2791/1858/1690
f 2794/1864/1696 1598/1865/1697 1597/1861/1693 2792/1860/1692
f 2795/1866/1698 1612/1867/1699 1611/1863/1695 2793/1862/1694
f 2796/1868/1700 1599/1869/1701 1598/1865/1697 2794/1864/1696
f 2797/1870/1702 1613/1871/1703 1612/1867/1699 2795/1866/1698
f 2798/1872/1704 1600/1873/1705 1599/1869/1701 2796/1868/1700
f 2800/1874/1706 1587/1875/1707 1586/1876/1708 2799/1877/1709
f 2801/1878/1710 1614/1879/1711 1613/1871/1703 2797/1870/1702
f 2802/1880/1712 1601/1881/1713 1600/1873/1705 2798/1872/1704
f 2803/1882/1714 1588/1883/1715 1587/1875/1707 2800/1874/1706
f 2804/1884/1716 1615/1885/1717 1614/1879/1711 2801/1878/1710
f 2805/1886/1718 1602/1887/1719 1601/1881/1713 2802/1880/1712
f 2806/1888/1720 1589/1889/1721 1588/1883/1715 2803/1882/1714
f 2807/1890/1722 1616/1891/1723 1615/1885/1717 2804/1884/1716
f 2808/1892/1724 1603/1893/1725 1602/1887/1719 2805/1886/1718
f 2809/1894/1726 1590/1895/1727 1589/1889/1721 2806/1888/1720
f 2810/1896/1728 1617/1897/1729 1616/1891/1723 2807/1890/1722
f 2811/1898/1730 1604/1899/1731 1603/1893/1725 2808/1892/1724
f 2812/1900/1732 1591/1901/1733 1590/1895/1727 2809/1894/1726
f 2799/1877/1709 1586/1876/1708 1617/1897/1729 2810/1896/1728
f 2813/1902/1734 1605/1903/1735 1604/1899/1731 2811/1898/1730
f 2814/1904/1736 1592/1905/1737 1591/1901/1733 2812/1900/1732
f 2815/1906/1738 1606/1907/1739 1605/1903/1735 2813/1902/1734
f 2816/1908/1740 1593/1909/1741 1592/1905/1737 2814/1904/1736
f 2817/1910/1742 1607/1911/1743 1606/1907/1739 2815/1906/1738
f 2818/1912/1744 1594/1913/1745 1593/1909/1741 2816/1908/1740
f 2787/1853/1685 1608/1852/1684 1607/1911/1743 2817/1910/1742
f 2789/1857/1689 1595/1856/1688 1594/1913/1745 2818/1912/1744
f 2419/1914/1746 1644/1915/1747 1643/1916/1748 2418/1917/1749
f 2421/1918/1750 1631/1919/1751 1630/1920/1752 2420/1921/1753
f 2422/1922/1754 1645/1923/1755 1644/1915/1747 2419/1914/1746
f 2423/1924/1756 1632/1925/1757 1631/1919/1751 2421/1918/1750
f 2425/1926/1758 1619/1927/1759 1618/1928/1760 2424/1929/1761
f 2426/1930/1762 1646/1931/1763 1645/1923/1755 2422/1922/1754
f 2427/1932/1764 1633/1933/1765 1632/1925/1757 2423/1924/1756
f 2428/1934/1766 1620/1935/1767 1619/1927/1759 2425/1926/1758
f 2429/1936/1768 1647/1937/1769 1646/1938/1763 2426/1939/1762
f 2430/1940/1770 1634/1941/1771 1633/1933/1765 2427/1932/1764
f 2431/1942/1772 1621/1943/1773 1620/1935/1767 2428/1934/1766
f 2432/1944/1774 1648/1945/1775 1647/1937/1769 2429/1936/1768
f 2433/1946/1776 1635/1947/1777 1634/1941/1771 2430/1940/1770
f 2434/1948/1778 1622/1949/1779 1621/1943/1773 2431/1942/1772
f 2435/1950/1780 1649/1951/1781 1648/1945/1775 2432/1944/1774
f 2436/1952/1782 1636/1953/1783 1635/1947/1777 2433/1946/1776
f 2437/1954/1784 1623/1955/1785 1622/1956/1779 2434/1957/1778
f 2424/1929/1761 1618/1928/1760 1649/1951/1781 2435/1950/1780
f 2438/1958/1786 1637/1959/1787 1636/1953/1783 2436/1952/1782
f 2439/1960/1788 1624/1961/1789 1623/1955/1785 2437/1954/1784
f 2440/1962/1790 1638/1963/1791 1637/1959/1787 2438/1958/1786
f 2441/1964/1792 1625/1965/1793 1624/1961/1789 2439/1960/1788
f 2442/1966/1794 1639/1967/1795 1638/1968/1791 2440/1969/1790
f 2443/1970/1796 1626/1971/1797 1625/1965/1793 2441/1964/1792
f 2444/1972/1798 1640/1973/1799 1639/1967/1795 2442/1966/1794
f 2445/1974/1800 1627/1975/1801 1626/1971/1797 2443/1970/1796
f 2446/1976/1802 1641/1977/1803 1640/1973/1799 2444/1972/1798
f 2447/1978/1804 1628/1979/1805 1627/1975/1801 2445/1974/1800
f 2448/1980/1806 1642/1981/1807 1641/1977/1803 2446/1976/1802
f 2449/1982/1808 1629/1983/1809 1628/1979/1805 2447/1978/1804
f 2418/1917/1749 1643/1916/1748 1642/1981/1807 2448/1980/1806
f 2420/1984/1753 1630/1985/1752 1629/1983/1809 2449/1982/1808
f 1620/1986/1767 1652/1987/1810 1651/1988/1811 1619/1989/1759
f 1647/1990/1769 1679/1991/1812 1678/1992/1813 1646/1993/1763
f 1634/1994/1771 1666/1995/1814 1665/1996/1815 1633/1997/1765
f 1621/1998/1773 1653/1999/1816 1652/1987/1810 1620/1986/1767
f 1648/2000/1775 1680/2001/1817 1679/1991/1812 1647/1990/1769
f 1635/2002/1777 1667/2003/1818 1666/1995/1814 1634/1994/1771
f 1622/2004/1779 1654/2005/1819 1653/1999/1816 1621/1998/1773
f 1649/2006/1781 1681/2007/1820 1680/2001/1817 1648/2000/1775
f 1636/2008/1783 1668/2009/1821 1667/2003/1818 1635/2002/1777
f 1623/2010/1785 1655/2011/1822 1654/2005/1819 1622/2004/1779
f 1618/2012/1760 1650/2013/1823 1681/2007/1820 1649/2006/1781
f 1637/2014/1787 1669/2015/1824 1668/2009/1821 1636/2008/1783
f 1624/2016/1789 1656/2017/1825 1655/2011/1822 1623/2010/1785
f 1638/2018/1791 1670/2019/1826 1669/2015/1824 1637/2014/1787
f 1625/2020/1793 1657/2021/1827 1656/2017/1825 1624/2016/1789
f 1639/2022/1795 1671/2023/1828 1670/2019/1826 1638/2018/1791
f 1626/2024/1797 1658/2025/1829 1657/2021/1827 1625/2020/1793
f 1640/2026/1799 1672/2027/1830 1671/2023/1828 1639/2022/1795
f 1627/2028/1801 1659/2029/1831 1658/2025/1829 1626/2024/1797
f 1641/2030/1803 1673/2031/1832 1672/2027/1830 1640/2026/1799
f 1628/2032/1805 1660/2033/1833 1659/2029/1831 1627/2028/1801
f 1642/2034/1807 1674/2035/1834 1673/2031/1832 1641/2030/1803
f 1629/2036/1809 1661/2037/1835 1660/2033/1833 1628/2032/1805
f 1643/2038/1748 1675/2039/1836 1674/2035/1834 1642/2034/1807
f 1630/2040/1752 1662/2041/1837 1661/2037/1835 1629/2036/1809
f 1644/2042/1747 1676/2043/1838 1675/2039/1836 1643/2038/1748
f 1631/2044/1751 1663/2045/1839 1662/2041/1837 1630/2040/1752
f 1645/2046/1755 1677/2047/1840 1676/2043/1838 1644/2042/1747
f 1632/2048/1757 1664/2049/1841 1663/2045/1839 1631/2044/1751
f 1619/1989/1759 1651/1988/1811 1650/2013/1823 1618/2012/1760
f 1646/1993/1763 1678/1992/1813 1677/2047/1840 1645/2046/1755
f 1633/1997/1765 1665/1996/1815 1664/2049/1841 1632/2048/1757
f 1655/2050/1822 1687/2051/1842 1686/2052/1843 1654/2053/1819
f 1650/2054/1823 1682/2055/1844 1713/2056/1845 1681/2057/1820
f 1669/2058/1824 1701/2059/1846 1700/2060/1847 1668/2061/1821
f 1656/2062/1825 1688/2063/1848 1687/2051/1842 1655/2050/1822
f 1670/2064/1826 1702/2065/1849 1701/2059/1846 1669/2058/1824
f 1657/2066/1827 1689/2067/1850 1688/2063/1848 1656/2062/1825
f 1671/2068/1828 1703/2069/1851 1702/2070/1849 1670/2071/1826
f 1658/2072/1829 1690/2073/1852 1689/2067/1850 1657/2066/1827
f 1672/2074/1830 1704/2075/1853 1703/2069/1851 1671/2068/1828
f 1659/2076/1831 1691/2077/1854 1690/2073/1852 1658/2072/1829
f 1673/2078/1832 1705/2079/1855 1704/2075/1853 1672/2074/1830
f 1660/2080/1833 1692/2081/1856 1691/2077/1854 1659/2076/1831
f 1674/2082/1834 1706/2083/1857 1705/2079/1855 1673/2078/1832
f 1661/2084/1835 1693/2085/1858 1692/2081/1856 1660/2080/1833
f 1675/2086/1836 1707/2087/1859 1706/2083/1857 1674/2082/1834
f 1662/2088/1837 1694/2089/1860 1693/2085/1858 1661/2084/1835
f 1676/2090/1838 1708/2091/1861 1707/2087/1859 1675/2086/1836
f 1663/2092/1839 1695/2093/1862 1694/2094/1860 1662/2095/1837
f 1677/2096/1840 1709/2097/1863 1708/2091/1861 1676/2090/1838
f 1664/2098/1841 1696/2099/1864 1695/2093/1862 1663/2092/1839
f 1651/2100/1811 1683/2101/1865 1682/2055/1844 1650/2054/1823
f 1678/2102/1813 1710/2103/1866 1709/2097/1863 1677/2096/1840
f 1665/2104/1815 1697/2105/1867 1696/2099/1864 1664/2098/1841
f 1652/2106/1810 1684/2107/1868 1683/2101/1865 1651/2100/1811
f 1679/2108/1812 1711/2109/1869 1710/2110/1866 1678/2111/1813
f 1666/2112/1814 1698/2113/1870 1697/2105/1867 1665/2104/1815
f 1653/2114/1816 1685/2115/1871 1684/2107/1868 1652/2106/1810
f 1680/2116/1817 1712/2117/1872 1711/2109/1869 1679/2108/1812
f 1667/2118/1818 1699/2119/1873 1698/2113/1870 1666/2112/1814
f 1654/2120/1819 1686/2121/1843 1685/2115/1871 1653/2114/1816
f 1681/2057/1820 1713/2056/1845 1712/2117/1872 1680/2116/1817
f 1668/2061/1821 1700/2060/1847 1699/2119/1873 1667/2118/1818
f 1690/2073/1852 1722/2122/1874 1721/2123/1875 1689/2067/1850
f 1704/2075/1853 1736/2124/1876 1735/2125/1877 1703/2069/1851
f 1691/2077/1854 1723/2126/1878 1722/2122/1874 1690/2073/1852
f 1705/2079/1855 1737/2127/1879 1736/2124/1876 1704/2075/1853
f 1692/2081/1856 1724/2128/1880 1723/2126/1878 1691/2077/1854
f 1706/2083/1857 1738/2129/1881 1737/2127/1879 1705/2079/1855
f 1693/2085/1858 1725/2130/1882 1724/2128/1880 1692/2081/1856
f 1707/2087/1859 1739/2131/1883 1738/2129/1881 1706/2083/1857
f 1694/2089/1860 1726/2132/1884 1725/2130/1882 1693/2085/1858
f 1708/2091/1861 1740/2133/1885 1739/2131/1883 1707/2087/1859
f 1695/2093/1862 1727/2134/1886 1726/2135/1884 1694/2094/1860
f 1709/2097/1863 1741/2136/1887 1740/2133/1885 1708/2091/1861
f 1696/2099/1864 1728/2137/1888 1727/2134/1886 1695/2093/1862
f 1683/2101/1865 1715/2138/1889 1714/2139/1890 1682/2055/1844
f 1710/2103/1866 1742/2140/1891 1741/2136/1887 1709/2097/1863
f 1697/2105/1867 1729/2141/1892 1728/2137/1888 1696/2099/1864
f 1684/2107/1868 1716/2142/1893 1715/2138/1889 1683/2101/1865
f 1711/2109/1869 1743/2143/1894 1742/2144/1891 1710/2110/1866
f 1698/2113/1870 1730/2145/1895 1729/2141/1892 1697/2105/1867
f 1685/2115/1871 1717/2146/1896 1716/2142/1893 1684/2107/1868
f 1712/2117/1872 1744/2147/1897 1743/2143/1894 1711/2109/1869
f 1699/2119/1873 1731/2148/1898 1730/2145/1895 1698/2113/1870
f 1686/2121/1843 1718/2149/1899 1717/2146/1896 1685/2115/1871
f 1713/2056/1845 1745/2150/1900 1744/2147/1897 1712/2117/1872
f 1700/2060/1847 1732/2151/1901 1731/2148/1898 1699/2119/1873
f 1687/2051/1842 1719/2152/1902 1718/2153/1899 1686/2052/1843
f 1682/2055/1844 1714/2139/1890 1745/2150/1900 1713/2056/1845
f 1701/2059/1846 1733/2154/1903 1732/2151/1901 1700/2060/1847
f 1688/2063/1848 1720/2155/1904 1719/2152/1902 1687/2051/1842
f 1702/2065/1849 1734/2156/1905 1733/2154/1903 1701/2059/1846
f 1689/2067/1850 1721/2123/1875 1720/2155/1904 1688/2063/1848
f 1703/2069/1851 1735/2125/1877 1734/2157/1905 1702/2070/1849
f 1725/2158/1882 1757/2159/1906 1756/2160/1907 1724/2161/1880
f 1739/2162/1883 1771/2163/1908 1770/2164/1909 1738/2165/1881
f 1726/2166/1884 1758/2167/1910 1757/2159/1906 1725/2158/1882
f 1740/2168/1885 1772/2169/1911 1771/2163/1908 1739/2162/1883
f 1727/2170/1886 1759/2171/1912 1758/2167/1910 1726/2166/1884
f 1741/2172/1887 1773/2173/1913 1772/2169/1911 1740/2168/1885
f 1728/2174/1888 1760/2175/1914 1759/2171/1912 1727/2170/1886
f 1715/2176/1889 1747/2177/1915 1746/2178/1916 1714/2179/1890
f 1742/2180/1891 1774/2181/1917 1773/2173/1913 1741/2172/1887
f 1729/2182/1892 1761/2183/1918 1760/2175/1914 1728/2174/1888
f 1716/2184/1893 1748/2185/1919 1747/2177/1915 1715/2176/1889
f 1743/2186/1894 1775/2187/1920 1774/2181/1917 1742/2180/1891
f 1730/2188/1895 1762/2189/1921 1761/2183/1918 1729/2182/1892
f 1717/2190/1896 1749/2191/1922 1748/2185/1919 1716/2184/1893
f 1744/2192/1897 1776/2193/1923 1775/2187/1920 1743/2186/1894
f 1731/2194/1898 1763/2195/1924 1762/2189/1921 1730/2188/1895
f 1718/2196/1899 1750/2197/1925 1749/2191/1922 1717/2190/1896
f 1745/2198/1900 1777/2199/1926 1776/2193/1923 1744/2192/1897
f 1732/2200/1901 1764/2201/1927 1763/2195/1924 1731/2194/1898
f 1719/2202/1902 1751/2203/1928 1750/2197/1925 1718/2196/1899
f 1714/2179/1890 1746/2178/1916 1777/2199/1926 1745/2198/1900
f 1733/2204/1903 1765/2205/1929 1764/2201/1927 1732/2200/1901
f 1720/2206/1904 1752/2207/1930 1751/2203/1928 1719/2202/1902
f 1734/2208/1905 1766/2209/1931 1765/2205/1929 1733/2204/1903
f 1721/2210/1875 1753/2211/1932 1752/2207/1930 1720/2206/1904
f 1735/2212/1877 1767/2213/1933 1766/2209/1931 1734/2208/1905
f 1722/2214/1874 1754/2215/1934 1753/2211/1932 1721/2210/1875
f 1736/2216/1876 1768/2217/1935 1767/2213/1933 1735/2212/1877
f 1723/2218/1878 1755/2219/1936 1754/2215/1934 1722/2214/1874
f 1737/2220/1879 1769/2221/1937 1768/2217/1935 1736/2216/1876
f 1724/2161/1880 1756/2160/1907 1755/2219/1936 1723/2218/1878
f 1738/2165/1881 1770/2164/1909 1769/2221/1937 1737/2220/1879
f 1760/2222/1914 1792/2223/1938 1791/2224/1939 1759/2225/1912
f 1747/2226/1915 1779/2227/1940 1778/2228/1941 1746/2229/1916
f 1774/2230/1917 1806/2231/1942 1805/2232/1943 1773/2233/1913
f 1761/2234/1918 1793/2235/1944 1792/2223/1938 1760/2222/1914
f 1748/2236/1919 1780/2237/1945 1779/2227/1940 1747/2226/1915
f 1775/2238/1920 1807/2239/1946 1806/2240/1942 1774/2241/1917
f 1762/2242/1921 1794/2243/1947 1793/2235/1944 1761/2234/1918
f 1749/2244/1922 1781/2245/1948 1780/2237/1945 1748/2236/1919
f 1776/2246/1923 1808/2247/1949 1807/2239/1946 1775/2238/1920
f 1763/2248/1924 1795/2249/1950 1794/2243/1947 1762/2242/1921
f 1750/2250/1925 1782/2251/1951 1781/2245/1948 1749/2244/1922
f 1777/2252/1926 1809/2253/1952 1808/2247/1949 1776/2246/1923
f 1764/2254/1927 1796/2255/1953 1795/2249/1950 1763/2248/1924
f 1751/2256/1928 1783/2257/1954 1782/2258/1951 1750/2259/1925
f 1746/2229/1916 1778/2228/1941 1809/2253/1952 1777/2252/1926
f 1765/2260/1929 1797/2261/1955 1796/2255/1953 1764/2254/1927
f 1752/2262/1930 1784/2263/1956 1783/2257/1954 1751/2256/1928
f 1766/2264/1931 1798/2265/1957 1797/2261/1955 1765/2260/1929
f 1753/2266/1932 1785/2267/1958 1784/2263/1956 1752/2262/1930
f 1767/2268/1933 1799/2269/1959 1798/2270/1957 1766/2271/1931
f 1754/2272/1934 1786/2273/1960 1785/2267/1958 1753/2266/1932
f 1768/2274/1935 1800/2275/1961 1799/2269/1959 1767/2268/1933
f 1755/2276/1936 1787/2277/1962 1786/2273/1960 1754/2272/1934
f 1769/2278/1937 1801/2279/1963 1800/2275/1961 1768/2274/1935
f 1756/2280/1907 1788/2281/1964 1787/2277/1962 1755/2276/1936
f 1770/2282/1909 1802/2283/1965 1801/2279/1963 1769/2278/1937
f 1757/2284/1906 1789/2285/1966 1788/2281/1964 1756/2280/1907
f 1771/2286/1908 1803/2287/1967 1802/2283/1965 1770/2282/1909
f 1758/2288/1910 1790/2289/1968 1789/2285/1966 1757/2284/1906
f 1772/2290/1911 1804/2291/1969 1803/2287/1967 1771/2286/1908
f 1759/2225/1912 1791/2224/1939 1790/2292/1968 1758/2293/1910
f 1773/2233/1913 1805/2232/1943 1804/2291/1969 1772/2290/1911
f 1795/2249/1950 1827/2294/1970 1826/2295/1971 1794/2243/1947
f 1782/2251/1951 1814/2296/1972 1813/2297/1973 1781/2245/1948
f 1809/2253/1952 1841/2298/1974 1840/2299/1975 1808/2247/1949
f 1796/2255/1953 1828/2300/1976 1827/2294/1970 1795/2249/1950
f 1783/2257/1954 1815/2301/1977 1814/2302/1972 1782/2258/1951
f 1778/2228/1941 1810/2303/1978 1841/2298/1974 1809/2253/1952
f 1797/2261/1955 1829/2304/1979 1828/2300/1976 1796/2255/1953
f 1784/2263/1956 1816/2305/1980 1815/2301/1977 1783/2257/1954
f 1798/2265/1957 1830/2306/1981 1829/2304/1979 1797/2261/1955
f 1785/2267/1958 1817/2307/1982 1816/2305/1980 1784/2263/1956
f 1799/2269/1959 1831/2308/1983 1830/2309/1981 1798/2270/1957
f 1786/2273/1960 1818/2310/1984 1817/2307/1982 1785/2267/1958
f 1800/2275/1961 1832/2311/1985 1831/2308/1983 1799/2269/1959
f 1787/2277/1962 1819/2312/1986 1818/2310/1984 1786/2273/1960
f 1801/2279/1963 1833/2313/1987 1832/2311/1985 1800/2275/1961
f 1788/2281/1964 1820/2314/1988 1819/2312/1986 1787/2277/1962
f 1802/2283/1965 1834/2315/1989 1833/2313/1987 1801/2279/1963
f 1789/2285/1966 1821/2316/1990 1820/2314/1988 1788/2281/1964
f 1803/2287/1967 1835/2317/1991 1834/2315/1989 1802/2283/1965
f 1790/2289/1968 1822/2318/1992 1821/2316/1990 1789/2285/1966
f 1804/2291/1969 1836/2319/1993 1835/2317/1991 1803/2287/1967
f 1791/2224/1939 1823/2320/1994 1822/2321/1992 1790/2292/1968
f 1805/2232/1943 1837/2322/1995 1836/2319/1993 1804/2291/1969
f 1792/2223/1938 1824/2323/1996 1823/2320/1994 1791/2224/1939
f 1779/2227/1940 1811/2324/1997 1810/2303/1978 1778/2228/1941
f 1806/2231/1942 1838/2325/1998 1837/2322/1995 1805/2232/1943
f 1793/2235/1944 1825/2326/1999 1824/2323/1996 1792/2223/1938
f 1780/2237/1945 1812/2327/2000 1811/2324/1997 1779/2227/1940
f 1807/2239/1946 1839/2328/2001 1838/2329/1998 1806/2240/1942
f 1794/2243/1947 1826/2295/1971 1825/2326/1999 1793/2235/1944
f 1781/2245/1948 1813/2297/1973 1812/2327/2000 1780/2237/1945
f 1808/2247/1949 1840/2299/1975 1839/2328/2001 1807/2239/1946
f 2385/2330/2002 1863/2331/2003 1862/2332/2004 2382/2333/2005
f 2346/2334/2006 1850/2335/2007 1849/2336/2008 2343/2337/2009
f 2388/2338/2010 1864/2339/2011 1863/2331/2003 2385/2330/2002
f 2349/2340/2012 1851/2341/2013 1850/2335/2007 2346/2334/2006
f 2391/2342/2014 1865/2343/2015 1864/2339/2011 2388/2338/2010
f 2352/2344/2016 1852/2345/2017 1851/2341/2013 2349/2340/2012
f 2394/2346/2018 1866/2347/2019 1865/2343/2015 2391/2342/2014
f 2355/2348/2020 1853/2349/2021 1852/2345/2017 2352/2344/2016
f 2397/2350/2022 1867/2351/2023 1866/2347/2019 2394/2346/2018
f 2358/2352/2024 1854/2353/2025 1853/2349/2021 2355/2348/2020
f 2400/2354/2026 1868/2355/2027 1867/2351/2023 2397/2350/2022
f 2361/2356/2028 1855/2357/2029 1854/2353/2025 2358/2352/2024
f 2403/2358/2030 1869/2359/2031 1868/2355/2027 2400/2354/2026
f 2364/2360/2032 1856/2361/2033 1855/2357/2029 2361/2356/2028
f 2406/2362/2034 1870/2363/2035 1869/2359/2031 2403/2358/2030
f 2367/2364/2036 1857/2365/2037 1856/2361/2033 2364/2360/2032
f 2323/2366/2038 1842/2367/2039 1873/2368/2040 2415/2369/2041
f 2409/2370/2042 1871/2371/2043 1870/2363/2035 2406/2362/2034
f 2370/2372/2044 1858/2373/2045 1857/2365/2037 2367/2364/2036
f 2331/2374/2046 1845/2375/2047 1844/2376/2048 2328/2377/2049
f 2412/2378/2050 1872/2379/2051 1871/2371/2043 2409/2370/2042
f 2373/2380/2052 1859/2381/2053 1858/2373/2045 2370/2372/2044
f 2334/2382/2054 1846/2383/2055 1845/2375/2047 2331/2374/2046
f 2415/2369/2041 1873/2368/2040 1872/2379/2051 2412/2378/2050
f 2376/2384/2056 1860/2385/2057 1859/2381/2053 2373/2380/2052
f 2337/2386/2058 1847/2387/2059 1846/2383/2055 2334/2382/2054
f 2379/2388/2060 1861/2389/2061 1860/2385/2057 2376/2384/2056
f 2340/2390/2062 1848/2391/2063 1847/2387/2059 2337/2386/2058
f 2328/2377/2049 1844/2376/2048 1843/2392/2064 2325/2393/2065
f 2382/2333/2005 1862/2332/2004 1861/2389/2061 2379/2388/2060
f 2343/2337/2009 1849/2336/2008 1848/2391/2063 2340/2390/2062
f 1833/2313/1987 2392/2394/2066 2389/2395/2067 1832/2311/1985
f 1820/2314/1988 2353/2396/2068 2350/2397/2069 1819/2312/1986
f 1834/2315/1989 2395/2398/2070 2392/2394/2066 1833/2313/1987
f 1821/2316/1990 2356/2399/2071 2353/2396/2068 1820/2314/1988
f 1835/2317/1991 2398/2400/2072 2395/2398/2070 1834/2315/1989
f 1822/2318/1992 2359/2401/2073 2356/2399/2071 1821/2316/1990
f 1836/2319/1993 2401/2402/2074 2398/2400/2072 1835/2317/1991
f 1823/2320/1994 2362/2403/2075 2359/2404/2073 1822/2321/1992
f 1837/2322/1995 2404/2405/2076 2401/2402/2074 1836/2319/1993
f 1824/2323/1996 2365/2406/2077 2362/2403/2075 1823/2320/1994
f 1811/2324/1997 2326/2407/2078 2322/2408/2079 1810/2303/1978
f 1838/2325/1998 2407/2409/2080 2404/2405/2076 1837/2322/1995
f 1825/2326/1999 2368/2410/2081 2365/2406/2077 1824/2323/1996
f 1812/2327/2000 2329/2411/2082 2326/2407/2078 1811/2324/1997
f 1839/2328/2001 2410/2412/2083 2407/2413/2080 1838/2329/1998
f 1826/2295/1971 2371/2414/2084 2368/2410/2081 1825/2326/1999
f 1813/2297/1973 2332/2415/2085 2329/2411/2082 1812/2327/2000
f 1840/2299/1975 2413/2416/2086 2410/2412/2083 1839/2328/2001
f 1827/2294/1970 2374/2417/2087 2371/2414/2084 1826/2295/1971
f 1814/2296/1972 2335/2418/2088 2332/2415/2085 1813/2297/1973
f 1841/2298/1974 2416/2419/2089 2413/2416/2086 1840/2299/1975
f 1828/2300/1976 2377/2420/2090 2374/2417/2087 1827/2294/1970
f 1815/2301/1977 2338/2421/2091 2335/2422/2088 1814/2302/1972
f 1810/2303/1978 2322/2408/2079 2416/2419/2089 1841/2298/1974
f 1829/2304/1979 2380/2423/2092 2377/2420/2090 1828/2300/1976
f 1816/2305/1980 2341/2424/2093 2338/2421/2091 1815/2301/1977
f 1830/2306/1981 2383/2425/2094 2380/2423/2092 1829/2304/1979
f 1817/2307/1982 2344/2426/2095 2341/2424/2093 1816/2305/1980
f 1831/2308/1983 2386/2427/2096 2383/2428/2094 1830/2309/1981
f 1818/2310/1984 2347/2429/2097 2344/2426/2095 1817/2307/1982
f 1832/2311/1985 2389/2395/2067 2386/2427/2096 1831/2308/1983
f 1819/2312/1986 2350/2397/2069 2347/2429/2097 1818/2310/1984
f 1868/2430/2027 1900/2431/2098 1899/2432/2099 1867/2433/2023
f 1855/2434/2029 1887/2435/2100 1886/2436/2101 1854/2437/2025
f 1869/2438/2031 1901/2439/2102 1900/2431/2098 1868/2430/2027
f 1856/2440/2033 1888/2441/2103 1887/2435/2100 1855/2434/2029
f 1843/2442/2064 1875/2443/2104 1874/2444/2105 1842/2445/2039
f 1870/2446/2035 1902/2447/2106 1901/2439/2102 1869/2438/2031
f 1857/2448/2037 1889/2449/2107 1888/2441/2103 1856/2440/2033
f 1844/2450/2048 1876/2451/2108 1875/2443/2104 1843/2442/2064
f 1871/2452/2043 1903/2453/2109 1902/2454/2106 1870/2455/2035
f 1858/2456/2045 1890/2457/2110 1889/2449/2107 1857/2448/2037
f 1845/2458/2047 1877/2459/2111 1876/2451/2108 1844/2450/2048
f 1872/2460/2051 1904/2461/2112 1903/2453/2109 1871/2452/2043
f 1859/2462/2053 1891/2463/2113 1890/2457/2110 1858/2456/2045
f 1846/2464/2055 1878/2465/2114 1877/2459/2111 1845/2458/2047
f 1873/2466/2040 1905/2467/2115 1904/2461/2112 1872/2460/2051
f 1860/2468/2057 1892/2469/2116 1891/2463/2113 1859/2462/2053
f 1847/2470/2059 1879/2471/2117 1878/2472/2114 1846/2473/2055
f 1842/2445/2039 1874/2444/2105 1905/2467/2115 1873/2466/2040
f 1861/2474/2061 1893/2475/2118 1892/2469/2116 1860/2468/2057
f 1848/2476/2063 1880/2477/2119 1879/2471/2117 1847/2470/2059
f 1862/2478/2004 1894/2479/2120 1893/2475/2118 1861/2474/2061
f 1849/2480/2008 1881/2481/2121 1880/2477/2119 1848/2476/2063
f 1863/2482/2003 1895/2483/2122 1894/2484/2120 1862/2485/2004
f 1850/2486/2007 1882/2487/2123 1881/2481/2121 1849/2480/2008
f 1864/2488/2011 1896/2489/2124 1895/2483/2122 1863/2482/2003
f 1851/2490/2013 1883/2491/2125 1882/2487/2123 1850/2486/2007
f 1865/2492/2015 1897/2493/2126 1896/2489/2124 1864/2488/2011
f 1852/2494/2017 1884/2495/2127 1883/2491/2125 1851/2490/2013
f 1866/2496/2019 1898/2497/2128 1897/2493/2126 1865/2492/2015
f 1853/2498/2021 1885/2499/2129 1884/2495/2127 1852/2494/2017
f 1867/2433/2023 1899/2432/2099 1898/2497/2128 1866/2496/2019
f 1854/2500/2025 1886/2501/2101 1885/2499/2129 1853/2498/2021
f 2893/2502/2130 1909/2503/2131 1908/2504/2132 2890/2505/2133
f 2974/2506/2134 1936/2507/2135 1935/2508/2136 2971/2509/2137
f 2935/2510/2138 1923/2511/2139 1922/2512/2140 2932/2513/2141
f 2896/2514/2142 1910/2515/2143 1909/2503/2131 2893/2502/2130
f 2977/2516/2144 1937/2517/2145 1936/2507/2135 2974/2506/2134
f 2938/2518/2146 1924/2519/2147 1923/2520/2139 2935/2521/2138
f 2899/2522/2148 1911/2523/2149 1910/2515/2143 2896/2514/2142
f 2941/2524/2150 1925/2525/2151 1924/2519/2147 2938/2518/2146
f 2902/2526/2152 1912/2527/2153 1911/2523/2149 2899/2522/2148
f 1875/2528/2104 2886/2529/2154 2884/2530/2155 1874/2531/2105
f 2944/2532/2156 1926/2533/2157 1925/2525/2151 2941/2524/2150
f 2905/2534/2158 1913/2535/2159 1912/2527/2153 2902/2526/2152
f 2947/2536/2160 1927/2537/2161 1926/2533/2157 2944/2532/2156
f 2908/2538/2162 1914/2539/2163 1913/2540/2159 2905/2541/2158
f 2950/2542/2164 1928/2543/2165 1927/2537/2161 2947/2536/2160
f 2911/2544/2166 1915/2545/2167 1914/2539/2163 2908/2538/2162
f 2953/2546/2168 1929/2547/2169 1928/2543/2165 2950/2542/2164
f 2914/2548/2170 1916/2549/2171 1915/2550/2167 2911/2551/2166
f 2956/2552/2172 1930/2553/2173 1929/2554/2169 2953/2555/2168
f 2917/2556/2174 1917/2557/2175 1916/2549/2171 2914/2548/2170
f 2959/2558/2176 1931/2559/2177 1930/2553/2173 2956/2552/2172
f 2920/2560/2178 1918/2561/2179 1917/2557/2175 2917/2556/2174
f 2962/2562/2180 1932/2563/2181 1931/2564/2177 2959/2565/2176
f 2923/2566/2182 1919/2567/2183 1918/2561/2179 2920/2560/2178
f 2965/2568/2184 1933/2569/2185 1932/2563/2181 2962/2562/2180
f 2926/2570/2186 1920/2571/2187 1919/2567/2183 2923/2566/2182
f 2968/2572/2188 1934/2573/2189 1933/2569/2185 2965/2568/2184
f 2929/2574/2190 1921/2575/2191 1920/2571/2187 2926/2570/2186
f 2883/2576/2192 1906/2577/2193 1937/2578/2145 2977/2579/2144
f 2971/2509/2137 1935/2508/2136 1934/2573/2189 2968/2572/2188
f 2932/2513/2141 1922/2512/2140 1921/2580/2191 2929/2581/2190
f 1879/2582/2117 2898/2583/2194 2895/2584/2195 1878/2585/2114
f 2890/2505/2133 1908/2504/2132 1907/2586/2196 2887/2587/2197
f 1893/2588/2118 2940/2589/2198 2937/2590/2199 1892/2591/2116
f 1880/2592/2119 2901/2593/2200 2898/2583/2194 1879/2582/2117
f 1894/2594/2120 2943/2595/2201 2940/2589/2198 1893/2588/2118
f 1881/2596/2121 2904/2597/2202 2901/2593/2200 1880/2592/2119
f 1895/2598/2122 2946/2599/2203 2943/2595/2201 1894/2594/2120
f 1882/2600/2123 2907/2601/2204 2904/2597/2202 1881/2596/2121
f 1896/2602/2124 2949/2603/2205 2946/2599/2203 1895/2598/2122
f 1883/2604/2125 2910/2605/2206 2907/2601/2204 1882/2600/2123
f 1897/2606/2126 2952/2607/2207 2949/2603/2205 1896/2602/2124
f 1884/2608/2127 2913/2609/2208 2910/2605/2206 1883/2604/2125
f 1898/2610/2128 2955/2611/2209 2952/2607/2207 1897/2606/2126
f 1885/2612/2129 2916/2613/2210 2913/2609/2208 1884/2608/2127
f 1899/2614/2099 2958/2615/2211 2955/2611/2209 1898/2610/2128
f 1886/2616/2101 2919/2617/2212 2916/2613/2210 1885/2612/2129
f 1900/2618/2098 2961/2619/2213 2958/2615/2211 1899/2614/2099
f 1887/2620/2100 2922/2621/2214 2919/2617/2212 1886/2616/2101
f 1901/2622/2102 2964/2623/2215 2961/2619/2213 1900/2618/2098
f 1888/2624/2103 2925/2625/2216 2922/2621/2214 1887/2620/2100
f 1874/2531/2105 2884/2530/2155 2976/2626/2217 1905/2627/2115
f 1902/2628/2106 2967/2629/2218 2964/2623/2215 1901/2622/2102
f 1889/2630/2107 2928/2631/2219 2925/2625/2216 1888/2624/2103
f 1876/2632/2108 2889/2633/2220 2886/2529/2154 1875/2528/2104
f 1903/2634/2109 2970/2635/2221 2967/2629/2218 1902/2628/2106
f 1890/2636/2110 2931/2637/2222 2928/2631/2219 1889/2630/2107
f 1877/2638/2111 2892/2639/2223 2889/2633/2220 1876/2632/2108
f 1904/2640/2112 2973/2641/2224 2970/2635/2221 1903/2634/2109
f 1891/2642/2113 2934/2643/2225 2931/2637/2222 1890/2636/2110
f 1878/2585/2114 2895/2584/2195 2892/2639/2223 1877/2638/2111
f 1905/2627/2115 2976/2626/2217 2973/2641/2224 1904/2640/2112
f 1892/2591/2116 2937/2590/2199 2934/2643/2225 1891/2642/2113
f 1970/2644/2226 1940/2645/2227 1939/2646/2228 1971/2647/2229
f 1972/2648/2230 1967/2649/2231 1966/2650/2232 1973/2651/2233
f 1974/2652/2234 1954/2653/2235 1953/2654/2236 1975/2655/2237
f 1976/2656/2238 1941/2657/2239 1940/2645/2227 1970/2644/2226
f 1977/2658/2240 1968/2659/2241 1967/2649/2231 1972/2648/2230
f 1978/2660/2242 1955/2661/2243 1954/2653/2235 1974/2652/2234
f 1979/2662/2244 1942/2663/2245 1941/2657/2239 1976/2656/2238
f 1980/2664/2246 1969/2665/2247 1968/2659/2241 1977/2658/2240
f 1981/2666/2248 1956/2667/2249 1955/2661/2243 1978/2660/2242
f 1982/2668/2250 1943/2669/2251 1942/2670/2245 1979/2671/2244
f 1983/2672/2252 1938/2673/2253 1969/2665/2247 1980/2664/2246
f 1984/2674/2254 1957/2675/2255 1956/2667/2249 1981/2666/2248
f 1985/2676/2256 1944/2677/2257 1943/2669/2251 1982/2668/2250
f 1986/2678/2258 1958/2679/2259 1957/2675/2255 1984/2674/2254
f 1987/2680/2260 1945/2681/2261 1944/2677/2257 1985/2676/2256
f 1988/2682/2262 1959/2683/2263 1958/2684/2259 1986/2685/2258
f 1989/2686/2264 1946/2687/2265 1945/2681/2261 1987/2680/2260
f 1990/2688/2266 1960/2689/2267 1959/2683/2263 1988/2682/2262
f 1991/2690/2268 1947/2691/2269 1946/2687/2265 1989/2686/2264
f 1992/2692/2270 1961/2693/2271 1960/2689/2267 1990/2688/2266
f 1993/2694/2272 1948/2695/2273 1947/2691/2269 1991/2690/2268
f 1994/2696/2274 1962/2697/2275 1961/2693/2271 1992/2692/2270
f 1995/2698/2276 1949/2699/2277 1948/2695/2273 1993/2694/2272
f 1996/2700/2278 1963/2701/2279 1962/2697/2275 1994/2696/2274
f 1997/2702/2280 1950/2703/2281 1949/2699/2277 1995/2698/2276
f 1998/2704/2282 1964/2705/2283 1963/2701/2279 1996/2700/2278
f 1999/2706/2284 1951/2707/2285 1950/2708/2281 1997/2709/2280
f 2000/2710/2286 1965/2711/2287 1964/2705/2283 1998/2704/2282
f 2001/2712/2288 1952/2713/2289 1951/2707/2285 1999/2706/2284
f 1971/2647/2229 1939/2646/2228 1938/2673/2253 1983/2672/2252
f 1973/2714/2233 1966/2715/2232 1965/2711/2287 2000/2710/2286
f 1975/2655/2237 1953/2654/2236 1952/2713/2289 2001/2712/2288
f 1921/2580/2191 1975/2655/2237 2001/2712/2288 1920/2716/2187
f 1934/2717/2189 1973/2714/2233 2000/2710/2286 1933/2718/2185
f 1907/2719/2196 1971/2647/2229 1983/2672/2252 1906/2577/2193
f 1920/2716/2187 2001/2712/2288 1999/2706/2284 1919/2720/2183
f 1933/2718/2185 2000/2710/2286 1998/2704/2282 1932/2721/2181
f 1919/2720/2183 1999/2706/2284 1997/2709/2280 1918/2722/2179
f 1932/2721/2181 1998/2704/2282 1996/2700/2278 1931/2559/2177
f 1918/2723/2179 1997/2702/2280 1995/2698/2276 1917/2724/2175
f 1931/2559/2177 1996/2700/2278 1994/2696/2274 1930/2553/2173
f 1917/2724/2175 1995/2698/2276 1993/2694/2272 1916/2725/2171
f 1930/2553/2173 1994/2696/2274 1992/2692/2270 1929/2554/2169
f 1916/2725/2171 1993/2694/2272 1991/2690/2268 1915/2545/2167
f 1929/2554/2169 1992/2692/2270 1990/2688/2266 1928/2726/2165
f 1915/2545/2167 1991/2690/2268 1989/2686/2264 1914/2539/2163
f 1928/2726/2165 1990/2688/2266 1988/2682/2262 1927/2727/2161
f 1914/2539/2163 1989/2686/2264 1987/2680/2260 1913/2540/2159
f 1927/2727/2161 1988/2682/2262 1986/2685/2258 1926/2728/2157
f 1913/2540/2159 1987/2680/2260 1985/2676/2256 1912/2729/2153
f 1926/2730/2157 1986/2678/2258 1984/2674/2254 1925/2731/2151
f 1912/2729/2153 1985/2676/2256 1982/2668/2250 1911/2732/2149
f 1925/2731/2151 1984/2674/2254 1981/2666/2248 1924/2733/2147
f 1906/2577/2193 1983/2672/2252 1980/2664/2246 1937/2578/2145
f 1911/2732/2149 1982/2668/2250 1979/2671/2244 1910/2734/2143
f 1924/2733/2147 1981/2666/2248 1978/2660/2242 1923/2511/2139
f 1937/2578/2145 1980/2664/2246 1977/2658/2240 1936/2735/2135
f 1910/2736/2143 1979/2662/2244 1976/2656/2238 1909/2737/2131
f 1923/2511/2139 1978/2660/2242 1974/2652/2234 1922/2512/2140
f 1936/2735/2135 1977/2658/2240 1972/2648/2230 1935/2738/2136
f 1909/2737/2131 1976/2656/2238 1970/2644/2226 1908/2739/2132
f 1922/2512/2140 1974/2652/2234 1975/2655/2237 1921/2580/2191
f 1935/2738/2136 1972/2648/2230 1973/2651/2233 1934/2740/2189
f 1908/2739/2132 1970/2644/2226 1971/2647/2229 1907/2719/2196
f 1943/2669/2251 2007/2741/2290 2006/2742/2291 1942/2670/2245
f 1938/2673/2253 2002/2743/2292 2033/2744/2293 1969/2665/2247
f 1957/2675/2255 2021/2745/2294 2020/2746/2295 1956/2667/2249
f 1944/2677/2257 2008/2747/2296 2007/2741/2290 1943/2669/2251
f 1958/2679/2259 2022/2748/2297 2021/2745/2294 1957/2675/2255
f 1945/2681/2261 2009/2749/2298 2008/2747/2296 1944/2677/2257
f 1959/2683/2263 2023/2750/2299 2022/2751/2297 1958/2684/2259
f 1946/2687/2265 2010/2752/2300 2009/2749/2298 1945/2681/2261
f 1960/2689/2267 2024/2753/2301 2023/2750/2299 1959/2683/2263
f 1947/2691/2269 2011/2754/2302 2010/2752/2300 1946/2687/2265
f 1961/2693/2271 2025/2755/2303 2024/2753/2301 1960/2689/2267
f 1948/2695/2273 2012/2756/2304 2011/2754/2302 1947/2691/2269
f 1962/2697/2275 2026/2757/2305 2025/2755/2303 1961/2693/2271
f 1949/2699/2277 2013/2758/2306 2012/2756/2304 1948/2695/2273
f 1963/2701/2279 2027/2759/2307 2026/2757/2305 1962/2697/2275
f 1950/2703/2281 2014/2760/2308 2013/2758/2306 1949/2699/2277
f 1964/2705/2283 2028/2761/2309 2027/2759/2307 1963/2701/2279
f 1951/2707/2285 2015/2762/2310 2014/2763/2308 1950/2708/2281
f 1965/2711/2287 2029/2764/2311 2028/2761/2309 1964/2705/2283
f 1952/2713/2289 2016/2765/2312 2015/2762/2310 1951/2707/2285
f 1939/2646/2228 2003/2766/2313 2002/2743/2292 1938/2673/2253
f 1966/2715/2232 2030/2767/2314 2029/2764/2311 1965/2711/2287
f 1953/2654/2236 2017/2768/2315 2016/2765/2312 1952/2713/2289
f 1940/2645/2227 2004/2769/2316 2003/2766/2313 1939/2646/2228
f 1967/2649/2231 2031/2770/2317 2030/2771/2314 1966/2650/2232
f 1954/2653/2235 2018/2772/2318 2017/2768/2315 1953/2654/2236
f 1941/2657/2239 2005/2773/2319 2004/2769/2316 1940/2645/2227
f 1968/2659/2241 2032/2774/2320 2031/2770/2317 1967/2649/2231
f 1955/2661/2243 2019/2775/2321 2018/2772/2318 1954/2653/2235
f 1942/2663/2245 2006/2776/2291 2005/2773/2319 1941/2657/2239
f 1969/2665/2247 2033/2744/2293 2032/2774/2320 1968/2659/2241
f 1956/2667/2249 2020/2746/2295 2019/2775/2321 1955/2661/2243
f 2013/2758/2306 2045/2777/2322 2044/2778/2323 2012/2756/2304
f 2027/2759/2307 2059/2779/2324 2058/2780/2325 2026/2757/2305
f 2014/2760/2308 2046/2781/2326 2045/2777/2322 2013/2758/2306
f 2028/2761/2309 2060/2782/2327 2059/2779/2324 2027/2759/2307
f 2015/2762/2310 2047/2783/2328 2046/2784/2326 2014/2763/2308
f 2029/2764/2311 2061/2785/2329 2060/2782/2327 2028/2761/2309
f 2016/2765/2312 2048/2786/2330 2047/2783/2328 2015/2762/2310
f 2003/2766/2313 2035/2787/2331 2034/2788/2332 2002/2743/2292
f 2030/2767/2314 2062/2789/2333 2061/2785/2329 2029/2764/2311
f 2017/2768/2315 2049/2790/2334 2048/2786/2330 2016/2765/2312
f 2004/2769/2316 2036/2791/2335 2035/2787/2331 2003/2766/2313
f 2031/2770/2317 2063/2792/2336 2062/2793/2333 2030/2771/2314
f 2018/2772/2318 2050/2794/2337 2049/2790/2334 2017/2768/2315
f 2005/2773/2319 2037/2795/2338 2036/2791/2335 2004/2769/2316
f 2032/2774/2320 2064/2796/2339 2063/2792/2336 2031/2770/2317
f 2019/2775/2321 2051/2797/2340 2050/2794/2337 2018/2772/2318
f 2006/2776/2291 2038/2798/2341 2037/2795/2338 2005/2773/2319
f 2033/2744/2293 2065/2799/2342 2064/2796/2339 2032/2774/2320
f 2020/2746/2295 2052/2800/2343 2051/2797/2340 2019/2775/2321
f 2007/2741/2290 2039/2801/2344 2038/2802/2341 2006/2742/2291
f 2002/2743/2292 2034/2788/2332 2065/2799/2342 2033/2744/2293
f 2021/2745/2294 2053/2803/2345 2052/2800/2343 2020/2746/2295
f 2008/2747/2296 2040/2804/2346 2039/2801/2344 2007/2741/2290
f 2022/2748/2297 2054/2805/2347 2053/2803/2345 2021/2745/2294
f 2009/2749/2298 2041/2806/2348 2040/2804/2346 2008/2747/2296
f 2023/2750/2299 2055/2807/2349 2054/2808/2347 2022/2751/2297
f 2010/2752/2300 2042/2809/2350 2041/2806/2348 2009/2749/2298
f 2024/2753/2301 2056/2810/2351 2055/2807/2349 2023/2750/2299
f 2011/2754/2302 2043/2811/2352 2042/2809/2350 2010/2752/2300
f 2025/2755/2303 2057/2812/2353 2056/2810/2351 2024/2753/2301
f 2012/2756/2304 2044/2778/2323 2043/2811/2352 2011/2754/2302
f 2026/2757/2305 2058/2780/2325 2057/2812/2353 2025/2755/2303
f 2045/2777/2322 2077/2813/1808 2076/2814/1804 2044/2778/2323
f 2059/2779/2324 2091/2815/1749 2090/2816/1806 2058/2780/2325
f 2046/2781/2326 2078/2817/1753 2077/2813/1808 2045/2777/2322
f 2060/2782/2327 2092/2818/1746 2091/2815/1749 2059/2779/2324
f 2047/2783/2328 2079/2819/1750 2078/2820/1753 2046/2784/2326
f 2061/2785/2329 2093/2821/1754 2092/2818/1746 2060/2782/2327
f 2048/2786/2330 2080/2822/1756 2079/2819/1750 2047/2783/2328
f 2035/2787/2331 2067/2823/1758 2066/2824/1761 2034/2788/2332
f 2062/2789/2333 2094/2825/1762 2093/2821/1754 2061/2785/2329
f 2049/2790/2334 2081/2826/1764 2080/2822/1756 2048/2786/2330
f 2036/2791/2335 2068/2827/1766 2067/2823/1758 2035/2787/2331
f 2063/2792/2336 2095/2828/1768 2094/2829/1762 2062/2793/2333
f 2050/2794/2337 2082/2830/1770 2081/2826/1764 2049/2790/2334
f 2037/2795/2338 2069/2831/1772 2068/2827/1766 2036/2791/2335
f 2064/2796/2339 2096/2832/1774 2095/2828/1768 2063/2792/2336
f 2051/2797/2340 2083/2833/1776 2082/2830/1770 2050/2794/2337
f 2038/2798/2341 2070/2834/1778 2069/2831/1772 2037/2795/2338
f 2065/2799/2342 2097/2835/1780 2096/2832/1774 2064/2796/2339
f 2052/2800/2343 2084/2836/1782 2083/2833/1776 2051/2797/2340
f 2039/2801/2344 2071/2837/1784 2070/2838/1778 2038/2802/2341
f 2034/2788/2332 2066/2824/1761 2097/2835/1780 2065/2799/2342
f 2053/2803/2345 2085/2839/1786 2084/2836/1782 2052/2800/2343
f 2040/2804/2346 2072/2840/1788 2071/2837/1784 2039/2801/2344
f 2054/2805/2347 2086/2841/1790 2085/2839/1786 2053/2803/2345
f 2041/2806/2348 2073/2842/1792 2072/2840/1788 2040/2804/2346
f 2055/2807/2349 2087/2843/1794 2086/2844/1790 2054/2808/2347
f 2042/2809/2350 2074/2845/1796 2073/2842/1792 2041/2806/2348
f 2056/2810/2351 2088/2846/1798 2087/2843/1794 2055/2807/2349
f 2043/2811/2352 2075/2847/1800 2074/2845/1796 2042/2809/2350
f 2057/2812/2353 2089/2848/1802 2088/2846/1798 2056/2810/2351
f 2044/2778/2323 2076/2814/1804 2075/2847/1800 2043/2811/2352
f 2058/2780/2325 2090/2816/1806 2089/2848/1802 2057/2812/2353
f 2126/2849/2354 2125/2850/2355 2307/2851/2356 2310/2852/2357
f 2103/2853/2358 2102/2854/2359 2238/2855/2360 2241/2856/2361
f 2100/2857/2362 2099/2858/2363 2229/2859/2364 2232/2860/2365
f 2127/2861/2366 2126/2849/2354 2310/2852/2357 2313/2862/2367
f 2114/2863/2368 2113/2864/2369 2271/2865/2370 2274/2866/2371
f 2101/2867/2372 2100/2857/2362 2232/2860/2365 2235/2868/2373
f 2099/2869/2363 2131/2870/2374 2130/2871/2375 2098/2872/2376
f 2115/2873/2377 2114/2863/2368 2274/2866/2371 2277/2874/2378
f 2102/2854/2359 2101/2867/2372 2235/2868/2373 2238/2855/2360
f 2129/2875/2379 2128/2876/2380 2316/2877/2381 2319/2878/2382
f 2116/2879/2383 2115/2873/2377 2277/2874/2378 2280/2880/2384
f 2098/2881/2376 2129/2875/2379 2319/2878/2382 2227/2882/2385
f 2117/2883/2386 2116/2879/2383 2280/2880/2384 2283/2884/2387
f 2113/2864/2369 2112/2885/2388 2268/2886/2389 2271/2865/2370
f 2104/2887/2390 2103/2853/2358 2241/2856/2361 2244/2888/2391
f 2118/2889/2392 2117/2883/2386 2283/2884/2387 2286/2890/2393
f 2105/2891/2394 2104/2887/2390 2244/2888/2391 2247/2892/2395
f 2119/2893/2396 2118/2889/2392 2286/2890/2393 2289/2894/2397
f 2106/2895/2398 2105/2891/2394 2247/2892/2395 2250/2896/2399
f 2120/2897/2400 2119/2893/2396 2289/2894/2397 2292/2898/2401
f 2107/2899/2402 2106/2895/2398 2250/2896/2399 2253/2900/2403
f 2121/2901/2404 2120/2897/2400 2292/2898/2401 2295/2902/2405
f 2108/2903/2406 2107/2899/2402 2253/2900/2403 2256/2904/2407
f 2122/2905/2408 2121/2901/2404 2295/2902/2405 2298/2906/2409
f 2109/2907/2410 2108/2903/2406 2256/2904/2407 2259/2908/2411
f 2123/2909/2412 2122/2905/2408 2298/2906/2409 2301/2910/2413
f 2110/2911/2414 2109/2907/2410 2259/2908/2411 2262/2912/2415
f 2124/2913/2416 2123/2909/2412 2301/2910/2413 2304/2914/2417
f 2111/2915/2418 2110/2911/2414 2262/2912/2415 2265/2916/2419
f 2125/2850/2355 2124/2913/2416 2304/2914/2417 2307/2851/2356
f 2229/2859/2364 2099/2858/2363 2098/2881/2376 2227/2882/2385
f 2112/2885/2388 2111/2915/2418 2265/2916/2419 2268/2886/2389
f 2119/2893/2396 2151/2917/2420 2150/2918/2421 2118/2889/2392
f 2106/2919/2398 2138/2920/2422 2137/2921/2423 2105/2922/2394
f 2120/2923/2400 2152/2924/2424 2151/2925/2420 2119/2926/2396
f 2107/2927/2402 2139/2928/2425 2138/2920/2422 2106/2919/2398
f 2121/2929/2404 2153/2930/2426 2152/2924/2424 2120/2923/2400
f 2108/2931/2406 2140/2932/2427 2139/2928/2425 2107/2927/2402
f 2122/2933/2408 2154/2934/2428 2153/2930/2426 2121/2929/2404
f 2109/2935/2410 2141/2936/2429 2140/2932/2427 2108/2931/2406
f 2123/2937/2412 2155/2938/2430 2154/2934/2428 2122/2933/2408
f 2110/2911/2414 2142/2939/2431 2141/2940/2429 2109/2907/2410
f 2124/2941/2416 2156/2942/2432 2155/2938/2430 2123/2937/2412
f 2111/2915/2418 2143/2943/2433 2142/2939/2431 2110/2911/2414
f 2125/2944/2355 2157/2945/2434 2156/2942/2432 2124/2941/2416
f 2112/2946/2388 2144/2947/2435 2143/2948/2433 2111/2949/2418
f 2126/2849/2354 2158/2950/2436 2157/2951/2434 2125/2850/2355
f 2113/2952/2369 2145/2953/2437 2144/2947/2435 2112/2946/2388
f 2100/2954/2362 2132/2955/2438 2131/2870/2374 2099/2869/2363
f 2127/2861/2366 2159/2956/2439 2158/2950/2436 2126/2849/2354
f 2114/2957/2368 2146/2958/2440 2145/2953/2437 2113/2952/2369
f 2101/2959/2372 2133/2960/2441 2132/2955/2438 2100/2954/2362
f 2128/2961/2380 2160/2962/2442 2159/2963/2439 2127/2964/2366
f 2115/2965/2377 2147/2966/2443 2146/2958/2440 2114/2957/2368
f 2102/2854/2359 2134/2967/2444 2133/2968/2441 2101/2867/2372
f 2129/2969/2379 2161/2970/2445 2160/2962/2442 2128/2961/2380
f 2116/2971/2383 2148/2972/2446 2147/2966/2443 2115/2965/2377
f 2103/2853/2358 2135/2973/2447 2134/2967/2444 2102/2854/2359
f 2098/2872/2376 2130/2871/2375 2161/2970/2445 2129/2969/2379
f 2117/2974/2386 2149/2975/2448 2148/2972/2446 2116/2971/2383
f 2104/2976/2390 2136/2977/2449 2135/2978/2447 2103/2979/2358
f 2118/2889/2392 2150/2918/2421 2149/2980/2448 2117/2883/2386
f 2105/2922/2394 2137/2921/2423 2136/2977/2449 2104/2976/2390
f 2156/2942/2432 2188/2981/2450 2187/2982/2451 2155/2938/2430
f 2143/2943/2433 2175/2983/2452 2174/2984/2453 2142/2939/2431
f 2157/2945/2434 2189/2985/2454 2188/2981/2450 2156/2942/2432
f 2144/2947/2435 2176/2986/2455 2175/2987/2452 2143/2948/2433
f 2131/2870/2374 2163/2988/2456 2162/2989/2457 2130/2871/2375
f 2158/2950/2436 2190/2990/2458 2189/2991/2454 2157/2951/2434
f 2145/2953/2437 2177/2992/2459 2176/2986/2455 2144/2947/2435
f 2132/2955/2438 2164/2993/2460 2163/2988/2456 2131/2870/2374
f 2159/2956/2439 2191/2994/2461 2190/2990/2458 2158/2950/2436
f 2146/2958/2440 2178/2995/2462 2177/2992/2459 2145/2953/2437
f 2133/2960/2441 2165/2996/2463 2164/2993/2460 2132/2955/2438
f 2160/2962/2442 2192/2997/2464 2191/2998/2461 2159/2963/2439
f 2147/2966/2443 2179/2999/2465 2178/2995/2462 2146/2958/2440
f 2134/2967/2444 2166/3000/2466 2165/3001/2463 2133/2968/2441
f 2161/2970/2445 2193/3002/2467 2192/2997/2464 2160/2962/2442
f 2148/2972/2446 2180/3003/2468 2179/2999/2465 2147/2966/2443
f 2135/2973/2447 2167/3004/2469 2166/3000/2466 2134/2967/2444
f 2130/2871/2375 2162/2989/2457 2193/3002/2467 2161/2970/2445
f 2149/2975/2448 2181/3005/2470 2180/3003/2468 2148/2972/2446
f 2136/2977/2449 2168/3006/2471 2167/3007/2469 2135/2978/2447
f 2150/2918/2421 2182/3008/2472 2181/3009/2470 2149/2980/2448
f 2137/2921/2423 2169/3010/2473 2168/3006/2471 2136/2977/2449
f 2151/2917/2420 2183/3011/2474 2182/3008/2472 2150/2918/2421
f 2138/2920/2422 2170/3012/2475 2169/3010/2473 2137/2921/2423
f 2152/2924/2424 2184/3013/2476 2183/3014/2474 2151/2925/2420
f 2139/2928/2425 2171/3015/2477 2170/3012/2475 2138/2920/2422
f 2153/2930/2426 2185/3016/2478 2184/3013/2476 2152/2924/2424
f 2140/2932/2427 2172/3017/2479 2171/3015/2477 2139/2928/2425
f 2154/2934/2428 2186/3018/2480 2185/3016/2478 2153/2930/2426
f 2141/2936/2429 2173/3019/2481 2172/3017/2479 2140/2932/2427
f 2155/2938/2430 2187/2982/2451 2186/3018/2480 2154/2934/2428
f 2142/2939/2431 2174/2984/2453 2173/3020/2481 2141/2940/2429
f 2187/2982/2451 2219/3021/2482 2218/3022/2483 2186/3018/2480
f 2174/2984/2453 2206/3023/2484 2205/3024/2485 2173/3020/2481
f 2165/3001/2463 2197/3025/2486 2196/3026/2487 2164/3027/2460
f 2188/3028/2450 2220/3029/2488 2219/3030/2482 2187/3031/2451
f 2175/2983/2452 2207/3032/2489 2206/3023/2484 2174/2984/2453
f 2166/3000/2466 2198/3033/2490 2197/3025/2486 2165/3001/2463
f 2189/2991/2454 2221/3034/2491 2220/3029/2488 2188/3028/2450
f 2176/3035/2455 2208/3036/2492 2207/3032/2489 2175/2983/2452
f 2167/3004/2469 2199/3037/2493 2198/3033/2490 2166/3000/2466
f 2190/2990/2458 2222/3038/2494 2221/3034/2491 2189/2991/2454
f 2177/3039/2459 2209/3040/2495 2208/3036/2492 2176/3035/2455
f 2168/3041/2471 2200/3042/2496 2199/3037/2493 2167/3004/2469
f 2191/2994/2461 2223/3043/2497 2222/3038/2494 2190/2990/2458
f 2178/2995/2462 2210/3044/2498 2209/3045/2495 2177/2992/2459
f 2192/3046/2464 2224/3047/2499 2223/3043/2497 2191/2994/2461
f 2179/2999/2465 2211/3048/2500 2210/3044/2498 2178/2995/2462
f 2193/3049/2467 2225/3050/2501 2224/3047/2499 2192/3046/2464
f 2180/3051/2468 2212/3052/2502 2211/3053/2500 2179/3054/2465
f 2162/2989/2457 2194/3055/2503 2225/3056/2501 2193/3002/2467
f 2181/3009/2470 2213/3057/2504 2212/3052/2502 2180/3051/2468
f 2182/3008/2472 2214/3058/2505 2213/3057/2504 2181/3009/2470
f 2169/3059/2473 2201/3060/2506 2200/3042/2496 2168/3041/2471
f 2183/3011/2474 2215/3061/2507 2214/3058/2505 2182/3008/2472
f 2170/3012/2475 2202/3062/2508 2201/3063/2506 2169/3010/2473
f 2184/3064/2476 2216/3065/2509 2215/3061/2507 2183/3011/2474
f 2171/3015/2477 2203/3066/2510 2202/3062/2508 2170/3012/2475
f 2185/3067/2478 2217/3068/2511 2216/3065/2509 2184/3064/2476
f 2172/3069/2479 2204/3070/2512 2203/3071/2510 2171/3072/2477
f 2163/2988/2456 2195/3073/2513 2194/3055/2503 2162/2989/2457
f 2186/3018/2480 2218/3022/2483 2217/3074/2511 2185/3016/2478
f 2173/3020/2481 2205/3024/2485 2204/3070/2512 2172/3069/2479
f 2164/3027/2460 2196/3026/2487 2195/3075/2513 2163/3076/2456
f 2096/2832/1774 2317/3077/1774 2314/3078/1768 2095/2828/1768
f 2069/2831/1772 2236/3079/1772 2233/3080/1766 2068/2827/1766
f 2082/2830/1770 2275/3081/1770 2272/3082/1764 2081/2826/1764
f 2095/2828/1768 2314/3078/1768 2311/3083/1762 2094/2829/1762
f 2068/2827/1766 2233/3080/1766 2230/3084/1758 2067/2823/1758
f 2081/2826/1764 2272/3082/1764 2269/3085/1756 2080/2822/1756
f 2094/2825/1762 2311/3086/1762 2308/3087/1754 2093/2821/1754
f 2067/2823/1758 2230/3084/1758 2226/3088/1761 2066/2824/1761
f 2080/2822/1756 2269/3085/1756 2266/3089/1750 2079/2819/1750
f 2093/2821/1754 2308/3087/1754 2305/3090/1746 2092/2818/1746
f 2079/2819/1750 2266/3089/1750 2263/3091/1753 2078/2820/1753
f 2092/2818/1746 2305/3090/1746 2302/3092/1749 2091/2815/1749
f 2078/2817/1753 2263/3093/1753 2260/3094/1808 2077/2813/1808
f 2091/2815/1749 2302/3092/1749 2299/3095/1806 2090/2816/1806
f 2077/2813/1808 2260/3094/1808 2257/3096/1804 2076/2814/1804
f 2090/2816/1806 2299/3095/1806 2296/3097/1802 2089/2848/1802
f 2076/2814/1804 2257/3096/1804 2254/3098/1800 2075/2847/1800
f 2089/2848/1802 2296/3097/1802 2293/3099/1798 2088/2846/1798
f 2075/2847/1800 2254/3098/1800 2251/3100/1796 2074/2845/1796
f 2088/2846/1798 2293/3099/1798 2290/3101/1794 2087/2843/1794
f 2074/2845/1796 2251/3100/1796 2248/3102/1792 2073/2842/1792
f 2087/2843/1794 2290/3101/1794 2287/3103/2514 2086/2844/1790
f 2073/2842/1792 2248/3102/1792 2245/3104/1788 2072/2840/1788
f 2086/2841/1790 2287/3105/2514 2284/3106/1786 2085/2839/1786
f 2072/2840/1788 2245/3104/1788 2242/3107/1784 2071/2837/1784
f 2085/2839/1786 2284/3106/1786 2281/3108/1782 2084/2836/1782
f 2066/2824/1761 2226/3088/1761 2320/3109/1780 2097/2835/1780
f 2071/2837/1784 2242/3107/1784 2239/3110/2515 2070/2838/1778
f 2084/2836/1782 2281/3108/1782 2278/3111/1776 2083/2833/1776
f 2097/2835/1780 2320/3109/1780 2317/3077/1774 2096/2832/1774
f 2070/2834/1778 2239/3112/2515 2236/3079/1772 2069/2831/1772
f 2083/2833/1776 2278/3111/1776 2275/3081/1770 2082/2830/1770
f 2230/3084/1758 2231/3113/2516 2228/3114/2517 2226/3088/1761
f 2231/3115/2516 2229/2859/2364 2227/2882/2385 2228/3116/2517
f 2233/3080/1766 2234/3117/2518 2231/3113/2516 2230/3084/1758
f 2234/3118/2518 2232/2860/2365 2229/2859/2364 2231/3115/2516
f 2236/3079/1772 2237/3119/2519 2234/3117/2518 2233/3080/1766
f 2237/3120/2519 2235/2868/2373 2232/2860/2365 2234/3118/2518
f 2239/3112/2515 2240/3121/2520 2237/3119/2519 2236/3079/1772
f 2240/3122/2520 2238/2855/2360 2235/2868/2373 2237/3120/2519
f 2242/3107/1784 2243/3123/2521 2240/3124/2520 2239/3110/2515
f 2243/3125/2521 2241/2856/2361 2238/2855/2360 2240/3122/2520
f 2245/3104/1788 2246/3126/2522 2243/3123/2521 2242/3107/1784
f 2246/3127/2522 2244/2888/2391 2241/2856/2361 2243/3125/2521
f 2248/3102/1792 2249/3128/2523 2246/3126/2522 2245/3104/1788
f 2249/3129/2523 2247/2892/2395 2244/2888/2391 2246/3127/2522
f 2251/3100/1796 2252/3130/2524 2249/3128/2523 2248/3102/1792
f 2252/3131/2524 2250/2896/2399 2247/2892/2395 2249/3129/2523
f 2254/3098/1800 2255/3132/2525 2252/3130/2524 2251/3100/1796
f 2255/3133/2525 2253/2900/2403 2250/2896/2399 2252/3131/2524
f 2257/3096/1804 2258/3134/2526 2255/3132/2525 2254/3098/1800
f 2258/3135/2526 2256/2904/2407 2253/2900/2403 2255/3133/2525
f 2260/3094/1808 2261/3136/2527 2258/3134/2526 2257/3096/1804
f 2261/3137/2527 2259/2908/2411 2256/2904/2407 2258/3135/2526
f 2263/3093/1753 2264/3138/2528 2261/3136/2527 2260/3094/1808
f 2264/3139/2528 2262/2912/2415 2259/2908/2411 2261/3137/2527
f 2266/3089/1750 2267/3140/2529 2264/3141/2528 2263/3091/1753
f 2267/3142/2529 2265/2916/2419 2262/2912/2415 2264/3139/2528
f 2269/3085/1756 2270/3143/2530 2267/3140/2529 2266/3089/1750
f 2270/3144/2530 2268/2886/2389 2265/2916/2419 2267/3142/2529
f 2272/3082/1764 2273/3145/2531 2270/3143/2530 2269/3085/1756
f 2273/3146/2531 2271/2865/2370 2268/2886/2389 2270/3144/2530
f 2275/3081/1770 2276/3147/2532 2273/3145/2531 2272/3082/1764
f 2276/3148/2532 2274/2866/2371 2271/2865/2370 2273/3146/2531
f 2278/3111/1776 2279/3149/2533 2276/3147/2532 2275/3081/1770
f 2279/3150/2533 2277/2874/2378 2274/2866/2371 2276/3148/2532
f 2281/3108/1782 2282/3151/2534 2279/3149/2533 2278/3111/1776
f 2282/3152/2534 2280/2880/2384 2277/2874/2378 2279/3150/2533
f 2284/3106/1786 2285/3153/2535 2282/3151/2534 2281/3108/1782
f 2285/3154/2535 2283/2884/2387 2280/2880/2384 2282/3152/2534
f 2287/3105/2514 2288/3155/2536 2285/3153/2535 2284/3106/1786
f 2288/3156/2536 2286/2890/2393 2283/2884/2387 2285/3154/2535
f 2290/3101/1794 2291/3157/2537 2288/3158/2536 2287/3103/2514
f 2291/3159/2537 2289/2894/2397 2286/2890/2393 2288/3156/2536
f 2293/3099/1798 2294/3160/2538 2291/3157/2537 2290/3101/1794
f 2294/3161/2538 2292/2898/2401 2289/2894/2397 2291/3159/2537
f 2296/3097/1802 2297/3162/2539 2294/3160/2538 2293/3099/1798
f 2297/3163/2539 2295/2902/2405 2292/2898/2401 2294/3161/2538
f 2299/3095/1806 2300/3164/2540 2297/3162/2539 2296/3097/1802
f 2300/3165/2540 2298/2906/2409 2295/2902/2405 2297/3163/2539
f 2302/3092/1749 2303/3166/2541 2300/3164/2540 2299/3095/1806
f 2303/3167/2541 2301/2910/2413 2298/2906/2409 2300/3165/2540
f 2305/3090/1746 2306/3168/2542 2303/3166/2541 2302/3092/1749
f 2306/3169/2542 2304/2914/2417 2301/2910/2413 2303/3167/2541
f 2308/3087/1754 2309/3170/2543 2306/3168/2542 2305/3090/1746
f 2309/3171/2543 2307/2851/2356 2304/2914/2417 2306/3169/2542
f 2311/3086/1762 2312/3172/2544 2309/3170/2543 2308/3087/1754
f 2312/3173/2544 2310/2852/2357 2307/2851/2356 2309/3171/2543
f 2314/3078/1768 2315/3174/2545 2312/3175/2544 2311/3083/1762
f 2315/3176/2545 2313/2862/2367 2310/2852/2357 2312/3173/2544
f 2317/3077/1774 2318/3177/2546 2315/3174/2545 2314/3078/1768
f 2318/3178/2546 2316/2877/2381 2313/2862/2367 2315/3176/2545
f 2320/3109/1780 2321/3179/2547 2318/3177/2546 2317/3077/1774
f 2321/3180/2547 2319/2878/2382 2316/2877/2381 2318/3178/2546
f 2226/3088/1761 2228/3114/2517 2321/3179/2547 2320/3109/1780
f 2228/3116/2517 2227/2882/2385 2319/2878/2382 2321/3180/2547
f 2326/2407/2078 2327/3181/2548 2324/3182/2549 2322/2408/2079
f 2327/3183/2548 2325/2393/2065 2323/2366/2038 2324/3184/2549
f 2329/2411/2082 2330/3185/2550 2327/3181/2548 2326/2407/2078
f 2330/3186/2550 2328/2377/2049 2325/2393/2065 2327/3183/2548
f 2332/2415/2085 2333/3187/2551 2330/3185/2550 2329/2411/2082
f 2333/3188/2551 2331/2374/2046 2328/2377/2049 2330/3186/2550
f 2335/2418/2088 2336/3189/2552 2333/3187/2551 2332/2415/2085
f 2336/3190/2552 2334/2382/2054 2331/2374/2046 2333/3188/2551
f 2338/2421/2091 2339/3191/2553 2336/3192/2552 2335/2422/2088
f 2339/3193/2553 2337/2386/2058 2334/2382/2054 2336/3190/2552
f 2341/2424/2093 2342/3194/2554 2339/3191/2553 2338/2421/2091
f 2342/3195/2554 2340/2390/2062 2337/2386/2058 2339/3193/2553
f 2344/2426/2095 2345/3196/2555 2342/3194/2554 2341/2424/2093
f 2345/3197/2555 2343/2337/2009 2340/2390/2062 2342/3195/2554
f 2347/2429/2097 2348/3198/2556 2345/3196/2555 2344/2426/2095
f 2348/3199/2556 2346/2334/2006 2343/2337/2009 2345/3197/2555
f 2350/2397/2069 2351/3200/2557 2348/3198/2556 2347/2429/2097
f 2351/3201/2557 2349/2340/2012 2346/2334/2006 2348/3199/2556
f 2353/2396/2068 2354/3202/2558 2351/3200/2557 2350/2397/2069
f 2354/3203/2558 2352/2344/2016 2349/2340/2012 2351/3201/2557
f 2356/2399/2071 2357/3204/2559 2354/3202/2558 2353/2396/2068
f 2357/3205/2559 2355/2348/2020 2352/2344/2016 2354/3203/2558
f 2359/2401/2073 2360/3206/2560 2357/3204/2559 2356/2399/2071
f 2360/3207/2560 2358/2352/2024 2355/2348/2020 2357/3205/2559
f 2362/2403/2075 2363/3208/2561 2360/3209/2560 2359/2404/2073
f 2363/3210/2561 2361/2356/2028 2358/2352/2024 2360/3207/2560
f 2365/2406/2077 2366/3211/2562 2363/3208/2561 2362/2403/2075
f 2366/3212/2562 2364/2360/2032 2361/2356/2028 2363/3210/2561
f 2368/2410/2081 2369/3213/2563 2366/3211/2562 2365/2406/2077
f 2369/3214/2563 2367/2364/2036 2364/2360/2032 2366/3212/2562
f 2371/2414/2084 2372/3215/2564 2369/3213/2563 2368/2410/2081
f 2372/3216/2564 2370/2372/2044 2367/2364/2036 2369/3214/2563
f 2374/2417/2087 2375/3217/2565 2372/3215/2564 2371/2414/2084
f 2375/3218/2565 2373/2380/2052 2370/2372/2044 2372/3216/2564
f 2377/2420/2090 2378/3219/2566 2375/3217/2565 2374/2417/2087
f 2378/3220/2566 2376/2384/2056 2373/2380/2052 2375/3218/2565
f 2380/2423/2092 2381/3221/2567 2378/3219/2566 2377/2420/2090
f 2381/3222/2567 2379/2388/2060 2376/2384/2056 2378/3220/2566
f 2383/2425/2094 2384/3223/2568 2381/3221/2567 2380/2423/2092
f 2384/3224/2568 2382/2333/2005 2379/2388/2060 2381/3222/2567
f 2386/2427/2096 2387/3225/2569 2384/3226/2568 2383/2428/2094
f 2387/3227/2569 2385/2330/2002 2382/2333/2005 2384/3224/2568
f 2389/2395/2067 2390/3228/2570 2387/3225/2569 2386/2427/2096
f 2390/3229/2570 2388/2338/2010 2385/2330/2002 2387/3227/2569
f 2392/2394/2066 2393/3230/2571 2390/3228/2570 2389/2395/2067
f 2393/3231/2571 2391/2342/2014 2388/2338/2010 2390/3229/2570
f 2395/2398/2070 2396/3232/2572 2393/3230/2571 2392/2394/2066
f 2396/3233/2572 2394/2346/2018 2391/2342/2014 2393/3231/2571
f 2398/2400/2072 2399/3234/2573 2396/3232/2572 2395/2398/2070
f 2399/3235/2573 2397/2350/2022 2394/2346/2018 2396/3233/2572
f 2401/2402/2074 2402/3236/2574 2399/3234/2573 2398/2400/2072
f 2402/3237/2574 2400/2354/2026 2397/2350/2022 2399/3235/2573
f 2404/2405/2076 2405/3238/2575 2402/3236/2574 2401/2402/2074
f 2405/3239/2575 2403/2358/2030 2400/2354/2026 2402/3237/2574
f 2407/2409/2080 2408/3240/2576 2405/3238/2575 2404/2405/2076
f 2408/3241/2576 2406/2362/2034 2403/2358/2030 2405/3239/2575
f 2410/2412/2083 2411/3242/2577 2408/3243/2576 2407/2413/2080
f 2411/3244/2577 2409/2370/2042 2406/2362/2034 2408/3241/2576
f 2413/2416/2086 2414/3245/2578 2411/3242/2577 2410/2412/2083
f 2414/3246/2578 2412/2378/2050 2409/2370/2042 2411/3244/2577
f 2416/2419/2089 2417/3247/2579 2414/3245/2578 2413/2416/2086
f 2417/3248/2579 2415/2369/2041 2412/2378/2050 2414/3246/2578
f 2322/2408/2079 2324/3182/2549 2417/3247/2579 2416/2419/2089
f 2324/3184/2549 2323/2366/2038 2415/2369/2041 2417/3248/2579
f 2325/2393/2065 1843/2392/2064 1842/2367/2039 2323/2366/2038
f 1598/3249/1697 2420/1984/1753 2449/1982/1808 1597/3250/1693
f 1611/3251/1695 2418/1917/1749 2448/1980/1806 1610/3252/1691
f 1597/3250/1693 2449/1982/1808 2447/1978/1804 1596/3253/1687
f 1610/3252/1691 2448/1980/1806 2446/1976/1802 1609/3254/1683
f 1596/3253/1687 2447/1978/1804 2445/1974/1800 1595/3255/1688
f 1609/3254/1683 2446/1976/1802 2444/1972/1798 1608/3256/1684
f 1595/3255/1688 2445/1974/1800 2443/1970/1796 1594/3257/1745
f 1608/3256/1684 2444/1972/1798 2442/1966/1794 1607/3258/1743
f 1594/3257/1745 2443/1970/1796 2441/1964/1792 1593/3259/1741
f 1607/3258/1743 2442/1966/1794 2440/1969/1790 1606/3260/1739
f 1593/3259/1741 2441/1964/1792 2439/1960/1788 1592/3261/1737
f 1606/3262/1739 2440/1962/1790 2438/1958/1786 1605/3263/1735
f 1592/3261/1737 2439/1960/1788 2437/1954/1784 1591/3264/1733
f 1605/3263/1735 2438/1958/1786 2436/1952/1782 1604/3265/1731
f 1586/3266/1708 2424/1929/1761 2435/1950/1780 1617/3267/1729
f 1591/3264/1733 2437/1954/1784 2434/1957/1778 1590/3268/1727
f 1604/3265/1731 2436/1952/1782 2433/1946/1776 1603/3269/1725
f 1617/3267/1729 2435/1950/1780 2432/1944/1774 1616/3270/1723
f 1590/3271/1727 2434/1948/1778 2431/1942/1772 1589/3272/1721
f 1603/3269/1725 2433/1946/1776 2430/1940/1770 1602/3273/1719
f 1616/3270/1723 2432/1944/1774 2429/1936/1768 1615/3274/1717
f 1589/3272/1721 2431/1942/1772 2428/1934/1766 1588/3275/1715
f 1602/3273/1719 2430/1940/1770 2427/1932/1764 1601/3276/1713
f 1615/3274/1717 2429/1936/1768 2426/1939/1762 1614/3277/1711
f 1588/3275/1715 2428/1934/1766 2425/1926/1758 1587/3278/1707
f 1601/3276/1713 2427/1932/1764 2423/1924/1756 1600/3279/1705
f 1614/3280/1711 2426/1930/1762 2422/1922/1754 1613/3281/1703
f 1587/3278/1707 2425/1926/1758 2424/1929/1761 1586/3266/1708
f 1600/3279/1705 2423/1924/1756 2421/1918/1750 1599/3282/1701
f 1613/3281/1703 2422/1922/1754 2419/1914/1746 1612/3283/1699
f 1599/3282/1701 2421/1918/1750 2420/1921/1753 1598/3284/1697
f 1612/3283/1699 2419/1914/1746 2418/1917/1749 1611/3251/1695
f 2677/3285/1788 2560/3286/1550 2558/3287/1546 2674/3288/1784
f 2665/3289/1766 2549/3290/1528 2546/3291/1531 2662/3292/1758
f 2719/3293/1790 2561/3294/1493 2559/3295/1548 2716/3296/1786
f 2680/3297/1792 2562/3298/1497 2560/3286/1550 2677/3285/1788
f 2722/3299/1794 2531/3300/1490 2561/3301/1493 2719/3302/1790
f 2683/3303/1796 2533/3304/1494 2562/3298/1497 2680/3297/1792
f 2725/3305/1798 2532/3306/1552 2531/3300/1490 2722/3299/1794
f 2686/3307/1800 2534/3308/1501 2533/3304/1494 2683/3303/1796
f 2728/3309/1802 2535/3310/1505 2532/3306/1552 2725/3305/1798
f 2689/3311/1804 2536/3312/1498 2534/3308/1501 2686/3307/1800
f 2731/3313/1806 2537/3314/1502 2535/3310/1505 2728/3309/1802
f 2692/3315/1808 2538/3316/1506 2536/3312/1498 2689/3311/1804
f 2734/3317/1749 2539/3318/1508 2537/3314/1502 2731/3313/1806
f 2695/3319/1753 2540/3320/1510 2538/3316/1506 2692/3315/1808
f 2737/3321/1746 2541/3322/1512 2539/3318/1508 2734/3317/1749
f 2698/3323/1750 2542/3324/1514 2540/3325/1510 2695/3326/1753
f 2740/3327/1754 2543/3328/1516 2541/3322/1512 2737/3321/1746
f 2701/3329/1756 2544/3330/1518 2542/3324/1514 2698/3323/1750
f 2743/3331/1762 2547/3332/1520 2543/3328/1516 2740/3327/1754
f 2704/3333/1764 2548/3334/1526 2544/3330/1518 2701/3329/1756
f 2660/3335/1761 2545/3336/1522 2556/3337/1525 2752/3338/1780
f 2746/3339/1768 2550/3340/1532 2547/3341/1520 2743/3342/1762
f 2707/3343/1770 2551/3344/1534 2548/3334/1526 2704/3333/1764
f 2668/3345/1772 2552/3346/1536 2549/3290/1528 2665/3289/1766
f 2749/3347/1774 2553/3348/1538 2550/3340/1532 2746/3339/1768
f 2710/3349/1776 2554/3350/1540 2551/3344/1534 2707/3343/1770
f 2671/3351/1778 2555/3352/1542 2552/3346/1536 2668/3345/1772
f 2752/3338/1780 2556/3337/1525 2553/3348/1538 2749/3347/1774
f 2713/3353/1782 2557/3354/1544 2554/3350/1540 2710/3349/1776
f 2674/3288/1784 2558/3287/1546 2555/3355/1542 2671/3356/1778
f 2716/3296/1786 2559/3295/1548 2557/3354/1544 2713/3353/1782
f 2479/3357/2580 2478/3358/2580 2477/3359/2580 2482/3360/2580
f 2482/3360/2580 2477/3359/2580 2476/3361/2580 2489/3362/2580
f 2489/3362/2580 2476/3361/2580 2475/3363/2580 2496/3364/2580
f 2496/3364/2580 2475/3363/2580 2474/3365/2580 2503/3366/2580
f 2503/3366/2580 2474/3365/2580 2473/3367/2580 2510/3368/2580
f 2510/3368/2580 2473/3367/2580 2472/3369/2580 2517/3370/2580
f 2517/3370/2580 2472/3369/2580 2471/3371/2580 2524/3372/2580
f 2524/3372/2580 2471/3371/2580 2470/3373/2580 2469/3374/2580
f 2480/3375/2580 2479/3357/2580 2482/3360/2580 2483/3376/2580
f 2483/3376/2580 2482/3360/2580 2489/3362/2580 2490/3377/2580
f 2490/3377/2580 2489/3362/2580 2496/3364/2580 2497/3378/2580
f 2497/3378/2580 2496/3364/2580 2503/3366/2580 2504/3379/2580
f 2504/3379/2580 2503/3366/2580 2510/3368/2580 2511/3380/2580
f 2511/3380/2580 2510/3368/2580 2517/3370/2580 2518/3381/2580
f 2518/3381/2580 2517/3370/2580 2524/3372/2580 2525/3382/2580
f 2525/3382/2580 2524/3372/2580 2469/3374/2580 2468/3383/2580
f 2481/3384/2580 2480/3375/2580 2483/3376/2580 2484/3385/2580
f 2484/3385/2580 2483/3376/2580 2490/3377/2580 2491/3386/2580
f 2491/3386/2580 2490/3377/2580 2497/3378/2580 2498/3387/2580
f 2498/3387/2580 2497/3378/2580 2504/3379/2580 2505/3388/2580
f 2505/3388/2580 2504/3379/2580 2511/3380/2580 2512/3389/2580
f 2512/3389/2580 2511/3380/2580 2518/3381/2580 2519/3390/2580
f 2519/3390/2580 2518/3381/2580 2525/3382/2580 2526/3391/2580
f 2526/3391/2580 2525/3382/2580 2468/3383/2580 2467/3392/2580
f 2450/3393/2580 2481/3384/2580 2484/3385/2580 2485/3394/2580
f 2485/3394/2580 2484/3385/2580 2491/3386/2580 2492/3395/2580
f 2492/3395/2580 2491/3386/2580 2498/3387/2580 2499/3396/2580
f 2499/3396/2580 2498/3387/2580 2505/3388/2580 2506/3397/2580
f 2506/3397/2580 2505/3388/2580 2512/3389/2580 2513/3398/2580
f 2513/3398/2580 2512/3389/2580 2519/3390/2580 2520/3399/2580
f 2520/3399/2580 2519/3390/2580 2526/3391/2580 2527/3400/2580
f 2527/3400/2580 2526/3391/2580 2467/3392/2580 2466/3401/2580
f 2451/3402/2580 2450/3393/2580 2485/3394/2580 2486/3403/2580
f 2486/3403/2580 2485/3394/2580 2492/3395/2580 2493/3404/2580
f 2493/3404/2580 2492/3395/2580 2499/3396/2580 2500/3405/2580
f 2500/3405/2580 2499/3396/2580 2506/3397/2580 2507/3406/2580
f 2507/3406/2580 2506/3397/2580 2513/3398/2580 2514/3407/2580
f 2514/3407/2580 2513/3398/2580 2520/3399/2580 2521/3408/2580
f 2521/3408/2580 2520/3399/2580 2527/3400/2580 2528/3409/2580
f 2528/3409/2580 2527/3400/2580 2466/3401/2580 2465/3410/2580
f 2452/3411/2580 2451/3402/2580 2486/3403/2580 2487/3412/2580
f 2487/3412/2580 2486/3403/2580 2493/3404/2580 2494/3413/2580
f 2494/3413/2580 2493/3404/2580 2500/3405/2580 2501/3414/2580
f 2501/3414/2580 2500/3405/2580 2507/3406/2580 2508/3415/2580
f 2508/3415/2580 2507/3406/2580 2514/3407/2580 2515/3416/2580
f 2515/3416/2580 2514/3407/2580 2521/3408/2580 2522/3417/2580
f 2522/3417/2580 2521/3408/2580 2528/3409/2580 2529/3418/2580
f 2529/3418/2580 2528/3409/2580 2465/3410/2580 2464/3419/2580
f 2453/3420/2580 2452/3411/2580 2487/3412/2580 2488/3421/2580
f 2488/3421/2580 2487/3412/2580 2494/3413/2580 2495/3422/2580
f 2495/3422/2580 2494/3413/2580 2501/3414/2580 2502/3423/2580
f 2502/3423/2580 2501/3414/2580 2508/3415/2580 2509/3424/2580
f 2509/3424/2580 2508/3415/2580 2515/3416/2580 2516/3425/2580
f 2516/3425/2580 2515/3416/2580 2522/3417/2580 2523/3426/2580
f 2523/3426/2580 2522/3417/2580 2529/3418/2580 2530/3427/2580
f 2530/3427/2580 2529/3418/2580 2464/3419/2580 2463/3428/2580
f 2454/3429/2580 2453/3420/2580 2488/3421/2580 2455/3430/2580
f 2455/3430/2580 2488/3421/2580 2495/3422/2580 2456/3431/2580
f 2456/3431/2580 2495/3422/2580 2502/3423/2580 2457/3432/2580
f 2457/3432/2580 2502/3423/2580 2509/3424/2580 2458/3433/2580
f 2458/3433/2580 2509/3424/2580 2516/3425/2580 2459/3434/2580
f 2459/3434/2580 2516/3425/2580 2523/3426/2580 2460/3435/2580
f 2460/3435/2580 2523/3426/2580 2530/3427/2580 2461/3436/2580
f 2461/3436/2580 2530/3427/2580 2463/3428/2580 2462/3437/2580
f 2681/3438/2580 2457/3432/2580 2458/3433/2580 2684/3439/2580
f 2720/3440/2580 2470/3373/2580 2471/3371/2580 2723/3441/2580
f 2678/3442/2580 2456/3431/2580 2457/3432/2580 2681/3438/2580
f 2717/3443/2580 2469/3374/2580 2470/3373/2580 2720/3440/2580
f 2675/3444/2580 2455/3430/2580 2456/3431/2580 2678/3442/2580
f 2714/3445/2580 2468/3383/2580 2469/3374/2580 2717/3443/2580
f 2753/3446/2580 2481/3384/2580 2450/3393/2580 2659/3447/2580
f 2672/3448/2580 2454/3429/2580 2455/3430/2580 2675/3444/2580
f 2711/3449/2580 2467/3392/2580 2468/3383/2580 2714/3445/2580
f 2750/3450/2580 2480/3375/2580 2481/3384/2580 2753/3446/2580
f 2669/3451/2580 2453/3420/2580 2454/3429/2580 2672/3448/2580
f 2708/3452/2580 2466/3401/2580 2467/3392/2580 2711/3449/2580
f 2747/3453/2580 2479/3357/2580 2480/3375/2580 2750/3450/2580
f 2666/3454/2580 2452/3411/2580 2453/3420/2580 2669/3451/2580
f 2705/3455/2580 2465/3410/2580 2466/3401/2580 2708/3452/2580
f 2744/3456/2580 2478/3358/2580 2479/3357/2580 2747/3453/2580
f 2663/3457/2580 2451/3402/2580 2452/3411/2580 2666/3454/2580
f 2702/3458/2580 2464/3419/2580 2465/3410/2580 2705/3455/2580
f 2741/3459/2580 2477/3359/2580 2478/3358/2580 2744/3456/2580
f 2659/3447/2580 2450/3393/2580 2451/3402/2580 2663/3457/2580
f 2699/3460/2580 2463/3428/2580 2464/3419/2580 2702/3458/2580
f 2738/3461/2580 2476/3361/2580 2477/3359/2580 2741/3459/2580
f 2696/3462/2580 2462/3437/2580 2463/3428/2580 2699/3460/2580
f 2735/3463/2580 2475/3363/2580 2476/3361/2580 2738/3461/2580
f 2693/3464/2580 2461/3436/2580 2462/3437/2580 2696/3462/2580
f 2732/3465/2580 2474/3365/2580 2475/3363/2580 2735/3463/2580
f 2690/3466/2580 2460/3435/2580 2461/3436/2580 2693/3464/2580
f 2729/3467/2580 2473/3367/2580 2474/3365/2580 2732/3465/2580
f 2687/3468/2580 2459/3434/2580 2460/3435/2580 2690/3466/2580
f 2726/3469/2580 2472/3369/2580 2473/3367/2580 2729/3467/2580
f 2684/3439/2580 2458/3433/2580 2459/3434/2580 2687/3468/2580
f 2723/3441/2580 2471/3371/2580 2472/3369/2580 2726/3469/2580
f 2569/3470/2581 1490/1714/1572 1521/1717/1566 2639/3471/2582
f 2566/3472/2583 1498/1686/1584 1497/1689/1580 2657/3473/2584
f 2657/3473/2584 1497/1689/1580 1496/1742/1576 2651/3474/2585
f 2654/3475/2586 1510/1685/1578 1509/1740/1574 2648/3476/2587
f 2651/3474/2585 1496/1742/1576 1495/1738/1570 2645/3477/2588
f 2648/3476/2587 1509/1740/1574 1508/1736/1568 2642/3478/2589
f 2535/1697/1505 2578/1696/1504 2572/1745/1553 2532/1744/1552
f 2645/3477/2588 1495/1738/1570 1494/1734/1562 2636/3479/2590
f 2642/3478/2589 1508/1736/1568 1507/1732/1558 2633/3480/2591
f 2639/3471/2582 1521/1717/1566 1520/1730/1554 2630/3481/2592
f 2636/3479/2590 1494/1734/1562 1493/1728/1565 2627/3482/2593
f 2633/3480/2591 1507/1732/1558 1506/1726/1561 2624/3483/2594
f 2630/3481/2592 1520/1730/1554 1519/1724/1557 2621/3484/2595
f 2627/3482/2593 1493/1728/1565 1492/1720/1616 2618/3485/2596
f 2624/3483/2594 1506/1726/1561 1505/1718/1614 2615/3486/2597
f 2621/3484/2595 1519/1724/1557 1518/1712/1612 2612/3487/2598
f 2618/3485/2596 1492/1720/1616 1491/1723/1610 2609/3488/2599
f 2615/3486/2597 1505/1718/1614 1504/1710/1608 2606/3489/2600
f 2612/3487/2598 1518/1712/1612 1517/1708/1606 2603/3490/2601
f 2609/3488/2599 1491/1723/1610 1490/1714/1572 2569/3470/2581
f 2606/3489/2600 1504/1710/1608 1503/1706/1604 2600/3491/2602
f 2603/3490/2601 1517/1708/1606 1516/1704/1602 2597/3492/2603
f 2600/3491/2602 1503/1706/1604 1502/1702/1600 2594/3493/2604
f 2597/3492/2603 1516/1704/1602 1515/1700/1598 2591/3494/2605
f 2594/3493/2604 1502/1702/1600 1501/1698/1596 2588/3495/2606
f 2591/3494/2605 1515/1700/1598 1514/1694/1594 2585/3496/2607
f 2588/3495/2606 1501/1698/1596 1500/1690/1592 2582/3497/2608
f 2585/3496/2607 1514/1694/1594 1513/1697/1590 2579/3498/2609
f 2582/3497/2608 1500/1690/1592 1499/1693/1588 2576/3499/2610
f 2579/3498/2609 1513/1697/1590 1512/1744/1586 2573/3500/2611
f 2576/3499/2610 1499/1693/1588 1498/1686/1584 2566/3472/2583
f 2573/3500/2611 1512/1744/1586 1511/1682/1582 2563/3501/2612
f 2657/3473/2584 2658/3502/2613 2568/3503/2614 2566/3472/2583
f 2658/3502/2613 2656/1688/1496 2567/1687/1495 2568/3503/2614
f 2654/3475/2586 2655/3504/2615 2565/3505/2616 2563/3501/2612
f 2655/3504/2615 2653/1684/1492 2564/1683/1491 2565/3505/2616
f 2651/3474/2585 2652/3506/2617 2658/3502/2613 2657/3473/2584
f 2652/3506/2617 2650/1743/1551 2656/1688/1496 2658/3502/2613
f 2648/3476/2587 2649/3507/2618 2655/3504/2615 2654/3475/2586
f 2649/3507/2618 2647/1741/1549 2653/1684/1492 2655/3504/2615
f 2645/3477/2588 2646/3508/2619 2652/3506/2617 2651/3474/2585
f 2646/3508/2619 2644/1739/1547 2650/1743/1551 2652/3506/2617
f 2642/3478/2589 2643/3509/2620 2649/3507/2618 2648/3476/2587
f 2643/3509/2620 2641/1737/1545 2647/1741/1549 2649/3507/2618
f 2639/3471/2582 2640/3510/2621 2571/3511/2622 2569/3470/2581
f 2640/3510/2621 2638/1716/1524 2570/1715/1523 2571/3511/2622
f 2636/3479/2590 2637/3512/2623 2646/3508/2619 2645/3477/2588
f 2637/3512/2623 2635/1735/1543 2644/1739/1547 2646/3508/2619
f 2633/3480/2591 2634/3513/2624 2643/3509/2620 2642/3478/2589
f 2634/3513/2624 2632/1733/1541 2641/1737/1545 2643/3509/2620
f 2630/3481/2592 2631/3514/2625 2640/3510/2621 2639/3471/2582
f 2631/3514/2625 2629/1731/1539 2638/1716/1524 2640/3510/2621
f 2627/3482/2593 2628/3515/2626 2637/3512/2623 2636/3479/2590
f 2628/3515/2626 2626/1729/1537 2635/1735/1543 2637/3512/2623
f 2624/3483/2594 2625/3516/2627 2634/3513/2624 2633/3480/2591
f 2625/3516/2627 2623/1727/1535 2632/1733/1541 2634/3513/2624
f 2621/3484/2595 2622/3517/2628 2631/3514/2625 2630/3481/2592
f 2622/3517/2628 2620/1725/1533 2629/1731/1539 2631/3514/2625
f 2618/3485/2596 2619/3518/2629 2628/3515/2626 2627/3482/2593
f 2619/3518/2629 2617/1721/1529 2626/1729/1537 2628/3515/2626
f 2615/3486/2597 2616/3519/2630 2625/3516/2627 2624/3483/2594
f 2616/3519/2630 2614/1719/1527 2623/1727/1535 2625/3516/2627
f 2612/3487/2598 2613/3520/2631 2622/3517/2628 2621/3484/2595
f 2613/3520/2631 2611/1713/1521 2620/1725/1533 2622/3517/2628
f 2609/3488/2599 2610/3521/2632 2619/3518/2629 2618/3485/2596
f 2610/3521/2632 2608/1722/1530 2617/1721/1529 2619/3518/2629
f 2606/3489/2600 2607/3522/2633 2616/3519/2630 2615/3486/2597
f 2607/3522/2633 2605/1711/1519 2614/1719/1527 2616/3519/2630
f 2603/3490/2601 2604/3523/2634 2613/3520/2631 2612/3487/2598
f 2604/3523/2634 2602/1709/1517 2611/1713/1521 2613/3520/2631
f 2569/3470/2581 2571/3511/2622 2610/3521/2632 2609/3488/2599
f 2571/3511/2622 2570/1715/1523 2608/1722/1530 2610/3521/2632
f 2600/3491/2602 2601/3524/2635 2607/3522/2633 2606/3489/2600
f 2601/3524/2635 2599/1707/1515 2605/1711/1519 2607/3522/2633
f 2597/3492/2603 2598/3525/2636 2604/3523/2634 2603/3490/2601
f 2598/3525/2636 2596/1705/1513 2602/1709/1517 2604/3523/2634
f 2594/3493/2604 2595/3526/2637 2601/3524/2635 2600/3491/2602
f 2595/3526/2637 2593/1703/1511 2599/1707/1515 2601/3524/2635
f 2591/3494/2605 2592/3527/2638 2598/3525/2636 2597/3492/2603
f 2592/3527/2638 2590/1701/1509 2596/1705/1513 2598/3525/2636
f 2588/3495/2606 2589/3528/2639 2595/3526/2637 2594/3493/2604
f 2589/3528/2639 2587/1699/1507 2593/1703/1511 2595/3526/2637
f 2585/3496/2607 2586/3529/2640 2592/3527/2638 2591/3494/2605
f 2586/3529/2640 2584/1695/1503 2590/1701/1509 2592/3527/2638
f 2582/3497/2608 2583/3530/2641 2589/3528/2639 2588/3495/2606
f 2583/3530/2641 2581/1691/1499 2587/1699/1507 2589/3528/2639
f 2579/3498/2609 2580/3531/2642 2586/3529/2640 2585/3496/2607
f 2580/3531/2642 2578/1696/1504 2584/1695/1503 2586/3529/2640
f 2576/3499/2610 2577/3532/2643 2583/3530/2641 2582/3497/2608
f 2577/3532/2643 2575/1692/1500 2581/1691/1499 2583/3530/2641
f 2573/3500/2611 2574/3533/2644 2580/3531/2642 2579/3498/2609
f 2574/3533/2644 2572/1745/1553 2578/1696/1504 2580/3531/2642
f 2566/3472/2583 2568/3503/2614 2577/3532/2643 2576/3499/2610
f 2568/3503/2614 2567/1687/1495 2575/1692/1500 2577/3532/2643
f 2563/3501/2612 2565/3505/2616 2574/3533/2644 2573/3500/2611
f 2565/3505/2616 2564/1683/1491 2572/1745/1553 2574/3533/2644
f 2563/3501/2612 1511/1682/1582 1510/1685/1578 2654/3475/2586
f 2663/3457/2580 2664/3534/2645 2661/3535/2646 2659/3447/2580
f 2664/3536/2645 2662/3292/1758 2660/3335/1761 2661/3537/2646
f 2666/3454/2580 2667/3538/2647 2664/3534/2645 2663/3457/2580
f 2667/3539/2647 2665/3289/1766 2662/3292/1758 2664/3536/2645
f 2669/3451/2580 2670/3540/2648 2667/3538/2647 2666/3454/2580
f 2670/3541/2648 2668/3345/1772 2665/3289/1766 2667/3539/2647
f 2672/3448/2580 2673/3542/2649 2670/3540/2648 2669/3451/2580
f 2673/3543/2649 2671/3351/1778 2668/3345/1772 2670/3541/2648
f 2675/3444/2580 2676/3544/2650 2673/3542/2649 2672/3448/2580
f 2676/3545/2650 2674/3288/1784 2671/3356/1778 2673/3546/2649
f 2678/3442/2580 2679/3547/2651 2676/3544/2650 2675/3444/2580
f 2679/3548/2651 2677/3285/1788 2674/3288/1784 2676/3545/2650
f 2681/3438/2580 2682/3549/2652 2679/3547/2651 2678/3442/2580
f 2682/3550/2652 2680/3297/1792 2677/3285/1788 2679/3548/2651
f 2684/3439/2580 2685/3551/2653 2682/3549/2652 2681/3438/2580
f 2685/3552/2653 2683/3303/1796 2680/3297/1792 2682/3550/2652
f 2687/3468/2580 2688/3553/2654 2685/3551/2653 2684/3439/2580
f 2688/3554/2654 2686/3307/1800 2683/3303/1796 2685/3552/2653
f 2690/3466/2580 2691/3555/2655 2688/3553/2654 2687/3468/2580
f 2691/3556/2655 2689/3311/1804 2686/3307/1800 2688/3554/2654
f 2693/3464/2580 2694/3557/2656 2691/3555/2655 2690/3466/2580
f 2694/3558/2656 2692/3315/1808 2689/3311/1804 2691/3556/2655
f 2696/3462/2580 2697/3559/2657 2694/3557/2656 2693/3464/2580
f 2697/3560/2657 2695/3319/1753 2692/3315/1808 2694/3558/2656
f 2699/3460/2580 2700/3561/2658 2697/3559/2657 2696/3462/2580
f 2700/3562/2658 2698/3323/1750 2695/3326/1753 2697/3563/2657
f 2702/3458/2580 2703/3564/2659 2700/3561/2658 2699/3460/2580
f 2703/3565/2659 2701/3329/1756 2698/3323/1750 2700/3562/2658
f 2705/3455/2580 2706/3566/2660 2703/3564/2659 2702/3458/2580
f 2706/3567/2660 2704/3333/1764 2701/3329/1756 2703/3565/2659
f 2708/3452/2580 2709/3568/2661 2706/3566/2660 2705/3455/2580
f 2709/3569/2661 2707/3343/1770 2704/3333/1764 2706/3567/2660
f 2711/3449/2580 2712/3570/2662 2709/3568/2661 2708/3452/2580
f 2712/3571/2662 2710/3349/1776 2707/3343/1770 2709/3569/2661
f 2714/3445/2580 2715/3572/2663 2712/3570/2662 2711/3449/2580
f 2715/3573/2663 2713/3353/1782 2710/3349/1776 2712/3571/2662
f 2717/3443/2580 2718/3574/2664 2715/3572/2663 2714/3445/2580
f 2718/3575/2664 2716/3296/1786 2713/3353/1782 2715/3573/2663
f 2720/3440/2580 2721/3576/2665 2718/3574/2664 2717/3443/2580
f 2721/3577/2665 2719/3293/1790 2716/3296/1786 2718/3575/2664
f 2723/3441/2580 2724/3578/2666 2721/3576/2665 2720/3440/2580
f 2724/3579/2666 2722/3299/1794 2719/3302/1790 2721/3580/2665
f 2726/3469/2580 2727/3581/2667 2724/3578/2666 2723/3441/2580
f 2727/3582/2667 2725/3305/1798 2722/3299/1794 2724/3579/2666
f 2729/3467/2580 2730/3583/2668 2727/3581/2667 2726/3469/2580
f 2730/3584/2668 2728/3309/1802 2725/3305/1798 2727/3582/2667
f 2732/3465/2580 2733/3585/2669 2730/3583/2668 2729/3467/2580
f 2733/3586/2669 2731/3313/1806 2728/3309/1802 2730/3584/2668
f 2735/3463/2580 2736/3587/2670 2733/3585/2669 2732/3465/2580
f 2736/3588/2670 2734/3317/1749 2731/3313/1806 2733/3586/2669
f 2738/3461/2580 2739/3589/2671 2736/3587/2670 2735/3463/2580
f 2739/3590/2671 2737/3321/1746 2734/3317/1749 2736/3588/2670
f 2741/3459/2580 2742/3591/2672 2739/3589/2671 2738/3461/2580
f 2742/3592/2672 2740/3327/1754 2737/3321/1746 2739/3590/2671
f 2744/3456/2580 2745/3593/2673 2742/3591/2672 2741/3459/2580
f 2745/3594/2673 2743/3331/1762 2740/3327/1754 2742/3592/2672
f 2747/3453/2580 2748/3595/2674 2745/3593/2673 2744/3456/2580
f 2748/3596/2674 2746/3339/1768 2743/3342/1762 2745/3597/2673
f 2750/3450/2580 2751/3598/2675 2748/3595/2674 2747/3453/2580
f 2751/3599/2675 2749/3347/1774 2746/3339/1768 2748/3596/2674
f 2753/3446/2580 2754/3600/2676 2751/3598/2675 2750/3450/2580
f 2754/3601/2676 2752/3338/1780 2749/3347/1774 2751/3599/2675
f 2659/3447/2580 2661/3535/2646 2754/3600/2676 2753/3446/2580
f 2661/3537/2646 2660/3335/1761 2752/3338/1780 2754/3601/2676
f 2662/3292/1758 2546/3291/1531 2545/3336/1522 2660/3335/1761
f 1528/3602/1577 2757/1785/1625 2786/1846/1680 1527/3603/1571
f 1541/3604/1575 2755/1781/1621 2785/1844/1678 1540/3605/1569
f 1522/3606/1573 2773/1821/1657 2784/1842/1676 1553/3607/1567
f 1527/3603/1571 2786/1846/1680 2783/1849/1674 1526/3608/1563
f 1540/3605/1569 2785/1844/1678 2782/1838/1672 1539/3609/1559
f 1553/3607/1567 2784/1842/1676 2781/1836/1670 1552/3610/1555
f 1526/3611/1563 2783/1840/1674 2780/1834/1668 1525/3612/1564
f 1539/3609/1559 2782/1838/1672 2779/1832/1666 1538/3613/1560
f 1552/3610/1555 2781/1836/1670 2778/1828/1664 1551/3614/1556
f 1525/3612/1564 2780/1834/1668 2777/1826/1662 1524/3615/1617
f 1538/3613/1560 2779/1832/1666 2776/1824/1660 1537/3616/1615
f 1551/3614/1556 2778/1828/1664 2775/1831/1658 1550/3617/1613
f 1524/3615/1617 2777/1826/1662 2774/1818/1654 1523/3618/1611
f 1537/3616/1615 2776/1824/1660 2772/1816/1652 1536/3619/1609
f 1550/3620/1613 2775/1822/1658 2771/1814/1650 1549/3621/1607
f 1523/3618/1611 2774/1818/1654 2773/1821/1657 1522/3606/1573
f 1536/3619/1609 2772/1816/1652 2770/1810/1648 1535/3622/1605
f 1549/3621/1607 2771/1814/1650 2769/1808/1646 1548/3623/1603
f 1535/3622/1605 2770/1810/1648 2768/1813/1644 1534/3624/1601
f 1548/3623/1603 2769/1808/1646 2767/1804/1642 1547/3625/1599
f 1534/3626/1601 2768/1806/1644 2766/1802/1640 1533/3627/1597
f 1547/3625/1599 2767/1804/1642 2765/1800/1638 1546/3628/1595
f 1533/3627/1597 2766/1802/1640 2764/1798/1636 1532/3629/1593
f 1546/3628/1595 2765/1800/1638 2763/1796/1634 1545/3630/1591
f 1532/3629/1593 2764/1798/1636 2762/1794/1632 1531/3631/1589
f 1545/3630/1591 2763/1796/1634 2761/1792/1630 1544/3632/1587
f 1531/3631/1589 2762/1794/1632 2760/1790/1628 1530/3633/1585
f 1544/3632/1587 2761/1792/1630 2759/1786/1626 1543/3634/1583
f 1530/3633/1585 2760/1790/1628 2758/1782/1622 1529/3635/1581
f 1543/3634/1583 2759/1786/1626 2756/1789/1618 1542/3636/1579
f 1529/3635/1581 2758/1782/1622 2757/1785/1625 1528/3602/1577
f 1542/3637/1579 2756/1778/1618 2755/1781/1621 1541/3604/1575
f 1563/3638/1633 2789/1857/1689 2818/1912/1744 1562/3639/1629
f 1576/3640/1631 2787/1853/1685 2817/1910/1742 1575/3641/1627
f 1562/3639/1629 2818/1912/1744 2816/1908/1740 1561/3642/1623
f 1575/3641/1627 2817/1910/1742 2815/1906/1738 1574/3643/1619
f 1561/3642/1623 2816/1908/1740 2814/1904/1736 1560/3644/1624
f 1574/3643/1619 2815/1906/1738 2813/1902/1734 1573/3645/1620
f 1560/3644/1624 2814/1904/1736 2812/1900/1732 1559/3646/1681
f 1573/3645/1620 2813/1902/1734 2811/1898/1730 1572/3647/1679
f 1554/3648/1656 2799/1877/1709 2810/1896/1728 1585/3649/1677
f 1559/3646/1681 2812/1900/1732 2809/1894/1726 1558/3650/1675
f 1572/3647/1679 2811/1898/1730 2808/1892/1724 1571/3651/1673
f 1585/3649/1677 2810/1896/1728 2807/1890/1722 1584/3652/1671
f 1558/3650/1675 2809/1894/1726 2806/1888/1720 1557/3653/1669
f 1571/3651/1673 2808/1892/1724 2805/1886/1718 1570/3654/1667
f 1584/3652/1671 2807/1890/1722 2804/1884/1716 1583/3655/1665
f 1557/3653/1669 2806/1888/1720 2803/1882/1714 1556/3656/1663
f 1570/3654/1667 2805/1886/1718 2802/1880/1712 1569/3657/1661
f 1583/3655/1665 2804/1884/1716 2801/1878/1710 1582/3658/1659
f 1556/3656/1663 2803/1882/1714 2800/1874/1706 1555/3659/1655
f 1569/3657/1661 2802/1880/1712 2798/1872/1704 1568/3660/1653
f 1582/3658/1659 2801/1878/1710 2797/1870/1702 1581/3661/1651
f 1555/3659/1655 2800/1874/1706 2799/1877/1709 1554/3648/1656
f 1568/3660/1653 2798/1872/1704 2796/1868/1700 1567/3662/1649
f 1581/3661/1651 2797/1870/1702 2795/1866/1698 1580/3663/1647
f 1567/3662/1649 2796/1868/1700 2794/1864/1696 1566/3664/1645
f 1580/3663/1647 2795/1866/1698 2793/1862/1694 1579/3665/1643
f 1566/3664/1645 2794/1864/1696 2792/1860/1692 1565/3666/1641
f 1579/3665/1643 2793/1862/1694 2791/1858/1690 1578/3667/1639
f 1565/3666/1641 2792/1860/1692 2790/1854/1686 1564/3668/1637
f 1578/3667/1639 2791/1858/1690 2788/1850/1682 1577/3669/1635
f 1564/3668/1637 2790/1854/1686 2789/1857/1689 1563/3638/1633
f 1577/3669/1635 2788/1850/1682 2787/1853/1685 1576/3640/1631
f 2882/3670/2677 2851/3671/2678 942/1258/1130 297/1223/1095
f 2851/3671/2678 2852/3672/2679 304/1259/1131 942/1258/1130
f 2852/3672/2679 2853/3673/2680 948/1270/1142 304/1259/1131
f 2853/3673/2680 2854/3674/2681 308/1271/1143 948/1270/1142
f 2854/3674/2681 2855/3675/2682 954/1282/1154 308/1271/1143
f 2855/3675/2682 2856/3676/2683 312/1283/1155 954/1282/1154
f 2856/3676/2683 2857/3677/2684 960/1294/1166 312/1283/1155
f 2857/3677/2684 2858/3678/2685 316/1295/1167 960/1294/1166
f 2858/3678/2685 2859/3679/2686 964/1310/1182 316/1295/1167
f 2859/3679/2686 2860/3680/2687 317/1312/1184 964/1310/1182
f 2860/3680/2687 2861/3681/2688 965/1316/1188 317/1312/1184
f 2861/3681/2688 2862/3682/2689 318/1318/1190 965/1316/1188
f 2862/3682/2689 2863/3683/2690 966/1322/1194 318/1318/1190
f 2863/3683/2690 2864/3684/2691 319/1324/1196 966/1322/1194
f 2864/3684/2691 2865/3685/2692 967/1328/1200 319/1324/1196
f 2865/3685/2692 2866/3686/2693 320/1303/1175 967/1328/1200
f 2866/3686/2693 2867/3687/2694 961/1299/1171 320/1303/1175
f 2867/3687/2694 2868/3688/2695 313/1291/1163 961/1299/1171
f 2868/3688/2695 2869/3689/2696 955/1287/1159 313/1291/1163
f 2869/3689/2696 2870/3690/2697 309/1279/1151 955/1287/1159
f 2870/3690/2697 2871/3691/2698 949/1275/1147 309/1279/1151
f 2871/3691/2698 2872/3692/2699 305/1267/1139 949/1275/1147
f 2872/3692/2699 2873/3693/2700 943/1263/1135 305/1267/1139
f 2873/3693/2700 2874/3694/2701 301/1248/1120 943/1263/1135
f 2874/3694/2701 2875/3695/2702 939/1249/1121 301/1248/1120
f 2875/3695/2702 2876/3696/2703 300/1242/1114 939/1249/1121
f 2876/3696/2703 2877/3697/2704 938/1243/1115 300/1242/1114
f 2877/3697/2704 2878/3698/2705 299/1236/1108 938/1243/1115
f 2878/3698/2705 2879/3699/2706 937/1237/1109 299/1236/1108
f 2879/3699/2706 2880/3700/2707 298/1230/1102 937/1237/1109
f 2880/3700/2707 2881/3701/2708 936/1231/1103 298/1230/1102
f 2881/3701/2708 2882/3670/2677 297/1223/1095 936/1231/1103
f 2197/3702/2486 2198/3703/2490 2819/3704/2709 2850/3705/2710
f 2196/3706/2487 2197/3702/2486 2850/3705/2710 2849/3707/2711
f 2195/3073/2513 2196/3706/2487 2849/3707/2711 2848/3708/2712
f 2194/3055/2503 2195/3073/2513 2848/3708/2712 2847/3709/2713
f 2225/3056/2501 2194/3055/2503 2847/3709/2713 2846/3710/2714
f 2224/3711/2499 2225/3056/2501 2846/3710/2714 2845/3712/2715
f 2223/3713/2497 2224/3711/2499 2845/3712/2715 2844/3714/2716
f 2222/3715/2494 2223/3713/2497 2844/3714/2716 2843/3716/2717
f 2221/3717/2491 2222/3718/2494 2843/3719/2717 2842/3720/2718
f 2220/3721/2488 2221/3717/2491 2842/3720/2718 2841/3722/2719
f 2219/3021/2482 2220/3721/2488 2841/3722/2719 2840/3723/2720
f 2218/3022/2483 2219/3021/2482 2840/3723/2720 2839/3724/2721
f 2217/3074/2511 2218/3022/2483 2839/3724/2721 2838/3725/2722
f 2216/3726/2509 2217/3074/2511 2838/3725/2722 2837/3727/2723
f 2215/3728/2507 2216/3726/2509 2837/3727/2723 2836/3729/2724
f 2214/3730/2505 2215/3728/2507 2836/3729/2724 2835/3731/2725
f 2213/3732/2504 2214/3733/2505 2835/3734/2725 2834/3735/2726
f 2212/3736/2502 2213/3732/2504 2834/3735/2726 2833/3737/2727
f 2211/3048/2500 2212/3736/2502 2833/3737/2727 2832/3738/2728
f 2210/3044/2498 2211/3048/2500 2832/3738/2728 2831/3739/2729
f 2209/3045/2495 2210/3044/2498 2831/3739/2729 2830/3740/2730
f 2208/3741/2492 2209/3045/2495 2830/3740/2730 2829/3742/2731
f 2207/3743/2489 2208/3741/2492 2829/3742/2731 2828/3744/2732
f 2206/3745/2484 2207/3743/2489 2828/3744/2732 2827/3746/2733
f 2205/3747/2485 2206/3748/2484 2827/3749/2733 2826/3750/2734
f 2204/3751/2512 2205/3747/2485 2826/3750/2734 2825/3752/2735
f 2203/3066/2510 2204/3751/2512 2825/3752/2735 2824/3753/2736
f 2202/3062/2508 2203/3066/2510 2824/3753/2736 2823/3754/2737
f 2201/3063/2506 2202/3062/2508 2823/3754/2737 2822/3755/2738
f 2200/3756/2496 2201/3063/2506 2822/3755/2738 2821/3757/2739
f 2199/3758/2493 2200/3756/2496 2821/3757/2739 2820/3759/2740
f 2198/3760/2490 2199/3758/2493 2820/3759/2740 2819/3761/2709
f 2850/3762/2710 2819/3763/2709 2882/3670/2677 2881/3701/2708
f 2849/3764/2711 2850/3762/2710 2881/3701/2708 2880/3700/2707
f 2848/3765/2712 2849/3764/2711 2880/3700/2707 2879/3699/2706
f 2847/3766/2713 2848/3765/2712 2879/3699/2706 2878/3698/2705
f 2846/3767/2714 2847/3766/2713 2878/3698/2705 2877/3697/2704
f 2845/3768/2715 2846/3767/2714 2877/3697/2704 2876/3696/2703
f 2844/3769/2716 2845/3768/2715 2876/3696/2703 2875/3695/2702
f 2843/3770/2717 2844/3769/2716 2875/3695/2702 2874/3694/2701
f 2842/3771/2718 2843/3770/2717 2874/3694/2701 2873/3693/2700
f 2841/3772/2719 2842/3771/2718 2873/3693/2700 2872/3692/2699
f 2840/3773/2720 2841/3772/2719 2872/3692/2699 2871/3691/2698
f 2839/3774/2721 2840/3773/2720 2871/3691/2698 2870/3690/2697
f 2838/3775/2722 2839/3774/2721 2870/3690/2697 2869/3689/2696
f 2837/3776/2723 2838/3775/2722 2869/3689/2696 2868/3688/2695
f 2836/3777/2724 2837/3776/2723 2868/3688/2695 2867/3687/2694
f 2835/3778/2725 2836/3777/2724 2867/3687/2694 2866/3686/2693
f 2834/3779/2726 2835/3778/2725 2866/3686/2693 2865/3685/2692
f 2833/3780/2727 2834/3779/2726 2865/3685/2692 2864/3684/2691
f 2832/3781/2728 2833/3780/2727 2864/3684/2691 2863/3683/2690
f 2831/3782/2729 2832/3781/2728 2863/3683/2690 2862/3682/2689
f 2830/3783/2730 2831/3782/2729 2862/3682/2689 2861/3681/2688
f 2829/3784/2731 2830/3783/2730 2861/3681/2688 2860/3680/2687
f 2828/3785/2732 2829/3784/2731 2860/3680/2687 2859/3679/2686
f 2827/3786/2733 2828/3785/2732 2859/3679/2686 2858/3678/2685
f 2826/3787/2734 2827/3786/2733 2858/3678/2685 2857/3677/2684
f 2825/3788/2735 2826/3787/2734 2857/3677/2684 2856/3676/2683
f 2824/3789/2736 2825/3788/2735 2856/3676/2683 2855/3675/2682
f 2823/3790/2737 2824/3789/2736 2855/3675/2682 2854/3674/2681
f 2822/3791/2738 2823/3790/2737 2854/3674/2681 2853/3673/2680
f 2821/3792/2739 2822/3791/2738 2853/3673/2680 2852/3672/2679
f 2820/3793/2740 2821/3792/2739 2852/3672/2679 2851/3671/2678
f 2819/3763/2709 2820/3793/2740 2851/3671/2678 2882/3670/2677
f 2887/3794/2197 2883/2576/2192 2885/3795/2741 2888/3796/2742
f 2888/3797/2742 2885/3798/2741 2884/2530/2155 2886/2529/2154
f 2890/2505/2133 2887/2587/2197 2888/3797/2742 2891/3799/2743
f 2891/3799/2743 2888/3797/2742 2886/2529/2154 2889/2633/2220
f 2893/2502/2130 2890/2505/2133 2891/3799/2743 2894/3800/2744
f 2894/3800/2744 2891/3799/2743 2889/2633/2220 2892/2639/2223
f 2896/2514/2142 2893/2502/2130 2894/3800/2744 2897/3801/2745
f 2897/3801/2745 2894/3800/2744 2892/2639/2223 2895/2584/2195
f 2899/2522/2148 2896/2514/2142 2897/3801/2745 2900/3802/2746
f 2900/3802/2746 2897/3801/2745 2895/2584/2195 2898/2583/2194
f 2902/2526/2152 2899/2522/2148 2900/3802/2746 2903/3803/2747
f 2903/3803/2747 2900/3802/2746 2898/2583/2194 2901/2593/2200
f 2905/2534/2158 2902/2526/2152 2903/3803/2747 2906/3804/2748
f 2906/3804/2748 2903/3803/2747 2901/2593/2200 2904/2597/2202
f 2908/2538/2162 2905/2541/2158 2906/3805/2748 2909/3806/2749
f 2909/3807/2749 2906/3804/2748 2904/2597/2202 2907/2601/2204
f 2911/2544/2166 2908/2538/2162 2909/3806/2749 2912/3808/2750
f 2912/3809/2750 2909/3807/2749 2907/2601/2204 2910/2605/2206
f 2914/2548/2170 2911/2551/2166 2912/3809/2750 2915/3810/2751
f 2915/3810/2751 2912/3809/2750 2910/2605/2206 2913/2609/2208
f 2917/2556/2174 2914/2548/2170 2915/3810/2751 2918/3811/2752
f 2918/3811/2752 2915/3810/2751 2913/2609/2208 2916/2613/2210
f 2920/2560/2178 2917/2556/2174 2918/3811/2752 2921/3812/2753
f 2921/3812/2753 2918/3811/2752 2916/2613/2210 2919/2617/2212
f 2923/2566/2182 2920/2560/2178 2921/3812/2753 2924/3813/2754
f 2924/3813/2754 2921/3812/2753 2919/2617/2212 2922/2621/2214
f 2926/2570/2186 2923/2566/2182 2924/3813/2754 2927/3814/2755
f 2927/3814/2755 2924/3813/2754 2922/2621/2214 2925/2625/2216
f 2929/2574/2190 2926/2570/2186 2927/3814/2755 2930/3815/2756
f 2930/3815/2756 2927/3814/2755 2925/2625/2216 2928/2631/2219
f 2932/2513/2141 2929/2581/2190 2930/3816/2756 2933/3817/2757
f 2933/3818/2757 2930/3815/2756 2928/2631/2219 2931/2637/2222
f 2935/2510/2138 2932/2513/2141 2933/3817/2757 2936/3819/2758
f 2936/3820/2758 2933/3818/2757 2931/2637/2222 2934/2643/2225
f 2938/2518/2146 2935/2521/2138 2936/3820/2758 2939/3821/2759
f 2939/3821/2759 2936/3820/2758 2934/2643/2225 2937/2590/2199
f 2941/2524/2150 2938/2518/2146 2939/3821/2759 2942/3822/2760
f 2942/3822/2760 2939/3821/2759 2937/2590/2199 2940/2589/2198
f 2944/2532/2156 2941/2524/2150 2942/3822/2760 2945/3823/2761
f 2945/3823/2761 2942/3822/2760 2940/2589/2198 2943/2595/2201
f 2947/2536/2160 2944/2532/2156 2945/3823/2761 2948/3824/2762
f 2948/3824/2762 2945/3823/2761 2943/2595/2201 2946/2599/2203
f 2950/2542/2164 2947/2536/2160 2948/3824/2762 2951/3825/2763
f 2951/3825/2763 2948/3824/2762 2946/2599/2203 2949/2603/2205
f 2953/2546/2168 2950/2542/2164 2951/3825/2763 2954/3826/2764
f 2954/3826/2764 2951/3825/2763 2949/2603/2205 2952/2607/2207
f 2956/2552/2172 2953/2555/2168 2954/3827/2764 2957/3828/2765
f 2957/3829/2765 2954/3826/2764 2952/2607/2207 2955/2611/2209
f 2959/2558/2176 2956/2552/2172 2957/3828/2765 2960/3830/2766
f 2960/3831/2766 2957/3829/2765 2955/2611/2209 2958/2615/2211
f 2962/2562/2180 2959/2565/2176 2960/3831/2766 2963/3832/2767
f 2963/3832/2767 2960/3831/2766 2958/2615/2211 2961/2619/2213
f 2965/2568/2184 2962/2562/2180 2963/3832/2767 2966/3833/2768
f 2966/3833/2768 2963/3832/2767 2961/2619/2213 2964/2623/2215
f 2968/2572/2188 2965/2568/2184 2966/3833/2768 2969/3834/2769
f 2969/3834/2769 2966/3833/2768 2964/2623/2215 2967/2629/2218
f 2971/2509/2137 2968/2572/2188 2969/3834/2769 2972/3835/2770
f 2972/3835/2770 2969/3834/2769 2967/2629/2218 2970/2635/2221
f 2974/2506/2134 2971/2509/2137 2972/3835/2770 2975/3836/2771
f 2975/3836/2771 2972/3835/2770 2970/2635/2221 2973/2641/2224
f 2977/2516/2144 2974/2506/2134 2975/3836/2771 2978/3837/2772
f 2978/3837/2772 2975/3836/2771 2973/2641/2224 2976/2626/2217
f 2883/2576/2192 2977/2579/2144 2978/3838/2772 2885/3795/2741
f 2885/3798/2741 2978/3837/2772 2976/2626/2217 2884/2530/2155
f 2887/3794/2197 1907/2719/2196 1906/2577/2193 2883/2576/2192
f 2128/2876/2380 2127/2861/2366 2313/2862/2367 2316/2877/2381
