# Blender 4.0.2
# www.blender.org
mtllib King.mtl
o Piece_06.002
v 0.003721 0.005412 -0.070500
v -0.010095 0.005434 -0.069871
v -0.023523 0.005478 -0.066559
v -0.036046 0.005541 -0.060690
v -0.047184 0.005623 -0.052492
v -0.056509 0.005719 -0.042278
v -0.063661 0.005826 -0.030441
v -0.068367 0.005939 -0.017437
v -0.070445 0.006055 -0.003764
v -0.069816 0.006168 0.010052
v -0.066504 0.006275 0.023479
v -0.060635 0.006372 0.036002
v -0.052436 0.006454 0.047140
v -0.042222 0.006519 0.056464
v -0.030385 0.006564 0.063617
v -0.017380 0.006587 0.068322
v -0.003706 0.006587 0.070401
v 0.010110 0.006565 0.069772
v 0.023538 0.006522 0.066459
v 0.036061 0.006458 0.060591
v 0.047199 0.006376 0.052393
v 0.056523 0.006280 0.042179
v 0.063676 0.006174 0.030342
v 0.068382 0.006060 0.017337
v 0.070460 0.005945 0.003664
v 0.069831 0.005831 -0.010151
v 0.066518 0.005724 -0.023578
v 0.060650 0.005627 -0.036102
v 0.052451 0.005545 -0.047239
v 0.042236 0.005480 -0.056564
v 0.030399 0.005435 -0.063716
v 0.017394 0.005412 -0.068422
v 0.003722 0.006446 -0.070509
v -0.010094 0.006468 -0.069879
v -0.023522 0.006512 -0.066567
v -0.036045 0.006575 -0.060699
v -0.047183 0.006657 -0.052500
v -0.056508 0.006753 -0.042287
v -0.063660 0.006860 -0.030450
v -0.068366 0.006973 -0.017445
v -0.070444 0.007089 -0.003772
v -0.069815 0.007202 0.010043
v -0.066502 0.007309 0.023471
v -0.060634 0.007406 0.035994
v -0.052435 0.007488 0.047131
v -0.042221 0.007553 0.056456
v -0.030383 0.007598 0.063608
v -0.017378 0.007621 0.068314
v -0.003705 0.007621 0.070392
v 0.010111 0.007599 0.069763
v 0.023539 0.007556 0.066451
v 0.036062 0.007492 0.060583
v 0.047200 0.007410 0.052384
v 0.056525 0.007314 0.042170
v 0.063677 0.007208 0.030333
v 0.068383 0.007094 0.017329
v 0.070461 0.006979 0.003656
v 0.069832 0.006865 -0.010160
v 0.066520 0.006758 -0.023587
v 0.060651 0.006661 -0.036110
v 0.052452 0.006579 -0.047248
v 0.042238 0.006514 -0.056572
v 0.030401 0.006470 -0.063725
v 0.017395 0.006446 -0.068430
v 0.003939 0.008987 -0.074594
v -0.010674 0.009011 -0.073928
v -0.024876 0.009057 -0.070425
v -0.038122 0.009124 -0.064218
v -0.049902 0.009211 -0.055547
v -0.059765 0.009312 -0.044744
v -0.067330 0.009425 -0.032224
v -0.072307 0.009545 -0.018469
v -0.074505 0.009667 -0.004008
v -0.073840 0.009787 0.010605
v -0.070336 0.009901 0.024806
v -0.064129 0.010003 0.038052
v -0.055457 0.010090 0.049832
v -0.044653 0.010158 0.059694
v -0.032133 0.010206 0.067259
v -0.018378 0.010230 0.072237
v -0.003916 0.010231 0.074435
v 0.010697 0.010207 0.073769
v 0.024899 0.010161 0.070266
v 0.038145 0.010094 0.064059
v 0.049926 0.010007 0.055388
v 0.059788 0.009906 0.044585
v 0.067353 0.009793 0.032065
v 0.072330 0.009673 0.018310
v 0.074528 0.009551 0.003849
v 0.073863 0.009431 -0.010764
v 0.070359 0.009317 -0.024966
v 0.064152 0.009215 -0.038211
v 0.055480 0.009128 -0.049991
v 0.044677 0.009060 -0.059853
v 0.032157 0.009012 -0.067418
v 0.018401 0.008988 -0.072396
v 0.004090 0.010839 -0.077426
v -0.011075 0.010863 -0.076735
v -0.025814 0.010911 -0.073099
v -0.039561 0.010981 -0.066658
v -0.051786 0.011070 -0.057659
v -0.062022 0.011176 -0.046447
v -0.069873 0.011293 -0.033455
v -0.075038 0.011417 -0.019180
v -0.077319 0.011544 -0.004172
v -0.076628 0.011669 0.010993
v -0.072992 0.011787 0.025731
v -0.066551 0.011893 0.039478
v -0.057551 0.011983 0.051703
v -0.046339 0.012054 0.061938
v -0.033346 0.012103 0.069789
v -0.019071 0.012128 0.074954
v -0.004062 0.012129 0.077235
v 0.011103 0.012105 0.076545
v 0.025842 0.012057 0.072909
v 0.039589 0.011987 0.066468
v 0.051814 0.011897 0.057469
v 0.062049 0.011792 0.046257
v 0.069901 0.011675 0.033265
v 0.075066 0.011550 0.018990
v 0.077347 0.011423 0.003982
v 0.076656 0.011299 -0.011183
v 0.073020 0.011181 -0.025922
v 0.066579 0.011075 -0.039668
v 0.057579 0.010985 -0.051893
v 0.046367 0.010914 -0.062128
v 0.033374 0.010865 -0.069979
v 0.019099 0.010839 -0.075144
v 0.004111 0.014552 -0.077759
v -0.011114 0.014576 -0.077066
v -0.025911 0.014624 -0.073416
v -0.039711 0.014695 -0.066950
v -0.051985 0.014784 -0.057915
v -0.062260 0.014890 -0.046660
v -0.070142 0.015008 -0.033616
v -0.075327 0.015133 -0.019286
v -0.077618 0.015260 -0.004219
v -0.076924 0.015385 0.011006
v -0.073274 0.015503 0.025802
v -0.066807 0.015610 0.039602
v -0.057772 0.015700 0.051875
v -0.046516 0.015772 0.062150
v -0.033472 0.015821 0.070032
v -0.019141 0.015847 0.075217
v -0.004074 0.015847 0.077508
v 0.011151 0.015823 0.076814
v 0.025948 0.015775 0.073164
v 0.039748 0.015704 0.066698
v 0.052022 0.015615 0.057663
v 0.062297 0.015509 0.046408
v 0.070179 0.015391 0.033364
v 0.075364 0.015266 0.019034
v 0.077655 0.015139 0.003967
v 0.076961 0.015014 -0.011257
v 0.073311 0.014896 -0.026054
v 0.066844 0.014789 -0.039854
v 0.057809 0.014699 -0.052127
v 0.046553 0.014627 -0.062402
v 0.033509 0.014578 -0.070283
v 0.019178 0.014552 -0.075469
v 0.004026 0.018350 -0.076088
v -0.010865 0.018374 -0.075410
v -0.025337 0.018421 -0.071840
v -0.038835 0.018490 -0.065515
v -0.050840 0.018577 -0.056679
v -0.060889 0.018681 -0.045670
v -0.068598 0.018796 -0.032913
v -0.073670 0.018918 -0.018897
v -0.075910 0.019043 -0.004160
v -0.075232 0.019165 0.010730
v -0.071662 0.019281 0.025202
v -0.065337 0.019385 0.038699
v -0.056500 0.019473 0.050703
v -0.045491 0.019543 0.060753
v -0.032733 0.019591 0.068462
v -0.018716 0.019616 0.073533
v -0.003979 0.019617 0.075773
v 0.010911 0.019593 0.075095
v 0.025384 0.019546 0.071525
v 0.038881 0.019477 0.065201
v 0.050886 0.019389 0.056364
v 0.060936 0.019286 0.045356
v 0.068645 0.019171 0.032599
v 0.073716 0.019049 0.018582
v 0.075956 0.018924 0.003846
v 0.075278 0.018802 -0.011044
v 0.071708 0.018686 -0.025516
v 0.065383 0.018582 -0.039013
v 0.056546 0.018493 -0.051018
v 0.045537 0.018424 -0.061067
v 0.032779 0.018375 -0.068776
v 0.018762 0.018350 -0.073848
v 0.003682 0.020132 -0.069546
v -0.009923 0.020153 -0.068926
v -0.023146 0.020197 -0.065665
v -0.035478 0.020259 -0.059886
v -0.046446 0.020340 -0.051813
v -0.055628 0.020434 -0.041755
v -0.062671 0.020539 -0.030099
v -0.067305 0.020651 -0.017293
v -0.069351 0.020765 -0.003829
v -0.068732 0.020877 0.009776
v -0.065470 0.020982 0.022998
v -0.059691 0.021077 0.035330
v -0.051617 0.021158 0.046297
v -0.041559 0.021222 0.055479
v -0.029903 0.021266 0.062522
v -0.017096 0.021289 0.067156
v -0.003632 0.021289 0.069203
v 0.009973 0.021268 0.068583
v 0.023196 0.021225 0.065322
v 0.035528 0.021162 0.059543
v 0.046496 0.021081 0.051470
v 0.055678 0.020987 0.041412
v 0.062722 0.020882 0.029756
v 0.067355 0.020770 0.016950
v 0.069402 0.020656 0.003486
v 0.068782 0.020544 -0.010119
v 0.065520 0.020439 -0.023341
v 0.059741 0.020344 -0.035673
v 0.051668 0.020263 -0.046640
v 0.041609 0.020199 -0.055822
v 0.029953 0.020155 -0.062865
v 0.017147 0.020132 -0.067499
v 0.003429 0.021024 -0.064724
v -0.009229 0.021044 -0.064147
v -0.021532 0.021085 -0.061113
v -0.033005 0.021143 -0.055736
v -0.043210 0.021218 -0.048225
v -0.051753 0.021306 -0.038867
v -0.058306 0.021403 -0.028023
v -0.062617 0.021507 -0.016108
v -0.064521 0.021613 -0.003581
v -0.063945 0.021717 0.009076
v -0.060910 0.021815 0.021378
v -0.055533 0.021904 0.032852
v -0.048021 0.021979 0.043056
v -0.038663 0.022039 0.051598
v -0.027818 0.022080 0.058151
v -0.015903 0.022101 0.062463
v -0.003376 0.022101 0.064367
v 0.009282 0.022081 0.063790
v 0.021584 0.022041 0.060756
v 0.033058 0.021982 0.055379
v 0.043262 0.021908 0.047868
v 0.051805 0.021820 0.038510
v 0.058358 0.021722 0.027666
v 0.062670 0.021618 0.015751
v 0.064574 0.021512 0.003224
v 0.063997 0.021408 -0.009433
v 0.060962 0.021310 -0.021735
v 0.055586 0.021222 -0.033209
v 0.048074 0.021146 -0.043413
v 0.038716 0.021087 -0.051955
v 0.027871 0.021046 -0.058508
v 0.015956 0.021025 -0.062820
v 0.003595 0.023612 -0.067834
v -0.009669 0.023633 -0.067230
v -0.022560 0.023675 -0.064050
v -0.034583 0.023736 -0.058417
v -0.045276 0.023815 -0.050546
v -0.054227 0.023907 -0.040740
v -0.061094 0.024009 -0.029377
v -0.065612 0.024118 -0.016892
v -0.067607 0.024229 -0.003766
v -0.067003 0.024338 0.009497
v -0.063823 0.024441 0.022388
v -0.058189 0.024534 0.034410
v -0.050317 0.024613 0.045103
v -0.040511 0.024675 0.054054
v -0.029148 0.024718 0.060921
v -0.016662 0.024740 0.065439
v -0.003536 0.024740 0.067434
v 0.009728 0.024719 0.066830
v 0.022619 0.024677 0.063650
v 0.034642 0.024616 0.058016
v 0.045335 0.024538 0.050146
v 0.054286 0.024446 0.040340
v 0.061153 0.024343 0.028976
v 0.065671 0.024234 0.016492
v 0.067666 0.024123 0.003365
v 0.067062 0.024014 -0.009898
v 0.063881 0.023911 -0.022788
v 0.058248 0.023819 -0.034811
v 0.050376 0.023740 -0.045503
v 0.040570 0.023678 -0.054455
v 0.029206 0.023635 -0.061321
v 0.016721 0.023612 -0.065839
v 0.003796 0.028353 -0.071582
v -0.010195 0.028376 -0.070945
v -0.023793 0.028420 -0.067591
v -0.036475 0.028485 -0.061648
v -0.047754 0.028567 -0.053346
v -0.057196 0.028664 -0.043003
v -0.064440 0.028772 -0.031016
v -0.069205 0.028887 -0.017847
v -0.071309 0.029004 -0.004001
v -0.070672 0.029119 0.009990
v -0.067318 0.029228 0.023587
v -0.061375 0.029326 0.036269
v -0.053072 0.029409 0.047547
v -0.042729 0.029475 0.056990
v -0.030742 0.029520 0.064233
v -0.017572 0.029543 0.068998
v -0.003725 0.029544 0.071103
v 0.010266 0.029522 0.070466
v 0.023863 0.029477 0.067111
v 0.036545 0.029413 0.061169
v 0.047824 0.029330 0.052867
v 0.057267 0.029233 0.042523
v 0.064510 0.029125 0.030537
v 0.069275 0.029010 0.017367
v 0.071380 0.028893 0.003521
v 0.070743 0.028778 -0.010469
v 0.067388 0.028669 -0.024066
v 0.061446 0.028572 -0.036748
v 0.053143 0.028488 -0.048027
v 0.042799 0.028423 -0.057469
v 0.030812 0.028377 -0.064712
v 0.017642 0.028354 -0.069477
v 0.003893 0.035987 -0.073314
v -0.010425 0.036010 -0.072662
v -0.024341 0.036055 -0.069229
v -0.037320 0.036121 -0.063148
v -0.048862 0.036205 -0.054651
v -0.058526 0.036305 -0.044066
v -0.065938 0.036415 -0.031799
v -0.070815 0.036533 -0.018322
v -0.072969 0.036653 -0.004152
v -0.072317 0.036771 0.010166
v -0.068884 0.036882 0.024081
v -0.062802 0.036982 0.037059
v -0.054305 0.037067 0.048602
v -0.043719 0.037134 0.058265
v -0.031452 0.037180 0.065677
v -0.017974 0.037204 0.070554
v -0.003804 0.037205 0.072708
v 0.010514 0.037182 0.072056
v 0.024430 0.037137 0.068623
v 0.037409 0.037071 0.062542
v 0.048952 0.036986 0.054045
v 0.058615 0.036887 0.043460
v 0.066027 0.036776 0.031193
v 0.070904 0.036659 0.017716
v 0.073058 0.036539 0.003546
v 0.072406 0.036421 -0.010772
v 0.068973 0.036310 -0.024687
v 0.062891 0.036210 -0.037665
v 0.054394 0.036125 -0.049208
v 0.043809 0.036058 -0.058871
v 0.031541 0.036011 -0.066283
v 0.018063 0.035987 -0.071160
v 0.003887 0.041670 -0.073115
v -0.010383 0.041693 -0.072466
v -0.024252 0.041738 -0.069045
v -0.037187 0.041804 -0.062984
v -0.048691 0.041888 -0.054516
v -0.058322 0.041987 -0.043966
v -0.065709 0.042098 -0.031740
v -0.070570 0.042215 -0.018308
v -0.072716 0.042334 -0.004186
v -0.072066 0.042451 0.010083
v -0.068645 0.042562 0.023952
v -0.062584 0.042662 0.036887
v -0.054115 0.042747 0.048390
v -0.043565 0.042814 0.058021
v -0.031339 0.042860 0.065408
v -0.017907 0.042884 0.070269
v -0.003784 0.042884 0.072415
v 0.010486 0.042862 0.071766
v 0.024355 0.042816 0.068345
v 0.037290 0.042750 0.062284
v 0.048794 0.042666 0.053816
v 0.058425 0.042567 0.043266
v 0.065812 0.042457 0.031040
v 0.070673 0.042340 0.017608
v 0.072819 0.042220 0.003486
v 0.072169 0.042103 -0.010783
v 0.068748 0.041992 -0.024652
v 0.062687 0.041893 -0.037587
v 0.054218 0.041808 -0.049090
v 0.043668 0.041741 -0.058721
v 0.031442 0.041695 -0.066108
v 0.018010 0.041671 -0.070969
v 0.003616 0.049521 -0.067852
v -0.009609 0.049542 -0.067250
v -0.022463 0.049584 -0.064080
v -0.034451 0.049645 -0.058462
v -0.045113 0.049723 -0.050614
v -0.054038 0.049815 -0.040837
v -0.060885 0.049917 -0.029507
v -0.065390 0.050026 -0.017058
v -0.067379 0.050136 -0.003970
v -0.066777 0.050245 0.009255
v -0.063606 0.050348 0.022108
v -0.057988 0.050440 0.034096
v -0.050140 0.050519 0.044757
v -0.040362 0.050581 0.053683
v -0.029031 0.050624 0.060529
v -0.016582 0.050646 0.065034
v -0.003494 0.050646 0.067023
v 0.009731 0.050625 0.066421
v 0.022585 0.050583 0.063250
v 0.034573 0.050522 0.057633
v 0.045235 0.050444 0.049785
v 0.054160 0.050352 0.040008
v 0.061007 0.050250 0.028677
v 0.065512 0.050142 0.016229
v 0.067501 0.050031 0.003141
v 0.066899 0.049922 -0.010084
v 0.063728 0.049820 -0.022937
v 0.058110 0.049727 -0.034925
v 0.050262 0.049648 -0.045586
v 0.040484 0.049586 -0.054512
v 0.029153 0.049544 -0.061358
v 0.016704 0.049521 -0.065863
v 0.003270 0.056304 -0.061192
v -0.008638 0.056323 -0.060650
v -0.020212 0.056361 -0.057795
v -0.031006 0.056416 -0.052737
v -0.040606 0.056486 -0.045671
v -0.048643 0.056568 -0.036867
v -0.054807 0.056660 -0.026665
v -0.058863 0.056758 -0.015456
v -0.060655 0.056858 -0.003672
v -0.060112 0.056956 0.008236
v -0.057257 0.057048 0.019809
v -0.052199 0.057131 0.030603
v -0.045132 0.057202 0.040203
v -0.036328 0.057258 0.048239
v -0.026126 0.057297 0.054404
v -0.014917 0.057317 0.058460
v -0.003132 0.057317 0.060251
v 0.008777 0.057298 0.059709
v 0.020350 0.057260 0.056854
v 0.031144 0.057205 0.051796
v 0.040744 0.057135 0.044730
v 0.048781 0.057052 0.035927
v 0.054946 0.056960 0.025724
v 0.059002 0.056863 0.014516
v 0.060793 0.056763 0.002731
v 0.060251 0.056665 -0.009177
v 0.057395 0.056573 -0.020750
v 0.052337 0.056489 -0.031544
v 0.045271 0.056419 -0.041143
v 0.036467 0.056363 -0.049180
v 0.026264 0.056324 -0.055345
v 0.015055 0.056304 -0.059401
v 0.002963 0.061978 -0.055295
v -0.007779 0.061995 -0.054806
v -0.018220 0.062029 -0.052230
v -0.027957 0.062079 -0.047667
v -0.036617 0.062142 -0.041293
v -0.043867 0.062217 -0.033351
v -0.049429 0.062300 -0.024148
v -0.053088 0.062388 -0.014036
v -0.054704 0.062478 -0.003405
v -0.054214 0.062566 0.007337
v -0.051639 0.062649 0.017778
v -0.047076 0.062725 0.027515
v -0.040701 0.062788 0.036175
v -0.032759 0.062839 0.043425
v -0.023555 0.062874 0.048986
v -0.013443 0.062892 0.052645
v -0.002811 0.062892 0.054261
v 0.007931 0.062875 0.053772
v 0.018372 0.062841 0.051196
v 0.028109 0.062791 0.046634
v 0.036769 0.062728 0.040259
v 0.044020 0.062653 0.032317
v 0.049581 0.062570 0.023114
v 0.053240 0.062482 0.013002
v 0.054856 0.062392 0.002371
v 0.054366 0.062304 -0.008371
v 0.051791 0.062221 -0.018811
v 0.047228 0.062146 -0.028549
v 0.040853 0.062082 -0.037209
v 0.032911 0.062031 -0.044459
v 0.023707 0.061996 -0.050020
v 0.013595 0.061978 -0.053679
v 0.002766 0.069112 -0.051443
v -0.007210 0.069128 -0.050989
v -0.016905 0.069160 -0.048597
v -0.025947 0.069206 -0.044360
v -0.033989 0.069265 -0.038440
v -0.040722 0.069334 -0.031066
v -0.045886 0.069411 -0.022519
v -0.049284 0.069493 -0.013130
v -0.050784 0.069577 -0.003257
v -0.050330 0.069659 0.006718
v -0.047938 0.069736 0.016413
v -0.043701 0.069806 0.025455
v -0.037781 0.069865 0.033497
v -0.030406 0.069912 0.040229
v -0.021859 0.069944 0.045393
v -0.012469 0.069961 0.048791
v -0.002597 0.069961 0.050291
v 0.007379 0.069945 0.049837
v 0.017074 0.069914 0.047446
v 0.026117 0.069868 0.043209
v 0.034158 0.069809 0.037289
v 0.040891 0.069740 0.029914
v 0.046055 0.069663 0.021368
v 0.049453 0.069581 0.011978
v 0.050954 0.069497 0.002106
v 0.050499 0.069415 -0.007869
v 0.048107 0.069338 -0.017564
v 0.043870 0.069268 -0.026606
v 0.037950 0.069209 -0.034648
v 0.030575 0.069162 -0.041380
v 0.022029 0.069130 -0.046545
v 0.012638 0.069113 -0.049942
v 0.002784 0.074792 -0.051696
v -0.007232 0.074808 -0.051240
v -0.016967 0.074840 -0.048839
v -0.026046 0.074886 -0.044585
v -0.034121 0.074945 -0.038641
v -0.040880 0.075015 -0.031237
v -0.046066 0.075092 -0.022655
v -0.049477 0.075174 -0.013228
v -0.050984 0.075258 -0.003315
v -0.050528 0.075341 0.006700
v -0.048126 0.075418 0.016435
v -0.043872 0.075488 0.025513
v -0.037928 0.075548 0.033588
v -0.030523 0.075595 0.040348
v -0.021941 0.075627 0.045533
v -0.012513 0.075644 0.048944
v -0.002601 0.075644 0.050451
v 0.007415 0.075628 0.049995
v 0.017150 0.075597 0.047594
v 0.026229 0.075550 0.043339
v 0.034304 0.075491 0.037396
v 0.041064 0.075422 0.029991
v 0.046249 0.075344 0.021410
v 0.049660 0.075262 0.011982
v 0.051167 0.075178 0.002070
v 0.050711 0.075096 -0.007946
v 0.048309 0.075018 -0.017680
v 0.044055 0.074948 -0.026759
v 0.038111 0.074889 -0.034833
v 0.030706 0.074842 -0.041593
v 0.022125 0.074809 -0.046778
v 0.012696 0.074793 -0.050190
v 0.002826 0.076968 -0.052467
v -0.007338 0.076984 -0.052004
v -0.017216 0.077016 -0.049568
v -0.026429 0.077063 -0.045251
v -0.034622 0.077123 -0.039220
v -0.041482 0.077193 -0.031706
v -0.046743 0.077272 -0.022998
v -0.050205 0.077355 -0.013431
v -0.051734 0.077440 -0.003373
v -0.051271 0.077524 0.006790
v -0.048834 0.077603 0.016668
v -0.044517 0.077674 0.025881
v -0.038486 0.077734 0.034074
v -0.030971 0.077782 0.040933
v -0.022263 0.077815 0.046195
v -0.012696 0.077832 0.049657
v -0.002638 0.077832 0.051186
v 0.007526 0.077816 0.050723
v 0.017404 0.077784 0.048286
v 0.026617 0.077737 0.043969
v 0.034811 0.077677 0.037938
v 0.041670 0.077606 0.030424
v 0.046932 0.077528 0.021717
v 0.050394 0.077445 0.012150
v 0.051923 0.077359 0.002091
v 0.051460 0.077276 -0.008072
v 0.049023 0.077197 -0.017950
v 0.044706 0.077126 -0.027162
v 0.038674 0.077066 -0.035356
v 0.031160 0.077018 -0.042215
v 0.022452 0.076985 -0.047477
v 0.012885 0.076968 -0.050938
v 0.002901 0.079183 -0.053854
v -0.007531 0.079200 -0.053379
v -0.017670 0.079233 -0.050878
v -0.027126 0.079281 -0.046447
v -0.035536 0.079343 -0.040257
v -0.042577 0.079415 -0.032545
v -0.047977 0.079496 -0.023607
v -0.051531 0.079581 -0.013788
v -0.053100 0.079669 -0.003464
v -0.052625 0.079754 0.006968
v -0.050123 0.079835 0.017107
v -0.045692 0.079908 0.026562
v -0.039502 0.079970 0.034972
v -0.031789 0.080019 0.042013
v -0.022851 0.080053 0.047413
v -0.013031 0.080070 0.050966
v -0.002707 0.080071 0.052536
v 0.007725 0.080054 0.052061
v 0.017864 0.080021 0.049560
v 0.027320 0.079973 0.045129
v 0.035730 0.079912 0.038938
v 0.042771 0.079839 0.031226
v 0.048171 0.079759 0.022289
v 0.051725 0.079673 0.012469
v 0.053294 0.079586 0.002145
v 0.052819 0.079500 -0.008287
v 0.050317 0.079419 -0.018425
v 0.045886 0.079346 -0.027881
v 0.039695 0.079284 -0.036291
v 0.031983 0.079235 -0.043331
v 0.023045 0.079201 -0.048732
v 0.013225 0.079184 -0.052285
v 0.003019 0.081153 -0.056067
v -0.007844 0.081171 -0.055573
v -0.018401 0.081205 -0.052968
v -0.028248 0.081255 -0.048355
v -0.037005 0.081319 -0.041908
v -0.044337 0.081395 -0.033878
v -0.049960 0.081479 -0.024571
v -0.053660 0.081568 -0.014346
v -0.055294 0.081659 -0.003596
v -0.054799 0.081748 0.007267
v -0.052195 0.081832 0.017824
v -0.047581 0.081908 0.027670
v -0.041134 0.081973 0.036427
v -0.033103 0.082024 0.043758
v -0.023796 0.082059 0.049382
v -0.013571 0.082077 0.053082
v -0.002820 0.082078 0.054716
v 0.008042 0.082060 0.054221
v 0.018600 0.082026 0.051617
v 0.028447 0.081976 0.047003
v 0.037204 0.081912 0.040557
v 0.044535 0.081836 0.032526
v 0.050159 0.081752 0.023220
v 0.053859 0.081663 0.012995
v 0.055493 0.081572 0.002245
v 0.054998 0.081483 -0.008618
v 0.052394 0.081399 -0.019175
v 0.047780 0.081323 -0.029022
v 0.041333 0.081258 -0.037779
v 0.033302 0.081207 -0.045110
v 0.023995 0.081172 -0.050733
v 0.013770 0.081154 -0.054433
v 0.003060 0.083215 -0.056804
v -0.007944 0.083233 -0.056302
v -0.018639 0.083268 -0.053664
v -0.028613 0.083319 -0.048991
v -0.037484 0.083384 -0.042461
v -0.044911 0.083460 -0.034326
v -0.050608 0.083545 -0.024898
v -0.054355 0.083635 -0.014541
v -0.056011 0.083727 -0.003651
v -0.055510 0.083818 0.007353
v -0.052871 0.083903 0.018047
v -0.048197 0.083980 0.028021
v -0.041667 0.084046 0.036892
v -0.033532 0.084097 0.044318
v -0.024104 0.084133 0.050015
v -0.013746 0.084151 0.053763
v -0.002856 0.084152 0.055418
v 0.008148 0.084134 0.054917
v 0.018843 0.084099 0.052279
v 0.028817 0.084049 0.047605
v 0.037688 0.083984 0.041075
v 0.045115 0.083907 0.032940
v 0.050811 0.083822 0.023513
v 0.054559 0.083732 0.013155
v 0.056215 0.083640 0.002265
v 0.055713 0.083549 -0.008738
v 0.053075 0.083464 -0.019432
v 0.048401 0.083387 -0.029407
v 0.041871 0.083322 -0.038277
v 0.033736 0.083270 -0.045704
v 0.024308 0.083234 -0.051400
v 0.013950 0.083216 -0.055148
v 0.002995 0.084965 -0.055558
v -0.007761 0.084982 -0.055068
v -0.018216 0.085016 -0.052489
v -0.027967 0.085065 -0.047921
v -0.036638 0.085129 -0.041537
v -0.043898 0.085204 -0.033585
v -0.049467 0.085287 -0.024369
v -0.053131 0.085375 -0.014244
v -0.054749 0.085465 -0.003599
v -0.054259 0.085553 0.007158
v -0.051680 0.085637 0.017612
v -0.047111 0.085712 0.027362
v -0.040727 0.085776 0.036033
v -0.032775 0.085826 0.043293
v -0.023558 0.085861 0.048862
v -0.013433 0.085879 0.052526
v -0.002787 0.085880 0.054144
v 0.007970 0.085863 0.053654
v 0.018424 0.085829 0.051075
v 0.028175 0.085779 0.046506
v 0.036846 0.085715 0.040123
v 0.044106 0.085641 0.032171
v 0.049675 0.085558 0.022955
v 0.053339 0.085469 0.012830
v 0.054957 0.085379 0.002185
v 0.054467 0.085291 -0.008572
v 0.051888 0.085207 -0.019026
v 0.047319 0.085132 -0.028776
v 0.040935 0.085068 -0.037448
v 0.032983 0.085018 -0.044707
v 0.023766 0.084983 -0.050276
v 0.013641 0.084965 -0.053940
v 0.002766 0.086944 -0.051182
v -0.007129 0.086960 -0.050731
v -0.016747 0.086991 -0.048359
v -0.025716 0.087037 -0.044156
v -0.033694 0.087095 -0.038284
v -0.040372 0.087164 -0.030968
v -0.045495 0.087241 -0.022491
v -0.048865 0.087322 -0.013176
v -0.050354 0.087405 -0.003383
v -0.049903 0.087486 0.006512
v -0.047531 0.087563 0.016129
v -0.043327 0.087632 0.025098
v -0.037455 0.087691 0.033075
v -0.030139 0.087737 0.039754
v -0.021661 0.087769 0.044876
v -0.012347 0.087786 0.048247
v -0.002553 0.087786 0.049735
v 0.007342 0.087770 0.049285
v 0.016959 0.087739 0.046912
v 0.025929 0.087693 0.042709
v 0.033906 0.087635 0.036837
v 0.040585 0.087566 0.029522
v 0.045708 0.087490 0.021044
v 0.049078 0.087409 0.011730
v 0.050567 0.087326 0.001937
v 0.050116 0.087244 -0.007958
v 0.047743 0.087168 -0.017575
v 0.043540 0.087099 -0.026545
v 0.037668 0.087040 -0.034522
v 0.030352 0.086993 -0.041200
v 0.021874 0.086961 -0.046323
v 0.012559 0.086945 -0.049693
v 0.002571 0.089248 -0.047439
v -0.006587 0.089263 -0.047022
v -0.015487 0.089292 -0.044826
v -0.023788 0.089334 -0.040937
v -0.031171 0.089388 -0.035503
v -0.037352 0.089452 -0.028732
v -0.042093 0.089522 -0.020887
v -0.045212 0.089598 -0.012267
v -0.046589 0.089674 -0.003204
v -0.046172 0.089750 0.005953
v -0.043977 0.089821 0.014854
v -0.040087 0.089885 0.023154
v -0.034652 0.089939 0.030537
v -0.027882 0.089982 0.036717
v -0.020036 0.090012 0.041458
v -0.011415 0.090027 0.044577
v -0.002352 0.090027 0.045955
v 0.006805 0.090013 0.045538
v 0.015706 0.089984 0.043342
v 0.024007 0.089941 0.039453
v 0.031389 0.089887 0.034018
v 0.037570 0.089824 0.027248
v 0.042311 0.089753 0.019402
v 0.045430 0.089678 0.010783
v 0.046808 0.089601 0.001720
v 0.046391 0.089526 -0.007438
v 0.044195 0.089455 -0.016338
v 0.040305 0.089391 -0.024639
v 0.034870 0.089336 -0.032021
v 0.028100 0.089294 -0.038201
v 0.020254 0.089264 -0.042942
v 0.011634 0.089249 -0.046061
v 0.002405 0.094332 -0.044222
v -0.006114 0.094345 -0.043834
v -0.014393 0.094372 -0.041792
v -0.022115 0.094412 -0.038174
v -0.028982 0.094462 -0.033119
v -0.034731 0.094521 -0.026821
v -0.039141 0.094587 -0.019523
v -0.042043 0.094657 -0.011504
v -0.043324 0.094728 -0.003074
v -0.042936 0.094798 0.005444
v -0.040894 0.094864 0.013723
v -0.037275 0.094924 0.021445
v -0.032220 0.094975 0.028312
v -0.025922 0.095014 0.034061
v -0.018624 0.095042 0.038471
v -0.010605 0.095056 0.041373
v -0.002174 0.095057 0.042654
v 0.006344 0.095043 0.042266
v 0.014624 0.095016 0.040224
v 0.022345 0.094977 0.036606
v 0.029213 0.094926 0.031551
v 0.034962 0.094867 0.025253
v 0.039372 0.094802 0.017955
v 0.042274 0.094732 0.009936
v 0.043555 0.094660 0.001506
v 0.043167 0.094590 -0.007012
v 0.041124 0.094524 -0.015291
v 0.037506 0.094465 -0.023013
v 0.032451 0.094414 -0.029880
v 0.026153 0.094374 -0.035629
v 0.018854 0.094346 -0.040039
v 0.010836 0.094332 -0.042941
v 0.002124 0.107321 -0.038697
v -0.005290 0.107333 -0.038359
v -0.012496 0.107356 -0.036582
v -0.019216 0.107391 -0.033433
v -0.025193 0.107434 -0.029033
v -0.030197 0.107486 -0.023552
v -0.034036 0.107543 -0.017200
v -0.036561 0.107604 -0.010221
v -0.037676 0.107666 -0.002884
v -0.037338 0.107727 0.004530
v -0.035561 0.107785 0.011735
v -0.032412 0.107836 0.018455
v -0.028012 0.107880 0.024432
v -0.022530 0.107915 0.029436
v -0.016178 0.107939 0.033274
v -0.009199 0.107952 0.035799
v -0.001862 0.107952 0.036915
v 0.005552 0.107940 0.036577
v 0.012758 0.107917 0.034800
v 0.019479 0.107882 0.031651
v 0.025456 0.107839 0.027251
v 0.030459 0.107787 0.021770
v 0.034298 0.107730 0.015418
v 0.036823 0.107669 0.008439
v 0.037938 0.107607 0.001102
v 0.037601 0.107546 -0.006312
v 0.035823 0.107489 -0.013517
v 0.032674 0.107437 -0.020238
v 0.028274 0.107393 -0.026215
v 0.022793 0.107358 -0.031218
v 0.016440 0.107334 -0.035056
v 0.009461 0.107321 -0.037582
v 0.001898 0.120768 -0.034207
v -0.004614 0.120778 -0.033910
v -0.010943 0.120799 -0.032349
v -0.016845 0.120829 -0.029583
v -0.022095 0.120867 -0.025719
v -0.026490 0.120912 -0.020905
v -0.029861 0.120963 -0.015326
v -0.032079 0.121016 -0.009197
v -0.033058 0.121071 -0.002753
v -0.032762 0.121124 0.003759
v -0.031200 0.121175 0.010087
v -0.028435 0.121220 0.015990
v -0.024570 0.121259 0.021239
v -0.019756 0.121290 0.025634
v -0.014177 0.121311 0.029005
v -0.008047 0.121322 0.031223
v -0.001603 0.121322 0.032202
v 0.004909 0.121311 0.031906
v 0.011238 0.121291 0.030345
v 0.017140 0.121261 0.027579
v 0.022390 0.121222 0.023715
v 0.026785 0.121177 0.018901
v 0.030156 0.121127 0.013322
v 0.032374 0.121073 0.007193
v 0.033353 0.121019 0.000748
v 0.033057 0.120965 -0.005763
v 0.031495 0.120915 -0.012092
v 0.028729 0.120869 -0.017994
v 0.024865 0.120831 -0.023243
v 0.020051 0.120800 -0.027638
v 0.014472 0.120779 -0.031009
v 0.008342 0.120768 -0.033227
v 0.001677 0.133952 -0.029819
v -0.003953 0.133961 -0.029562
v -0.009425 0.133979 -0.028213
v -0.014528 0.134005 -0.025821
v -0.019067 0.134038 -0.022481
v -0.022866 0.134077 -0.018319
v -0.025781 0.134121 -0.013495
v -0.027698 0.134167 -0.008196
v -0.028545 0.134214 -0.002624
v -0.028289 0.134260 0.003005
v -0.026939 0.134304 0.008477
v -0.024548 0.134343 0.013580
v -0.021207 0.134377 0.018118
v -0.017044 0.134403 0.021918
v -0.012221 0.134421 0.024832
v -0.006922 0.134431 0.026750
v -0.001350 0.134431 0.027597
v 0.004280 0.134422 0.027340
v 0.009752 0.134404 0.025991
v 0.014855 0.134378 0.023599
v 0.019394 0.134345 0.020259
v 0.023193 0.134306 0.016097
v 0.026108 0.134263 0.011273
v 0.028025 0.134216 0.005974
v 0.028872 0.134169 0.000403
v 0.028616 0.134123 -0.005227
v 0.027266 0.134079 -0.010699
v 0.024875 0.134040 -0.015802
v 0.021534 0.134006 -0.020340
v 0.017371 0.133980 -0.024140
v 0.012548 0.133962 -0.027054
v 0.007248 0.133952 -0.028972
v 0.001603 0.145238 -0.028260
v -0.003703 0.145246 -0.028019
v -0.008859 0.145263 -0.026746
v -0.013669 0.145288 -0.024493
v -0.017946 0.145319 -0.021344
v -0.021527 0.145356 -0.017422
v -0.024274 0.145397 -0.012876
v -0.026081 0.145440 -0.007882
v -0.026880 0.145485 -0.002631
v -0.026638 0.145528 0.002675
v -0.025366 0.145570 0.007832
v -0.023112 0.145607 0.012641
v -0.019963 0.145638 0.016918
v -0.016041 0.145663 0.020499
v -0.011495 0.145680 0.023246
v -0.006500 0.145689 0.025053
v -0.001249 0.145689 0.025852
v 0.004057 0.145681 0.025610
v 0.009214 0.145664 0.024338
v 0.014023 0.145640 0.022084
v 0.018301 0.145608 0.018936
v 0.021882 0.145571 0.015013
v 0.024629 0.145530 0.010467
v 0.026436 0.145487 0.005473
v 0.027234 0.145442 0.000222
v 0.026992 0.145399 -0.005084
v 0.025720 0.145358 -0.010240
v 0.023466 0.145321 -0.015050
v 0.020318 0.145289 -0.019327
v 0.016395 0.145264 -0.022908
v 0.011849 0.145247 -0.025655
v 0.006854 0.145238 -0.027462
v 0.001541 0.161613 -0.026843
v -0.003460 0.161621 -0.026615
v -0.008321 0.161637 -0.025416
v -0.012854 0.161660 -0.023292
v -0.016886 0.161690 -0.020324
v -0.020262 0.161725 -0.016627
v -0.022851 0.161763 -0.012342
v -0.024555 0.161804 -0.007634
v -0.025307 0.161846 -0.002684
v -0.025079 0.161887 0.002317
v -0.023880 0.161926 0.007178
v -0.021756 0.161961 0.011711
v -0.018788 0.161991 0.015743
v -0.015090 0.162014 0.019118
v -0.010805 0.162030 0.021708
v -0.006097 0.162039 0.023411
v -0.001147 0.162039 0.024163
v 0.003854 0.162031 0.023936
v 0.008715 0.162015 0.022737
v 0.013249 0.161992 0.020612
v 0.017281 0.161962 0.017644
v 0.020656 0.161928 0.013947
v 0.023245 0.161889 0.009662
v 0.024949 0.161848 0.004954
v 0.025701 0.161806 0.000005
v 0.025473 0.161765 -0.004996
v 0.024274 0.161726 -0.009857
v 0.022150 0.161691 -0.014391
v 0.019182 0.161662 -0.018423
v 0.015484 0.161638 -0.021798
v 0.011199 0.161622 -0.024387
v 0.006491 0.161614 -0.026091
v 0.001534 0.175662 -0.026487
v -0.003375 0.175670 -0.026263
v -0.008146 0.175685 -0.025087
v -0.012596 0.175708 -0.023002
v -0.016553 0.175737 -0.020089
v -0.019866 0.175771 -0.016460
v -0.022407 0.175809 -0.012254
v -0.024079 0.175849 -0.007634
v -0.024818 0.175890 -0.002776
v -0.024594 0.175931 0.002133
v -0.023417 0.175969 0.006904
v -0.021332 0.176003 0.011353
v -0.018419 0.176032 0.015310
v -0.014790 0.176055 0.018623
v -0.010584 0.176071 0.021164
v -0.005963 0.176079 0.022836
v -0.001105 0.176080 0.023575
v 0.003804 0.176072 0.023351
v 0.008574 0.176056 0.022174
v 0.013024 0.176033 0.020090
v 0.016981 0.176004 0.017177
v 0.020294 0.175970 0.013548
v 0.022836 0.175933 0.009342
v 0.024508 0.175892 0.004722
v 0.025246 0.175851 -0.000136
v 0.025022 0.175811 -0.005045
v 0.023845 0.175773 -0.009816
v 0.021760 0.175738 -0.014265
v 0.018847 0.175709 -0.018222
v 0.015218 0.175686 -0.021535
v 0.011012 0.175670 -0.024077
v 0.006392 0.175662 -0.025748
v 0.001521 0.186722 -0.026090
v -0.003292 0.186730 -0.025871
v -0.007969 0.186745 -0.024717
v -0.012332 0.186767 -0.022672
v -0.016212 0.186796 -0.019816
v -0.019460 0.186829 -0.016258
v -0.021952 0.186866 -0.012135
v -0.023591 0.186906 -0.007605
v -0.024315 0.186946 -0.002841
v -0.024096 0.186986 0.001971
v -0.022942 0.187023 0.006649
v -0.020898 0.187056 0.011012
v -0.018042 0.187085 0.014892
v -0.014483 0.187108 0.018140
v -0.010360 0.187123 0.020631
v -0.005829 0.187131 0.022271
v -0.001066 0.187131 0.022995
v 0.003747 0.187124 0.022776
v 0.008425 0.187109 0.021622
v 0.012787 0.187086 0.019577
v 0.016667 0.187058 0.016721
v 0.019916 0.187025 0.013163
v 0.022407 0.186987 0.009040
v 0.024047 0.186948 0.004509
v 0.024771 0.186908 -0.000254
v 0.024552 0.186868 -0.005067
v 0.023398 0.186831 -0.009744
v 0.021353 0.186797 -0.014107
v 0.018497 0.186768 -0.017987
v 0.014939 0.186746 -0.021235
v 0.010815 0.186730 -0.023726
v 0.006285 0.186722 -0.025366
v 0.001619 0.189002 -0.027913
v -0.003548 0.189010 -0.027678
v -0.008569 0.189027 -0.026439
v -0.013253 0.189051 -0.024245
v -0.017418 0.189081 -0.021178
v -0.020905 0.189117 -0.017359
v -0.023580 0.189157 -0.012932
v -0.025340 0.189199 -0.008069
v -0.026117 0.189243 -0.002956
v -0.025882 0.189285 0.002211
v -0.024643 0.189325 0.007233
v -0.022448 0.189361 0.011916
v -0.019382 0.189392 0.016081
v -0.015562 0.189416 0.019568
v -0.011135 0.189433 0.022243
v -0.006272 0.189442 0.024003
v -0.001158 0.189442 0.024780
v 0.004008 0.189434 0.024545
v 0.009030 0.189417 0.023306
v 0.013714 0.189393 0.021111
v 0.017879 0.189363 0.018045
v 0.021366 0.189327 0.014226
v 0.024041 0.189287 0.009799
v 0.025801 0.189245 0.004936
v 0.026578 0.189201 -0.000178
v 0.026342 0.189159 -0.005344
v 0.025104 0.189119 -0.010366
v 0.022909 0.189083 -0.015049
v 0.019843 0.189052 -0.019214
v 0.016023 0.189028 -0.022701
v 0.011596 0.189011 -0.025376
v 0.006733 0.189002 -0.027136
v 0.002196 0.190627 -0.038836
v -0.005110 0.190639 -0.038503
v -0.012210 0.190662 -0.036751
v -0.018833 0.190696 -0.033648
v -0.024723 0.190739 -0.029313
v -0.029654 0.190789 -0.023912
v -0.033436 0.190846 -0.017652
v -0.035925 0.190906 -0.010775
v -0.037024 0.190967 -0.003545
v -0.036691 0.191027 0.003761
v -0.034939 0.191084 0.010862
v -0.031836 0.191135 0.017484
v -0.027500 0.191178 0.023374
v -0.022099 0.191212 0.028304
v -0.015839 0.191236 0.032087
v -0.008962 0.191248 0.034575
v -0.001731 0.191249 0.035674
v 0.005575 0.191237 0.035341
v 0.012676 0.191214 0.033590
v 0.019298 0.191180 0.030487
v 0.025188 0.191137 0.026151
v 0.030119 0.191086 0.020750
v 0.033901 0.191030 0.014491
v 0.036390 0.190970 0.007614
v 0.037489 0.190909 0.000383
v 0.037156 0.190849 -0.006923
v 0.035404 0.190792 -0.014023
v 0.032301 0.190741 -0.020645
v 0.027965 0.190697 -0.026535
v 0.022564 0.190663 -0.031466
v 0.016304 0.190640 -0.035248
v 0.009427 0.190627 -0.037737
v 0.002408 0.192423 -0.042820
v -0.005677 0.192436 -0.042452
v -0.013534 0.192462 -0.040514
v -0.020862 0.192499 -0.037080
v -0.027379 0.192547 -0.032282
v -0.032836 0.192603 -0.026306
v -0.037021 0.192665 -0.019380
v -0.039774 0.192732 -0.011770
v -0.040991 0.192799 -0.003769
v -0.040622 0.192866 0.004315
v -0.038684 0.192929 0.012172
v -0.035250 0.192985 0.019500
v -0.030452 0.193033 0.026017
v -0.024476 0.193071 0.031473
v -0.017549 0.193097 0.035658
v -0.009939 0.193111 0.038412
v -0.001938 0.193111 0.039628
v 0.006146 0.193098 0.039260
v 0.014003 0.193073 0.037322
v 0.021332 0.193035 0.033888
v 0.027849 0.192988 0.029091
v 0.033305 0.192932 0.023114
v 0.037490 0.192869 0.016188
v 0.040244 0.192803 0.008578
v 0.041460 0.192735 0.000577
v 0.041092 0.192669 -0.007507
v 0.039154 0.192606 -0.015364
v 0.035720 0.192549 -0.022692
v 0.030922 0.192501 -0.029209
v 0.024945 0.192463 -0.034665
v 0.018019 0.192437 -0.038850
v 0.010409 0.192424 -0.041604
v 0.002548 0.195765 -0.045428
v -0.006043 0.195779 -0.045036
v -0.014391 0.195806 -0.042977
v -0.022178 0.195846 -0.039328
v -0.029103 0.195896 -0.034231
v -0.034901 0.195956 -0.027880
v -0.039348 0.196022 -0.020520
v -0.042274 0.196093 -0.012434
v -0.043566 0.196165 -0.003933
v -0.043175 0.196236 0.004657
v -0.041116 0.196302 0.013006
v -0.037467 0.196362 0.020792
v -0.032369 0.196413 0.027717
v -0.026018 0.196454 0.033515
v -0.018658 0.196481 0.037962
v -0.010572 0.196496 0.040888
v -0.002070 0.196496 0.042180
v 0.006520 0.196482 0.041789
v 0.014869 0.196455 0.039729
v 0.022656 0.196416 0.036081
v 0.029581 0.196365 0.030983
v 0.035379 0.196305 0.024632
v 0.039826 0.196239 0.017273
v 0.042752 0.196168 0.009187
v 0.044044 0.196096 0.000686
v 0.043653 0.196026 -0.007905
v 0.041593 0.195959 -0.016253
v 0.037944 0.195899 -0.024040
v 0.032847 0.195848 -0.030965
v 0.026496 0.195808 -0.036762
v 0.019136 0.195780 -0.041209
v 0.011049 0.195766 -0.044135
v 0.002553 0.199640 -0.045460
v -0.006038 0.199654 -0.045068
v -0.014387 0.199681 -0.043009
v -0.022173 0.199721 -0.039360
v -0.029099 0.199771 -0.034263
v -0.034896 0.199831 -0.027912
v -0.039344 0.199897 -0.020552
v -0.042270 0.199968 -0.012466
v -0.043562 0.200040 -0.003965
v -0.043170 0.200110 0.004625
v -0.041111 0.200177 0.012974
v -0.037462 0.200237 0.020760
v -0.032364 0.200288 0.027685
v -0.026013 0.200328 0.033483
v -0.018653 0.200356 0.037930
v -0.010567 0.200371 0.040856
v -0.002065 0.200371 0.042148
v 0.006525 0.200357 0.041757
v 0.014874 0.200330 0.039697
v 0.022661 0.200290 0.036049
v 0.029586 0.200240 0.030951
v 0.035384 0.200180 0.024600
v 0.039831 0.200114 0.017241
v 0.042757 0.200043 0.009155
v 0.044049 0.199971 0.000653
v 0.043658 0.199901 -0.007937
v 0.041598 0.199834 -0.016285
v 0.037949 0.199774 -0.024072
v 0.032851 0.199723 -0.030997
v 0.026500 0.199683 -0.036794
v 0.019140 0.199655 -0.041242
v 0.011054 0.199640 -0.044167
v 0.002373 0.202726 -0.042014
v -0.005536 0.202738 -0.041654
v -0.013224 0.202763 -0.039757
v -0.020393 0.202800 -0.036398
v -0.026770 0.202846 -0.031704
v -0.032108 0.202901 -0.025857
v -0.036203 0.202962 -0.019080
v -0.038897 0.203027 -0.011635
v -0.040087 0.203094 -0.003807
v -0.039726 0.203159 0.004102
v -0.037830 0.203220 0.011789
v -0.034470 0.203275 0.018958
v -0.029776 0.203322 0.025335
v -0.023929 0.203359 0.030673
v -0.017152 0.203385 0.034768
v -0.009707 0.203398 0.037462
v -0.001879 0.203398 0.038651
v 0.006031 0.203386 0.038291
v 0.013718 0.203361 0.036395
v 0.020888 0.203324 0.033036
v 0.027264 0.203278 0.028342
v 0.032603 0.203223 0.022494
v 0.036698 0.203162 0.015718
v 0.039392 0.203097 0.008273
v 0.040581 0.203030 0.000445
v 0.040221 0.202965 -0.007464
v 0.038325 0.202904 -0.015151
v 0.034965 0.202849 -0.022321
v 0.030271 0.202802 -0.028697
v 0.024423 0.202765 -0.034035
v 0.017647 0.202739 -0.038130
v 0.010201 0.202726 -0.040824
v 0.002214 0.203130 -0.038985
v -0.005101 0.203141 -0.038652
v -0.012211 0.203164 -0.036898
v -0.018841 0.203198 -0.033791
v -0.024738 0.203241 -0.029450
v -0.029675 0.203292 -0.024043
v -0.033462 0.203349 -0.017775
v -0.035954 0.203409 -0.010890
v -0.037054 0.203470 -0.003651
v -0.036721 0.203530 0.003664
v -0.034967 0.203587 0.010773
v -0.031860 0.203638 0.017404
v -0.027519 0.203681 0.023301
v -0.022111 0.203716 0.028238
v -0.015844 0.203739 0.032025
v -0.008958 0.203752 0.034516
v -0.001718 0.203752 0.035616
v 0.005597 0.203740 0.035283
v 0.012706 0.203717 0.033530
v 0.019337 0.203683 0.030423
v 0.025234 0.203640 0.026082
v 0.030171 0.203589 0.020674
v 0.033958 0.203533 0.014407
v 0.036449 0.203473 0.007521
v 0.037550 0.203412 0.000282
v 0.037217 0.203351 -0.007033
v 0.035463 0.203295 -0.014142
v 0.032356 0.203244 -0.020772
v 0.028015 0.203200 -0.026669
v 0.022606 0.203166 -0.031606
v 0.016339 0.203142 -0.035393
v 0.009453 0.203130 -0.037885
v 0.002222 0.204434 -0.039109
v -0.005116 0.204446 -0.038775
v -0.012247 0.204469 -0.037016
v -0.018898 0.204503 -0.033900
v -0.024813 0.204546 -0.029546
v -0.029765 0.204597 -0.024121
v -0.033563 0.204654 -0.017835
v -0.036062 0.204714 -0.010929
v -0.037166 0.204775 -0.003668
v -0.036832 0.204836 0.003669
v -0.035073 0.204893 0.010800
v -0.031956 0.204944 0.017451
v -0.027602 0.204988 0.023366
v -0.022177 0.205022 0.028318
v -0.015891 0.205046 0.032116
v -0.008984 0.205058 0.034615
v -0.001723 0.205058 0.035719
v 0.005614 0.205047 0.035385
v 0.012746 0.205023 0.033626
v 0.019396 0.204989 0.030509
v 0.025311 0.204946 0.026155
v 0.030263 0.204895 0.020731
v 0.034062 0.204839 0.014445
v 0.036561 0.204778 0.007539
v 0.037665 0.204717 0.000277
v 0.037331 0.204657 -0.007060
v 0.035571 0.204600 -0.014190
v 0.032455 0.204548 -0.020841
v 0.028101 0.204505 -0.026756
v 0.022676 0.204470 -0.031708
v 0.016390 0.204447 -0.035506
v 0.009483 0.204434 -0.038005
v 0.009546 0.207787 -0.039435
v 0.016717 0.207800 -0.036840
v 0.023243 0.207824 -0.032897
v 0.028874 0.207860 -0.027756
v 0.033395 0.207906 -0.021615
v 0.036630 0.207959 -0.014711
v 0.038457 0.208018 -0.007308
v 0.038804 0.208080 0.000309
v 0.037658 0.208144 0.007848
v 0.035063 0.208207 0.015018
v 0.031120 0.208266 0.021544
v 0.025979 0.208318 0.027175
v 0.019838 0.208363 0.031695
v 0.012933 0.208399 0.034931
v 0.005530 0.208423 0.036757
v -0.002087 0.208435 0.037104
v -0.009626 0.208435 0.035958
v -0.016796 0.208422 0.033363
v -0.023322 0.208397 0.029420
v -0.028954 0.208361 0.024279
v -0.033474 0.208316 0.018138
v -0.036710 0.208263 0.011234
v -0.038536 0.208204 0.003831
v -0.038883 0.208141 -0.003786
v -0.037737 0.208077 -0.011324
v -0.035143 0.208015 -0.018494
v -0.031199 0.207956 -0.025020
v -0.026058 0.207903 -0.030652
v -0.019918 0.207858 -0.035172
v -0.013013 0.207823 -0.038407
v -0.005610 0.207799 -0.040234
v 0.002008 0.207787 -0.040580
v 0.001968 0.205675 -0.039851
v -0.005510 0.205687 -0.039510
v -0.012778 0.205711 -0.037718
v -0.019556 0.205745 -0.034541
v -0.025584 0.205790 -0.030104
v -0.030631 0.205841 -0.024576
v -0.034502 0.205899 -0.018170
v -0.037049 0.205961 -0.011131
v -0.038173 0.206023 -0.003731
v -0.037833 0.206085 0.003746
v -0.036040 0.206143 0.011014
v -0.032864 0.206195 0.017792
v -0.028426 0.206239 0.023820
v -0.022898 0.206274 0.028866
v -0.016491 0.206299 0.032737
v -0.009453 0.206311 0.035284
v -0.002052 0.206311 0.036409
v 0.005426 0.206300 0.036069
v 0.012693 0.206276 0.034276
v 0.019471 0.206241 0.031100
v 0.025499 0.206197 0.026662
v 0.030546 0.206145 0.021134
v 0.034417 0.206088 0.014728
v 0.036964 0.206026 0.007689
v 0.038089 0.205964 0.000289
v 0.037748 0.205902 -0.007188
v 0.035955 0.205844 -0.014455
v 0.032779 0.205792 -0.021233
v 0.028342 0.205747 -0.027261
v 0.022813 0.205712 -0.032308
v 0.016407 0.205688 -0.036179
v 0.009368 0.205676 -0.038726
v 0.009557 0.209832 -0.039482
v 0.016732 0.209845 -0.036885
v 0.023264 0.209869 -0.032938
v 0.028900 0.209905 -0.027794
v 0.033424 0.209950 -0.021648
v 0.036662 0.210004 -0.014738
v 0.038490 0.210063 -0.007329
v 0.038837 0.210125 0.000294
v 0.037690 0.210189 0.007838
v 0.035094 0.210252 0.015014
v 0.031147 0.210311 0.021545
v 0.026002 0.210364 0.027181
v 0.019856 0.210409 0.031705
v 0.012946 0.210444 0.034943
v 0.005537 0.210468 0.036771
v -0.002086 0.210480 0.037118
v -0.009631 0.210480 0.035971
v -0.016807 0.210467 0.033374
v -0.023338 0.210442 0.029428
v -0.028974 0.210407 0.024283
v -0.033498 0.210361 0.018137
v -0.036736 0.210308 0.011227
v -0.038564 0.210249 0.003818
v -0.038911 0.210186 -0.003805
v -0.037765 0.210122 -0.011349
v -0.035168 0.210060 -0.018525
v -0.031222 0.210001 -0.025056
v -0.026077 0.209948 -0.030692
v -0.019931 0.209903 -0.035216
v -0.013021 0.209868 -0.038454
v -0.005611 0.209844 -0.040281
v 0.002012 0.209832 -0.040628
v 0.009336 0.212003 -0.038622
v 0.016345 0.212015 -0.036086
v 0.022725 0.212039 -0.032231
v 0.028230 0.212074 -0.027206
v 0.032649 0.212119 -0.021203
v 0.035812 0.212171 -0.014454
v 0.037597 0.212228 -0.007217
v 0.037936 0.212290 0.000229
v 0.036816 0.212352 0.007597
v 0.034280 0.212413 0.014606
v 0.030425 0.212471 0.020986
v 0.025399 0.212522 0.026491
v 0.019397 0.212566 0.030909
v 0.012647 0.212601 0.034072
v 0.005410 0.212624 0.035857
v -0.002036 0.212636 0.036196
v -0.009405 0.212636 0.035076
v -0.016414 0.212623 0.032540
v -0.022794 0.212599 0.028685
v -0.028299 0.212564 0.023660
v -0.032718 0.212520 0.017657
v -0.035881 0.212468 0.010908
v -0.037666 0.212410 0.003671
v -0.038005 0.212349 -0.003775
v -0.036885 0.212287 -0.011144
v -0.034349 0.212225 -0.018153
v -0.030494 0.212168 -0.024532
v -0.025469 0.212116 -0.030037
v -0.019466 0.212072 -0.034456
v -0.012716 0.212038 -0.037618
v -0.005479 0.212014 -0.039403
v 0.001967 0.212002 -0.039743
v 0.008989 0.213580 -0.037261
v 0.015736 0.213592 -0.034819
v 0.021878 0.213615 -0.031108
v 0.027178 0.213648 -0.026271
v 0.031432 0.213691 -0.020492
v 0.034477 0.213741 -0.013994
v 0.036195 0.213797 -0.007027
v 0.036522 0.213856 0.000141
v 0.035443 0.213916 0.007235
v 0.033002 0.213975 0.013982
v 0.029291 0.214030 0.020124
v 0.024453 0.214080 0.025423
v 0.018674 0.214122 0.029677
v 0.012176 0.214155 0.032722
v 0.005209 0.214178 0.034441
v -0.001959 0.214189 0.034767
v -0.009054 0.214189 0.033689
v -0.015802 0.214177 0.031247
v -0.021943 0.214154 0.027536
v -0.027243 0.214120 0.022698
v -0.031497 0.214077 0.016919
v -0.034542 0.214027 0.010422
v -0.036261 0.213972 0.003455
v -0.036587 0.213913 -0.003713
v -0.035509 0.213853 -0.010807
v -0.033067 0.213794 -0.017555
v -0.029356 0.213739 -0.023696
v -0.024518 0.213689 -0.028996
v -0.018739 0.213647 -0.033250
v -0.012241 0.213613 -0.036294
v -0.005274 0.213591 -0.038013
v 0.001894 0.213579 -0.038339
v 0.008125 0.214174 -0.033865
v 0.014225 0.214185 -0.031658
v 0.019778 0.214206 -0.028303
v 0.024570 0.214237 -0.023928
v 0.028416 0.214275 -0.018703
v 0.031169 0.214320 -0.012829
v 0.032723 0.214371 -0.006530
v 0.033019 0.214424 -0.000049
v 0.032044 0.214478 0.006366
v 0.029836 0.214531 0.012466
v 0.026481 0.214581 0.018019
v 0.022107 0.214626 0.022811
v 0.016881 0.214665 0.026657
v 0.011006 0.214695 0.029410
v 0.004707 0.214715 0.030963
v -0.001774 0.214726 0.031259
v -0.008188 0.214725 0.030284
v -0.014289 0.214714 0.028076
v -0.019842 0.214693 0.024721
v -0.024634 0.214663 0.020347
v -0.028480 0.214624 0.015122
v -0.031233 0.214579 0.009247
v -0.032787 0.214529 0.002948
v -0.033083 0.214476 -0.003533
v -0.032108 0.214421 -0.009947
v -0.029900 0.214368 -0.016048
v -0.026545 0.214318 -0.021601
v -0.022170 0.214273 -0.026392
v -0.016945 0.214235 -0.030239
v -0.011070 0.214205 -0.032991
v -0.004771 0.214184 -0.034545
v 0.001710 0.214174 -0.034840
v 0.007862 0.214450 -0.032363
v 0.013678 0.214460 -0.030258
v 0.018971 0.214481 -0.027060
v 0.023539 0.214509 -0.022890
v 0.027206 0.214546 -0.017909
v 0.029830 0.214589 -0.012309
v 0.031312 0.214637 -0.006304
v 0.031593 0.214688 -0.000126
v 0.030664 0.214740 0.005989
v 0.028559 0.214791 0.011804
v 0.025360 0.214838 0.017098
v 0.021191 0.214881 0.021665
v 0.016210 0.214918 0.025332
v 0.010609 0.214946 0.027956
v 0.004604 0.214966 0.029437
v -0.001574 0.214976 0.029718
v -0.007689 0.214975 0.028789
v -0.013505 0.214965 0.026685
v -0.018798 0.214945 0.023486
v -0.023366 0.214916 0.019316
v -0.027033 0.214879 0.014336
v -0.029657 0.214836 0.008735
v -0.031138 0.214788 0.002731
v -0.031420 0.214737 -0.003448
v -0.030490 0.214686 -0.009562
v -0.028386 0.214635 -0.015378
v -0.025187 0.214587 -0.020671
v -0.021017 0.214544 -0.025239
v -0.016037 0.214508 -0.028905
v -0.010436 0.214479 -0.031530
v -0.004431 0.214460 -0.033011
v 0.001747 0.214450 -0.033292
v 0.007864 0.215999 -0.032376
v 0.013680 0.216009 -0.030271
v 0.018973 0.216029 -0.027073
v 0.023541 0.216058 -0.022903
v 0.027208 0.216095 -0.017922
v 0.029832 0.216138 -0.012322
v 0.031313 0.216186 -0.006317
v 0.031595 0.216237 -0.000139
v 0.030665 0.216289 0.005976
v 0.028561 0.216339 0.011791
v 0.025362 0.216387 0.017085
v 0.021193 0.216430 0.021652
v 0.016212 0.216466 0.025319
v 0.010611 0.216495 0.027943
v 0.004606 0.216514 0.029424
v -0.001572 0.216524 0.029706
v -0.007687 0.216524 0.028776
v -0.013503 0.216514 0.026672
v -0.018796 0.216494 0.023473
v -0.023364 0.216465 0.019303
v -0.027031 0.216428 0.014323
v -0.029655 0.216385 0.008722
v -0.031136 0.216337 0.002718
v -0.031418 0.216286 -0.003461
v -0.030489 0.216234 -0.009575
v -0.028384 0.216184 -0.015391
v -0.025185 0.216136 -0.020684
v -0.021016 0.216093 -0.025252
v -0.016035 0.216057 -0.028918
v -0.010434 0.216028 -0.031542
v -0.004429 0.216008 -0.033024
v 0.001749 0.215999 -0.033305
v 0.008272 0.217948 -0.033989
v 0.014392 0.217959 -0.031775
v 0.019962 0.217980 -0.028409
v 0.024769 0.218010 -0.024021
v 0.028627 0.218049 -0.018780
v 0.031388 0.218094 -0.012888
v 0.032947 0.218145 -0.006569
v 0.033243 0.218198 -0.000068
v 0.032265 0.218253 0.006366
v 0.030051 0.218306 0.012485
v 0.026685 0.218356 0.018055
v 0.022297 0.218401 0.022861
v 0.017056 0.218440 0.026719
v 0.011163 0.218470 0.029480
v 0.004845 0.218490 0.031039
v -0.001657 0.218501 0.031335
v -0.008091 0.218501 0.030357
v -0.014210 0.218490 0.028143
v -0.019780 0.218469 0.024777
v -0.024587 0.218438 0.020390
v -0.028445 0.218399 0.015149
v -0.031206 0.218354 0.009256
v -0.032765 0.218304 0.002937
v -0.033061 0.218250 -0.003564
v -0.032083 0.218196 -0.009997
v -0.029869 0.218142 -0.016117
v -0.026503 0.218092 -0.021687
v -0.022116 0.218047 -0.026493
v -0.016875 0.218009 -0.030351
v -0.010982 0.217979 -0.033112
v -0.004663 0.217958 -0.034671
v 0.001838 0.217948 -0.034967
v 0.008519 0.219787 -0.034964
v 0.014821 0.219799 -0.032684
v 0.020557 0.219820 -0.029218
v 0.025507 0.219852 -0.024699
v 0.029480 0.219892 -0.019302
v 0.032324 0.219938 -0.013233
v 0.033930 0.219990 -0.006726
v 0.034234 0.220045 -0.000031
v 0.033227 0.220101 0.006595
v 0.030947 0.220156 0.012897
v 0.027481 0.220208 0.018633
v 0.022962 0.220255 0.023582
v 0.017565 0.220294 0.027555
v 0.011496 0.220325 0.030399
v 0.004989 0.220346 0.032004
v -0.001706 0.220357 0.032309
v -0.008333 0.220357 0.031302
v -0.014635 0.220345 0.029021
v -0.020371 0.220324 0.025555
v -0.025321 0.220292 0.021037
v -0.029294 0.220252 0.015640
v -0.032138 0.220206 0.009571
v -0.033743 0.220154 0.003064
v -0.034048 0.220099 -0.003631
v -0.033041 0.220043 -0.010257
v -0.030761 0.219988 -0.016559
v -0.027295 0.219936 -0.022295
v -0.022776 0.219889 -0.027245
v -0.017379 0.219850 -0.031218
v -0.011310 0.219819 -0.034061
v -0.004803 0.219798 -0.035667
v 0.001893 0.219787 -0.035971
v 0.008450 0.222190 -0.034702
v 0.014699 0.222201 -0.032441
v 0.020386 0.222223 -0.029005
v 0.025294 0.222254 -0.024525
v 0.029233 0.222293 -0.019173
v 0.032053 0.222340 -0.013156
v 0.033645 0.222391 -0.006705
v 0.033947 0.222446 -0.000067
v 0.032948 0.222501 0.006503
v 0.030687 0.222556 0.012751
v 0.027251 0.222607 0.018439
v 0.022771 0.222653 0.023346
v 0.017419 0.222692 0.027285
v 0.011402 0.222723 0.030105
v 0.004950 0.222744 0.031696
v -0.001688 0.222755 0.031999
v -0.008258 0.222754 0.031000
v -0.014507 0.222743 0.028739
v -0.020194 0.222722 0.025302
v -0.025102 0.222691 0.020822
v -0.029041 0.222651 0.015471
v -0.031861 0.222605 0.009454
v -0.033452 0.222553 0.003002
v -0.033755 0.222499 -0.003636
v -0.032756 0.222443 -0.010205
v -0.030495 0.222388 -0.016453
v -0.027059 0.222337 -0.022141
v -0.022578 0.222291 -0.027048
v -0.017227 0.222252 -0.030987
v -0.011210 0.222221 -0.033807
v -0.004758 0.222200 -0.035398
v 0.001880 0.222190 -0.035701
v 0.008083 0.223195 -0.033262
v 0.014056 0.223206 -0.031100
v 0.019492 0.223227 -0.027815
v 0.024184 0.223256 -0.023533
v 0.027949 0.223294 -0.018417
v 0.030645 0.223338 -0.012666
v 0.032166 0.223388 -0.006499
v 0.032455 0.223440 -0.000153
v 0.031501 0.223493 0.006126
v 0.029339 0.223545 0.012099
v 0.026054 0.223594 0.017536
v 0.021772 0.223638 0.022227
v 0.016656 0.223675 0.025992
v 0.010904 0.223705 0.028687
v 0.004737 0.223725 0.030209
v -0.001608 0.223735 0.030498
v -0.007888 0.223735 0.029543
v -0.013861 0.223724 0.027382
v -0.019298 0.223704 0.024097
v -0.023989 0.223674 0.019814
v -0.027755 0.223636 0.014699
v -0.030450 0.223592 0.008947
v -0.031972 0.223542 0.002780
v -0.032261 0.223490 -0.003565
v -0.031306 0.223437 -0.009845
v -0.029145 0.223385 -0.015818
v -0.025860 0.223336 -0.021254
v -0.021577 0.223292 -0.025945
v -0.016462 0.223255 -0.029711
v -0.010710 0.223225 -0.032406
v -0.004543 0.223205 -0.033927
v 0.001803 0.223195 -0.034216
v 0.007162 0.224233 -0.029644
v 0.012445 0.224242 -0.027732
v 0.017254 0.224260 -0.024826
v 0.021404 0.224286 -0.021038
v 0.024734 0.224320 -0.016514
v 0.027118 0.224359 -0.011426
v 0.028464 0.224403 -0.005971
v 0.028720 0.224449 -0.000359
v 0.027876 0.224496 0.005196
v 0.025964 0.224542 0.010479
v 0.023058 0.224585 0.015288
v 0.019270 0.224624 0.019437
v 0.014745 0.224657 0.022768
v 0.009658 0.224683 0.025152
v 0.004203 0.224701 0.026497
v -0.001410 0.224710 0.026753
v -0.006965 0.224710 0.025908
v -0.012248 0.224700 0.023997
v -0.017057 0.224682 0.021091
v -0.021207 0.224656 0.017303
v -0.024537 0.224622 0.012778
v -0.026922 0.224583 0.007691
v -0.028267 0.224540 0.002236
v -0.028523 0.224493 -0.003376
v -0.027679 0.224446 -0.008931
v -0.025767 0.224400 -0.014214
v -0.022861 0.224357 -0.019023
v -0.019073 0.224318 -0.023172
v -0.014548 0.224285 -0.026503
v -0.009461 0.224259 -0.028887
v -0.004006 0.224241 -0.030232
v 0.001607 0.224232 -0.030488
v 0.007226 0.226861 -0.029907
v 0.012556 0.226870 -0.027979
v 0.017406 0.226889 -0.025048
v 0.021592 0.226915 -0.021227
v 0.024952 0.226949 -0.016663
v 0.027357 0.226988 -0.011531
v 0.028714 0.227032 -0.006029
v 0.028972 0.227079 -0.000367
v 0.028120 0.227126 0.005235
v 0.026192 0.227173 0.010565
v 0.023261 0.227216 0.015415
v 0.019440 0.227256 0.019601
v 0.014876 0.227289 0.022960
v 0.009744 0.227315 0.025365
v 0.004241 0.227333 0.026722
v -0.001420 0.227342 0.026980
v -0.007023 0.227342 0.026128
v -0.012352 0.227333 0.024200
v -0.017203 0.227314 0.021269
v -0.021389 0.227288 0.017448
v -0.024749 0.227254 0.012884
v -0.027153 0.227214 0.007752
v -0.028511 0.227171 0.002250
v -0.028769 0.227124 -0.003411
v -0.027917 0.227077 -0.009014
v -0.025989 0.227030 -0.014343
v -0.023058 0.226986 -0.019194
v -0.019237 0.226947 -0.023379
v -0.014673 0.226914 -0.026739
v -0.009541 0.226888 -0.029144
v -0.004038 0.226870 -0.030501
v 0.001623 0.226861 -0.030759
v 0.010923 0.276208 -0.044616
v 0.018972 0.276222 -0.041704
v 0.026299 0.276250 -0.037277
v 0.032621 0.276290 -0.031506
v 0.037695 0.276341 -0.024613
v 0.041327 0.276401 -0.016862
v 0.043378 0.276467 -0.008551
v 0.043767 0.276537 -0.000000
v 0.042481 0.276609 0.008462
v 0.039568 0.276679 0.016511
v 0.035141 0.276745 0.023837
v 0.029370 0.276805 0.030159
v 0.022477 0.276855 0.035233
v 0.014725 0.276894 0.038865
v 0.006415 0.276922 0.040915
v -0.002137 0.276935 0.041305
v -0.010599 0.276935 0.040018
v -0.018649 0.276921 0.037106
v -0.025975 0.276893 0.032679
v -0.032297 0.276853 0.026908
v -0.037371 0.276802 0.020015
v -0.041004 0.276742 0.012264
v -0.043054 0.276676 0.003953
v -0.043443 0.276605 -0.004598
v -0.042157 0.276534 -0.013060
v -0.039244 0.276464 -0.021109
v -0.034818 0.276398 -0.028435
v -0.029046 0.276338 -0.034757
v -0.022153 0.276288 -0.039831
v -0.014402 0.276248 -0.043463
v -0.006091 0.276221 -0.045513
v 0.002460 0.276208 -0.045903
v 0.011143 0.280791 -0.045495
v 0.019352 0.280806 -0.042525
v 0.026824 0.280834 -0.038010
v 0.033271 0.280875 -0.032124
v 0.038446 0.280927 -0.025094
v 0.042151 0.280988 -0.017189
v 0.044242 0.281056 -0.008713
v 0.044639 0.281127 0.000008
v 0.043327 0.281200 0.008638
v 0.040357 0.281272 0.016847
v 0.035842 0.281339 0.024319
v 0.029956 0.281400 0.030766
v 0.022926 0.281451 0.035941
v 0.015020 0.281491 0.039645
v 0.006544 0.281519 0.041736
v -0.002177 0.281533 0.042133
v -0.010807 0.281533 0.040821
v -0.019017 0.281518 0.037851
v -0.026489 0.281490 0.033336
v -0.032936 0.281449 0.027450
v -0.038111 0.281397 0.020420
v -0.041816 0.281336 0.012515
v -0.043907 0.281268 0.004039
v -0.044304 0.281197 -0.004681
v -0.042992 0.281124 -0.013312
v -0.040022 0.281052 -0.021521
v -0.035507 0.280985 -0.028992
v -0.029621 0.280924 -0.035440
v -0.022591 0.280873 -0.040615
v -0.014685 0.280833 -0.044319
v -0.006209 0.280805 -0.046410
v 0.002512 0.280791 -0.046807
v 0.010794 0.284723 -0.044137
v 0.018739 0.284738 -0.041263
v 0.025970 0.284765 -0.036893
v 0.032210 0.284805 -0.031197
v 0.037218 0.284855 -0.024393
v 0.040803 0.284914 -0.016743
v 0.042827 0.284979 -0.008540
v 0.043211 0.285049 -0.000100
v 0.041942 0.285119 0.008252
v 0.039067 0.285189 0.016197
v 0.034698 0.285254 0.023428
v 0.029001 0.285312 0.029667
v 0.022197 0.285362 0.034676
v 0.014547 0.285401 0.038261
v 0.006344 0.285428 0.040284
v -0.002096 0.285441 0.040668
v -0.010449 0.285441 0.039399
v -0.018394 0.285427 0.036524
v -0.025625 0.285399 0.032155
v -0.031865 0.285360 0.026458
v -0.036874 0.285310 0.019654
v -0.040459 0.285251 0.012004
v -0.042482 0.285185 0.003801
v -0.042867 0.285116 -0.004638
v -0.041597 0.285045 -0.012991
v -0.038723 0.284976 -0.020935
v -0.034353 0.284911 -0.028166
v -0.028657 0.284852 -0.034406
v -0.021853 0.284802 -0.039414
v -0.014202 0.284763 -0.042999
v -0.005999 0.284737 -0.045023
v 0.002441 0.284723 -0.045407
v 0.009849 0.288778 -0.040438
v 0.017084 0.288791 -0.037820
v 0.023669 0.288816 -0.033841
v 0.029351 0.288852 -0.028654
v 0.033912 0.288898 -0.022458
v 0.037177 0.288951 -0.015492
v 0.039020 0.289011 -0.008022
v 0.039370 0.289074 -0.000337
v 0.038214 0.289138 0.007270
v 0.035596 0.289201 0.014504
v 0.031617 0.289261 0.021089
v 0.026430 0.289314 0.026771
v 0.020234 0.289360 0.031331
v 0.013267 0.289395 0.034596
v 0.005797 0.289419 0.036439
v -0.001889 0.289432 0.036788
v -0.009495 0.289431 0.035632
v -0.016730 0.289418 0.033015
v -0.023315 0.289394 0.029036
v -0.028997 0.289358 0.023849
v -0.033558 0.289312 0.017653
v -0.036823 0.289258 0.010686
v -0.038665 0.289199 0.003217
v -0.039015 0.289135 -0.004469
v -0.037859 0.289071 -0.012075
v -0.035241 0.289008 -0.019309
v -0.031263 0.288948 -0.025894
v -0.026075 0.288895 -0.031576
v -0.019879 0.288850 -0.036137
v -0.012913 0.288814 -0.039401
v -0.005443 0.288790 -0.041244
v 0.002243 0.288778 -0.041594
v 0.008058 0.291679 -0.033403
v 0.013950 0.291690 -0.031271
v 0.019313 0.291710 -0.028030
v 0.023940 0.291739 -0.023806
v 0.027655 0.291777 -0.018760
v 0.030314 0.291820 -0.013086
v 0.031815 0.291869 -0.007003
v 0.032100 0.291920 -0.000744
v 0.031158 0.291973 0.005451
v 0.029026 0.292024 0.011343
v 0.025786 0.292073 0.016706
v 0.021561 0.292116 0.021333
v 0.016515 0.292153 0.025047
v 0.010841 0.292182 0.027706
v 0.004758 0.292202 0.029207
v -0.001502 0.292212 0.029492
v -0.007697 0.292211 0.028550
v -0.013589 0.292201 0.026418
v -0.018951 0.292181 0.023178
v -0.023579 0.292151 0.018953
v -0.027294 0.292114 0.013907
v -0.029952 0.292070 0.008234
v -0.031453 0.292022 0.002150
v -0.031738 0.291970 -0.004109
v -0.030797 0.291918 -0.010303
v -0.028665 0.291866 -0.016195
v -0.025424 0.291818 -0.021558
v -0.021200 0.291775 -0.026185
v -0.016154 0.291738 -0.029900
v -0.010480 0.291709 -0.032558
v -0.004396 0.291689 -0.034059
v 0.001863 0.291679 -0.034344
v 0.005228 0.293900 -0.022281
v 0.009001 0.293907 -0.020916
v 0.012435 0.293920 -0.018841
v 0.015399 0.293938 -0.016135
v 0.017778 0.293962 -0.012904
v 0.019480 0.293990 -0.009270
v 0.020442 0.294021 -0.005375
v 0.020624 0.294054 -0.001366
v 0.020021 0.294088 0.002601
v 0.018656 0.294121 0.006374
v 0.016581 0.294152 0.009808
v 0.013875 0.294179 0.012772
v 0.010644 0.294203 0.015150
v 0.007010 0.294222 0.016853
v 0.003114 0.294234 0.017814
v -0.000894 0.294241 0.017996
v -0.004861 0.294241 0.017393
v -0.008635 0.294234 0.016028
v -0.012069 0.294221 0.013953
v -0.015033 0.294202 0.011248
v -0.017411 0.294178 0.008016
v -0.019114 0.294150 0.004383
v -0.020075 0.294119 0.000487
v -0.020258 0.294086 -0.003521
v -0.019655 0.294053 -0.007488
v -0.018289 0.294020 -0.011262
v -0.016214 0.293989 -0.014696
v -0.013509 0.293961 -0.017659
v -0.010277 0.293937 -0.020038
v -0.006644 0.293919 -0.021740
v -0.002748 0.293906 -0.022701
v 0.001261 0.293900 -0.022884
v -0.035037 0.251805 -0.011037
v -0.036106 0.251865 -0.004005
v -0.034078 0.251978 0.010008
v -0.031060 0.252028 0.016449
v -0.011971 0.251568 -0.036303
v -0.018413 0.251601 -0.033285
v 0.029201 0.251981 0.019626
v 0.032880 0.251926 0.013538
v 0.035301 0.251868 0.006849
v 0.036370 0.251808 -0.000184
v -0.008811 0.252138 0.033073
v -0.001778 0.252139 0.034142
v 0.024405 0.252030 0.024880
v -0.035782 0.251923 0.003102
v 0.027106 0.251603 -0.026366
v 0.021853 0.251569 -0.031162
v -0.032617 0.251747 -0.017726
v -0.005064 0.251545 -0.038007
v 0.018676 0.252072 0.029097
v -0.015500 0.252127 0.030653
v -0.028938 0.251692 -0.023815
v 0.031324 0.251645 -0.020638
v 0.012235 0.252105 0.032115
v 0.002042 0.251534 -0.038331
v -0.024142 0.251643 -0.029068
v -0.021589 0.252104 0.026974
v 0.005328 0.252127 0.033819
v 0.034342 0.251695 -0.014196
v 0.009075 0.251534 -0.037262
v -0.026843 0.252070 0.022178
v 0.015764 0.251546 -0.034841
v 0.036046 0.251750 -0.007290
v -0.039775 0.264235 -0.004301
v -0.034216 0.264415 0.018232
v -0.020283 0.263944 -0.036558
v 0.036224 0.264303 0.015025
v 0.040068 0.264173 -0.000092
v -0.001957 0.264537 0.037724
v 0.024076 0.263910 -0.034220
v -0.038597 0.264170 -0.012049
v -0.037541 0.264360 0.011136
v -0.013186 0.263908 -0.039883
v 0.032171 0.264363 0.021732
v 0.038891 0.264238 0.007656
v -0.009705 0.264537 0.036546
v 0.026888 0.264417 0.027519
v -0.039418 0.264299 0.003527
v 0.029864 0.263946 -0.028936
v -0.035931 0.264105 -0.019418
v -0.005578 0.263883 -0.041760
v 0.020576 0.264463 0.032165
v -0.017075 0.264524 0.033879
v -0.031878 0.264045 -0.026125
v 0.034509 0.263993 -0.022625
v 0.013480 0.264500 0.035490
v 0.002251 0.263871 -0.042117
v -0.026594 0.263990 -0.031913
v -0.023782 0.264498 0.029827
v 0.005871 0.264524 0.037367
v 0.037835 0.264048 -0.015529
v 0.009999 0.263871 -0.040939
v -0.029570 0.264461 0.024543
v 0.017368 0.263884 -0.038273
v 0.039712 0.264108 -0.007920
v -0.031477 0.239441 -0.010026
v -0.030616 0.239596 0.008880
v -0.010756 0.239228 -0.032724
v 0.026231 0.239599 0.017521
v 0.031710 0.239497 0.006042
v -0.007917 0.239740 0.029601
v 0.021923 0.239643 0.022240
v -0.032147 0.239547 0.002676
v 0.024349 0.239259 -0.023797
v -0.029303 0.239388 -0.016035
v -0.004551 0.239207 -0.034254
v 0.016776 0.239681 0.026028
v -0.013926 0.239730 0.027426
v -0.025998 0.239339 -0.021504
v 0.028138 0.239297 -0.018650
v 0.010989 0.239710 0.028740
v 0.001833 0.239197 -0.034545
v -0.021689 0.239295 -0.026224
v -0.019396 0.239709 0.024122
v 0.004785 0.239730 0.030270
v 0.030849 0.239341 -0.012864
v 0.008151 0.239198 -0.033584
v -0.024116 0.239679 0.019813
v 0.014160 0.239208 -0.031410
v 0.032380 0.239391 -0.006659
v -0.032437 0.239494 -0.003708
v -0.027904 0.239641 0.014667
v -0.016543 0.239257 -0.030012
v 0.029536 0.239549 0.012051
v 0.032671 0.239443 -0.000276
v -0.001599 0.239740 0.030561
v 0.019630 0.239229 -0.028105
v 0.002893 0.294623 -0.013100
v 0.004918 0.294626 -0.012367
v 0.006762 0.294633 -0.011253
v 0.008354 0.294643 -0.009800
v 0.009631 0.294656 -0.008065
v 0.010545 0.294671 -0.006114
v 0.011061 0.294688 -0.004023
v 0.011159 0.294706 -0.001871
v 0.010835 0.294724 0.000259
v 0.010102 0.294741 0.002285
v 0.008988 0.294758 0.004129
v 0.007536 0.294773 0.005720
v 0.005800 0.294785 0.006997
v 0.003850 0.294795 0.007912
v 0.001758 0.294802 0.008428
v -0.000394 0.294806 0.008526
v -0.002525 0.294806 0.008202
v -0.004550 0.294802 0.007469
v -0.006394 0.294795 0.006355
v -0.007986 0.294785 0.004902
v -0.009263 0.294772 0.003167
v -0.010177 0.294757 0.001216
v -0.010693 0.294740 -0.000876
v -0.010791 0.294723 -0.003028
v -0.010467 0.294705 -0.005158
v -0.009734 0.294687 -0.007184
v -0.008620 0.294670 -0.009027
v -0.007168 0.294655 -0.010619
v -0.005432 0.294643 -0.011896
v -0.003482 0.294633 -0.012810
v -0.001390 0.294626 -0.013326
v 0.000763 0.294623 -0.013424
v 0.002500 0.294764 -0.011556
v 0.004232 0.294767 -0.010930
v 0.005808 0.294773 -0.009977
v 0.007169 0.294781 -0.008735
v 0.008261 0.294792 -0.007252
v 0.009042 0.294805 -0.005584
v 0.009484 0.294820 -0.003796
v 0.009567 0.294835 -0.001956
v 0.009291 0.294850 -0.000135
v 0.008664 0.294865 0.001598
v 0.007711 0.294879 0.003174
v 0.006469 0.294892 0.004534
v 0.004986 0.294903 0.005626
v 0.003318 0.294912 0.006408
v 0.001530 0.294917 0.006849
v -0.000310 0.294920 0.006933
v -0.002132 0.294920 0.006656
v -0.003864 0.294917 0.006029
v -0.005440 0.294911 0.005077
v -0.006801 0.294903 0.003835
v -0.007893 0.294892 0.002351
v -0.008674 0.294879 0.000683
v -0.009115 0.294864 -0.001105
v -0.009199 0.294849 -0.002945
v -0.008922 0.294834 -0.004766
v -0.008296 0.294819 -0.006498
v -0.007343 0.294805 -0.008074
v -0.006101 0.294792 -0.009435
v -0.004618 0.294781 -0.010527
v -0.002950 0.294772 -0.011308
v -0.001161 0.294767 -0.011749
v 0.000679 0.294764 -0.011833
v 0.002831 0.295657 -0.012860
v 0.004809 0.295660 -0.012144
v 0.006610 0.295667 -0.011056
v 0.008164 0.295677 -0.009637
v 0.009412 0.295689 -0.007943
v 0.010305 0.295704 -0.006037
v 0.010809 0.295720 -0.003995
v 0.010904 0.295738 -0.001893
v 0.010588 0.295755 0.000188
v 0.009872 0.295773 0.002166
v 0.008784 0.295789 0.003967
v 0.007365 0.295803 0.005521
v 0.005671 0.295816 0.006768
v 0.003765 0.295826 0.007661
v 0.001722 0.295832 0.008165
v -0.000380 0.295836 0.008261
v -0.002460 0.295835 0.007945
v -0.004439 0.295832 0.007229
v -0.006240 0.295825 0.006141
v -0.007794 0.295815 0.004722
v -0.009041 0.295803 0.003027
v -0.009934 0.295788 0.001122
v -0.010438 0.295772 -0.000921
v -0.010534 0.295754 -0.003023
v -0.010218 0.295737 -0.005103
v -0.009502 0.295720 -0.007082
v -0.008413 0.295703 -0.008883
v -0.006995 0.295689 -0.010436
v -0.005300 0.295676 -0.011684
v -0.003395 0.295667 -0.012577
v -0.001352 0.295660 -0.013081
v 0.000750 0.295657 -0.013176
v 0.003170 0.298076 -0.014203
v 0.005400 0.298080 -0.013396
v 0.007430 0.298087 -0.012169
v 0.009182 0.298099 -0.010570
v 0.010588 0.298113 -0.008660
v 0.011594 0.298129 -0.006513
v 0.012162 0.298148 -0.004210
v 0.012270 0.298167 -0.001841
v 0.011914 0.298187 0.000504
v 0.011107 0.298206 0.002734
v 0.009880 0.298225 0.004764
v 0.008281 0.298241 0.006516
v 0.006371 0.298255 0.007922
v 0.004223 0.298266 0.008928
v 0.001921 0.298274 0.009496
v -0.000449 0.298277 0.009604
v -0.002793 0.298277 0.009247
v -0.005024 0.298273 0.008440
v -0.007054 0.298266 0.007214
v -0.008805 0.298254 0.005615
v -0.010211 0.298240 0.003705
v -0.011218 0.298224 0.001557
v -0.011786 0.298205 -0.000746
v -0.011894 0.298186 -0.003115
v -0.011537 0.298166 -0.005460
v -0.010730 0.298147 -0.007690
v -0.009504 0.298128 -0.009720
v -0.007905 0.298112 -0.011471
v -0.005995 0.298098 -0.012877
v -0.003847 0.298087 -0.013884
v -0.001544 0.298080 -0.014452
v 0.000825 0.298076 -0.014559
v 0.003116 0.301250 -0.014003
v 0.005303 0.301254 -0.013211
v 0.007294 0.301261 -0.012009
v 0.009012 0.301272 -0.010440
v 0.010391 0.301286 -0.008567
v 0.011378 0.301302 -0.006461
v 0.011935 0.301320 -0.004203
v 0.012041 0.301339 -0.001879
v 0.011691 0.301359 0.000420
v 0.010900 0.301378 0.002607
v 0.009697 0.301396 0.004598
v 0.008129 0.301412 0.006316
v 0.006256 0.301426 0.007694
v 0.004149 0.301436 0.008681
v 0.001891 0.301444 0.009238
v -0.000432 0.301448 0.009344
v -0.002732 0.301447 0.008995
v -0.004919 0.301444 0.008203
v -0.006910 0.301436 0.007000
v -0.008628 0.301425 0.005432
v -0.010007 0.301411 0.003559
v -0.010994 0.301395 0.001453
v -0.011551 0.301377 -0.000805
v -0.011657 0.301358 -0.003129
v -0.011307 0.301338 -0.005428
v -0.010516 0.301319 -0.007615
v -0.009313 0.301301 -0.009606
v -0.007745 0.301285 -0.011324
v -0.005871 0.301272 -0.012703
v -0.003765 0.301261 -0.013690
v -0.001507 0.301253 -0.014247
v 0.000817 0.301250 -0.014352
v 0.002868 0.302587 -0.013031
v 0.004868 0.302591 -0.012307
v 0.006689 0.302598 -0.011207
v 0.008260 0.302608 -0.009773
v 0.009521 0.302620 -0.008060
v 0.010424 0.302635 -0.006134
v 0.010933 0.302652 -0.004069
v 0.011030 0.302669 -0.001944
v 0.010710 0.302687 0.000159
v 0.009987 0.302704 0.002159
v 0.008886 0.302721 0.003980
v 0.007452 0.302735 0.005551
v 0.005739 0.302748 0.006812
v 0.003813 0.302758 0.007715
v 0.001748 0.302765 0.008224
v -0.000377 0.302768 0.008321
v -0.002481 0.302768 0.008001
v -0.004481 0.302764 0.007277
v -0.006302 0.302757 0.006177
v -0.007873 0.302747 0.004743
v -0.009134 0.302735 0.003030
v -0.010036 0.302720 0.001104
v -0.010546 0.302703 -0.000961
v -0.010643 0.302686 -0.003086
v -0.010323 0.302668 -0.005189
v -0.009599 0.302651 -0.007190
v -0.008499 0.302634 -0.009010
v -0.007065 0.302620 -0.010581
v -0.005352 0.302607 -0.011842
v -0.003425 0.302597 -0.012745
v -0.001360 0.302590 -0.013254
v 0.000765 0.302587 -0.013351
v 0.002368 0.303317 -0.011068
v 0.003994 0.303319 -0.010480
v 0.005474 0.303325 -0.009586
v 0.006751 0.303333 -0.008420
v 0.007775 0.303343 -0.007028
v 0.008509 0.303355 -0.005462
v 0.008923 0.303369 -0.003784
v 0.009002 0.303383 -0.002057
v 0.008742 0.303397 -0.000347
v 0.008154 0.303412 0.001278
v 0.007260 0.303425 0.002758
v 0.006094 0.303437 0.004035
v 0.004702 0.303447 0.005060
v 0.003136 0.303455 0.005793
v 0.001457 0.303461 0.006207
v -0.000270 0.303463 0.006286
v -0.001979 0.303463 0.006026
v -0.003605 0.303460 0.005438
v -0.005084 0.303455 0.004544
v -0.006361 0.303447 0.003378
v -0.007386 0.303436 0.001986
v -0.008120 0.303424 0.000420
v -0.008534 0.303411 -0.001258
v -0.008613 0.303397 -0.002985
v -0.008353 0.303382 -0.004695
v -0.007765 0.303368 -0.006320
v -0.006871 0.303355 -0.007800
v -0.005705 0.303343 -0.009077
v -0.004313 0.303333 -0.010102
v -0.002747 0.303325 -0.010835
v -0.001068 0.303319 -0.011249
v 0.000659 0.303316 -0.011328
v 0.002560 0.304626 -0.009012
v 0.004499 0.304624 -0.008910
v 0.009270 0.304620 -0.008658
v 0.009188 0.304633 -0.007109
v 0.009131 0.304642 -0.006029
v 0.009066 0.304653 -0.004798
v 0.008996 0.304664 -0.003461
v 0.008923 0.304675 -0.002072
v 0.008849 0.304687 -0.000682
v 0.008779 0.304698 0.000655
v 0.008714 0.304708 0.001886
v 0.008586 0.304729 0.004322
v 0.005602 0.304731 0.004164
v 0.003815 0.304732 0.004070
v 0.001876 0.304734 0.003968
v -0.000141 0.304736 0.003861
v -0.002157 0.304737 0.003755
v -0.004097 0.304739 0.003653
v -0.008596 0.304742 0.003416
v -0.008525 0.304731 0.002060
v -0.008468 0.304722 0.000980
v -0.008403 0.304712 -0.000251
v -0.008332 0.304700 -0.001588
v -0.008259 0.304689 -0.002977
v -0.008186 0.304677 -0.004367
v -0.008115 0.304666 -0.005704
v -0.008050 0.304656 -0.006935
v -0.007994 0.304647 -0.008015
v -0.007912 0.304634 -0.009564
v -0.003412 0.304630 -0.009327
v -0.001473 0.304629 -0.009225
v 0.000543 0.304627 -0.009119
v 0.003697 0.306274 -0.008966
v 0.006727 0.306272 -0.008806
v 0.014182 0.306266 -0.008413
v 0.014100 0.306279 -0.006864
v 0.014044 0.306288 -0.005784
v 0.013979 0.306298 -0.004553
v 0.013908 0.306309 -0.003216
v 0.013835 0.306321 -0.001826
v 0.013762 0.306333 -0.000437
v 0.013691 0.306344 0.000900
v 0.013626 0.306354 0.002131
v 0.013498 0.306374 0.004567
v 0.008836 0.306378 0.004321
v 0.006043 0.306380 0.004174
v 0.003013 0.306382 0.004014
v -0.000139 0.306385 0.003848
v -0.003290 0.306387 0.003682
v -0.006320 0.306390 0.003522
v -0.013352 0.306395 0.003151
v -0.013280 0.306384 0.001795
v -0.013223 0.306375 0.000716
v -0.013158 0.306365 -0.000516
v -0.013088 0.306354 -0.001852
v -0.013015 0.306342 -0.003242
v -0.012942 0.306330 -0.004632
v -0.012871 0.306319 -0.005968
v -0.012806 0.306309 -0.007200
v -0.012749 0.306300 -0.008279
v -0.012668 0.306287 -0.009829
v -0.005636 0.306281 -0.009458
v -0.002606 0.306279 -0.009298
v 0.000545 0.306277 -0.009132
v 0.003487 0.308908 -0.008597
v 0.006332 0.308906 -0.008447
v 0.013333 0.308900 -0.008077
v 0.013256 0.308912 -0.006622
v 0.013203 0.308921 -0.005609
v 0.013142 0.308931 -0.004452
v 0.013076 0.308941 -0.003197
v 0.013007 0.308952 -0.001892
v 0.012938 0.308963 -0.000587
v 0.012872 0.308973 0.000668
v 0.012811 0.308983 0.001825
v 0.012691 0.309002 0.004112
v 0.008312 0.309005 0.003881
v 0.005690 0.309007 0.003742
v 0.002844 0.309010 0.003592
v -0.000115 0.309012 0.003436
v -0.003074 0.309014 0.003280
v -0.005920 0.309017 0.003130
v -0.012523 0.309022 0.002782
v -0.012456 0.309011 0.001509
v -0.012402 0.309003 0.000495
v -0.012341 0.308993 -0.000661
v -0.012275 0.308982 -0.001916
v -0.012206 0.308972 -0.003221
v -0.012138 0.308961 -0.004526
v -0.012071 0.308950 -0.005781
v -0.012010 0.308941 -0.006938
v -0.011957 0.308932 -0.007952
v -0.011880 0.308920 -0.009407
v -0.005278 0.308915 -0.009059
v -0.002432 0.308913 -0.008909
v 0.000527 0.308910 -0.008753
v 0.002514 0.314881 -0.006848
v 0.004511 0.314879 -0.006742
v 0.009424 0.314875 -0.006483
v 0.009370 0.314884 -0.005462
v 0.009333 0.314890 -0.004751
v 0.009290 0.314896 -0.003939
v 0.009244 0.314904 -0.003059
v 0.009195 0.314911 -0.002143
v 0.009147 0.314919 -0.001227
v 0.009101 0.314926 -0.000346
v 0.009058 0.314933 0.000466
v 0.008973 0.314947 0.002070
v 0.005901 0.314949 0.001909
v 0.004060 0.314950 0.001811
v 0.002063 0.314952 0.001706
v -0.000013 0.314954 0.001597
v -0.002090 0.314955 0.001487
v -0.004087 0.314957 0.001382
v -0.008721 0.314960 0.001138
v -0.008674 0.314953 0.000244
v -0.008636 0.314947 -0.000467
v -0.008594 0.314940 -0.001279
v -0.008547 0.314933 -0.002160
v -0.008499 0.314925 -0.003075
v -0.008451 0.314918 -0.003991
v -0.008404 0.314910 -0.004872
v -0.008361 0.314903 -0.005684
v -0.008324 0.314898 -0.006395
v -0.008270 0.314889 -0.007416
v -0.003636 0.314885 -0.007172
v -0.001639 0.314884 -0.007067
v 0.000437 0.314882 -0.006957
v 0.002515 0.315698 -0.006854
v 0.004512 0.315696 -0.006749
v 0.009425 0.315693 -0.006490
v 0.009371 0.315701 -0.005469
v 0.009334 0.315707 -0.004758
v 0.009291 0.315714 -0.003946
v 0.009245 0.315721 -0.003065
v 0.009196 0.315729 -0.002149
v 0.009148 0.315736 -0.001234
v 0.009102 0.315744 -0.000353
v 0.009059 0.315751 0.000459
v 0.008974 0.315764 0.002064
v 0.005902 0.315766 0.001902
v 0.004061 0.315768 0.001805
v 0.002064 0.315769 0.001699
v -0.000012 0.315771 0.001590
v -0.002089 0.315773 0.001480
v -0.004086 0.315774 0.001375
v -0.008720 0.315778 0.001131
v -0.008673 0.315770 0.000237
v -0.008635 0.315764 -0.000474
v -0.008593 0.315758 -0.001286
v -0.008546 0.315750 -0.002166
v -0.008498 0.315743 -0.003082
v -0.008450 0.315735 -0.003998
v -0.008403 0.315728 -0.004879
v -0.008360 0.315721 -0.005690
v -0.008323 0.315715 -0.006402
v -0.008269 0.315706 -0.007423
v -0.003635 0.315703 -0.007179
v -0.001638 0.315701 -0.007073
v 0.000438 0.315700 -0.006964
v 0.002530 0.327438 -0.006952
v 0.004526 0.327437 -0.006846
v 0.009439 0.327433 -0.006587
v 0.009386 0.327442 -0.005566
v 0.009348 0.327447 -0.004855
v 0.009305 0.327454 -0.004043
v 0.009259 0.327462 -0.003163
v 0.009211 0.327469 -0.002247
v 0.009162 0.327477 -0.001331
v 0.009116 0.327484 -0.000450
v 0.009073 0.327491 0.000362
v 0.008989 0.327504 0.001967
v 0.006251 0.328703 0.002221
v 0.004297 0.328705 0.002149
v 0.002178 0.328707 0.002057
v -0.000025 0.328709 0.001946
v -0.002227 0.328710 0.001823
v -0.004343 0.328712 0.001691
v -0.008706 0.327518 0.001034
v -0.008659 0.327511 0.000140
v -0.008621 0.327505 -0.000571
v -0.008578 0.327498 -0.001383
v -0.008532 0.327491 -0.002264
v -0.008484 0.327483 -0.003179
v -0.008435 0.327475 -0.004095
v -0.008389 0.327468 -0.004976
v -0.008346 0.327461 -0.005788
v -0.008309 0.327455 -0.006499
v -0.008255 0.327447 -0.007520
v -0.003621 0.327443 -0.007276
v -0.001624 0.327442 -0.007171
v 0.000453 0.327440 -0.007061
v 0.003635 0.335931 -0.010258
v 0.006486 0.335930 -0.009962
v 0.012795 0.335927 -0.009396
v 0.013085 0.335940 -0.007841
v 0.013323 0.335950 -0.006594
v 0.013473 0.335962 -0.005179
v 0.013528 0.335974 -0.003651
v 0.013487 0.335987 -0.002067
v 0.013352 0.336000 -0.000490
v 0.013127 0.336013 0.001021
v 0.012821 0.336025 0.002407
v 0.012390 0.336045 0.004688
v 0.008308 0.336050 0.004776
v 0.005658 0.336054 0.004861
v 0.002790 0.336058 0.004846
v -0.000187 0.336060 0.004731
v -0.003158 0.336062 0.004522
v -0.006009 0.336063 0.004227
v -0.011983 0.336066 0.003679
v -0.012281 0.336055 0.002277
v -0.012519 0.336045 0.001030
v -0.012669 0.336033 -0.000385
v -0.012724 0.336020 -0.001913
v -0.012684 0.336007 -0.003497
v -0.012548 0.335994 -0.005074
v -0.012323 0.335981 -0.006585
v -0.012017 0.335969 -0.007971
v -0.011642 0.335959 -0.009179
v -0.011185 0.335946 -0.010688
v -0.005182 0.335939 -0.010596
v -0.002313 0.335936 -0.010581
v 0.000664 0.335933 -0.010467
v 0.002754 0.337897 -0.009077
v 0.004805 0.337897 -0.008772
v 0.008899 0.337896 -0.008241
v 0.009338 0.337906 -0.007060
v 0.009693 0.337914 -0.006017
v 0.009933 0.337923 -0.004837
v 0.010049 0.337934 -0.003567
v 0.010037 0.337944 -0.002254
v 0.009897 0.337955 -0.000949
v 0.009634 0.337966 0.000297
v 0.009259 0.337976 0.001438
v 0.008753 0.337990 0.003072
v 0.006009 0.337996 0.003337
v 0.004088 0.338000 0.003538
v 0.002014 0.338003 0.003611
v -0.000135 0.338005 0.003555
v -0.002276 0.338006 0.003371
v -0.004327 0.338006 0.003066
v -0.008220 0.338006 0.002546
v -0.008664 0.337998 0.001456
v -0.009019 0.337990 0.000413
v -0.009259 0.337980 -0.000766
v -0.009375 0.337970 -0.002037
v -0.009363 0.337959 -0.003350
v -0.009223 0.337948 -0.004655
v -0.008960 0.337937 -0.005901
v -0.008585 0.337928 -0.007041
v -0.008112 0.337919 -0.008032
v -0.007543 0.337909 -0.009149
v -0.003610 0.337903 -0.009244
v -0.001536 0.337900 -0.009318
v 0.000613 0.337898 -0.009261
v 0.001772 0.338944 -0.007886
v 0.002912 0.338946 -0.007552
v 0.004409 0.338948 -0.007038
v 0.005059 0.338954 -0.006270
v 0.005578 0.338960 -0.005431
v 0.005943 0.338967 -0.004489
v 0.006141 0.338976 -0.003481
v 0.006163 0.338984 -0.002444
v 0.006009 0.338993 -0.001418
v 0.005684 0.339001 -0.000444
v 0.005202 0.339009 0.000442
v 0.004573 0.339017 0.001339
v 0.003383 0.339023 0.001840
v 0.002288 0.339027 0.002197
v 0.001113 0.339030 0.002386
v -0.000097 0.339032 0.002399
v -0.001295 0.339032 0.002235
v -0.002436 0.339031 0.001902
v -0.003891 0.339028 0.001390
v -0.004541 0.339023 0.000641
v -0.005060 0.339016 -0.000198
v -0.005426 0.339009 -0.001140
v -0.005623 0.339001 -0.002149
v -0.005646 0.338992 -0.003186
v -0.005491 0.338984 -0.004211
v -0.005167 0.338975 -0.005186
v -0.004684 0.338967 -0.006072
v -0.004063 0.338960 -0.006835
v -0.003322 0.338954 -0.007512
v -0.001811 0.338949 -0.007847
v -0.000636 0.338946 -0.008036
v 0.000574 0.338944 -0.008049
v 0.001084 0.339418 -0.005959
v 0.001680 0.339419 -0.005734
v 0.002221 0.339421 -0.005396
v 0.002686 0.339424 -0.004960
v 0.003056 0.339428 -0.004442
v 0.003319 0.339433 -0.003861
v 0.003463 0.339437 -0.003240
v 0.003483 0.339443 -0.002603
v 0.003378 0.339448 -0.001974
v 0.003153 0.339453 -0.001378
v 0.002816 0.339458 -0.000837
v 0.002379 0.339463 -0.000372
v 0.001861 0.339466 -0.000002
v 0.001280 0.339469 0.000260
v 0.000659 0.339471 0.000404
v 0.000022 0.339472 0.000425
v -0.000607 0.339472 0.000320
v -0.001203 0.339471 0.000095
v -0.001744 0.339469 -0.000242
v -0.002209 0.339466 -0.000679
v -0.002579 0.339462 -0.001197
v -0.002842 0.339457 -0.001778
v -0.002986 0.339452 -0.002399
v -0.003006 0.339447 -0.003036
v -0.002901 0.339442 -0.003665
v -0.002676 0.339437 -0.004261
v -0.002339 0.339432 -0.004802
v -0.001902 0.339427 -0.005266
v -0.001384 0.339424 -0.005637
v -0.000803 0.339421 -0.005899
v -0.000182 0.339419 -0.006043
v 0.000455 0.339418 -0.006063
v 0.001085 0.340757 -0.005970
v 0.001682 0.340758 -0.005745
v 0.002222 0.340761 -0.005408
v 0.002687 0.340764 -0.004971
v 0.003058 0.340768 -0.004453
v 0.003320 0.340772 -0.003872
v 0.003464 0.340777 -0.003251
v 0.003484 0.340782 -0.002614
v 0.003380 0.340788 -0.001985
v 0.003154 0.340793 -0.001389
v 0.002817 0.340798 -0.000848
v 0.002381 0.340802 -0.000384
v 0.001862 0.340806 -0.000013
v 0.001282 0.340809 0.000249
v 0.000661 0.340811 0.000393
v 0.000024 0.340811 0.000413
v -0.000605 0.340811 0.000309
v -0.001201 0.340810 0.000084
v -0.001742 0.340808 -0.000254
v -0.002207 0.340805 -0.000690
v -0.002578 0.340801 -0.001208
v -0.002840 0.340797 -0.001789
v -0.002984 0.340792 -0.002410
v -0.003004 0.340787 -0.003047
v -0.002899 0.340781 -0.003676
v -0.002674 0.340776 -0.004272
v -0.002337 0.340771 -0.004813
v -0.001901 0.340767 -0.005278
v -0.001382 0.340763 -0.005648
v -0.000801 0.340760 -0.005911
v -0.000180 0.340758 -0.006054
v 0.000457 0.340757 -0.006075
v 0.001289 0.341512 -0.006728
v 0.002028 0.341513 -0.006449
v 0.002698 0.341516 -0.006031
v 0.003274 0.341520 -0.005490
v 0.003733 0.341525 -0.004847
v 0.004058 0.341530 -0.004128
v 0.004237 0.341536 -0.003358
v 0.004262 0.341543 -0.002569
v 0.004132 0.341549 -0.001789
v 0.003853 0.341556 -0.001050
v 0.003435 0.341562 -0.000380
v 0.002894 0.341567 0.000196
v 0.002252 0.341572 0.000655
v 0.001532 0.341576 0.000980
v 0.000762 0.341578 0.001159
v -0.000027 0.341579 0.001184
v -0.000807 0.341579 0.001054
v -0.001545 0.341578 0.000775
v -0.002216 0.341575 0.000357
v -0.002792 0.341571 -0.000184
v -0.003251 0.341566 -0.000826
v -0.003576 0.341561 -0.001546
v -0.003755 0.341555 -0.002316
v -0.003780 0.341548 -0.003105
v -0.003650 0.341542 -0.003884
v -0.003371 0.341535 -0.004623
v -0.002953 0.341529 -0.005294
v -0.002412 0.341524 -0.005870
v -0.001770 0.341519 -0.006329
v -0.001050 0.341515 -0.006654
v -0.000280 0.341513 -0.006832
v 0.000509 0.341512 -0.006857
v 0.001441 0.342625 -0.007298
v 0.002287 0.342627 -0.006979
v 0.003054 0.342630 -0.006500
v 0.003712 0.342634 -0.005882
v 0.004238 0.342639 -0.005147
v 0.004610 0.342646 -0.004323
v 0.004814 0.342653 -0.003442
v 0.004843 0.342660 -0.002539
v 0.004695 0.342668 -0.001647
v 0.004375 0.342675 -0.000802
v 0.003897 0.342682 -0.000035
v 0.003278 0.342688 0.000624
v 0.002543 0.342694 0.001149
v 0.001719 0.342698 0.001521
v 0.000839 0.342701 0.001726
v -0.000065 0.342702 0.001754
v -0.000956 0.342702 0.001606
v -0.001802 0.342700 0.001286
v -0.002569 0.342697 0.000808
v -0.003228 0.342693 0.000190
v -0.003753 0.342687 -0.000546
v -0.004125 0.342681 -0.001369
v -0.004329 0.342674 -0.002250
v -0.004358 0.342666 -0.003153
v -0.004210 0.342659 -0.004045
v -0.003890 0.342651 -0.004890
v -0.003412 0.342645 -0.005657
v -0.002793 0.342638 -0.006316
v -0.002058 0.342633 -0.006842
v -0.001234 0.342629 -0.007214
v -0.000354 0.342626 -0.007418
v 0.000549 0.342625 -0.007446
v 0.001499 0.343812 -0.007519
v 0.002385 0.343814 -0.007185
v 0.003189 0.343817 -0.006684
v 0.003879 0.343822 -0.006036
v 0.004429 0.343828 -0.005266
v 0.004819 0.343834 -0.004403
v 0.005033 0.343842 -0.003481
v 0.005063 0.343849 -0.002534
v 0.004908 0.343857 -0.001600
v 0.004573 0.343865 -0.000715
v 0.004072 0.343872 0.000089
v 0.003424 0.343879 0.000779
v 0.002654 0.343884 0.001329
v 0.001791 0.343889 0.001719
v 0.000869 0.343891 0.001933
v -0.000078 0.343893 0.001963
v -0.001012 0.343893 0.001808
v -0.001897 0.343891 0.001473
v -0.002701 0.343888 0.000972
v -0.003391 0.343883 0.000324
v -0.003942 0.343878 -0.000446
v -0.004331 0.343871 -0.001309
v -0.004545 0.343864 -0.002231
v -0.004575 0.343856 -0.003178
v -0.004420 0.343848 -0.004112
v -0.004085 0.343840 -0.004997
v -0.003584 0.343833 -0.005801
v -0.002936 0.343826 -0.006491
v -0.002166 0.343821 -0.007041
v -0.001303 0.343817 -0.007431
v -0.000381 0.343814 -0.007645
v 0.000565 0.343812 -0.007675
v 0.001431 0.345279 -0.007272
v 0.002268 0.345280 -0.006956
v 0.003026 0.345283 -0.006483
v 0.003678 0.345288 -0.005871
v 0.004198 0.345293 -0.005144
v 0.004566 0.345299 -0.004329
v 0.004768 0.345306 -0.003458
v 0.004796 0.345314 -0.002564
v 0.004650 0.345321 -0.001682
v 0.004334 0.345328 -0.000846
v 0.003861 0.345335 -0.000087
v 0.003249 0.345341 0.000564
v 0.002521 0.345347 0.001084
v 0.001707 0.345351 0.001452
v 0.000836 0.345353 0.001654
v -0.000058 0.345355 0.001682
v -0.000940 0.345354 0.001536
v -0.001776 0.345353 0.001220
v -0.002535 0.345350 0.000747
v -0.003187 0.345346 0.000135
v -0.003707 0.345340 -0.000593
v -0.004075 0.345334 -0.001407
v -0.004277 0.345327 -0.002278
v -0.004305 0.345320 -0.003172
v -0.004158 0.345312 -0.004054
v -0.003842 0.345305 -0.004890
v -0.003369 0.345298 -0.005649
v -0.002757 0.345292 -0.006301
v -0.002030 0.345287 -0.006820
v -0.001215 0.345283 -0.007188
v -0.000344 0.345280 -0.007390
v 0.000549 0.345279 -0.007419
v 0.001178 0.346563 -0.006335
v 0.001834 0.346564 -0.006087
v 0.002430 0.346567 -0.005716
v 0.002941 0.346570 -0.005235
v 0.003349 0.346574 -0.004665
v 0.003638 0.346579 -0.004025
v 0.003797 0.346585 -0.003342
v 0.003819 0.346591 -0.002640
v 0.003704 0.346596 -0.001948
v 0.003456 0.346602 -0.001292
v 0.003084 0.346608 -0.000696
v 0.002604 0.346612 -0.000185
v 0.002033 0.346616 0.000223
v 0.001394 0.346620 0.000512
v 0.000710 0.346622 0.000671
v 0.000009 0.346623 0.000693
v -0.000683 0.346623 0.000578
v -0.001340 0.346621 0.000330
v -0.001935 0.346619 -0.000042
v -0.002447 0.346616 -0.000522
v -0.002855 0.346611 -0.001093
v -0.003144 0.346607 -0.001732
v -0.003302 0.346601 -0.002416
v -0.003324 0.346595 -0.003117
v -0.003209 0.346589 -0.003809
v -0.002961 0.346584 -0.004466
v -0.002590 0.346578 -0.005061
v -0.002110 0.346574 -0.005573
v -0.001539 0.346569 -0.005981
v -0.000899 0.346566 -0.006269
v -0.000216 0.346564 -0.006428
v 0.000486 0.346563 -0.006450
v 0.000878 0.347379 -0.005223
v 0.001322 0.347380 -0.005056
v 0.001725 0.347381 -0.004805
v 0.002071 0.347384 -0.004480
v 0.002347 0.347386 -0.004093
v 0.002542 0.347390 -0.003661
v 0.002649 0.347394 -0.003198
v 0.002664 0.347397 -0.002724
v 0.002586 0.347401 -0.002256
v 0.002419 0.347405 -0.001812
v 0.002167 0.347409 -0.001409
v 0.001843 0.347412 -0.001063
v 0.001456 0.347415 -0.000787
v 0.001024 0.347417 -0.000592
v 0.000561 0.347419 -0.000484
v 0.000087 0.347419 -0.000469
v -0.000381 0.347419 -0.000547
v -0.000825 0.347418 -0.000715
v -0.001228 0.347417 -0.000966
v -0.001574 0.347414 -0.001291
v -0.001850 0.347412 -0.001677
v -0.002046 0.347408 -0.002110
v -0.002153 0.347405 -0.002572
v -0.002168 0.347401 -0.003047
v -0.002090 0.347397 -0.003515
v -0.001922 0.347393 -0.003959
v -0.001671 0.347389 -0.004362
v -0.001346 0.347386 -0.004708
v -0.000960 0.347383 -0.004984
v -0.000527 0.347381 -0.005179
v -0.000065 0.347380 -0.005286
v 0.000409 0.347379 -0.005301
v -0.001254 0.347478 -0.004572
v -0.001483 0.347544 -0.004094
v -0.001640 0.347585 -0.003570
v -0.001718 0.347601 -0.003018
v -0.001714 0.347594 -0.002461
v -0.001628 0.347562 -0.001920
v -0.001464 0.347504 -0.001415
v -0.000755 0.347547 -0.004715
v -0.000938 0.347652 -0.004180
v -0.001067 0.347715 -0.003594
v -0.001138 0.347739 -0.002981
v -0.001149 0.347725 -0.002363
v -0.001099 0.347672 -0.001764
v -0.000990 0.347576 -0.001208
v -0.000203 0.347591 -0.004787
v -0.000319 0.347719 -0.004214
v -0.000408 0.347794 -0.003589
v -0.000468 0.347822 -0.002937
v -0.000496 0.347805 -0.002282
v -0.000490 0.347740 -0.001649
v -0.000451 0.347622 -0.001064
v 0.000375 0.347605 -0.004785
v 0.000336 0.347741 -0.004196
v 0.000293 0.347820 -0.003555
v 0.000249 0.347850 -0.002889
v 0.000204 0.347831 -0.002222
v 0.000161 0.347763 -0.001581
v 0.000122 0.347637 -0.000989
v 0.000948 0.347590 -0.004710
v 0.000987 0.347718 -0.004127
v 0.000993 0.347793 -0.003496
v 0.000965 0.347822 -0.002841
v 0.000906 0.347804 -0.002188
v 0.000816 0.347739 -0.001562
v 0.000700 0.347621 -0.000987
v 0.001486 0.347545 -0.004566
v 0.001596 0.347651 -0.004011
v 0.001646 0.347713 -0.003413
v 0.001635 0.347737 -0.002796
v 0.001564 0.347724 -0.002182
v 0.001435 0.347671 -0.001595
v 0.001252 0.347575 -0.001058
v 0.001961 0.347475 -0.004357
v 0.002125 0.347541 -0.003853
v 0.002211 0.347582 -0.003313
v 0.002215 0.347599 -0.002756
v 0.002137 0.347591 -0.002204
v 0.001980 0.347559 -0.001679
v 0.001750 0.347502 -0.001200
v 0.013926 0.315535 -0.000097
v 0.013883 0.315542 0.000715
v 0.013799 0.315555 0.002320
v 0.014250 0.315484 -0.006234
v 0.014196 0.315492 -0.005213
v 0.014158 0.315498 -0.004502
v 0.014116 0.315505 -0.003690
v 0.014069 0.315513 -0.002809
v 0.014021 0.315520 -0.001893
v 0.013973 0.315528 -0.000977
v 0.013942 0.328516 -0.000204
v 0.013899 0.328523 0.000607
v 0.013815 0.328537 0.002212
v 0.014266 0.328465 -0.006342
v 0.014212 0.328474 -0.005321
v 0.014174 0.328480 -0.004609
v 0.014131 0.328487 -0.003797
v 0.014085 0.328494 -0.002917
v 0.014037 0.328501 -0.002001
v 0.013988 0.328509 -0.001085
v -0.013203 0.314865 -0.002404
v -0.013155 0.314858 -0.003320
v -0.013107 0.314850 -0.004236
v -0.013060 0.314843 -0.005117
v -0.013018 0.314836 -0.005929
v -0.012980 0.314830 -0.006640
v -0.012926 0.314822 -0.007661
v -0.013377 0.314893 0.000893
v -0.013330 0.314886 -0.000001
v -0.013292 0.314880 -0.000712
v -0.013250 0.314873 -0.001524
v -0.013187 0.327944 -0.002513
v -0.013139 0.327937 -0.003429
v -0.013091 0.327929 -0.004345
v -0.013044 0.327922 -0.005225
v -0.013002 0.327915 -0.006037
v -0.012964 0.327909 -0.006748
v -0.012910 0.327901 -0.007769
v -0.013361 0.327972 0.000785
v -0.013314 0.327964 -0.000109
v -0.013277 0.327959 -0.000820
v -0.013234 0.327952 -0.001632
v 0.013541 0.315521 -0.005248
v 0.013366 0.315548 -0.001928
v 0.013382 0.328361 -0.002034
v 0.013333 0.328369 -0.001118
v 0.013144 0.315584 0.002285
v 0.013228 0.315570 0.000680
v 0.013414 0.315541 -0.002844
v 0.013461 0.315533 -0.003725
v 0.013503 0.315527 -0.004536
v 0.013476 0.328346 -0.003831
v 0.013519 0.328340 -0.004642
v 0.013287 0.328376 -0.000238
v 0.013318 0.315556 -0.001012
v 0.013244 0.328383 0.000574
v 0.013557 0.328334 -0.005354
v 0.013610 0.328325 -0.006375
v 0.013430 0.328354 -0.002950
v 0.013159 0.328396 0.002179
v 0.013595 0.315512 -0.006269
v 0.013271 0.315563 -0.000132
v 0.009785 0.315703 -0.002118
v 0.009800 0.327595 -0.002217
v 0.009563 0.315739 0.002095
v 0.009833 0.315696 -0.003034
v 0.009923 0.315682 -0.004726
v 0.009937 0.327573 -0.004825
v 0.009737 0.315711 -0.001202
v 0.010028 0.327559 -0.006557
v 0.010014 0.315667 -0.006459
v 0.009690 0.315718 -0.000322
v 0.009960 0.315676 -0.005438
v 0.009751 0.327603 -0.001301
v 0.009648 0.315725 0.000490
v 0.009880 0.315688 -0.003915
v 0.009894 0.327580 -0.004013
v 0.009705 0.327610 -0.000420
v 0.009662 0.327617 0.000392
v 0.009975 0.327567 -0.005536
v 0.009848 0.327588 -0.003133
v 0.009577 0.327630 0.001997
v -0.008978 0.315590 -0.006435
v -0.009059 0.315603 -0.004912
v -0.009105 0.315610 -0.004032
v -0.009291 0.315640 -0.000507
v -0.009328 0.315646 0.000204
v -0.009044 0.327532 -0.005011
v -0.009001 0.327525 -0.005823
v -0.009276 0.327569 -0.000606
v -0.009234 0.327562 -0.001418
v -0.008925 0.315582 -0.007457
v -0.009139 0.327547 -0.003215
v -0.009187 0.327555 -0.002299
v -0.008964 0.327519 -0.006534
v -0.009248 0.315633 -0.001319
v -0.009091 0.327539 -0.004130
v -0.009016 0.315596 -0.005724
v -0.009314 0.327575 0.000105
v -0.009361 0.327582 0.000999
v -0.009202 0.315626 -0.002200
v -0.009153 0.315618 -0.003116
v -0.009376 0.315653 0.001097
v -0.008910 0.327511 -0.007555
v -0.012468 0.314927 -0.006614
v -0.012595 0.314947 -0.004210
v -0.012818 0.314983 0.000026
v -0.012490 0.327865 -0.006009
v -0.012722 0.327902 -0.001605
v -0.012627 0.327887 -0.003401
v -0.012452 0.327859 -0.006721
v -0.012579 0.327879 -0.004317
v -0.012802 0.327915 -0.000082
v -0.012691 0.314963 -0.002378
v -0.012548 0.314940 -0.005091
v -0.012780 0.314977 -0.000686
v -0.012532 0.327872 -0.005198
v -0.012765 0.327909 -0.000793
v -0.012414 0.314919 -0.007635
v -0.012675 0.327895 -0.002485
v -0.012738 0.314970 -0.001498
v -0.012505 0.314933 -0.005902
v -0.012849 0.327922 0.000812
v -0.012643 0.314955 -0.003294
v -0.012865 0.314990 0.000919
v -0.012398 0.327851 -0.007742
v 0.004070 0.323334 0.001742
v 0.005911 0.323332 0.001839
v 0.000448 0.323651 -0.007030
v -0.001629 0.323653 -0.007139
v -0.007489 0.326088 0.001110
v -0.004077 0.323340 0.001313
v 0.002074 0.323335 0.001637
v 0.002525 0.323650 -0.006920
v 0.004522 0.323648 -0.006815
v -0.006883 0.325883 -0.007435
v -0.000003 0.323337 0.001527
v 0.007590 0.325681 -0.006670
v -0.003626 0.323654 -0.007245
v -0.002080 0.323338 0.001418
v 0.008062 0.325934 0.001931
v 0.014174 0.327983 -0.004605
v 0.014211 0.327977 -0.005316
v 0.014131 0.327990 -0.003793
v 0.014084 0.327997 -0.002913
v 0.014036 0.328005 -0.001997
v 0.014265 0.327968 -0.006338
v 0.013899 0.328026 0.000612
v 0.013941 0.328020 -0.000200
v 0.013988 0.328012 -0.001081
v 0.013814 0.328040 0.002216
v -0.013002 0.327414 -0.006033
v -0.013045 0.327421 -0.005221
v -0.012965 0.327408 -0.006744
v -0.013362 0.327471 0.000789
v -0.013315 0.327464 -0.000105
v -0.012911 0.327400 -0.007765
v -0.013277 0.327458 -0.000816
v -0.013140 0.327436 -0.003424
v -0.013188 0.327444 -0.002509
v -0.013091 0.327428 -0.004340
v -0.013234 0.327451 -0.001628
v 0.013159 0.327906 0.002183
v 0.013610 0.327835 -0.006371
v 0.011013 0.327305 -0.006503
v 0.009969 0.327255 0.002020
v -0.009512 0.327106 -0.007584
v -0.009961 0.327177 0.000970
v -0.012399 0.327356 -0.007738
v -0.012850 0.327427 0.000816
v 0.004067 0.320090 0.001769
v 0.000443 0.319283 -0.006994
v -0.007499 0.317771 0.001179
v 0.002070 0.320091 0.001664
v 0.002520 0.319281 -0.006884
v 0.004517 0.319280 -0.006779
v -0.006893 0.317655 -0.007367
v -0.000007 0.320093 0.001554
v 0.007580 0.317815 -0.006605
v -0.003631 0.319286 -0.007208
v -0.002084 0.320095 0.001445
v 0.008052 0.317879 0.001997
v 0.014160 0.316784 -0.004512
v 0.014117 0.316791 -0.003701
v 0.014071 0.316798 -0.002820
v 0.014023 0.316806 -0.001904
v 0.014251 0.316770 -0.006245
v 0.013885 0.316828 0.000704
v 0.013974 0.316813 -0.000988
v 0.013800 0.316841 0.002309
v -0.013016 0.316131 -0.005939
v -0.012978 0.316125 -0.006651
v -0.013375 0.316188 0.000882
v -0.013328 0.316181 -0.000011
v -0.012925 0.316117 -0.007672
v -0.013291 0.316175 -0.000723
v -0.013153 0.316153 -0.003331
v -0.013105 0.316146 -0.004247
v -0.013248 0.316168 -0.001534
v 0.013596 0.316781 -0.006279
v 0.011000 0.316827 -0.006417
v -0.009974 0.316738 0.001057
v -0.012863 0.316271 0.000908
v 0.005907 0.320088 0.001866
v -0.001634 0.319285 -0.007103
v -0.004081 0.320096 0.001339
v 0.014197 0.316778 -0.005224
v 0.013928 0.316821 -0.000107
v -0.013059 0.316138 -0.005128
v -0.013202 0.316161 -0.002415
v 0.013145 0.316853 0.002275
v 0.009956 0.316909 0.002106
v -0.009524 0.316666 -0.007497
v -0.012413 0.316200 -0.007646
v 0.002484 0.332382 0.003451
v 0.004978 0.332380 0.003505
v 0.011389 0.331708 -0.004611
v 0.011336 0.331699 -0.005724
v 0.003082 0.331685 -0.008605
v 0.000558 0.331687 -0.008764
v -0.010470 0.331783 0.001208
v -0.010345 0.331792 0.002356
v 0.005506 0.331684 -0.008404
v 0.011394 0.331718 -0.003407
v -0.009720 0.331696 -0.009104
v -0.009975 0.331707 -0.007839
v -0.010570 0.331775 0.000229
v -0.000106 0.332384 0.003339
v -0.010584 0.331745 -0.003338
v -0.010628 0.331756 -0.002088
v 0.011349 0.331728 -0.002157
v 0.011117 0.331680 -0.007992
v -0.010492 0.331735 -0.004585
v -0.010624 0.331766 -0.000884
v -0.004401 0.331691 -0.008936
v 0.010947 0.331758 0.001384
v 0.011121 0.331749 0.000285
v 0.011257 0.331739 -0.000910
v -0.002692 0.332386 0.003173
v 0.010689 0.331774 0.003327
v 0.011235 0.331691 -0.006703
v -0.010356 0.331725 -0.005780
v -0.001969 0.331689 -0.008876
v 0.007280 0.332377 0.003499
v -0.005176 0.332387 0.002959
v -0.010182 0.331715 -0.006879
v 0.023540 0.215284 -0.022896
v 0.018972 0.215255 -0.027066
v -0.028385 0.215409 -0.015384
v -0.030489 0.215460 -0.009569
v 0.028560 0.215565 0.011798
v 0.030664 0.215514 0.005982
v -0.004430 0.215234 -0.033017
v -0.010435 0.215254 -0.031536
v 0.016211 0.215692 0.025325
v 0.021192 0.215656 0.021659
v -0.013504 0.215739 0.026678
v -0.007688 0.215750 0.028783
v -0.025186 0.215362 -0.020678
v 0.027207 0.215321 -0.017916
v 0.010610 0.215721 0.027949
v 0.001748 0.215224 -0.033298
v -0.021017 0.215319 -0.025245
v -0.018797 0.215719 0.023480
v 0.004605 0.215740 0.029431
v 0.029831 0.215364 -0.012315
v 0.007863 0.215224 -0.032369
v -0.023365 0.215690 0.019310
v 0.013679 0.215235 -0.030265
v 0.031312 0.215412 -0.006311
v -0.016036 0.215282 -0.028912
v -0.027032 0.215654 0.014329
v -0.001573 0.215750 0.029712
v -0.031419 0.215512 -0.003454
v -0.031137 0.215563 0.002724
v 0.031594 0.215462 -0.000132
v -0.029656 0.215610 0.008729
v 0.025361 0.215613 0.017091
v 0.025273 0.204293 0.026119
v 0.030217 0.204242 0.020703
v -0.036008 0.204061 -0.010909
v -0.037110 0.204123 -0.003659
v 0.034010 0.204186 0.014426
v -0.036776 0.204183 0.003667
v 0.036505 0.204126 0.007530
v -0.035020 0.204240 0.010787
v 0.037607 0.204064 0.000280
v -0.031908 0.204291 0.017427
v 0.037274 0.204004 -0.007046
v -0.027560 0.204334 0.023333
v 0.035517 0.203947 -0.014166
v -0.022144 0.204369 0.028278
v 0.032405 0.203896 -0.020807
v -0.015867 0.204393 0.032070
v 0.002218 0.203782 -0.039047
v -0.005108 0.203793 -0.038713
v 0.028058 0.203852 -0.026713
v -0.008971 0.204405 0.034566
v -0.012229 0.203817 -0.036957
v 0.022641 0.203818 -0.031657
v -0.001721 0.204405 0.035668
v -0.018869 0.203851 -0.033845
v 0.016364 0.203794 -0.035450
v 0.005606 0.204393 0.035334
v -0.024776 0.203894 -0.029498
v 0.009468 0.203782 -0.037945
v 0.012726 0.204370 0.033578
v -0.029720 0.203945 -0.024082
v 0.019367 0.204336 0.030466
v -0.033513 0.204001 -0.017805
v 0.012583 -0.000425 -0.049481
v 0.021995 -0.000408 -0.046076
v 0.030562 -0.000376 -0.040899
v 0.037954 -0.000329 -0.034151
v 0.043887 -0.000269 -0.026091
v 0.048134 -0.000200 -0.017028
v 0.050532 -0.000122 -0.007310
v 0.050987 -0.000040 0.002688
v 0.049483 0.000044 0.012583
v 0.046077 0.000126 0.021995
v 0.040901 0.000203 0.030561
v 0.034153 0.000273 0.037953
v 0.026092 0.000332 0.043886
v 0.017029 0.000378 0.048133
v 0.007311 0.000409 0.050530
v -0.002688 0.000425 0.050985
v -0.012583 0.000425 0.049481
v -0.021995 0.000408 0.046076
v -0.030562 0.000376 0.040899
v -0.037954 0.000329 0.034151
v -0.043887 0.000269 0.026091
v -0.048134 0.000200 0.017028
v -0.050532 0.000122 0.007310
v -0.050987 0.000040 -0.002688
v -0.049483 -0.000044 -0.012583
v -0.046077 -0.000126 -0.021995
v -0.040901 -0.000203 -0.030561
v -0.034153 -0.000273 -0.037953
v -0.026092 -0.000332 -0.043886
v -0.017029 -0.000378 -0.048133
v -0.007311 -0.000409 -0.050530
v 0.002688 -0.000425 -0.050985
v 0.062569 0.006575 0.029810
v 0.062570 0.006801 0.029808
v 0.062260 0.006687 0.029662
v 0.067194 0.006689 0.017030
v 0.067193 0.006463 0.017032
v 0.066862 0.006576 0.016946
v -0.068602 0.006569 0.009873
v -0.068601 0.006795 0.009871
v -0.068262 0.006682 0.009823
v -0.065346 0.006901 0.023065
v -0.065347 0.006675 0.023067
v -0.065024 0.006786 0.022951
v 0.069236 0.006575 0.003595
v 0.069236 0.006350 0.003597
v 0.068893 0.006463 0.003578
v -0.059580 0.006995 0.035370
v -0.059580 0.006770 0.035372
v -0.059286 0.006881 0.035196
v 0.068618 0.006464 -0.009981
v 0.068617 0.006238 -0.009979
v 0.068278 0.006352 -0.009931
v -0.051524 0.007076 0.046314
v -0.051524 0.006850 0.046316
v -0.051269 0.006961 0.046086
v 0.065363 0.006358 -0.023175
v 0.065362 0.006133 -0.023173
v 0.065039 0.006247 -0.023059
v -0.041487 0.007140 0.055476
v -0.041487 0.006914 0.055478
v -0.041282 0.007024 0.055203
v 0.059596 0.006264 -0.035480
v 0.059596 0.006038 -0.035478
v 0.059301 0.006153 -0.035304
v -0.029855 0.007184 0.062504
v -0.029856 0.006958 0.062506
v -0.029708 0.007068 0.062196
v 0.003657 0.005826 -0.069278
v 0.003657 0.006052 -0.069280
v 0.003639 0.005942 -0.068937
v -0.009919 0.006074 -0.068662
v -0.009919 0.005848 -0.068660
v -0.009870 0.005963 -0.068322
v 0.051540 0.006183 -0.046424
v 0.051539 0.005957 -0.046422
v 0.051285 0.006072 -0.046194
v -0.017076 0.007207 0.067128
v -0.017077 0.006981 0.067130
v -0.016992 0.007091 0.066797
v -0.023113 0.006117 -0.065407
v -0.023113 0.005891 -0.065406
v -0.022999 0.006006 -0.065083
v 0.041503 0.006119 -0.055586
v 0.041503 0.005893 -0.055584
v 0.041298 0.006009 -0.055311
v -0.003641 0.007207 0.069171
v -0.003641 0.006981 0.069172
v -0.003623 0.007091 0.068829
v -0.035419 0.006179 -0.059641
v -0.035419 0.005954 -0.059639
v -0.035244 0.006069 -0.059346
v 0.029872 0.006075 -0.062614
v 0.029871 0.005849 -0.062612
v 0.029724 0.005965 -0.062304
v 0.009935 0.007185 0.068552
v 0.009935 0.006960 0.068554
v 0.009886 0.007070 0.068214
v -0.046363 0.006259 -0.051585
v -0.046363 0.006034 -0.051583
v -0.046134 0.006148 -0.051330
v 0.017093 0.006052 -0.067238
v 0.017092 0.005827 -0.067236
v 0.017008 0.005942 -0.066905
v 0.023129 0.007142 0.065298
v 0.023129 0.006917 0.065300
v 0.023015 0.007027 0.064976
v -0.055525 0.006354 -0.041549
v -0.055526 0.006128 -0.041547
v -0.055251 0.006242 -0.041343
v 0.035435 0.007080 0.059532
v 0.035435 0.006854 0.059533
v 0.035260 0.006965 0.059238
v -0.062554 0.006458 -0.029918
v -0.062554 0.006233 -0.029916
v -0.062245 0.006346 -0.029769
v 0.046379 0.007000 0.051475
v 0.046379 0.006774 0.051477
v 0.046150 0.006885 0.051222
v -0.067178 0.006570 -0.017140
v -0.067178 0.006344 -0.017138
v -0.066846 0.006457 -0.017054
v 0.055542 0.006905 0.041439
v 0.055541 0.006680 0.041441
v 0.055267 0.006791 0.041235
v -0.069220 0.006684 -0.003704
v -0.069220 0.006458 -0.003703
v -0.068878 0.006570 -0.003685
v 0.032163 0.000251 0.035096
v 0.036865 0.000162 0.024950
v 0.040017 0.000066 0.013838
v 0.041497 -0.000032 0.002188
v 0.041250 -0.000129 -0.009554
v 0.039284 -0.000221 -0.020936
v 0.035675 -0.000304 -0.031520
v 0.021703 0.000290 0.038257
v 0.025389 0.000192 0.026902
v 0.027943 0.000086 0.014505
v 0.029268 -0.000023 0.001543
v 0.029313 -0.000131 -0.011487
v 0.028076 -0.000234 -0.024083
v 0.025605 -0.000327 -0.035763
v 0.010075 0.000318 0.039930
v 0.012353 0.000215 0.027789
v 0.014059 0.000104 0.014576
v 0.015126 -0.000012 0.000797
v 0.015513 -0.000127 -0.013017
v 0.015206 -0.000237 -0.026336
v 0.014217 -0.000337 -0.038649
v -0.002112 0.000334 0.040059
v -0.001454 0.000230 0.027593
v -0.000741 0.000117 0.014067
v 0.000000 0.000000 0.000000
v 0.000741 -0.000117 -0.014067
v 0.001454 -0.000230 -0.027593
v 0.002112 -0.000334 -0.040059
v -0.014217 0.000337 0.038649
v -0.015206 0.000237 0.026336
v -0.015513 0.000127 0.013017
v -0.015126 0.000012 -0.000797
v -0.014059 -0.000104 -0.014576
v -0.012353 -0.000215 -0.027789
v -0.010075 -0.000318 -0.039930
v -0.025605 0.000327 0.035763
v -0.028076 0.000234 0.024083
v -0.029313 0.000131 0.011487
v -0.029268 0.000023 -0.001543
v -0.027943 -0.000086 -0.014505
v -0.025389 -0.000192 -0.026902
v -0.021703 -0.000290 -0.038257
v -0.035675 0.000304 0.031520
v -0.039284 0.000221 0.020936
v -0.041250 0.000129 0.009554
v -0.041497 0.000032 -0.002188
v -0.040017 -0.000066 -0.013838
v -0.036865 -0.000162 -0.024950
v -0.032163 -0.000251 -0.035096
v 0.003719 0.003650 -0.070485
v 0.003489 -0.000552 -0.066198
v 0.003714 -0.000588 -0.070450
v -0.009493 -0.000532 -0.065607
v -0.010097 0.003672 -0.069856
v -0.010102 -0.000566 -0.069821
v -0.022110 -0.000490 -0.062495
v -0.023525 0.003715 -0.066544
v -0.023530 -0.000522 -0.066509
v -0.033878 -0.000430 -0.056981
v -0.036049 0.003779 -0.060676
v -0.036054 -0.000458 -0.060641
v -0.044344 -0.000354 -0.049277
v -0.047187 0.003861 -0.052477
v -0.047192 -0.000377 -0.052442
v -0.053105 -0.000264 -0.039680
v -0.056511 0.003957 -0.042263
v -0.056516 -0.000281 -0.042228
v -0.059826 -0.000164 -0.028557
v -0.063664 0.004063 -0.030427
v -0.063669 -0.000174 -0.030392
v -0.064248 -0.000057 -0.016338
v -0.068369 0.004177 -0.017422
v -0.068375 -0.000061 -0.017387
v -0.066201 0.000052 -0.003490
v -0.070448 0.004292 -0.003749
v -0.070453 0.000055 -0.003714
v -0.065609 0.000158 0.009492
v -0.069818 0.004406 0.010066
v -0.069823 0.000169 0.010101
v -0.062497 0.000259 0.022109
v -0.066506 0.004513 0.023494
v -0.066511 0.000276 0.023529
v -0.056982 0.000350 0.033876
v -0.060637 0.004610 0.036017
v -0.060642 0.000372 0.036052
v -0.049278 0.000427 0.044342
v -0.052438 0.004692 0.047155
v -0.052443 0.000455 0.047190
v -0.039680 0.000488 0.053103
v -0.042224 0.004757 0.056479
v -0.042229 0.000519 0.056514
v -0.028558 0.000530 0.059824
v -0.030387 0.004801 0.063631
v -0.030392 0.000564 0.063666
v -0.016337 0.000552 0.064246
v -0.017382 0.004825 0.068337
v -0.017387 0.000587 0.068372
v -0.003489 0.000552 0.066198
v -0.003708 0.004825 0.070415
v -0.003714 0.000588 0.070450
v 0.009493 0.000532 0.065607
v 0.010108 0.004803 0.069786
v 0.010102 0.000566 0.069821
v 0.022110 0.000490 0.062495
v 0.023535 0.004759 0.066474
v 0.023530 0.000522 0.066509
v 0.033878 0.000430 0.056981
v 0.036059 0.004696 0.060606
v 0.036054 0.000458 0.060641
v 0.044344 0.000354 0.049277
v 0.047197 0.004614 0.052407
v 0.047192 0.000377 0.052442
v 0.053105 0.000264 0.039680
v 0.056521 0.004518 0.042193
v 0.056516 0.000281 0.042228
v 0.059826 0.000164 0.028557
v 0.063674 0.004411 0.030357
v 0.063669 0.000174 0.030392
v 0.064248 0.000057 0.016338
v 0.068380 0.004298 0.017352
v 0.068375 0.000061 0.017387
v 0.066201 -0.000052 0.003490
v 0.070458 0.004182 0.003679
v 0.070453 -0.000055 0.003714
v 0.065609 -0.000158 -0.009492
v 0.069829 0.004069 -0.010136
v 0.069823 -0.000169 -0.010101
v 0.062497 -0.000259 -0.022109
v 0.066516 0.003962 -0.023564
v 0.066511 -0.000276 -0.023529
v 0.056982 -0.000350 -0.033876
v 0.060648 0.003865 -0.036087
v 0.060642 -0.000372 -0.036052
v 0.049278 -0.000427 -0.044342
v 0.052449 0.003783 -0.047225
v 0.052443 -0.000455 -0.047190
v 0.039680 -0.000488 -0.053103
v 0.042234 0.003718 -0.056549
v 0.042229 -0.000519 -0.056514
v 0.028558 -0.000530 -0.059824
v 0.030397 0.003673 -0.063701
v 0.030392 -0.000564 -0.063666
v 0.016337 -0.000552 -0.064246
v 0.017392 0.003650 -0.068407
v 0.017387 -0.000587 -0.068372
vn -0.0012 -1.0000 0.0083
vn 0.3021 -0.9495 0.0850
vn 0.3113 -0.9500 0.0243
vn 0.4316 -0.9016 0.0303
vn 0.4188 -0.9009 0.1142
vn -0.2961 -0.9485 0.1122
vn -0.2701 -0.9481 0.1678
vn -0.3735 -0.8989 0.2289
vn -0.4096 -0.8995 0.1520
vn 0.7974 0.5700 0.1979
vn 0.8216 0.5687 0.0386
vn 0.3136 0.9495 0.0086
vn 0.3044 0.9500 0.0693
vn -0.7743 0.5726 0.2695
vn -0.7059 0.5737 0.4154
vn -0.2678 0.9514 0.1520
vn -0.2938 0.9510 0.0965
vn 0.8143 0.5674 -0.1224
vn 0.3108 0.9490 -0.0527
vn -0.6104 0.5746 0.5452
vn -0.2314 0.9518 0.2014
vn 0.7757 0.5661 -0.2789
vn 0.2961 0.9485 -0.1122
vn -0.4914 0.5754 0.6538
vn -0.1861 0.9521 0.2428
vn 0.7073 0.5650 -0.4248
vn 0.2701 0.9481 -0.1678
vn -0.3534 0.5759 0.7372
vn -0.1336 0.9523 0.2745
vn -0.0460 -0.9523 -0.3018
vn -0.1055 -0.9521 -0.2871
vn -0.1456 -0.9044 -0.4010
vn -0.0631 -0.9047 -0.4213
vn 0.6118 0.5640 -0.5546
vn 0.2338 0.9477 -0.2172
vn -0.2019 0.5762 0.7920
vn -0.0760 0.9524 0.2954
vn -0.1170 0.5627 -0.8183
vn -0.2735 0.5633 -0.7797
vn -0.1032 0.9474 -0.3028
vn -0.0436 0.9472 -0.3175
vn 0.4928 0.5633 -0.6632
vn 0.1885 0.9474 -0.2585
vn -0.0426 0.5762 0.8162
vn -0.0153 0.9524 0.3046
vn -0.4194 0.5640 -0.7113
vn -0.1588 0.9477 -0.2768
vn 0.3548 0.5628 -0.7466
vn 0.1360 0.9472 -0.2902
vn 0.1184 0.5759 0.8089
vn 0.0460 0.9523 0.3018
vn -0.5492 0.5649 -0.6158
vn -0.2082 0.9481 -0.2405
vn 0.2033 0.5625 -0.8014
vn 0.0783 0.9471 -0.3111
vn 0.2749 0.5754 0.7703
vn 0.1055 0.9521 0.2871
vn -0.6579 0.5661 -0.4968
vn -0.2495 0.9485 -0.1952
vn 0.0440 0.5625 -0.8256
vn 0.0176 0.9471 -0.3203
vn 0.4208 0.5747 0.7019
vn 0.1611 0.9518 0.2611
vn -0.7412 0.5673 -0.3589
vn -0.2812 0.9490 -0.1427
vn 0.5506 0.5737 0.6064
vn 0.2105 0.9514 0.2247
vn -0.7960 0.5686 -0.2073
vn -0.3021 0.9495 -0.0850
vn 0.6592 0.5726 0.4874
vn 0.2518 0.9510 0.1794
vn -0.8203 0.5700 -0.0480
vn -0.3113 0.9500 -0.0243
vn 0.7426 0.5714 0.3494
vn 0.2835 0.9505 0.1269
vn -0.8129 0.5713 0.1130
vn -0.3085 0.9505 0.0369
vn 0.4277 -0.9023 -0.0546
vn 0.4074 -0.9029 -0.1370
vn 0.5125 -0.8407 -0.1747
vn 0.5381 -0.8399 -0.0711
vn -0.3232 -0.8984 0.2973
vn -0.2604 -0.8980 0.3545
vn -0.3271 -0.8346 0.4433
vn -0.4059 -0.8351 0.3713
vn 0.3713 -0.9035 -0.2140
vn 0.4672 -0.8415 -0.2714
vn -0.1877 -0.8978 0.3985
vn -0.2357 -0.8342 0.4985
vn 0.0217 -0.9048 -0.4252
vn -0.0790 -0.8430 -0.5322
vn 0.0277 -0.8431 -0.5370
vn 0.3210 -0.9040 -0.2824
vn 0.4039 -0.8421 -0.3574
vn -0.1079 -0.8976 0.4274
vn -0.1353 -0.8341 0.5348
vn -0.1827 -0.8426 -0.5066
vn 0.2583 -0.9044 -0.3396
vn 0.3250 -0.8426 -0.4294
vn -0.0239 -0.8976 0.4401
vn -0.0297 -0.8340 0.5509
vn -0.2225 -0.9040 -0.3650
vn -0.2794 -0.8421 -0.4613
vn 0.1856 -0.9047 -0.3835
vn 0.2336 -0.8429 -0.4846
vn 0.0609 -0.8978 0.4363
vn 0.0770 -0.8342 0.5460
vn -0.2909 -0.9035 -0.3146
vn -0.3654 -0.8415 -0.3980
vn 0.1057 -0.9048 -0.4124
vn 0.1332 -0.8431 -0.5210
vn 0.1434 -0.8980 0.4159
vn 0.1807 -0.8346 0.5205
vn -0.3482 -0.9030 -0.2519
vn -0.4374 -0.8408 -0.3191
vn 0.2203 -0.8984 0.3799
vn 0.2774 -0.8350 0.4752
vn -0.3921 -0.9023 -0.1792
vn -0.4926 -0.8399 -0.2277
vn 0.2887 -0.8989 0.3295
vn 0.3633 -0.8357 0.4119
vn -0.4210 -0.9016 -0.0993
vn -0.5289 -0.8391 -0.1273
vn 0.3460 -0.8995 0.2668
vn 0.4353 -0.8364 0.3330
vn -0.4338 -0.9009 -0.0153
vn -0.5450 -0.8382 -0.0217
vn 0.3899 -0.9002 0.1941
vn 0.4906 -0.8372 0.2416
vn -0.4299 -0.9002 0.0695
vn -0.5401 -0.8373 0.0849
vn 0.5269 -0.8381 0.1412
vn -0.5146 -0.8365 0.1886
vn 0.5429 -0.8390 0.0356
vn -0.4692 -0.8357 0.2853
vn -0.2901 -0.5028 -0.8143
vn -0.1249 -0.5033 -0.8550
vn 0.5190 -0.5027 -0.6913
vn 0.6447 -0.5019 -0.5766
vn -0.0463 -0.4891 0.8710
vn -0.2145 -0.4891 0.8454
vn -0.4442 -0.5020 -0.7421
vn 0.3734 -0.5033 -0.7793
vn 0.1237 -0.4894 0.8633
vn -0.5813 -0.5010 -0.6412
vn 0.2133 -0.5036 -0.8372
vn 0.2889 -0.4899 0.8225
vn -0.6960 -0.4998 -0.5155
vn 0.0451 -0.5036 -0.8628
vn 0.4430 -0.4907 0.7503
vn -0.7840 -0.4985 -0.3699
vn 0.5801 -0.4917 0.6494
vn -0.8419 -0.4971 -0.2098
vn 0.6948 -0.4929 0.5237
vn -0.8675 -0.4957 -0.0416
vn 0.7828 -0.4942 0.3781
vn -0.8598 -0.4943 0.1284
vn 0.8407 -0.4956 0.2181
vn -0.8190 -0.4930 0.2936
vn 0.8663 -0.4970 0.0498
vn -0.7468 -0.4918 0.4477
vn 0.8586 -0.4984 -0.1202
vn -0.6459 -0.4908 0.5848
vn 0.8178 -0.4997 -0.2854
vn -0.5202 -0.4900 0.6995
vn 0.7456 -0.5009 -0.4395
vn -0.3746 -0.4894 0.7875
vn -0.7895 0.1637 -0.5915
vn -0.6592 0.1623 -0.7342
vn 0.0521 0.1594 -0.9858
vn 0.2432 0.1594 -0.9568
vn 0.5040 0.1740 0.8460
vn 0.3290 0.1749 0.9280
vn -0.8895 0.1651 -0.4261
vn 0.6597 0.1728 0.7314
vn -0.9552 0.1667 -0.2443
vn 0.7899 0.1715 0.5887
vn -0.9843 0.1683 -0.0533
vn 0.8899 0.1700 0.4233
vn -0.9755 0.1699 0.1398
vn 0.9557 0.1684 0.2416
vn -0.9292 0.1714 0.3274
vn 0.9847 0.1668 0.0505
vn -0.8472 0.1728 0.5024
vn 0.9759 0.1652 -0.1425
vn -0.7326 0.1739 0.6580
vn 0.9296 0.1637 -0.3302
vn -0.5899 0.1748 0.7883
vn 0.8476 0.1624 -0.5052
vn -0.4245 0.1755 0.8883
vn -0.1410 0.1597 -0.9771
vn 0.7330 0.1612 -0.6608
vn -0.2428 0.1758 0.9540
vn -0.3286 0.1603 -0.9308
vn 0.5903 0.1603 -0.7911
vn -0.0517 0.1758 0.9831
vn -0.5036 0.1612 -0.8488
vn 0.4249 0.1597 -0.8910
vn 0.1414 0.1755 0.9743
vn -0.6593 0.7508 -0.0410
vn -0.6398 0.7497 -0.1691
vn 0.5976 0.7519 0.2786
vn 0.5305 0.7529 0.3895
vn -0.6534 0.7518 0.0884
vn 0.6417 0.7508 0.1567
vn -0.6224 0.7528 0.2143
vn 0.6611 0.7497 0.0286
vn -0.5674 0.7537 0.3316
vn 0.6552 0.7487 -0.1009
vn -0.4905 0.7545 0.4360
vn 0.6242 0.7477 -0.2267
vn -0.3948 0.7551 0.5234
vn 0.5692 0.7468 -0.3441
vn -0.2839 0.7555 0.5904
vn -0.0938 0.7449 -0.6605
vn 0.0357 0.7447 -0.6664
vn 0.4924 0.7460 -0.4484
vn -0.1620 0.7557 0.6345
vn -0.2196 0.7454 -0.6295
vn 0.3966 0.7454 -0.5358
vn -0.0339 0.7558 0.6540
vn -0.3369 0.7459 -0.5745
vn 0.2857 0.7450 -0.6028
vn 0.0956 0.7555 0.6481
vn -0.4413 0.7467 -0.4976
vn 0.1638 0.7447 -0.6469
vn 0.2214 0.7551 0.6170
vn -0.5287 0.7476 -0.4019
vn 0.3388 0.7545 0.5621
vn -0.5957 0.7486 -0.2910
vn 0.4431 0.7538 0.4852
vn -0.1850 0.9774 0.1026
vn -0.2030 0.9771 0.0642
vn 0.2156 0.9757 -0.0391
vn 0.2175 0.9760 0.0033
vn -0.1598 0.9776 0.1368
vn 0.2054 0.9754 -0.0803
vn -0.1285 0.9778 0.1655
vn 0.1874 0.9751 -0.1188
vn -0.0921 0.9780 0.1874
vn -0.0298 0.9745 -0.2225
vn 0.0126 0.9744 -0.2244
vn 0.1622 0.9748 -0.1530
vn -0.0522 0.9780 0.2019
vn -0.0711 0.9746 -0.2123
vn 0.1309 0.9746 -0.1816
vn -0.0102 0.9780 0.2082
vn -0.1095 0.9748 -0.1943
vn 0.0945 0.9745 -0.2036
vn 0.0322 0.9780 0.2063
vn -0.1437 0.9751 -0.1691
vn 0.0546 0.9744 -0.2180
vn 0.0734 0.9778 0.1961
vn -0.1724 0.9754 -0.1377
vn 0.1119 0.9776 0.1781
vn -0.1943 0.9757 -0.1014
vn 0.1461 0.9774 0.1529
vn -0.2088 0.9760 -0.0615
vn 0.1747 0.9771 0.1216
vn -0.2151 0.9764 -0.0195
vn 0.1967 0.9768 0.0852
vn -0.2132 0.9767 0.0229
vn 0.2111 0.9764 0.0453
vn -0.4137 0.2836 0.8651
vn -0.5750 0.2830 0.7677
vn -0.1373 0.2682 -0.9535
vn 0.0509 0.2679 -0.9621
vn 0.7148 0.2697 -0.6452
vn 0.8265 0.2709 -0.4935
vn -0.2365 0.2839 0.9292
vn -0.3202 0.2688 -0.9084
vn 0.5757 0.2689 -0.7722
vn -0.0503 0.2839 0.9575
vn -0.4909 0.2697 -0.8284
vn 0.4144 0.2682 -0.8697
vn 0.1380 0.2836 0.9490
vn -0.6426 0.2708 -0.7168
vn 0.2372 0.2679 -0.9338
vn 0.3209 0.2830 0.9038
vn -0.7696 0.2721 -0.5776
vn 0.4915 0.2822 0.8239
vn -0.8671 0.2736 -0.4163
vn 0.6433 0.2811 0.7122
vn -0.9312 0.2751 -0.2392
vn 0.7703 0.2798 0.5730
vn -0.9595 0.2767 -0.0529
vn 0.8678 0.2783 0.4118
vn -0.9509 0.2782 0.1353
vn 0.9319 0.2768 0.2346
vn -0.9058 0.2797 0.3183
vn 0.9602 0.2752 0.0483
vn -0.8259 0.2810 0.4889
vn 0.9516 0.2736 -0.1399
vn -0.7141 0.2821 0.6406
vn 0.9065 0.2722 -0.3228
vn 0.1029 -0.6837 0.7225
vn -0.0390 -0.6834 0.7290
vn -0.4853 -0.6933 -0.5327
vn -0.3710 -0.6942 -0.6168
vn 0.1777 -0.6955 -0.6962
vn 0.3112 -0.6953 -0.6479
vn 0.2407 -0.6841 0.6885
vn -0.5810 -0.6924 -0.4278
vn 0.0373 -0.6955 -0.7176
vn 0.3693 -0.6848 0.6283
vn -0.6545 -0.6913 -0.3063
vn 0.4836 -0.6856 0.5441
vn -0.7028 -0.6901 -0.1728
vn 0.5794 -0.6866 0.4392
vn -0.7241 -0.6889 -0.0324
vn 0.6528 -0.6877 0.3177
vn -0.7177 -0.6877 0.1094
vn 0.7011 -0.6888 0.1842
vn -0.6837 -0.6866 0.2473
vn 0.7224 -0.6900 0.0438
vn -0.6234 -0.6857 0.3758
vn 0.7160 -0.6912 -0.0980
vn -0.5392 -0.6848 0.4902
vn 0.6820 -0.6923 -0.2358
vn -0.4344 -0.6841 0.5859
vn 0.6217 -0.6933 -0.3644
vn -0.3129 -0.6837 0.6593
vn -0.1046 -0.6953 -0.7111
vn 0.5376 -0.6941 -0.4788
vn -0.1793 -0.6834 0.7076
vn -0.2424 -0.6948 -0.6771
vn 0.4327 -0.6948 -0.5745
vn 0.6068 -0.4142 0.6784
vn 0.4635 -0.4132 0.7839
vn -0.8804 -0.4199 -0.2203
vn -0.8199 -0.4213 -0.3877
vn 0.7268 -0.4155 0.5469
vn -0.9072 -0.4184 -0.0443
vn 0.8189 -0.4168 0.3946
vn -0.8991 -0.4169 0.1335
vn 0.8794 -0.4183 0.2272
vn -0.8565 -0.4155 0.3063
vn 0.9062 -0.4198 0.0513
vn -0.7809 -0.4143 0.4674
vn 0.8981 -0.4212 -0.1265
vn -0.6754 -0.4132 0.6108
vn 0.8554 -0.4226 -0.2993
vn -0.5440 -0.4124 0.7308
vn 0.7799 -0.4239 -0.4605
vn -0.3916 -0.4118 0.8228
vn -0.1305 -0.4264 -0.8951
vn 0.0473 -0.4266 -0.9032
vn 0.6744 -0.4249 -0.6038
vn -0.2243 -0.4115 0.8834
vn -0.3033 -0.4258 -0.8525
vn 0.5430 -0.4258 -0.7238
vn -0.0483 -0.4115 0.9101
vn -0.4645 -0.4250 -0.7769
vn 0.3906 -0.4263 -0.8159
vn 0.1295 -0.4118 0.9020
vn -0.6078 -0.4239 -0.6714
vn 0.2232 -0.4266 -0.8764
vn 0.3023 -0.4124 0.8594
vn -0.7278 -0.4227 -0.5400
vn 0.9655 -0.0843 0.2463
vn 0.8991 -0.0827 0.4299
vn -0.9394 -0.0813 0.3330
vn -0.9862 -0.0828 0.1434
vn 0.9949 -0.0859 0.0532
vn -0.8565 -0.0799 0.5099
vn 0.9860 -0.0875 -0.1420
vn -0.7407 -0.0787 0.6672
vn 0.9392 -0.0890 -0.3316
vn -0.5965 -0.0778 0.7988
vn 0.8563 -0.0904 -0.5084
vn -0.4293 -0.0772 0.8998
vn -0.1428 -0.0931 -0.9854
vn 0.0523 -0.0934 -0.9942
vn 0.7405 -0.0916 -0.6657
vn -0.2457 -0.0769 0.9663
vn -0.3324 -0.0925 -0.9386
vn 0.5963 -0.0925 -0.7974
vn -0.0525 -0.0768 0.9957
vn -0.5093 -0.0916 -0.8557
vn 0.4291 -0.0931 -0.8984
vn 0.1426 -0.0772 0.9868
vn -0.6666 -0.0905 -0.7399
vn 0.2454 -0.0934 -0.9649
vn 0.3322 -0.0778 0.9400
vn -0.7983 -0.0891 -0.5957
vn 0.5091 -0.0787 0.8571
vn -0.8993 -0.0876 -0.4285
vn 0.6664 -0.0798 0.7413
vn -0.9657 -0.0860 -0.2448
vn 0.7981 -0.0812 0.5971
vn -0.9951 -0.0844 -0.0517
vn 0.8964 0.3071 -0.3196
vn 0.9410 0.3086 -0.1387
vn -0.5685 0.3179 0.7588
vn -0.7061 0.3170 0.6332
vn 0.8174 0.3058 -0.4883
vn -0.4091 0.3185 0.8551
vn -0.1357 0.3032 -0.9432
vn 0.0504 0.3029 -0.9517
vn 0.7069 0.3047 -0.6383
vn -0.2339 0.3188 0.9185
vn -0.3166 0.3038 -0.8986
vn 0.5693 0.3039 -0.7639
vn -0.0497 0.3188 0.9465
vn -0.4853 0.3047 -0.8195
vn 0.4098 0.3033 -0.8603
vn 0.1365 0.3185 0.9381
vn -0.6354 0.3058 -0.7091
vn 0.2346 0.3029 -0.9237
vn 0.3174 0.3179 0.8934
vn -0.7610 0.3071 -0.5715
vn 0.4861 0.3170 0.8144
vn -0.8574 0.3085 -0.4120
vn 0.6361 0.3159 0.7039
vn -0.9208 0.3100 -0.2368
vn 0.7618 0.3146 0.5663
vn -0.9488 0.3116 -0.0526
vn 0.8581 0.3132 0.4069
vn -0.9403 0.3131 0.1335
vn 0.9215 0.3117 0.2317
vn -0.8957 0.3146 0.3144
vn 0.9495 0.3101 0.0475
vn -0.8166 0.3159 0.4831
vn -0.2567 0.6298 -0.7331
vn -0.1098 0.6293 -0.7693
vn 0.4629 0.6299 -0.6237
vn 0.5747 0.6306 -0.5217
vn -0.0399 0.6420 0.7657
vn -0.1895 0.6420 0.7429
vn -0.3938 0.6305 -0.6689
vn 0.3334 0.6294 -0.7020
vn 0.1113 0.6417 0.7588
vn -0.5157 0.6314 -0.5791
vn 0.1910 0.6291 -0.7535
vn 0.2583 0.6412 0.7226
vn -0.6177 0.6325 -0.4674
vn 0.0414 0.6291 -0.7762
vn 0.3953 0.6406 0.6583
vn -0.6960 0.6336 -0.3378
vn 0.5172 0.6397 0.5686
vn -0.7475 0.6349 -0.1955
vn 0.6192 0.6386 0.4569
vn -0.7702 0.6361 -0.0459
vn 0.6975 0.6374 0.3273
vn -0.7633 0.6374 0.1053
vn 0.7490 0.6362 0.1850
vn -0.7271 0.6386 0.2522
vn 0.7718 0.6349 0.0354
vn -0.6629 0.6396 0.3893
vn 0.7649 0.6337 -0.1158
vn -0.5731 0.6405 0.5111
vn 0.7286 0.6325 -0.2627
vn -0.4613 0.6412 0.6132
vn 0.6644 0.6315 -0.3998
vn -0.3318 0.6417 0.6915
vn -0.5579 0.7138 -0.4234
vn -0.4657 0.7128 -0.5244
vn 0.0376 0.7107 -0.7025
vn 0.1728 0.7107 -0.6819
vn 0.3573 0.7211 0.5936
vn 0.2335 0.7217 0.6516
vn -0.6286 0.7148 -0.3064
vn 0.4675 0.7203 0.5126
vn -0.6751 0.7159 -0.1778
vn 0.5596 0.7193 0.4116
vn -0.6957 0.7171 -0.0427
vn 0.6304 0.7182 0.2945
vn -0.6895 0.7182 0.0939
vn 0.6769 0.7171 0.1660
vn -0.6567 0.7193 0.2267
vn 0.6974 0.7160 0.0308
vn -0.5987 0.7202 0.3505
vn 0.6912 0.7149 -0.1058
vn -0.5176 0.7210 0.4606
vn 0.6585 0.7138 -0.2386
vn -0.4166 0.7217 0.5528
vn 0.6004 0.7128 -0.3624
vn -0.2996 0.7221 0.6235
vn -0.0990 0.7109 -0.6963
vn 0.5194 0.7120 -0.4725
vn -0.1710 0.7223 0.6701
vn -0.2318 0.7114 -0.6635
vn 0.4184 0.7114 -0.5647
vn -0.0358 0.7223 0.6906
vn -0.3556 0.7120 -0.6055
vn 0.3014 0.7110 -0.6354
vn 0.1008 0.7221 0.6844
vn -0.7852 0.6175 -0.0465
vn -0.7620 0.6162 -0.1991
vn 0.7110 0.6188 0.3339
vn 0.6312 0.6200 0.4660
vn -0.7782 0.6187 0.1076
vn 0.7635 0.6175 0.1889
vn -0.7412 0.6199 0.2574
vn 0.7867 0.6162 0.0363
vn -0.6758 0.6210 0.3971
vn 0.7797 0.6150 -0.1178
vn -0.5843 0.6219 0.5213
vn 0.7427 0.6138 -0.2676
vn -0.4704 0.6227 0.6254
vn 0.6773 0.6127 -0.4073
vn -0.3383 0.6232 0.7052
vn -0.1120 0.6105 -0.7840
vn 0.0422 0.6103 -0.7910
vn 0.5858 0.6118 -0.5316
vn -0.1932 0.6234 0.7576
vn -0.2618 0.6110 -0.7471
vn 0.4719 0.6111 -0.6356
vn -0.0407 0.6234 0.7808
vn -0.4015 0.6117 -0.6816
vn 0.3398 0.6106 -0.7154
vn 0.1135 0.6232 0.7738
vn -0.5257 0.6127 -0.5901
vn 0.1947 0.6103 -0.7679
vn 0.2633 0.6227 0.7369
vn -0.6297 0.6137 -0.4762
vn 0.4030 0.6220 0.6714
vn -0.7095 0.6149 -0.3442
vn 0.5272 0.6211 0.5799
vn -0.8351 0.2406 0.4947
vn -0.9159 0.2393 0.3222
vn 0.9621 0.2332 -0.1411
vn 0.9708 0.2347 0.0492
vn -0.7222 0.2417 0.6481
vn 0.9165 0.2317 -0.3261
vn -0.5814 0.2426 0.7766
vn 0.8357 0.2304 -0.4986
vn -0.4184 0.2433 0.8751
vn -0.1389 0.2277 -0.9638
vn 0.0514 0.2274 -0.9724
vn 0.7227 0.2292 -0.6520
vn -0.2392 0.2436 0.9399
vn -0.3239 0.2283 -0.9181
vn 0.5820 0.2283 -0.7805
vn -0.0509 0.2436 0.9685
vn -0.4964 0.2292 -0.8373
vn 0.4190 0.2277 -0.8790
vn 0.1395 0.2433 0.9599
vn -0.6498 0.2303 -0.7244
vn 0.2398 0.2274 -0.9438
vn 0.3244 0.2427 0.9143
vn -0.7783 0.2316 -0.5837
vn 0.4969 0.2418 0.8334
vn -0.8768 0.2331 -0.4206
vn 0.6504 0.2407 0.7205
vn -0.9416 0.2346 -0.2415
vn 0.7788 0.2394 0.5798
vn -0.9702 0.2362 -0.0531
vn 0.8774 0.2379 0.4167
vn -0.9616 0.2378 0.1372
vn 0.9422 0.2363 0.2376
vn -0.4236 -0.1773 0.8883
vn -0.5884 -0.1779 0.7887
vn -0.1409 -0.1930 -0.9710
vn 0.0515 -0.1934 -0.9798
vn 0.7303 -0.1915 -0.6558
vn 0.8445 -0.1904 -0.5006
vn -0.2424 -0.1770 0.9539
vn -0.3280 -0.1924 -0.9249
vn 0.5880 -0.1924 -0.7857
vn -0.0520 -0.1770 0.9828
vn -0.5024 -0.1916 -0.8431
vn 0.4231 -0.1930 -0.8853
vn 0.1405 -0.1773 0.9741
vn -0.6576 -0.1904 -0.7289
vn 0.2420 -0.1933 -0.9508
vn 0.3275 -0.1779 0.9279
vn -0.7874 -0.1891 -0.5867
vn 0.5020 -0.1788 0.8462
vn -0.8871 -0.1876 -0.4218
vn 0.6571 -0.1799 0.7320
vn -0.9526 -0.1860 -0.2407
vn 0.7870 -0.1813 0.5897
vn -0.9816 -0.1844 -0.0502
vn 0.8866 -0.1827 0.4249
vn -0.9728 -0.1828 0.1422
vn 0.9522 -0.1843 0.2437
vn -0.9267 -0.1813 0.3293
vn 0.9811 -0.1859 0.0533
vn -0.8449 -0.1800 0.5037
vn 0.9724 -0.1875 -0.1392
vn -0.7307 -0.1788 0.6588
vn 0.9262 -0.1890 -0.3262
vn 0.1287 -0.4233 0.8968
vn -0.0480 -0.4230 0.9049
vn -0.6043 -0.4353 -0.6673
vn -0.4618 -0.4364 -0.7722
vn 0.2219 -0.4380 -0.8711
vn 0.3883 -0.4377 -0.8109
vn 0.3005 -0.4238 0.8544
vn -0.7236 -0.4341 -0.5367
vn 0.0470 -0.4380 -0.8977
vn 0.4607 -0.4247 0.7794
vn -0.8151 -0.4327 -0.3852
vn 0.6032 -0.4257 0.6745
vn -0.8753 -0.4313 -0.2189
vn 0.7225 -0.4269 0.5438
vn -0.9018 -0.4298 -0.0440
vn 0.8140 -0.4283 0.3924
vn -0.8938 -0.4284 0.1328
vn 0.8742 -0.4297 0.2260
vn -0.8514 -0.4270 0.3046
vn 0.9008 -0.4312 0.0511
vn -0.7763 -0.4258 0.4648
vn 0.8927 -0.4327 -0.1257
vn -0.6714 -0.4247 0.6073
vn 0.8504 -0.4340 -0.2974
vn -0.5408 -0.4239 0.7266
vn 0.7753 -0.4353 -0.4577
vn -0.3893 -0.4233 0.8181
vn -0.1298 -0.4378 -0.8897
vn 0.6704 -0.4363 -0.6001
vn -0.2230 -0.4230 0.8783
vn -0.3016 -0.4372 -0.8473
vn 0.5397 -0.4372 -0.7194
vn 0.5111 -0.6397 0.5741
vn 0.3903 -0.6388 0.6631
vn -0.7424 -0.6444 -0.1833
vn -0.6914 -0.6456 -0.3243
vn 0.6122 -0.6407 0.4634
vn -0.7649 -0.6431 -0.0350
vn 0.6898 -0.6419 0.3350
vn -0.7581 -0.6419 0.1149
vn 0.7408 -0.6431 0.1939
vn -0.7222 -0.6408 0.2605
vn 0.7634 -0.6443 0.0456
vn -0.6585 -0.6397 0.3964
vn 0.7565 -0.6456 -0.1042
vn -0.5696 -0.6388 0.5172
vn 0.7206 -0.6467 -0.2499
vn -0.4588 -0.6381 0.6183
vn 0.6570 -0.6478 -0.3857
vn -0.3304 -0.6376 0.6959
vn -0.1104 -0.6499 -0.7520
vn 0.0395 -0.6501 -0.7588
vn 0.5680 -0.6487 -0.5065
vn -0.1894 -0.6374 0.7469
vn -0.2560 -0.6494 -0.7161
vn 0.4573 -0.6494 -0.6076
vn -0.0411 -0.6374 0.7695
vn -0.3918 -0.6487 -0.6524
vn 0.3289 -0.6499 -0.6852
vn 0.1088 -0.6376 0.7626
vn -0.5126 -0.6478 -0.5635
vn 0.1878 -0.6501 -0.7363
vn 0.2544 -0.6381 0.7267
vn -0.6138 -0.6468 -0.4527
vn 0.8116 -0.5448 0.2111
vn 0.7557 -0.5435 0.3655
vn -0.7908 -0.5422 0.2840
vn -0.8301 -0.5435 0.1245
vn 0.8363 -0.5462 0.0486
vn -0.7211 -0.5411 0.4328
vn 0.8288 -0.5475 -0.1155
vn -0.6237 -0.5401 0.5651
vn 0.7894 -0.5488 -0.2750
vn -0.5023 -0.5393 0.6759
vn 0.7197 -0.5499 -0.4238
vn -0.3617 -0.5388 0.7608
vn -0.1207 -0.5522 -0.8249
vn 0.0434 -0.5525 -0.8324
vn 0.6223 -0.5509 -0.5561
vn -0.2072 -0.5385 0.8167
vn -0.2802 -0.5517 -0.7856
vn 0.5010 -0.5517 -0.6668
vn -0.0448 -0.5385 0.8414
vn -0.4290 -0.5510 -0.7158
vn 0.3604 -0.5522 -0.7518
vn 0.1193 -0.5388 0.8339
vn -0.5613 -0.5500 -0.6185
vn 0.2059 -0.5525 -0.8077
vn 0.2789 -0.5393 0.7946
vn -0.6720 -0.5489 -0.4971
vn 0.4276 -0.5401 0.7249
vn -0.7570 -0.5476 -0.3565
vn 0.5599 -0.5410 0.6275
vn -0.8129 -0.5462 -0.2020
vn 0.6707 -0.5422 0.5062
vn -0.8376 -0.5449 -0.0396
vn 0.9334 0.1380 -0.3313
vn 0.9799 0.1395 -0.1429
vn -0.5923 0.1491 0.7918
vn -0.7357 0.1482 0.6609
vn 0.8510 0.1366 -0.5070
vn -0.4263 0.1497 0.8921
vn -0.1416 0.1339 -0.9808
vn 0.0523 0.1336 -0.9897
vn 0.7360 0.1354 -0.6633
vn -0.2438 0.1501 0.9582
vn -0.3300 0.1345 -0.9344
vn 0.5927 0.1345 -0.7941
vn -0.0519 0.1501 0.9873
vn -0.5057 0.1354 -0.8520
vn 0.4266 0.1339 -0.8945
vn 0.1419 0.1498 0.9785
vn -0.6620 0.1365 -0.7370
vn 0.2441 0.1336 -0.9605
vn 0.3303 0.1491 0.9320
vn -0.7928 0.1379 -0.5937
vn 0.5060 0.1483 0.8497
vn -0.8932 0.1394 -0.4276
vn 0.6623 0.1471 0.7346
vn -0.9592 0.1410 -0.2451
vn 0.7931 0.1458 0.5913
vn -0.9883 0.1426 -0.0533
vn 0.8935 0.1443 0.4252
vn -0.9795 0.1442 0.1406
vn 0.9595 0.1427 0.2428
vn -0.9330 0.1457 0.3290
vn 0.9887 0.1411 0.0509
vn -0.8507 0.1470 0.5047
vn 0.3829 0.7653 -0.5175
vn 0.4752 0.7658 -0.4332
vn -0.0326 0.7753 0.6308
vn -0.1563 0.7753 0.6120
vn -0.3251 0.7658 -0.5548
vn -0.2119 0.7652 -0.6079
vn 0.2758 0.7648 -0.5822
vn 0.0923 0.7751 0.6251
vn -0.4259 0.7665 -0.4807
vn 0.1582 0.7646 -0.6247
vn 0.2137 0.7747 0.5951
vn -0.5102 0.7674 -0.3883
vn 0.0345 0.7646 -0.6435
vn 0.3270 0.7741 0.5421
vn -0.5749 0.7684 -0.2812
vn 0.4277 0.7734 0.4679
vn -0.6175 0.7694 -0.1636
vn 0.5121 0.7725 0.3755
vn -0.6362 0.7704 -0.0400
vn 0.5768 0.7715 0.2685
vn -0.6306 0.7715 0.0850
vn 0.6193 0.7705 0.1509
vn -0.6006 0.7724 0.2064
vn 0.6381 0.7695 0.0272
vn -0.5475 0.7733 0.3197
vn 0.6324 0.7684 -0.0977
vn -0.4734 0.7741 0.4204
vn 0.6025 0.7675 -0.2192
vn -0.3810 0.7746 0.5047
vn 0.5494 0.7666 -0.3324
vn -0.2739 0.7751 0.5694
vn -0.0904 0.7648 -0.6378
vn 0.0252 0.8850 -0.4648
vn 0.1140 0.8850 -0.4513
vn 0.2352 0.8918 0.3864
vn 0.1539 0.8922 0.4245
vn -0.4124 0.8877 -0.2047
vn -0.3659 0.8870 -0.2816
vn 0.3075 0.8913 0.3332
vn -0.4429 0.8885 -0.1203
vn 0.3681 0.8907 0.2669
vn -0.4564 0.8892 -0.0315
vn 0.4145 0.8900 0.1900
vn -0.4523 0.8900 0.0582
vn 0.4451 0.8892 0.1055
vn -0.4308 0.8906 0.1454
vn 0.4586 0.8885 0.0168
vn -0.3927 0.8913 0.2267
vn 0.4545 0.8878 -0.0730
vn -0.3395 0.8918 0.2991
vn 0.4330 0.8871 -0.1601
vn -0.2731 0.8922 0.3596
vn 0.3949 0.8864 -0.2415
vn -0.1963 0.8925 0.4061
vn -0.0645 0.8852 -0.4607
vn 0.3416 0.8859 -0.3138
vn -0.1118 0.8927 0.4366
vn -0.1517 0.8855 -0.4392
vn 0.2753 0.8855 -0.3743
vn -0.0230 0.8927 0.4501
vn -0.2330 0.8859 -0.4011
vn 0.1984 0.8852 -0.4208
vn 0.0667 0.8925 0.4460
vn -0.3054 0.8864 -0.3479
vn 0.6226 0.7265 0.2908
vn 0.5528 0.7275 0.4064
vn -0.6809 0.7265 0.0926
vn -0.6871 0.7253 -0.0423
vn 0.6686 0.7254 0.1638
vn -0.6486 0.7275 0.2238
vn 0.6889 0.7243 0.0303
vn -0.5913 0.7284 0.3460
vn 0.6827 0.7232 -0.1046
vn -0.5112 0.7292 0.4548
vn 0.6504 0.7221 -0.2358
vn -0.4115 0.7299 0.5459
vn 0.5931 0.7212 -0.3580
vn -0.2959 0.7303 0.6157
vn -0.0978 0.7193 -0.6878
vn 0.0371 0.7191 -0.6939
vn 0.5130 0.7204 -0.4668
vn -0.1689 0.7305 0.6617
vn -0.2289 0.7197 -0.6555
vn 0.4133 0.7197 -0.5579
vn -0.0354 0.7305 0.6819
vn -0.3512 0.7203 -0.5982
vn 0.2977 0.7193 -0.6277
vn 0.0995 0.7303 0.6758
vn -0.4599 0.7211 -0.5181
vn 0.1707 0.7191 -0.6737
vn 0.2307 0.7299 0.6435
vn -0.5510 0.7221 -0.4184
vn 0.3529 0.7293 0.5862
vn -0.6208 0.7231 -0.3028
vn 0.4617 0.7285 0.5061
vn -0.6668 0.7242 -0.1758
vn 0.8717 0.4724 -0.1300
vn 0.8796 0.4738 0.0424
vn -0.6537 0.4802 0.5848
vn -0.7560 0.4792 0.4459
vn 0.8304 0.4711 -0.2975
vn -0.5263 0.4810 0.7012
vn 0.7572 0.4699 -0.4537
vn -0.3786 0.4816 0.7904
vn -0.1255 0.4675 -0.8751
vn 0.0469 0.4672 -0.8829
vn 0.6549 0.4689 -0.5927
vn -0.2164 0.4819 0.8491
vn -0.2930 0.4680 -0.8337
vn 0.5275 0.4680 -0.7090
vn -0.0458 0.4819 0.8751
vn -0.4492 0.4688 -0.7605
vn 0.3798 0.4675 -0.7983
vn 0.1266 0.4816 0.8672
vn -0.5882 0.4698 -0.6582
vn 0.2175 0.4672 -0.8570
vn 0.2942 0.4810 0.8259
vn -0.7046 0.4710 -0.5308
vn 0.4504 0.4802 0.7527
vn -0.7938 0.4724 -0.3831
vn 0.5894 0.4792 0.6504
vn -0.8525 0.4738 -0.2209
vn 0.7057 0.4780 0.5229
vn -0.8784 0.4752 -0.0503
vn 0.7949 0.4767 0.3753
vn -0.8706 0.4766 0.1221
vn 0.8537 0.4753 0.2130
vn -0.8293 0.4780 0.2896
vn -0.1330 0.3559 -0.9250
vn 0.0495 0.3556 -0.9333
vn 0.6930 0.3574 -0.6262
vn 0.8012 0.3585 -0.4791
vn -0.2292 0.3711 0.8999
vn -0.4009 0.3708 0.8377
vn -0.3103 0.3565 -0.8813
vn 0.5581 0.3565 -0.7493
vn -0.0486 0.3711 0.9273
vn -0.4757 0.3573 -0.8038
vn 0.4018 0.3559 -0.8437
vn 0.1338 0.3708 0.9190
vn -0.6227 0.3584 -0.6955
vn 0.2300 0.3556 -0.9059
vn 0.3112 0.3703 0.8753
vn -0.7459 0.3597 -0.5606
vn 0.4765 0.3694 0.7978
vn -0.8403 0.3611 -0.4043
vn 0.6236 0.3683 0.6895
vn -0.9025 0.3626 -0.2326
vn 0.7468 0.3671 0.5546
vn -0.9299 0.3641 -0.0521
vn 0.8412 0.3657 0.3983
vn -0.9216 0.3656 0.1304
vn 0.9033 0.3642 0.2266
vn -0.8779 0.3670 0.3077
vn 0.9308 0.3626 0.0460
vn -0.8004 0.3683 0.4731
vn 0.9225 0.3611 -0.1364
vn -0.6921 0.3694 0.6201
vn 0.8787 0.3597 -0.3137
vn -0.5572 0.3702 0.7433
vn 0.8540 0.3268 0.4048
vn 0.7581 0.3283 0.5635
vn -0.6323 0.3195 -0.7058
vn -0.4830 0.3184 -0.8157
vn -0.9357 0.3268 0.1327
vn -0.9442 0.3253 -0.0525
vn 0.9171 0.3253 0.2304
vn -0.7573 0.3207 -0.5688
vn -0.8913 0.3282 0.3128
vn 0.9450 0.3238 0.0471
vn -0.8532 0.3222 -0.4101
vn -0.8126 0.3295 0.4807
vn 0.9365 0.3223 -0.1381
vn -0.7027 0.3306 0.6300
vn 0.8921 0.3208 -0.3181
vn -0.5658 0.3315 0.7550
vn 0.8134 0.3195 -0.4860
vn -0.4071 0.3321 0.8509
vn 0.7035 0.3184 -0.6354
vn -0.2327 0.3324 0.9140
vn 0.5666 0.3176 -0.7604
vn -0.0494 0.3324 0.9418
vn 0.4079 0.3169 -0.8563
vn 0.1358 0.3321 0.9334
vn 0.2335 0.3166 -0.9194
vn 0.3159 0.3315 0.8890
vn 0.0502 0.3166 -0.9472
vn 0.4838 0.3307 0.8103
vn -0.1350 0.3169 -0.9388
vn 0.6331 0.3296 0.7004
vn -0.3151 0.3175 -0.8944
vn -0.9163 0.3237 -0.2358
vn 0.9618 0.2346 -0.1411
vn 0.9705 0.2362 0.0492
vn -0.7219 0.2432 0.6479
vn -0.8348 0.2421 0.4945
vn 0.9162 0.2331 -0.3260
vn -0.5812 0.2441 0.7763
vn 0.8354 0.2318 -0.4984
vn -0.4182 0.2447 0.8748
vn -0.1388 0.2291 -0.9634
vn 0.0514 0.2288 -0.9721
vn 0.7225 0.2307 -0.6518
vn -0.2391 0.2450 0.9396
vn -0.3237 0.2297 -0.9178
vn 0.5818 0.2298 -0.7802
vn -0.0508 0.2450 0.9682
vn -0.4962 0.2306 -0.8370
vn 0.4188 0.2292 -0.8787
vn 0.1394 0.2447 0.9595
vn -0.6496 0.2317 -0.7241
vn 0.2397 0.2288 -0.9435
vn 0.3243 0.2441 0.9139
vn -0.7780 0.2331 -0.5835
vn 0.4968 0.2432 0.8331
vn -0.8765 0.2345 -0.4205
vn 0.6501 0.2421 0.7202
vn -0.9413 0.2361 -0.2414
vn 0.7786 0.2408 0.5795
vn -0.9699 0.2377 -0.0531
vn 0.8770 0.2393 0.4165
vn -0.9612 0.2393 0.1371
vn 0.9418 0.2378 0.2375
vn -0.9156 0.2407 0.3220
vn 0.7381 0.1137 -0.6650
vn 0.8535 0.1149 -0.5083
vn -0.2445 0.1284 0.9611
vn -0.4275 0.1281 0.8949
vn -0.3310 0.1128 -0.9369
vn -0.1420 0.1122 -0.9835
vn 0.5944 0.1128 -0.7962
vn -0.0521 0.1284 0.9904
vn -0.5072 0.1137 -0.8543
vn 0.4278 0.1122 -0.8969
vn 0.1423 0.1281 0.9815
vn -0.6639 0.1148 -0.7389
vn 0.2448 0.1119 -0.9631
vn 0.3313 0.1275 0.9349
vn -0.7951 0.1162 -0.5952
vn 0.0524 0.1118 -0.9923
vn 0.5075 0.1266 0.8523
vn -0.8958 0.1177 -0.4287
vn 0.6642 0.1254 0.7370
vn -0.9620 0.1193 -0.2457
vn 0.7954 0.1241 0.5932
vn -0.9912 0.1209 -0.0533
vn 0.8961 0.1226 0.4267
vn -0.9824 0.1225 0.1411
vn 0.9623 0.1210 0.2437
vn -0.9358 0.1240 0.3301
vn 0.9915 0.1193 0.0513
vn -0.8532 0.1254 0.5063
vn 0.9827 0.1177 -0.1431
vn -0.7378 0.1265 0.6630
vn 0.9361 0.1162 -0.3321
vn -0.5941 0.1274 0.7942
vn 0.2460 0.0560 -0.9676
vn 0.4300 0.0563 -0.9011
vn 0.3329 0.0717 0.9402
vn 0.1430 0.0723 0.9871
vn -0.7993 0.0603 -0.5978
vn -0.6674 0.0589 -0.7423
vn 0.0526 0.0560 -0.9970
vn 0.5101 0.0708 0.8572
vn -0.9005 0.0618 -0.4304
vn 0.6676 0.0696 0.7413
vn -0.9671 0.0634 -0.2465
vn 0.7995 0.0682 0.5968
vn -0.9965 0.0651 -0.0531
vn 0.9007 0.0667 0.4294
vn -0.9876 0.0667 0.1424
vn 0.9672 0.0651 0.2454
vn -0.9407 0.0682 0.3323
vn 0.9966 0.0635 0.0520
vn -0.8577 0.0695 0.5094
vn 0.9877 0.0619 -0.1434
vn -0.7417 0.0707 0.6670
vn 0.9409 0.0604 -0.3333
vn -0.5972 0.0716 0.7989
vn 0.8579 0.0590 -0.5105
vn -0.4298 0.0723 0.9000
vn -0.1428 0.0563 -0.9881
vn 0.7419 0.0578 -0.6680
vn -0.2459 0.0726 0.9666
vn -0.3328 0.0569 -0.9413
vn 0.5974 0.0569 -0.7999
vn -0.0524 0.0726 0.9960
vn -0.5099 0.0578 -0.8583
vn 0.8005 0.0429 0.5978
vn 0.6684 0.0443 0.7424
vn -0.9978 0.0397 -0.0529
vn -0.9684 0.0381 -0.2466
vn 0.9018 0.0414 0.4301
vn -0.9889 0.0413 0.1427
vn 0.9685 0.0398 0.2459
vn -0.9420 0.0428 0.3329
vn 0.9979 0.0381 0.0523
vn -0.8589 0.0442 0.5103
vn 0.9890 0.0365 -0.1434
vn -0.7427 0.0454 0.6680
vn 0.9421 0.0350 -0.3336
vn -0.5981 0.0463 0.8001
vn 0.8590 0.0337 -0.5109
vn -0.4304 0.0469 0.9014
vn -0.1430 0.0309 -0.9892
vn 0.0526 0.0306 -0.9981
vn 0.7428 0.0325 -0.6687
vn -0.2462 0.0472 0.9681
vn -0.3332 0.0315 -0.9423
vn 0.5982 0.0316 -0.8008
vn -0.0525 0.0472 0.9975
vn -0.5106 0.0324 -0.8592
vn 0.4305 0.0309 -0.9021
vn 0.1431 0.0469 0.9886
vn -0.6684 0.0336 -0.7431
vn 0.2463 0.0306 -0.9687
vn 0.3333 0.0463 0.9417
vn -0.8004 0.0349 -0.5984
vn 0.5107 0.0454 0.8586
vn -0.9017 0.0365 -0.4308
vn 0.9481 -0.3136 0.0526
vn 0.9201 -0.3120 0.2367
vn -0.8168 -0.3078 0.4879
vn -0.8958 -0.3091 0.3194
vn 0.9396 -0.3151 -0.1334
vn -0.7064 -0.3067 0.6379
vn 0.8950 -0.3165 -0.3142
vn -0.5689 -0.3058 0.7634
vn 0.8160 -0.3178 -0.4828
vn -0.4095 -0.3052 0.8597
vn -0.1364 -0.3204 -0.9374
vn 0.0496 -0.3207 -0.9459
vn 0.7057 -0.3189 -0.6327
vn -0.2345 -0.3049 0.9231
vn -0.3172 -0.3199 -0.8928
vn 0.5681 -0.3198 -0.7582
vn -0.0504 -0.3049 0.9510
vn -0.4858 -0.3190 -0.8138
vn 0.4088 -0.3204 -0.8545
vn 0.1356 -0.3052 0.9426
vn -0.6357 -0.3179 -0.7034
vn 0.2337 -0.3207 -0.9179
vn 0.3164 -0.3058 0.8980
vn -0.7612 -0.3166 -0.5659
vn 0.4850 -0.3067 0.8190
vn -0.8575 -0.3152 -0.4066
vn 0.6350 -0.3078 0.7086
vn -0.9209 -0.3136 -0.2315
vn 0.7605 -0.3090 0.5711
vn -0.9489 -0.3121 -0.0474
vn 0.8568 -0.3105 0.4117
vn -0.9404 -0.3106 0.1386
vn 0.4184 -0.8754 -0.2422
vn 0.4590 -0.8747 -0.1555
vn -0.2113 -0.8689 0.4476
vn -0.2932 -0.8692 0.3982
vn -0.0709 -0.8767 -0.4758
vn 0.0246 -0.8769 -0.4801
vn 0.3617 -0.8759 -0.3192
vn -0.1213 -0.8687 0.4802
vn -0.1638 -0.8764 -0.4529
vn 0.2911 -0.8764 -0.3837
vn -0.0268 -0.8687 0.4946
vn -0.2505 -0.8760 -0.4123
vn 0.2092 -0.8767 -0.4332
vn 0.0688 -0.8689 0.4902
vn -0.3275 -0.8754 -0.3555
vn 0.1192 -0.8769 -0.4657
vn 0.1617 -0.8692 0.4673
vn -0.3920 -0.8747 -0.2849
vn 0.2483 -0.8696 0.4267
vn -0.4415 -0.8740 -0.2030
vn 0.3254 -0.8702 0.3700
vn -0.4740 -0.8732 -0.1130
vn 0.3899 -0.8709 0.2993
vn -0.4884 -0.8724 -0.0185
vn 0.4394 -0.8716 0.2175
vn -0.4841 -0.8716 0.0771
vn 0.4719 -0.8724 0.1275
vn -0.4612 -0.8709 0.1700
vn 0.4863 -0.8732 0.0329
vn -0.4206 -0.8702 0.2566
vn 0.4819 -0.8740 -0.0627
vn -0.3638 -0.8696 0.3337
vn -0.1530 -0.9567 -0.2476
vn -0.1003 -0.9570 -0.2723
vn 0.1269 -0.9572 -0.2603
vn 0.1767 -0.9570 -0.2302
vn 0.0414 -0.9524 0.3020
vn -0.0168 -0.9523 0.3047
vn -0.2000 -0.9564 -0.2130
vn 0.0721 -0.9573 -0.2801
vn 0.0980 -0.9526 0.2881
vn -0.2393 -0.9560 -0.1700
vn 0.0145 -0.9573 -0.2889
vn 0.1507 -0.9528 0.2634
vn -0.2694 -0.9555 -0.1201
vn 0.1976 -0.9532 0.2288
vn -0.2892 -0.9550 -0.0653
vn 0.2369 -0.9536 0.1858
vn -0.2980 -0.9545 -0.0077
vn 0.2671 -0.9540 0.1359
vn -0.2953 -0.9541 0.0505
vn 0.2869 -0.9545 0.0812
vn -0.2814 -0.9536 0.1070
vn 0.2956 -0.9550 0.0236
vn -0.2566 -0.9532 0.1598
vn 0.2930 -0.9555 -0.0347
vn -0.2221 -0.9529 0.2067
vn 0.2790 -0.9559 -0.0912
vn -0.1791 -0.9526 0.2460
vn 0.2543 -0.9563 -0.1440
vn -0.1292 -0.9524 0.2761
vn -0.0437 -0.9572 -0.2862
vn 0.2198 -0.9567 -0.1909
vn -0.0744 -0.9523 0.2959
vn -0.5720 -0.7759 -0.2662
vn -0.5078 -0.7768 -0.3723
vn 0.4223 -0.7709 0.4768
vn 0.3224 -0.7702 0.5503
vn -0.6142 -0.7748 -0.1495
vn 0.5060 -0.7718 0.3852
vn -0.6328 -0.7738 -0.0269
vn 0.5701 -0.7727 0.2790
vn -0.6272 -0.7728 0.0970
vn 0.6123 -0.7738 0.1624
vn -0.5975 -0.7718 0.2174
vn 0.6310 -0.7748 0.0397
vn -0.5449 -0.7710 0.3298
vn 0.6253 -0.7758 -0.0842
vn -0.4713 -0.7702 0.4297
vn 0.5956 -0.7768 -0.2046
vn -0.3797 -0.7696 0.5133
vn 0.5430 -0.7776 -0.3169
vn -0.2735 -0.7692 0.5774
vn -0.0916 -0.7794 -0.6198
vn 0.0324 -0.7796 -0.6255
vn 0.4694 -0.7784 -0.4168
vn -0.1569 -0.7690 0.6197
vn -0.2120 -0.7790 -0.5901
vn 0.3778 -0.7790 -0.5005
vn -0.0343 -0.7690 0.6383
vn -0.3243 -0.7784 -0.5375
vn 0.2716 -0.7794 -0.5646
vn 0.0897 -0.7692 0.6327
vn -0.4242 -0.7777 -0.4640
vn 0.1550 -0.7796 -0.6068
vn 0.2101 -0.7696 0.6029
vn -0.9395 -0.3134 0.1385
vn -0.9479 -0.3150 -0.0473
vn 0.9192 -0.3149 0.2365
vn 0.8559 -0.3134 0.4114
vn -0.8949 -0.3120 0.3191
vn 0.9472 -0.3164 0.0526
vn -0.8160 -0.3107 0.4875
vn 0.9387 -0.3180 -0.1332
vn -0.7057 -0.3096 0.6373
vn 0.8941 -0.3194 -0.3138
vn -0.5683 -0.3087 0.7627
vn 0.8152 -0.3207 -0.4823
vn -0.4091 -0.3081 0.8589
vn -0.1363 -0.3233 -0.9364
vn 0.0496 -0.3236 -0.9449
vn 0.7049 -0.3218 -0.6321
vn -0.2342 -0.3078 0.9222
vn -0.3168 -0.3227 -0.8919
vn 0.5676 -0.3227 -0.7575
vn -0.0503 -0.3078 0.9501
vn -0.4853 -0.3219 -0.8130
vn 0.4084 -0.3233 -0.8537
vn 0.1355 -0.3081 0.9417
vn -0.6351 -0.3208 -0.7027
vn 0.2335 -0.3236 -0.9169
vn 0.3161 -0.3087 0.8971
vn -0.7605 -0.3195 -0.5653
vn 0.4845 -0.3095 0.8182
vn -0.8567 -0.3180 -0.4061
vn 0.6343 -0.3106 0.7079
vn -0.9200 -0.3165 -0.2312
vn 0.7597 -0.3119 0.5706
vn -0.6799 0.4086 0.6089
vn -0.7863 0.4076 0.4644
vn 0.8634 0.3991 -0.3086
vn 0.9064 0.4005 -0.1344
vn -0.5474 0.4095 0.7299
vn 0.7873 0.3979 -0.4711
vn -0.3938 0.4100 0.8227
vn -0.1306 0.3954 -0.9092
vn 0.0487 0.3951 -0.9173
vn 0.6809 0.3968 -0.6156
vn -0.2251 0.4103 0.8837
vn -0.3048 0.3960 -0.8662
vn 0.5484 0.3960 -0.7365
vn -0.0477 0.4104 0.9107
vn -0.4673 0.3968 -0.7901
vn 0.3948 0.3954 -0.8293
vn 0.1316 0.4101 0.9025
vn -0.6118 0.3978 -0.6837
vn 0.2261 0.3951 -0.8904
vn 0.3058 0.4095 0.8595
vn -0.7327 0.3991 -0.5512
vn 0.4682 0.4087 0.7834
vn -0.8255 0.4005 -0.3976
vn 0.6128 0.4076 0.6770
vn -0.8866 0.4019 -0.2289
vn 0.7337 0.4064 0.5445
vn -0.9136 0.4034 -0.0515
vn 0.8265 0.4050 0.3910
vn -0.9054 0.4049 0.1277
vn 0.8876 0.4035 0.2222
vn -0.8624 0.4063 0.3019
vn 0.9145 0.4020 0.0449
vn -0.1037 0.9086 0.4047
vn -0.1821 0.9084 0.3763
vn -0.1407 0.9019 -0.4084
vn -0.0598 0.9016 -0.4284
vn 0.2557 0.9019 -0.3482
vn 0.3172 0.9023 -0.2920
vn -0.0213 0.9086 0.4172
vn -0.2162 0.9023 -0.3730
vn 0.1843 0.9016 -0.3913
vn 0.0620 0.9084 0.4134
vn -0.2834 0.9028 -0.3236
vn 0.1059 0.9015 -0.4196
vn 0.1429 0.9082 0.3934
vn -0.3396 0.9033 -0.2620
vn 0.0235 0.9015 -0.4322
vn 0.2184 0.9078 0.3580
vn -0.3827 0.9040 -0.1907
vn 0.2856 0.9073 0.3086
vn -0.4111 0.9047 -0.1123
vn 0.3418 0.9067 0.2471
vn -0.4236 0.9054 -0.0299
vn 0.3849 0.9061 0.1757
vn -0.4198 0.9060 0.0534
vn 0.4133 0.9054 0.0973
vn -0.3998 0.9067 0.1343
vn 0.4258 0.9047 0.0149
vn -0.3645 0.9073 0.2098
vn 0.4220 0.9040 -0.0684
vn -0.3150 0.9078 0.2770
vn 0.4020 0.9034 -0.1493
vn -0.2535 0.9082 0.3332
vn 0.3667 0.9028 -0.2248
vn 0.2540 0.6564 0.7104
vn 0.1095 0.6569 0.7460
vn -0.6074 0.6477 -0.4598
vn -0.5071 0.6467 -0.5698
vn 0.0408 0.6444 -0.7636
vn 0.1879 0.6445 -0.7412
vn 0.3888 0.6557 0.6472
vn -0.6844 0.6489 -0.3325
vn 0.5087 0.6548 0.5590
vn -0.7350 0.6501 -0.1925
vn 0.6090 0.6538 0.4491
vn -0.7574 0.6514 -0.0454
vn 0.6860 0.6526 0.3217
vn -0.7506 0.6526 0.1033
vn 0.7366 0.6514 0.1817
vn -0.7150 0.6537 0.2478
vn 0.7590 0.6502 0.0346
vn -0.6518 0.6548 0.3826
vn 0.7522 0.6490 -0.1141
vn -0.5636 0.6557 0.5025
vn 0.7166 0.6478 -0.2586
vn -0.4537 0.6564 0.6028
vn 0.6534 0.6468 -0.3934
vn -0.3263 0.6568 0.6798
vn -0.1079 0.6447 -0.7568
vn 0.5652 0.6459 -0.5132
vn -0.1863 0.6571 0.7304
vn -0.2524 0.6452 -0.7211
vn 0.4553 0.6452 -0.6136
vn -0.0392 0.6571 0.7528
vn -0.3872 0.6458 -0.6580
vn 0.3279 0.6447 -0.6906
vn 0.6663 -0.0813 0.7413
vn 0.7980 -0.0826 0.5970
vn 0.7827 -0.2202 0.5822
vn 0.6531 -0.2313 0.7211
vn -0.9656 -0.0875 -0.2448
vn -0.9950 -0.0858 -0.0517
vn -0.9238 -0.3802 -0.0455
vn -0.8968 -0.3804 -0.2258
vn 0.8990 -0.0841 0.4299
vn 0.8823 -0.2124 0.4201
vn -0.9861 -0.0842 0.1434
vn -0.9159 -0.3774 0.1366
vn 0.9654 -0.0857 0.2462
vn 0.9478 -0.2081 0.2414
vn -0.9393 -0.0827 0.3330
vn -0.8735 -0.3719 0.3140
vn 0.9948 -0.0874 0.0532
vn 0.9767 -0.2078 0.0532
vn -0.8564 -0.0813 0.5098
vn -0.7979 -0.3640 0.4805
vn 0.9859 -0.0890 -0.1419
vn 0.9678 -0.2113 -0.1370
vn -0.7407 -0.0802 0.6671
vn -0.6915 -0.3537 0.6299
vn 0.9391 -0.0905 -0.3315
vn 0.9214 -0.2186 -0.3215
vn -0.5964 -0.0793 0.7987
vn -0.5579 -0.3412 0.7565
vn 0.8562 -0.0919 -0.5084
vn 0.8393 -0.2292 -0.4929
vn -0.4293 -0.0786 0.8997
vn -0.4017 -0.3269 0.8554
vn 0.0523 -0.0949 -0.9941
vn -0.1428 -0.0946 -0.9852
vn -0.1305 -0.3266 -0.9361
vn 0.0558 -0.3102 -0.9490
vn 0.7404 -0.0930 -0.6656
vn 0.7251 -0.2427 -0.6445
vn -0.2456 -0.0783 0.9662
vn -0.2285 -0.3111 0.9225
vn -0.3324 -0.0940 -0.9385
vn -0.3098 -0.3414 -0.8874
vn 0.5962 -0.0939 -0.7973
vn 0.5834 -0.2583 -0.7700
vn -0.0525 -0.0783 0.9955
vn -0.0446 -0.2944 0.9547
vn -0.5092 -0.0931 -0.8556
vn -0.4756 -0.3543 -0.8052
vn 0.4291 -0.0946 -0.8983
vn 0.4200 -0.2753 -0.8647
vn 0.1426 -0.0786 0.9867
vn 0.1429 -0.2773 0.9501
vn -0.6665 -0.0919 -0.7398
vn -0.6218 -0.3647 -0.6931
vn 0.2454 -0.0949 -0.9648
vn 0.2417 -0.2929 -0.9251
vn 0.3322 -0.0792 0.9399
vn 0.3265 -0.2605 0.9086
vn -0.7982 -0.0906 -0.5956
vn -0.7433 -0.3726 -0.5556
vn 0.5090 -0.0801 0.8570
vn 0.4990 -0.2450 0.8313
vn -0.8992 -0.0891 -0.4284
vn -0.8360 -0.3779 -0.3979
vn 0.9363 -0.3245 -0.1341
vn 0.9456 -0.3210 0.0525
vn -0.6629 -0.4537 0.5956
vn -0.7618 -0.4626 0.4536
vn 0.8894 -0.3316 -0.3146
vn -0.5382 -0.4429 0.7170
vn 0.8072 -0.3419 -0.4812
vn -0.3918 -0.4305 0.8131
vn 0.6934 -0.3548 -0.6271
vn -0.2283 -0.4167 0.8799
vn -0.3045 -0.4443 -0.8425
vn -0.1349 -0.4314 -0.8920
vn 0.5535 -0.3696 -0.7463
vn -0.0536 -0.4018 0.9142
vn -0.4603 -0.4553 -0.7621
vn 0.3938 -0.3854 -0.8345
vn 0.1260 -0.3864 0.9137
vn -0.5970 -0.4641 -0.6544
vn 0.2210 -0.4014 -0.8888
vn 0.3035 -0.3711 0.8776
vn -0.7103 -0.4707 -0.5234
vn 0.0424 -0.4170 -0.9079
vn 0.4717 -0.3566 0.8064
vn -0.7965 -0.4750 -0.3742
vn -0.5040 -0.1740 -0.8460
vn -0.3290 -0.1749 -0.9280
vn 0.6234 -0.3437 0.7023
vn -0.8530 -0.4770 -0.2120
vn 0.7518 -0.3331 0.5690
vn -0.8781 -0.4767 -0.0423
vn 0.8511 -0.3255 0.4118
vn -0.8710 -0.4741 0.1290
vn 0.9168 -0.3214 0.2372
vn -0.8318 -0.4694 0.2963
vn -0.7899 -0.1715 -0.5887
vn -0.6596 -0.1729 -0.7314
vn -0.8476 -0.1624 0.5052
vn -0.9296 -0.1638 0.3302
vn 0.0517 -0.1758 -0.9831
vn -0.1414 -0.1755 -0.9743
vn -0.1404 0.1791 -0.9737
vn 0.0519 0.1788 -0.9825
vn 0.3286 -0.1603 0.9308
vn 0.1410 -0.1597 0.9770
vn 0.9843 -0.1684 0.0533
vn 0.9552 -0.1668 0.2443
vn -0.0521 -0.1594 0.9858
vn -0.2432 -0.1594 0.9568
vn 0.2428 -0.1758 -0.9540
vn 0.4245 -0.1755 -0.8883
vn -0.9759 -0.1652 0.1425
vn 0.5899 -0.1749 -0.7883
vn 0.7326 -0.1740 -0.6580
vn 0.8895 -0.1652 0.4261
vn -0.9847 -0.1668 -0.0505
vn -0.4249 -0.1597 0.8910
vn 0.7895 -0.1637 0.5915
vn 0.8472 -0.1728 -0.5024
vn -0.9556 -0.1685 -0.2416
vn 0.6592 -0.1623 0.7342
vn -0.5903 -0.1603 0.7911
vn -0.8899 -0.1700 -0.4233
vn 0.9292 -0.1715 -0.3274
vn 0.5036 -0.1612 0.8488
vn -0.7330 -0.1613 0.6608
vn 0.9755 -0.1700 -0.1398
vn -0.7867 0.1831 -0.5895
vn -0.6569 0.1818 -0.7318
vn -0.4230 0.1949 0.8849
vn -0.5878 0.1943 0.7854
vn 0.3279 0.1943 0.9245
vn 0.1409 0.1949 0.9707
vn 0.8446 0.1818 -0.5035
vn 0.9263 0.1832 -0.3292
vn 0.2423 0.1788 -0.9536
vn -0.7300 0.1934 0.6555
vn 0.4234 0.1792 -0.8880
vn 0.9725 0.1847 -0.1422
vn -0.5018 0.1806 -0.8459
vn -0.8442 0.1922 0.5004
vn -0.0515 0.1952 0.9794
vn -0.9720 0.1894 0.1391
vn -0.9808 0.1878 -0.0533
vn 0.9812 0.1863 0.0502
vn 0.5882 0.1798 -0.7885
vn -0.9518 0.1862 -0.2436
vn -0.9259 0.1909 0.3261
vn -0.3274 0.1798 -0.9276
vn 0.8868 0.1894 0.4216
vn 0.7872 0.1909 0.5864
vn 0.9523 0.1879 0.2405
vn -0.2419 0.1952 0.9505
vn 0.6573 0.1923 0.7287
vn 0.7305 0.1807 -0.6586
vn -0.8863 0.1846 -0.4247
vn 0.5022 0.1934 0.8428
vn 0.5672 0.5362 0.6252
vn 0.4335 0.5372 0.7236
vn -0.2081 0.5387 0.8164
vn -0.3642 0.5384 0.7599
vn -0.7637 0.5296 -0.3692
vn -0.6778 0.5283 -0.5113
vn 0.6302 0.5262 -0.5709
vn 0.7286 0.5272 -0.4372
vn 0.2831 0.5379 0.7940
vn -0.1206 0.5249 -0.8426
vn 0.0452 0.5246 -0.8501
vn -0.5659 0.5271 -0.6340
vn -0.5063 0.5379 0.6740
vn 0.1219 0.5385 0.8338
vn 0.7991 0.5284 -0.2869
vn 0.2094 0.5246 -0.8252
vn -0.6289 0.5371 0.5621
vn 0.3655 0.5249 -0.7687
vn 0.8389 0.5296 -0.1257
vn -0.4322 0.5262 -0.7324
vn -0.7274 0.5361 0.4284
vn -0.0439 0.5387 0.8413
vn -0.8376 0.5337 0.1169
vn -0.8451 0.5323 -0.0490
vn 0.8464 0.5310 0.0402
vn 0.5076 0.5254 -0.6828
vn -0.8202 0.5309 -0.2131
vn -0.7978 0.5350 0.2781
vn -0.2818 0.5254 -0.8028
vn 0.7650 0.5338 0.3604
vn 0.6791 0.5350 0.5025
vn 0.8215 0.5324 0.2043
vn -0.3936 0.8682 -0.3021
vn -0.3285 0.8676 -0.3734
vn -0.2112 0.8741 0.4374
vn -0.2938 0.8738 0.3874
vn 0.1654 0.8738 0.4572
vn 0.0716 0.8742 0.4803
vn 0.4245 0.8676 -0.2590
vn 0.4655 0.8683 -0.1715
vn 0.0270 0.8661 -0.4991
vn 0.1225 0.8661 -0.4846
vn -0.3651 0.8734 0.3223
vn 0.2133 0.8663 -0.4518
vn 0.4886 0.8690 -0.0777
vn -0.2507 0.8670 -0.4306
vn -0.4224 0.8728 0.2445
vn -0.0249 0.8743 0.4847
vn -0.4865 0.8714 0.0633
vn -0.4909 0.8706 -0.0331
vn 0.4930 0.8698 0.0187
vn 0.2959 0.8666 -0.4018
vn -0.4764 0.8698 -0.1286
vn -0.4634 0.8721 0.1571
vn -0.1632 0.8666 -0.4716
vn 0.4456 0.8714 0.2050
vn 0.3957 0.8722 0.2877
vn 0.4785 0.8706 0.1142
vn -0.1203 0.8743 0.4702
vn 0.3306 0.8728 0.3590
vn 0.3673 0.8670 -0.3367
vn -0.4435 0.8690 -0.2194
vn -0.0695 0.8662 -0.4948
vn 0.2528 0.8734 0.4162
vn 0.0414 0.9850 -0.1675
vn 0.0722 0.9849 -0.1576
vn 0.1604 0.9849 -0.0646
vn 0.1688 0.9851 -0.0325
vn -0.1055 0.9864 -0.1264
vn -0.0808 0.9860 -0.1456
vn -0.1173 0.9882 0.0982
vn -0.1352 0.9882 0.0727
vn 0.0244 0.9877 0.1545
vn -0.0077 0.9879 0.1547
vn -0.1550 0.9878 0.0144
vn -0.1563 0.9876 -0.0165
vn 0.1704 0.9854 0.0008
vn 0.1006 0.9848 -0.1417
vn -0.1517 0.9873 -0.0470
vn -0.1479 0.9880 0.0444
vn -0.0528 0.9857 -0.1598
vn 0.1536 0.9860 0.0648
vn 0.1359 0.9864 0.0928
vn 0.1653 0.9857 0.0336
vn -0.0390 0.9881 0.1487
vn 0.1130 0.9867 0.1165
vn 0.1255 0.9848 -0.1204
vn -0.1415 0.9870 -0.0762
vn -0.0223 0.9855 -0.1684
vn 0.0860 0.9871 0.1351
vn -0.0684 0.9882 0.1369
vn -0.1259 0.9867 -0.1029
vn 0.1458 0.9848 -0.0944
vn 0.0561 0.9874 0.1479
vn 0.0094 0.9852 -0.1711
vn -0.0948 0.9883 0.1198
vn 0.3236 0.6576 -0.6803
vn 0.4495 0.6572 -0.6051
vn -0.7402 0.6709 -0.0446
vn -0.7184 0.6696 -0.1886
vn -0.6375 0.6735 0.3743
vn -0.6990 0.6729 0.2422
vn -0.3790 0.6634 -0.6452
vn -0.2471 0.6620 -0.7077
vn 0.6784 0.6625 0.3177
vn 0.6020 0.6641 0.4433
vn 0.7509 0.6596 0.0341
vn 0.7287 0.6609 0.1795
vn -0.0379 0.6718 0.7398
vn -0.1824 0.6728 0.7170
vn 0.5026 0.6658 0.5514
vn -0.7337 0.6720 0.1008
vn 0.5583 0.6570 -0.5065
vn -0.6691 0.6681 -0.3255
vn -0.1054 0.6606 -0.7433
vn 0.3840 0.6675 0.6379
vn -0.3195 0.6734 0.6667
vn -0.5940 0.6666 -0.4504
vn 0.6459 0.6572 -0.3885
vn 0.2508 0.6691 0.6995
vn 0.0407 0.6594 -0.7507
vn -0.4961 0.6650 -0.5583
vn -0.4441 0.6738 0.5906
vn 0.1084 0.6706 0.7339
vn 0.7086 0.6577 -0.2556
vn 0.1855 0.6584 -0.7295
vn -0.5514 0.6738 0.4919
vn 0.7441 0.6585 -0.1129
vn 0.7433 -0.0064 -0.6689
vn 0.5986 -0.0074 -0.8010
vn 0.5605 -0.3561 -0.7477
vn 0.6961 -0.3553 -0.6239
vn -0.9025 -0.0025 -0.4308
vn -0.9692 -0.0009 -0.2464
vn -0.9086 -0.3500 -0.2280
vn -0.8461 -0.3515 -0.4008
vn 0.9025 0.0025 0.4308
vn 0.9692 0.0009 0.2464
vn 0.9077 -0.3484 0.2338
vn 0.8452 -0.3469 0.4065
vn -0.1432 -0.0080 -0.9897
vn -0.3335 -0.0074 -0.9427
vn -0.3129 -0.3562 -0.8805
vn -0.1346 -0.3567 -0.9245
vn 0.5110 0.0065 0.8595
vn 0.6689 0.0053 0.7433
vn 0.6264 -0.3442 0.6994
vn 0.4784 -0.3431 0.8083
vn -0.4308 0.0080 0.9024
vn -0.2464 0.0083 0.9691
vn -0.2314 -0.3414 0.9110
vn -0.4041 -0.3417 0.8485
vn -0.8011 -0.0040 -0.5986
vn -0.7511 -0.3530 -0.5580
vn 0.8596 -0.0053 -0.5110
vn 0.8050 -0.3542 -0.4759
vn 0.3335 0.0074 0.9427
vn 0.3121 -0.3423 0.8862
vn 0.0526 -0.0083 -0.9986
vn 0.0489 -0.3570 -0.9328
vn -0.6689 -0.0053 -0.7433
vn -0.6272 -0.3542 -0.6936
vn -0.5986 0.0074 0.8010
vn -0.5613 -0.3423 0.7535
vn 0.1432 0.0080 0.9897
vn 0.1338 -0.3417 0.9302
vn 0.9427 -0.0039 -0.3335
vn 0.8830 -0.3529 -0.3096
vn 0.2464 -0.0083 -0.9691
vn 0.2305 -0.3570 -0.9052
vn -0.7433 0.0064 0.6689
vn -0.6970 -0.3432 0.6297
vn 0.4308 -0.0080 -0.9024
vn 0.4032 -0.3567 -0.8427
vn 0.9897 -0.0024 -0.1432
vn 0.9270 -0.3515 -0.1313
vn -0.5110 -0.0065 -0.8595
vn -0.4793 -0.3553 -0.8025
vn -0.8596 0.0053 0.5110
vn -0.8059 -0.3443 0.4817
vn -0.0526 0.0083 0.9986
vn -0.0497 -0.3414 0.9386
vn -0.9986 0.0008 -0.0526
vn -0.9897 0.0024 0.1432
vn -0.9278 -0.3470 0.1371
vn -0.9362 -0.3485 -0.0464
vn 0.9986 -0.0008 0.0526
vn 0.9353 -0.3500 0.0522
vn -0.9427 0.0039 0.3335
vn -0.8838 -0.3456 0.3154
vn 0.8011 0.0040 0.5986
vn 0.7502 -0.3455 0.5638
vn 0.6163 -0.5631 -0.5505
vn 0.7128 -0.5621 -0.4195
vn 0.4235 -0.5524 0.7180
vn 0.2761 -0.5516 0.7871
vn -0.1195 -0.5644 -0.8168
vn 0.0430 -0.5647 -0.8242
vn -0.6656 -0.5611 -0.4922
vn -0.5559 -0.5622 -0.6123
vn -0.3582 -0.5511 0.7536
vn -0.4975 -0.5516 0.6695
vn 0.1182 -0.5511 0.8260
vn 0.7818 -0.5610 -0.2722
vn 0.2039 -0.5647 -0.7997
vn -0.6177 -0.5524 0.5598
vn 0.3569 -0.5644 -0.7444
vn 0.8208 -0.5597 -0.1142
vn -0.4248 -0.5631 -0.7088
vn -0.7141 -0.5534 0.4288
vn -0.0444 -0.5508 0.8334
vn -0.8221 -0.5558 0.1235
vn -0.8295 -0.5571 -0.0391
vn 0.8282 -0.5584 0.0483
vn 0.4961 -0.5639 -0.6602
vn -0.8051 -0.5585 -0.1999
vn -0.7832 -0.5545 0.2814
vn -0.2775 -0.5639 -0.7778
vn 0.7484 -0.5557 0.3622
vn 0.6642 -0.5544 0.5014
vn 0.8037 -0.5570 0.2092
vn -0.2052 -0.5508 0.8090
vn 0.5545 -0.5533 0.6216
vn -0.7497 -0.5598 -0.3529
vn 0.8451 -0.1865 -0.5010
vn 0.9269 -0.1852 -0.3265
vn 0.0515 -0.1895 -0.9805
vn 0.2421 -0.1895 -0.9516
vn -0.5889 -0.1741 0.7893
vn -0.7312 -0.1750 0.6593
vn 0.4234 -0.1892 -0.8860
vn 0.9731 -0.1837 -0.1393
vn -0.6580 -0.1866 -0.7295
vn -0.5028 -0.1877 -0.8438
vn -0.8455 -0.1761 0.5040
vn 0.1406 -0.1734 0.9748
vn -0.0520 -0.1731 0.9835
vn -0.9735 -0.1790 0.1423
vn -0.9823 -0.1806 -0.0503
vn 0.9818 -0.1821 0.0533
vn 0.5884 -0.1886 -0.7863
vn -0.9533 -0.1822 -0.2409
vn -0.9273 -0.1775 0.3295
vn -0.3282 -0.1886 -0.9256
vn 0.8873 -0.1789 0.4251
vn 0.7876 -0.1774 0.5901
vn 0.9529 -0.1805 0.2439
vn -0.2426 -0.1731 0.9546
vn 0.6576 -0.1761 0.7325
vn 0.7308 -0.1877 -0.6563
vn -0.8877 -0.1838 -0.4221
vn -0.1410 -0.1892 -0.9718
vn 0.5023 -0.1749 0.8468
vn -0.4239 -0.1735 0.8890
vn -0.7880 -0.1852 -0.5871
vn 0.3278 -0.1741 0.9286
vn -0.6372 0.5190 0.5697
vn -0.7369 0.5180 0.4342
vn 0.1235 0.5204 0.8450
vn -0.0445 0.5206 0.8526
vn -0.8486 0.5155 0.1186
vn -0.8563 0.5142 -0.0494
vn 0.8499 0.5114 -0.1271
vn 0.8575 0.5128 0.0409
vn 0.3703 0.5066 -0.7786
vn 0.5142 0.5072 -0.6916
vn -0.8310 0.5128 -0.2157
vn -0.8083 0.5168 0.2819
vn -0.4379 0.5079 -0.7418
vn -0.2856 0.5071 -0.8132
vn 0.7750 0.5156 0.3654
vn 0.6880 0.5169 0.5094
vn 0.8322 0.5142 0.2072
vn -0.2108 0.5206 0.8273
vn 0.5746 0.5181 0.6336
vn 0.6385 0.5080 -0.5782
vn -0.7738 0.5114 -0.3739
vn -0.1222 0.5066 -0.8535
vn 0.4391 0.5191 0.7333
vn -0.3690 0.5204 0.7701
vn -0.6868 0.5101 -0.5179
vn 0.7382 0.5090 -0.4427
vn 0.2868 0.5198 0.8047
vn 0.0458 0.5063 -0.8611
vn -0.5734 0.5089 -0.6421
vn -0.5130 0.5198 0.6831
vn 0.8096 0.5101 -0.2904
vn 0.2121 0.5064 -0.8358
vn 0.4207 0.9071 0.0146
vn 0.4083 0.9078 0.0960
vn -0.0210 0.9109 0.4120
vn -0.1024 0.9109 0.3997
vn 0.3377 0.9091 0.2440
vn 0.2821 0.9097 0.3048
vn -0.3950 0.9091 0.1326
vn -0.4147 0.9084 0.0526
vn 0.2526 0.9043 -0.3441
vn 0.3134 0.9047 -0.2885
vn -0.4061 0.9071 -0.1111
vn -0.3781 0.9064 -0.1885
vn 0.3803 0.9085 0.1735
vn -0.1390 0.9043 -0.4036
vn -0.0591 0.9041 -0.4233
vn 0.2158 0.9102 0.3536
vn -0.1799 0.9108 0.3716
vn -0.3355 0.9058 -0.2590
vn 0.3622 0.9052 -0.2222
vn 0.1412 0.9105 0.3886
vn 0.0232 0.9039 -0.4271
vn -0.2799 0.9052 -0.3198
vn -0.2504 0.9105 0.3290
vn 0.0613 0.9108 0.4083
vn 0.3972 0.9058 -0.1476
vn 0.1046 0.9039 -0.4147
vn -0.3112 0.9101 0.2735
vn 0.1821 0.9041 -0.3867
vn 0.4169 0.9064 -0.0677
vn -0.2136 0.9047 -0.3686
vn -0.3600 0.9096 0.2072
vn -0.4185 0.9078 -0.0296
vn -0.3471 0.5963 0.7238
vn -0.4826 0.5958 0.6419
vn 0.2700 0.5959 0.7563
vn 0.1163 0.5964 0.7942
vn 0.6948 0.5856 -0.4175
vn 0.7620 0.5867 -0.2742
vn 0.0432 0.5832 -0.8112
vn 0.1997 0.5832 -0.7874
vn -0.5995 0.5951 0.5352
vn 0.3486 0.5834 -0.7336
vn 0.7999 0.5880 -0.1205
vn -0.5394 0.5856 -0.6051
vn -0.4119 0.5846 -0.6989
vn -0.6933 0.5942 0.4077
vn -0.0418 0.5966 0.8014
vn -0.7984 0.5918 0.1107
vn -0.8056 0.5905 -0.0474
vn 0.8071 0.5893 0.0376
vn 0.4840 0.5839 -0.6517
vn -0.7818 0.5892 -0.2039
vn -0.7605 0.5930 0.2644
vn -0.2686 0.5839 -0.7661
vn 0.7294 0.5919 0.3430
vn 0.6476 0.5931 0.4784
vn 0.7833 0.5906 0.1941
vn -0.1983 0.5966 0.7776
vn 0.5408 0.5942 0.5953
vn 0.6009 0.5847 -0.5450
vn -0.7280 0.5879 -0.3527
vn -0.1149 0.5834 -0.8040
vn 0.4134 0.5951 0.6892
vn -0.6461 0.5867 -0.4882
vn 0.9249 -0.1960 -0.3257
vn 0.9710 -0.1945 -0.1389
vn -0.6567 -0.1974 -0.7279
vn -0.5017 -0.1985 -0.8419
vn -0.7297 -0.1858 0.6580
vn -0.8438 -0.1870 0.5031
vn 0.1403 -0.1843 0.9728
vn -0.0519 -0.1840 0.9816
vn -0.9715 -0.1898 0.1421
vn -0.9802 -0.1914 -0.0501
vn 0.9798 -0.1929 0.0533
vn 0.4225 -0.2000 -0.8840
vn 0.5872 -0.1994 -0.7845
vn -0.9513 -0.1930 -0.2403
vn -0.9254 -0.1883 0.3289
vn -0.3275 -0.1994 -0.9236
vn 0.8854 -0.1897 0.4243
vn 0.7859 -0.1882 0.5890
vn 0.9509 -0.1913 0.2434
vn -0.2421 -0.1840 0.9527
vn 0.6562 -0.1869 0.7311
vn 0.7293 -0.1985 -0.6548
vn -0.8859 -0.1946 -0.4212
vn -0.1408 -0.2000 -0.9696
vn 0.5013 -0.1858 0.8451
vn -0.4230 -0.1843 0.8872
vn -0.7864 -0.1960 -0.5858
vn 0.8433 -0.1973 -0.4999
vn 0.3271 -0.1849 0.9267
vn 0.0514 -0.2003 -0.9784
vn -0.5876 -0.1849 0.7877
vn 0.2416 -0.2003 -0.9495
vn -0.9291 -0.2866 -0.2338
vn -0.9573 -0.2851 -0.0481
vn -0.9709 -0.2346 -0.0492
vn -0.9422 -0.2362 -0.2376
vn -0.9038 -0.2821 0.3220
vn -0.8241 -0.2807 0.4921
vn -0.8357 -0.2302 0.4986
vn -0.9166 -0.2315 0.3261
vn -0.3200 -0.2929 -0.9010
vn -0.4901 -0.2920 -0.8213
vn -0.4970 -0.2416 -0.8334
vn -0.3244 -0.2425 -0.9143
vn 0.7673 -0.2820 0.5760
vn 0.8645 -0.2834 0.4152
vn 0.8768 -0.2329 0.4206
vn 0.7783 -0.2315 0.5837
vn 0.9284 -0.2850 0.2385
vn 0.9566 -0.2866 0.0528
vn 0.9703 -0.2361 0.0531
vn 0.9417 -0.2345 0.2415
vn -0.2365 -0.2778 0.9311
vn -0.0508 -0.2778 0.9593
vn -0.0514 -0.2272 0.9725
vn -0.2398 -0.2272 0.9439
vn 0.6407 -0.2807 0.7147
vn 0.6498 -0.2301 0.7244
vn -0.9488 -0.2835 0.1396
vn -0.9622 -0.2330 0.1411
vn 0.7120 -0.2920 -0.6386
vn 0.5732 -0.2929 -0.7653
vn 0.5815 -0.2425 -0.7766
vn 0.7222 -0.2416 -0.6481
vn -0.8652 -0.2882 -0.4104
vn -0.8774 -0.2377 -0.4167
vn -0.1376 -0.2935 -0.9460
vn -0.1395 -0.2431 -0.9599
vn 0.4894 -0.2796 0.8260
vn 0.4964 -0.2290 0.8373
vn -0.4132 -0.2781 0.8671
vn -0.4190 -0.2275 0.8790
vn -0.7680 -0.2896 -0.5712
vn -0.7789 -0.2392 -0.5798
vn 0.8234 -0.2909 -0.4873
vn 0.8351 -0.2404 -0.4947
vn 0.3193 -0.2787 0.9058
vn 0.3239 -0.2281 0.9182
vn 0.0501 -0.2938 -0.9546
vn 0.0509 -0.2434 -0.9686
vn -0.6414 -0.2909 -0.7100
vn -0.6504 -0.2405 -0.7205
vn -0.5739 -0.2788 0.7700
vn -0.5820 -0.2282 0.7805
vn 0.1369 -0.2781 0.9507
vn 0.1389 -0.2275 0.9638
vn 0.9031 -0.2896 -0.3172
vn 0.9160 -0.2391 -0.3222
vn 0.2358 -0.2938 -0.9263
vn 0.2392 -0.2434 -0.9400
vn -0.7127 -0.2796 0.6433
vn -0.7228 -0.2291 0.6520
vn 0.4125 -0.2935 -0.8624
vn 0.4184 -0.2431 -0.8751
vn 0.9481 -0.2881 -0.1348
vn 0.9616 -0.2376 -0.1372
vn -0.9659 0.0797 -0.2463
vn -0.8994 0.0781 -0.4300
vn 0.9661 0.0814 0.2450
vn 0.8996 0.0830 0.4287
vn -0.3323 0.0732 -0.9403
vn -0.1426 0.0726 -0.9871
vn 0.6668 0.0859 0.7402
vn 0.5095 0.0870 0.8561
vn -0.2455 0.0889 0.9653
vn -0.4293 0.0885 0.8988
vn -0.7984 0.0766 -0.5973
vn 0.7410 0.0742 -0.6674
vn 0.8569 0.0753 -0.5100
vn 0.3325 0.0880 0.9390
vn 0.0526 0.0723 -0.9960
vn -0.6666 0.0753 -0.7416
vn -0.5965 0.0879 0.7978
vn 0.1428 0.0886 0.9858
vn 0.9398 0.0767 -0.3331
vn 0.2457 0.0723 -0.9666
vn -0.7408 0.0870 0.6660
vn 0.4295 0.0726 -0.9002
vn 0.9866 0.0782 -0.1434
vn -0.5093 0.0741 -0.8574
vn -0.8567 0.0858 0.5087
vn -0.0524 0.0889 0.9947
vn -0.9864 0.0830 0.1420
vn -0.9953 0.0814 -0.0531
vn 0.9955 0.0798 0.0518
vn 0.5967 0.0732 -0.7991
vn -0.9396 0.0845 0.3317
vn 0.7986 0.0845 0.5959
vn 0.4362 0.5287 0.7282
vn 0.2849 0.5295 0.7991
vn -0.1214 0.5163 -0.8477
vn 0.0455 0.5161 -0.8553
vn -0.6821 0.5198 -0.5144
vn -0.5694 0.5186 -0.6378
vn -0.3665 0.5300 0.7647
vn -0.5095 0.5294 0.6783
vn 0.1227 0.5300 0.8391
vn 0.7332 0.5187 -0.4398
vn 0.8041 0.5198 -0.2885
vn 0.2107 0.5161 -0.8302
vn -0.6329 0.5287 0.5657
vn 0.3678 0.5163 -0.7734
vn 0.8441 0.5211 -0.1264
vn -0.4349 0.5176 -0.7368
vn -0.7319 0.5277 0.4312
vn -0.0442 0.5303 0.8467
vn -0.8428 0.5252 0.1177
vn -0.8504 0.5238 -0.0492
vn 0.8517 0.5225 0.0405
vn 0.5107 0.5169 -0.6870
vn -0.8253 0.5224 -0.2144
vn -0.8028 0.5265 0.2799
vn -0.2836 0.5169 -0.8077
vn 0.7697 0.5253 0.3628
vn 0.6833 0.5265 0.5058
vn 0.8266 0.5239 0.2057
vn -0.2094 0.5303 0.8216
vn 0.5707 0.5277 0.6292
vn 0.6341 0.5177 -0.5744
vn -0.7685 0.5211 -0.3714
vn 0.0308 0.8203 -0.5711
vn 0.1403 0.8203 -0.5545
vn -0.3372 0.8292 0.4458
vn -0.4191 0.8286 0.3712
vn 0.2444 0.8205 -0.5168
vn 0.5338 0.8228 -0.1953
vn 0.5603 0.8236 -0.0877
vn -0.3770 0.8220 -0.4269
vn -0.2878 0.8213 -0.4926
vn -0.4847 0.8280 0.2819
vn 0.0819 0.8295 0.5524
vn -0.0287 0.8297 0.5575
vn -0.5583 0.8263 0.0741
vn -0.5633 0.8254 -0.0366
vn 0.5653 0.8245 0.0229
vn 0.3393 0.8208 -0.4595
vn -0.5467 0.8245 -0.1461
vn -0.5317 0.8272 0.1816
vn -0.1875 0.8208 -0.5396
vn 0.5110 0.8264 0.2366
vn 0.4537 0.8272 0.3314
vn 0.5487 0.8255 0.1324
vn -0.1383 0.8297 0.5408
vn 0.3790 0.8280 0.4132
vn 0.4211 0.8214 -0.3848
vn -0.5090 0.8236 -0.2503
vn -0.0799 0.8205 -0.5661
vn 0.2898 0.8287 0.4789
vn -0.2424 0.8295 0.5031
vn -0.4517 0.8227 -0.3451
vn 0.4867 0.8220 -0.2956
vn 0.1895 0.8292 0.5259
vn 0.0412 0.9624 0.2684
vn -0.0135 0.9625 0.2709
vn -0.2752 0.9609 0.0320
vn -0.2777 0.9604 -0.0226
vn 0.2775 0.9595 -0.0479
vn 0.2800 0.9600 0.0068
vn 0.1215 0.9580 -0.2599
vn 0.1683 0.9581 -0.2316
vn -0.2695 0.9599 -0.0768
vn -0.2389 0.9617 0.1347
vn -0.2621 0.9613 0.0852
vn -0.1415 0.9584 -0.2480
vn -0.0920 0.9581 -0.2712
vn 0.2532 0.9609 0.1123
vn 0.2249 0.9613 0.1592
vn 0.2718 0.9604 0.0609
vn -0.0676 0.9625 0.2627
vn 0.1880 0.9617 0.1996
vn 0.2087 0.9584 -0.1947
vn -0.2508 0.9595 -0.1282
vn -0.0388 0.9579 -0.2843
vn 0.1439 0.9620 0.2321
vn -0.1191 0.9624 0.2440
vn -0.2225 0.9591 -0.1751
vn 0.2412 0.9587 -0.1506
vn 0.0943 0.9623 0.2553
vn 0.0159 0.9579 -0.2868
vn -0.1856 0.9587 -0.2155
vn -0.1660 0.9622 0.2157
vn 0.2644 0.9591 -0.1011
vn 0.0700 0.9579 -0.2786
vn -0.2064 0.9620 0.1788
vn -0.0056 0.9927 0.1201
vn -0.0305 0.9927 0.1163
vn 0.1042 0.9922 0.0687
vn 0.0872 0.9924 0.0873
vn -0.1200 0.9922 0.0347
vn -0.1260 0.9920 0.0102
vn 0.0781 0.9907 -0.1112
vn 0.0967 0.9908 -0.0942
vn -0.1234 0.9916 -0.0399
vn -0.1148 0.9914 -0.0636
vn 0.1258 0.9918 0.0235
vn 0.1172 0.9920 0.0472
vn -0.0417 0.9907 -0.1294
vn -0.0172 0.9906 -0.1354
vn 0.0669 0.9925 0.1023
vn -0.0542 0.9927 0.1078
vn -0.1017 0.9912 -0.0851
vn 0.1117 0.9910 -0.0739
vn 0.0441 0.9926 0.1130
vn 0.0080 0.9906 -0.1366
vn -0.0848 0.9910 -0.1037
vn -0.0757 0.9926 0.0947
vn 0.0196 0.9927 0.1190
vn 0.1224 0.9912 -0.0511
vn 0.0329 0.9906 -0.1328
vn -0.0943 0.9925 0.0778
vn 0.0566 0.9906 -0.1242
vn 0.1284 0.9914 -0.0266
vn -0.0645 0.9908 -0.1187
vn -0.1093 0.9924 0.0575
vn -0.1271 0.9918 -0.0150
vn 0.1296 0.9916 -0.0014
vn -0.6413 -0.2909 -0.7100
vn -0.0169 0.9979 0.0630
vn -0.0304 0.9978 0.0581
vn -0.0651 0.9971 -0.0399
vn -0.0577 0.9970 -0.0522
vn 0.0558 0.9968 -0.0574
vn 0.0644 0.9969 -0.0458
vn 0.0388 0.9977 0.0549
vn 0.0257 0.9978 0.0610
vn -0.0093 0.9967 -0.0810
vn 0.0051 0.9966 -0.0816
vn -0.0479 0.9969 -0.0629
vn -0.0428 0.9978 0.0506
vn 0.0117 0.9979 0.0645
vn 0.0705 0.9970 -0.0328
vn 0.0193 0.9966 -0.0795
vn -0.0534 0.9977 0.0409
vn 0.0329 0.9967 -0.0746
vn 0.0739 0.9971 -0.0188
vn -0.0363 0.9968 -0.0714
vn -0.0620 0.9976 0.0293
vn -0.0027 0.9979 0.0651
vn -0.0715 0.9974 0.0023
vn -0.0722 0.9973 -0.0121
vn 0.0746 0.9972 -0.0044
vn 0.0452 0.9967 -0.0671
vn -0.0700 0.9972 -0.0264
vn -0.0681 0.9975 0.0163
vn -0.0233 0.9967 -0.0775
vn 0.0675 0.9974 0.0234
vn 0.0601 0.9976 0.0357
vn 0.0724 0.9973 0.0099
vn 0.0504 0.9977 0.0464
vn 0.9335 0.2709 0.2351
vn 0.8692 0.2725 0.4125
vn -0.3208 0.2630 -0.9099
vn -0.1376 0.2624 -0.9551
vn 0.6444 0.2753 0.7134
vn 0.4924 0.2764 0.8253
vn -0.2370 0.2781 0.9309
vn -0.4144 0.2778 0.8666
vn -0.8686 0.2677 -0.4170
vn -0.7710 0.2663 -0.5785
vn 0.7160 0.2639 -0.6462
vn 0.8279 0.2650 -0.4942
vn 0.3215 0.2773 0.9054
vn 0.0510 0.2621 -0.9637
vn -0.6437 0.2650 -0.7179
vn -0.5760 0.2772 0.7690
vn 0.1382 0.2778 0.9506
vn 0.9080 0.2664 -0.3233
vn 0.2376 0.2621 -0.9353
vn -0.7154 0.2763 0.6418
vn 0.4151 0.2624 -0.8711
vn 0.9532 0.2678 -0.1401
vn -0.4917 0.2639 -0.8298
vn -0.8273 0.2752 0.4898
vn -0.0504 0.2782 0.9592
vn -0.9526 0.2724 0.1356
vn -0.9612 0.2709 -0.0529
vn 0.9618 0.2694 0.0485
vn 0.5767 0.2630 -0.7735
vn -0.9328 0.2693 -0.2395
vn -0.9074 0.2739 0.3189
vn 0.7716 0.2740 0.5741
vn -0.1071 -0.6761 -0.7290
vn 0.0383 -0.6763 -0.7356
vn -0.5954 -0.6731 -0.4387
vn -0.4973 -0.6741 -0.5461
vn -0.3205 -0.6642 0.6753
vn -0.4451 -0.6647 0.6001
vn 0.2467 -0.6647 0.7052
vn 0.1055 -0.6642 0.7401
vn 0.6372 -0.6741 -0.3737
vn 0.6989 -0.6731 -0.2420
vn 0.1821 -0.6763 -0.7137
vn -0.5525 -0.6654 0.5020
vn 0.3189 -0.6761 -0.6642
vn 0.7337 -0.6719 -0.1007
vn -0.3801 -0.6750 -0.6324
vn -0.6388 -0.6662 0.3848
vn -0.0399 -0.6640 0.7467
vn -0.7354 -0.6684 0.1118
vn -0.7420 -0.6696 -0.0335
vn 0.7404 -0.6707 0.0446
vn 0.4434 -0.6756 -0.5890
vn -0.7201 -0.6708 -0.1774
vn -0.7005 -0.6673 0.2531
vn -0.2484 -0.6756 -0.6941
vn 0.6690 -0.6683 0.3253
vn 0.5937 -0.6672 0.4498
vn 0.7185 -0.6695 0.1885
vn -0.1837 -0.6640 0.7248
vn 0.4957 -0.6662 0.5572
vn 0.5509 -0.6749 -0.4909
vn -0.6706 -0.6720 -0.3142
vn 0.3785 -0.6653 0.6435
vn -0.5850 -0.2064 0.7843
vn -0.7264 -0.2073 0.6552
vn 0.2405 -0.2217 -0.9450
vn 0.4206 -0.2214 -0.8798
vn 0.9207 -0.2174 -0.3240
vn 0.9666 -0.2159 -0.1381
vn -0.6537 -0.2188 -0.7244
vn -0.4995 -0.2200 -0.8379
vn -0.8400 -0.2085 0.5010
vn 0.1396 -0.2058 0.9686
vn -0.0517 -0.2055 0.9773
vn -0.9671 -0.2113 0.1416
vn -0.9758 -0.2128 -0.0497
vn 0.9753 -0.2144 0.0532
vn 0.5845 -0.2208 -0.7808
vn -0.9470 -0.2144 -0.2390
vn -0.9212 -0.2098 0.3276
vn -0.3261 -0.2208 -0.9192
vn 0.8814 -0.2112 0.4226
vn 0.7823 -0.2097 0.5865
vn 0.9465 -0.2128 0.2425
vn -0.2410 -0.2055 0.9485
vn 0.6532 -0.2084 0.7279
vn 0.7259 -0.2199 -0.6517
vn -0.8819 -0.2160 -0.4191
vn -0.1401 -0.2214 -0.9650
vn 0.4990 -0.2073 0.8415
vn -0.4211 -0.2058 0.8834
vn -0.7828 -0.2175 -0.5830
vn 0.8395 -0.2188 -0.4974
vn 0.3256 -0.2064 0.9227
vn 0.0512 -0.2218 -0.9738
vn -0.9270 0.3512 0.1313
vn -0.9354 0.3497 -0.0522
vn 0.9279 0.3467 -0.1371
vn 0.9363 0.3482 0.0464
vn 0.4041 0.3415 -0.8486
vn 0.5614 0.3421 -0.7536
vn -0.9078 0.3482 -0.2338
vn -0.8051 0.3539 0.4760
vn -0.8830 0.3526 0.3096
vn -0.4785 0.3429 -0.8084
vn -0.3121 0.3420 -0.8863
vn 0.8461 0.3513 0.4008
vn 0.7511 0.3527 0.5580
vn 0.9087 0.3498 0.2281
vn -0.0489 0.3568 0.9329
vn -0.2305 0.3568 0.9053
vn 0.6273 0.3540 0.6937
vn 0.6970 0.3429 -0.6297
vn -0.8453 0.3467 -0.4066
vn -0.1338 0.3414 -0.9303
vn 0.4793 0.3550 0.8026
vn -0.4033 0.3565 0.8428
vn -0.7503 0.3452 -0.5638
vn 0.8059 0.3440 -0.4818
vn 0.3130 0.3559 0.8806
vn 0.0498 0.3412 -0.9387
vn -0.6264 0.3440 -0.6995
vn -0.5605 0.3559 0.7478
vn 0.1346 0.3565 0.9246
vn 0.8839 0.3453 -0.3154
vn 0.2314 0.3412 -0.9111
vn -0.6962 0.3550 0.6239
vn 0.4809 0.8030 0.3520
vn 0.4017 0.8038 0.4387
vn -0.5639 0.8030 0.1932
vn -0.5920 0.8021 0.0792
vn 0.3596 0.7962 -0.4866
vn 0.4463 0.7968 -0.4074
vn -0.5797 0.8001 -0.1543
vn -0.5397 0.7991 -0.2647
vn 0.5816 0.8011 0.1410
vn 0.5417 0.8021 0.2515
vn -0.1989 0.7962 -0.5714
vn -0.0848 0.7958 -0.5996
vn 0.3072 0.8045 0.5083
vn -0.1467 0.8056 0.5740
vn -0.2571 0.8054 0.5340
vn -0.4790 0.7982 -0.3652
vn 0.5160 0.7975 -0.3128
vn 0.2008 0.8051 0.5582
vn 0.0325 0.7956 -0.6049
vn -0.3998 0.7974 -0.4520
vn -0.3576 0.8050 0.4733
vn 0.0868 0.8054 0.5863
vn 0.5658 0.7983 -0.2064
vn 0.1486 0.7956 -0.5873
vn -0.4444 0.8045 0.3941
vn 0.2591 0.7958 -0.5473
vn 0.5939 0.7992 -0.0924
vn -0.3052 0.7967 -0.5216
vn -0.5140 0.8038 0.2995
vn -0.0306 0.8056 0.5917
vn -0.5973 0.8011 -0.0382
vn 0.5993 0.8002 0.0249
vn -0.8113 0.5085 -0.2884
vn -0.8262 0.3345 -0.4532
vn 0.8532 0.1287 -0.5055
vn 0.8867 0.2718 -0.3741
vn 0.1792 0.7944 0.5804
vn 0.0974 0.8843 0.4566
vn -0.0329 0.8954 -0.4440
vn 0.0233 0.9032 -0.4285
vn -0.7946 0.1638 -0.5846
vn -0.1327 0.8825 0.4513
vn -0.2364 0.7998 0.5517
vn 0.0345 0.9110 0.4109
vn 0.8802 0.4246 -0.2120
vn 0.0808 0.8953 -0.4380
vn -0.8439 0.1807 0.5052
vn 0.1395 0.8594 -0.4919
vn 0.8307 0.5514 -0.0765
vn -0.1854 0.7591 -0.6241
vn -0.8690 0.3413 0.3582
vn -0.0202 0.9175 0.3972
vn -0.7680 0.6375 0.0613
vn -0.7344 0.6772 -0.0444
vn 0.8013 0.5971 0.0373
vn 0.2460 0.7584 -0.6035
vn -0.7567 0.6358 -0.1523
vn -0.8367 0.5125 0.1930
vn -0.0863 0.8597 -0.5034
vn 0.8534 0.4289 0.2963
vn 0.8790 0.2397 0.4122
vn 0.8186 0.5533 0.1542
vn -0.0761 0.9111 0.4051
vn 0.4064 0.5238 0.7487
vn 0.0279 0.4090 0.9121
vn -0.0158 0.4945 0.8690
vn 0.5789 -0.8091 -0.1013
vn 0.7030 -0.7081 -0.0662
vn 0.0465 0.4834 -0.8742
vn 0.0785 0.4603 -0.8843
vn -0.3375 -0.5735 0.7465
vn -0.4953 -0.8584 0.1334
vn 0.1020 0.3443 -0.9333
vn 0.7854 -0.6188 -0.0135
vn -0.4772 -0.8630 -0.1657
vn -0.2514 -0.5963 -0.7624
vn -0.6401 -0.7576 0.1273
vn -0.0448 0.5142 0.8565
vn -0.8484 -0.5287 0.0247
vn -0.8702 -0.4909 -0.0418
vn 0.8108 -0.5834 0.0476
vn 0.3122 -0.6109 -0.7276
vn -0.8416 -0.5298 -0.1050
vn -0.7712 -0.6309 0.0848
vn -0.0042 0.3451 -0.9385
vn 0.6915 -0.7063 0.1515
vn 0.5512 -0.8206 0.1510
vn 0.7791 -0.6178 0.1063
vn -0.0749 0.4946 0.8659
vn 0.2730 -0.5740 0.7720
vn 0.4522 -0.8861 -0.1019
vn -0.7585 -0.6329 -0.1549
vn 0.0157 0.4603 -0.8876
vn 0.0647 0.1154 0.9912
vn -0.0987 0.3978 0.9121
vn -0.6239 -0.7602 -0.1812
vn 0.7492 -0.3409 -0.5679
vn 0.8896 -0.4539 0.0507
vn -0.8909 -0.4522 -0.0432
vn 0.0526 0.0674 -0.9963
vn 0.6853 -0.3318 0.6483
vn -0.0524 0.0819 0.9953
vn -0.7499 -0.3297 0.5736
vn -0.6854 -0.3388 -0.6445
vn 0.9046 0.4239 0.0441
vn -0.0511 0.2262 0.9727
vn 0.0516 0.2161 -0.9750
vn -0.9085 0.4148 -0.0513
vn -0.9085 0.4148 -0.0514
vn -0.6695 0.4146 0.6164
vn -0.5998 0.4067 -0.6891
vn 0.6664 0.4123 -0.6212
vn 0.5986 0.4202 0.6820
vn 0.9586 0.2808 0.0482
vn 0.0522 0.1415 -0.9886
vn -0.6591 0.3199 0.6806
vn -0.9599 0.2754 -0.0529
vn -0.5843 0.3117 -0.7493
vn -0.0519 0.1539 0.9867
vn 0.6563 0.3152 -0.6855
vn 0.9586 0.2807 0.0482
vn 0.5803 0.3235 0.7475
vn -0.6376 -0.7699 -0.0272
vn -0.6375 -0.7699 -0.0272
vn 0.6901 -0.7224 0.0424
vn 0.3348 -0.3080 -0.8905
vn -0.1924 -0.2990 -0.9347
vn 0.2391 -0.2928 0.9258
vn 0.6901 -0.7225 0.0424
vn -0.2899 -0.2836 0.9141
vn 0.0972 0.9953 -0.0032
vn -0.6704 0.7408 -0.0415
vn -0.2082 0.9779 -0.0191
vn 0.6287 0.7772 0.0267
vn -0.0495 -0.0324 0.9983
vn -0.0400 -0.0201 0.9990
vn -0.0114 -0.2146 0.9766
vn -0.0351 -0.2092 0.9773
vn 0.0469 -0.1913 -0.9804
vn 0.0518 -0.1928 -0.9799
vn 0.1857 -0.9824 0.0180
vn -0.0862 -0.0290 0.9959
vn -0.0636 -0.0238 0.9977
vn -0.0775 -0.2183 0.9728
vn -0.3571 0.0461 0.9329
vn -0.0512 -0.0340 0.9981
vn -0.0438 -0.2154 0.9756
vn -0.0435 -0.9990 0.0060
vn 0.0566 -0.1909 -0.9800
vn 0.0583 -0.1847 -0.9811
vn -0.0527 -0.0345 0.9980
vn -0.0520 -0.2173 0.9747
vn 0.1685 -0.7006 -0.6934
vn -0.4948 -0.6384 -0.5896
vn 0.3092 0.0213 -0.9507
vn -0.2459 0.0296 -0.9688
vn 0.0452 -0.1855 -0.9816
vn -0.0543 -0.0339 0.9980
vn -0.0601 -0.2149 0.9748
vn -0.0680 -0.7005 0.7104
vn 0.5343 -0.5862 0.6090
vn -0.6705 0.7408 -0.0415
vn -0.0435 -0.9990 0.0061
vn -0.0024 -0.0287 0.9996
vn 0.2314 0.0434 0.9719
vn -0.0313 -0.3505 0.9360
vn -0.0105 -0.3427 0.9394
vn 0.0236 0.1406 0.9898
vn -0.0163 0.1062 0.9942
vn 0.8978 -0.4401 -0.0157
vn 0.9005 -0.4311 -0.0576
vn 0.9422 0.3040 -0.1412
vn 0.9527 0.2958 -0.0701
vn 0.0665 -0.3676 -0.9276
vn 0.0495 -0.3709 -0.9274
vn 0.0543 0.0878 -0.9947
vn 0.0912 0.1009 -0.9907
vn -0.9091 -0.4063 0.0918
vn -0.6109 -0.4514 0.6504
vn -0.6851 0.2428 0.6868
vn -0.9284 0.3240 0.1821
vn 0.0719 -0.3559 -0.9317
vn 0.0970 0.1297 -0.9868
vn 0.8949 -0.4458 0.0197
vn 0.9570 0.2901 -0.0076
vn -0.5445 -0.4647 -0.6983
vn -0.8971 -0.4050 -0.1763
vn -0.9042 0.3247 -0.2773
vn -0.6129 0.2318 -0.7554
vn -0.9038 -0.4230 0.0648
vn -0.9427 0.3041 0.1369
vn -0.0505 -0.3530 0.9343
vn -0.0541 0.0945 0.9941
vn -0.8962 -0.4414 -0.0452
vn -0.8983 -0.4392 -0.0124
vn -0.9579 0.2871 0.0030
vn -0.9571 0.2844 -0.0558
vn 0.8928 -0.4475 0.0524
vn 0.9561 0.2885 0.0509
vn 0.6126 -0.4692 -0.6361
vn 0.6919 0.2330 -0.6834
vn -0.8950 -0.4392 -0.0781
vn -0.9512 0.2865 -0.1144
vn -0.9012 -0.4328 0.0230
vn -0.9535 0.2942 0.0657
vn 0.0266 -0.3575 -0.9335
vn 0.0085 0.1270 -0.9919
vn 0.8968 -0.4227 0.1305
vn 0.8908 -0.4380 0.1207
vn 0.9390 0.2985 0.1708
vn 0.9291 0.3198 0.1858
vn 0.8916 -0.4448 0.0852
vn 0.9503 0.2914 0.1092
vn -0.0698 -0.3498 0.9342
vn -0.0917 0.1080 0.9899
vn 0.5681 -0.4605 0.6821
vn 0.6664 0.2424 0.7051
vn 0.9072 -0.4134 -0.0776
vn 0.9292 0.3258 -0.1745
vn -0.8942 -0.4330 -0.1138
vn -0.9397 0.2929 -0.1764
vn 0.0325 -0.3682 -0.9292
vn 0.0171 0.0994 -0.9949
vn -0.0029 -0.3253 0.9456
vn 0.0311 0.1818 0.9828
vn -0.0760 -0.3380 0.9381
vn -0.0987 0.1378 0.9855
vn -0.8924 -0.4234 -0.1560
vn -0.9210 0.3018 -0.2464
vn -0.1721 0.8546 -0.4899
vn -0.0239 0.7225 -0.6910
vn -0.3376 0.9345 0.1131
vn -0.3615 0.9284 0.0855
vn 0.3606 0.9288 0.0859
vn 0.3397 0.9353 0.0987
vn -0.0424 0.6466 0.7616
vn -0.0906 0.6734 0.7337
vn 0.3788 0.9252 -0.0218
vn 0.3806 0.9246 0.0144
vn 0.2118 0.8836 0.4176
vn 0.2198 0.8576 -0.4650
vn 0.3301 0.9363 -0.1200
vn -0.3790 0.9243 0.0452
vn -0.3846 0.9206 -0.0674
vn -0.3700 0.9232 -0.1043
vn 0.3745 0.9259 0.0501
vn 0.0677 0.7831 0.6182
vn -0.3892 0.9211 0.0070
vn -0.3479 0.9266 -0.1426
vn 0.0533 0.7276 0.6840
vn -0.0066 0.6761 -0.7368
vn -0.3212 0.9331 -0.1618
vn -0.1011 0.7242 0.6821
vn 0.0087 0.6705 0.7418
vn 0.3530 0.9305 -0.0981
vn 0.0430 0.6537 -0.7555
vn 0.0899 0.6786 -0.7290
vn 0.0992 0.7262 -0.6803
vn -0.2228 0.8575 0.4637
vn 0.3693 0.9274 -0.0589
vn -0.3912 0.9198 -0.0304
vn 0.1982 0.9778 0.0685
vn 0.1818 0.9795 0.0864
vn 0.2154 0.9765 0.0053
vn 0.2100 0.9770 0.0373
vn -0.0268 0.8894 0.4564
vn -0.0702 0.8980 0.4344
vn 0.1247 0.9670 0.2221
vn -0.2096 0.9768 0.0445
vn -0.2181 0.9759 0.0114
vn 0.1216 0.9493 -0.2900
vn 0.1747 0.9780 -0.1144
vn -0.2140 0.9753 -0.0548
vn -0.2015 0.9756 -0.0868
vn -0.0463 0.9167 -0.3968
vn -0.0167 0.8961 -0.4435
vn 0.0857 0.9428 0.3222
vn -0.0933 0.9203 0.3799
vn -0.1832 0.9760 -0.1180
vn 0.1924 0.9770 -0.0916
vn 0.0620 0.9179 0.3920
vn 0.0281 0.8892 -0.4567
vn -0.1619 0.9770 -0.1385
vn -0.1229 0.9513 0.2827
vn 0.0191 0.8965 0.4426
vn 0.2060 0.9767 -0.0593
vn 0.0706 0.8974 -0.4356
vn -0.1764 0.9789 0.1034
vn 0.0923 0.9186 -0.3842
vn 0.2140 0.9765 -0.0270
vn -0.0886 0.9477 -0.3068
vn -0.1952 0.9777 0.0775
vn -0.2197 0.9753 -0.0219
vn -0.1924 0.6506 0.7347
vn -0.3229 0.6554 0.6827
vn -0.6699 0.6630 -0.3341
vn -0.5934 0.6618 -0.4582
vn 0.5657 0.6610 -0.4930
vn 0.6489 0.6621 -0.3750
vn 0.3644 0.6602 0.6568
vn 0.2356 0.6543 0.7186
vn -0.0930 0.6387 -0.7638
vn 0.0514 0.6369 -0.7693
vn -0.4952 0.6607 -0.5642
vn -0.4483 0.6647 0.5976
vn 0.0946 0.6502 0.7539
vn 0.7083 0.6632 -0.2420
vn 0.1938 0.6387 -0.7447
vn -0.5644 0.6696 0.4828
vn 0.3240 0.6440 -0.6930
vn 0.7408 0.6642 -0.1007
vn -0.3651 0.6542 -0.6624
vn -0.6480 0.6689 0.3643
vn -0.0499 0.6488 0.7593
vn -0.7400 0.6665 0.0898
vn -0.7446 0.6652 -0.0551
vn 0.7453 0.6653 0.0440
vn 0.4494 0.6545 -0.6080
vn -0.7209 0.6641 -0.1981
vn -0.7075 0.6679 0.2312
vn -0.2295 0.6439 -0.7299
vn 0.6708 0.6677 0.3228
vn 0.5957 0.6694 0.4440
vn 0.7217 0.6665 0.1869
vn 0.4875 0.6677 0.5625
vn 0.4065 -0.4040 -0.8195
vn 0.5592 -0.4034 -0.7243
vn -0.9164 -0.3961 -0.0579
vn -0.8869 -0.3976 -0.2354
vn -0.7960 -0.3920 0.4613
vn -0.8701 -0.3932 0.2973
vn -0.4585 -0.4027 -0.7922
vn -0.2945 -0.4036 -0.8663
vn 0.8223 -0.3944 0.4102
vn 0.7271 -0.3930 0.5629
vn 0.9154 -0.3973 0.0644
vn 0.8859 -0.3958 0.2419
vn -0.0616 -0.3890 0.9192
vn -0.2391 -0.3891 0.8896
vn 0.6039 -0.3917 0.6941
vn -0.9107 -0.3946 0.1220
vn 0.6904 -0.4026 -0.6011
vn -0.8233 -0.3991 -0.4037
vn -0.1192 -0.4041 -0.9069
vn 0.4575 -0.3907 0.7988
vn -0.4075 -0.3894 0.8260
vn -0.7281 -0.4005 -0.5564
vn 0.7950 -0.4015 -0.4547
vn 0.2935 -0.3899 0.8728
vn 0.0606 -0.4044 -0.9126
vn -0.6049 -0.4017 -0.6876
vn -0.5602 -0.3900 0.7308
vn 0.1183 -0.3893 0.9135
vn 0.8691 -0.4002 -0.2907
vn 0.2382 -0.4043 -0.8831
vn -0.6913 -0.3909 0.6077
vn 0.9097 -0.3988 -0.1154
vn 0.4912 -0.5967 -0.6346
vn 0.6065 -0.5960 -0.5263
vn -0.7798 -0.5916 -0.2049
vn -0.7239 -0.5929 -0.3528
vn 0.7783 -0.5900 0.2146
vn 0.7224 -0.5887 0.3626
vn -0.2591 -0.5968 -0.7594
vn -0.1051 -0.5973 -0.7951
vn 0.5305 -0.5864 0.6121
vn 0.4018 -0.5855 0.7041
vn -0.2105 -0.5841 0.7839
vn -0.3584 -0.5844 0.7280
vn -0.6402 -0.5941 -0.4870
vn 0.6985 -0.5950 -0.3977
vn 0.2577 -0.5848 0.7692
vn 0.0530 -0.5975 -0.8001
vn -0.5320 -0.5952 -0.6023
vn -0.4926 -0.5849 0.6444
vn 0.1036 -0.5843 0.8049
vn 0.7636 -0.5939 -0.2535
vn 0.2090 -0.5975 -0.7741
vn -0.6079 -0.5857 0.5361
vn 0.3570 -0.5972 -0.7182
vn 0.7993 -0.5927 -0.0994
vn -0.4033 -0.5961 -0.6943
vn -0.6999 -0.5866 0.4074
vn -0.0544 -0.5841 0.8099
vn -0.8007 -0.5890 0.1092
vn -0.8057 -0.5903 -0.0488
vn 0.8043 -0.5913 0.0586
vn -0.7650 -0.5877 0.2633
vn 0.6388 -0.5875 0.4968
vn 0.7122 -0.3280 -0.6207
vn 0.8201 -0.3269 -0.4697
vn 0.4720 -0.3157 0.8231
vn 0.3029 -0.3149 0.8995
vn -0.1228 -0.3296 -0.9361
vn 0.0627 -0.3298 -0.9420
vn -0.7508 -0.3258 -0.5746
vn -0.6238 -0.3271 -0.7099
vn -0.4201 -0.3144 0.8513
vn -0.5776 -0.3150 0.7531
vn 0.1221 -0.3143 0.9414
vn 0.8965 -0.3256 -0.3006
vn 0.2457 -0.3298 -0.9115
vn -0.7129 -0.3159 0.6260
vn 0.4194 -0.3295 -0.8459
vn 0.9384 -0.3241 -0.1198
vn -0.4728 -0.3282 -0.8178
vn -0.8209 -0.3170 0.4750
vn -0.0634 -0.3141 0.9473
vn -0.9392 -0.3198 0.1251
vn -0.9450 -0.3213 -0.0604
vn 0.9443 -0.3226 0.0657
vn 0.5768 -0.3289 -0.7477
vn -0.9146 -0.3229 -0.2435
vn -0.8973 -0.3183 0.3059
vn -0.3036 -0.3290 -0.8942
vn 0.8482 -0.3195 0.4224
vn 0.7500 -0.3181 0.5799
vn 0.9138 -0.3210 0.2488
vn -0.2465 -0.3141 0.9168
vn 0.6230 -0.3168 0.7152
vn -0.8490 -0.3244 -0.4171
vn 0.8666 -0.0054 -0.4989
vn 0.9473 -0.0041 -0.3203
vn 0.0666 -0.0086 -0.9977
vn 0.2600 -0.0086 -0.9656
vn -0.6097 0.0070 0.7926
vn -0.7526 0.0061 0.6584
vn 0.4434 -0.0082 -0.8963
vn 0.9916 -0.0025 -0.1293
vn -0.6585 -0.0057 -0.7526
vn -0.4990 -0.0068 -0.8666
vn -0.8666 0.0049 0.4989
vn 0.1293 0.0078 0.9916
vn -0.0666 0.0081 0.9977
vn -0.9916 0.0020 0.1293
vn -0.9978 0.0004 -0.0666
vn 0.9978 -0.0009 0.0666
vn 0.6097 -0.0076 -0.7926
vn -0.9656 -0.0012 -0.2600
vn -0.9473 0.0035 0.3203
vn -0.3203 -0.0077 -0.9473
vn 0.8963 0.0023 0.4433
vn 0.7926 0.0038 0.6097
vn 0.9656 0.0007 0.2600
vn -0.2600 0.0080 0.9656
vn 0.6585 0.0052 0.7526
vn 0.7526 -0.0066 -0.6584
vn -0.8963 -0.0028 -0.4433
vn -0.1293 -0.0083 -0.9916
vn 0.4990 0.0063 0.8666
vn -0.4434 0.0077 0.8963
vn -0.7926 -0.0043 -0.6097
vn 0.3203 0.0072 0.9473
vn -0.6889 0.4069 0.5998
vn -0.7934 0.4058 0.4537
vn 0.1190 0.4085 0.9050
vn -0.0605 0.4087 0.9106
vn -0.9078 0.4032 0.1152
vn -0.9135 0.4017 -0.0643
vn 0.9088 0.3990 -0.1218
vn 0.9145 0.4005 0.0577
vn 0.4066 0.3938 -0.8244
vn 0.5590 0.3944 -0.7294
vn -0.8840 0.4002 -0.2415
vn -0.8673 0.4046 0.2901
vn -0.4566 0.3951 -0.7972
vn -0.2929 0.3943 -0.8711
vn 0.8216 0.4035 0.4028
vn 0.7265 0.4048 0.5552
vn 0.8850 0.4020 0.2348
vn -0.2377 0.4087 0.8812
vn 0.6036 0.4061 0.6861
vn 0.6899 0.3953 -0.6065
vn -0.8206 0.3987 -0.4094
vn -0.1180 0.3937 -0.9116
vn 0.4576 0.4071 0.7905
vn -0.4056 0.4084 0.8177
vn -0.7256 0.3974 -0.5618
vn 0.7943 0.3963 -0.4604
vn 0.2939 0.4079 0.8644
vn 0.0615 0.3935 -0.9173
vn -0.6027 0.3961 -0.6927
vn -0.5580 0.4078 0.7227
vn 0.8683 0.3976 -0.2967
vn 0.2386 0.3935 -0.8878
vn 0.6944 0.7184 0.0404
vn 0.6721 0.7195 0.1747
vn -0.0454 0.7247 0.6876
vn -0.1798 0.7246 0.6652
vn 0.5518 0.7217 0.4179
vn 0.4586 0.7226 0.5172
vn -0.6576 0.7215 0.2167
vn -0.6884 0.7204 0.0840
vn 0.4247 0.7138 -0.5569
vn 0.5240 0.7144 -0.4636
vn -0.6703 0.7182 -0.1867
vn -0.6222 0.7171 -0.3141
vn 0.6239 0.7207 0.3022
vn -0.2218 0.7137 -0.6644
vn -0.0890 0.7133 -0.6952
vn 0.3477 0.7234 0.5964
vn -0.3073 0.7244 0.6171
vn -0.5501 0.7160 -0.4298
vn 0.6033 0.7153 -0.3528
vn 0.2235 0.7240 0.6525
vn 0.0472 0.7131 -0.6995
vn -0.4568 0.7151 -0.5291
vn -0.4229 0.7240 0.5450
vn 0.0908 0.7245 0.6833
vn 0.6594 0.7162 -0.2286
vn 0.1816 0.7131 -0.6771
vn -0.5223 0.7233 0.4517
vn 0.3091 0.7133 -0.6290
vn 0.6902 0.7173 -0.0958
vn -0.3460 0.7143 -0.6083
vn -0.6015 0.7225 0.3409
vn -0.6927 0.7193 -0.0522
vn -0.1270 0.8757 0.4658
vn -0.2206 0.8713 0.4383
vn -0.4491 0.8633 -0.2304
vn -0.4058 0.8559 -0.3207
vn 0.4007 0.8439 -0.3566
vn 0.4460 0.8553 -0.2638
vn 0.2570 0.8630 0.4350
vn 0.1616 0.8711 0.4638
vn -0.0630 0.8677 -0.4931
vn 0.0335 0.8689 -0.4938
vn -0.3486 0.8445 -0.4067
vn -0.3114 0.8633 0.3971
vn 0.0652 0.8756 0.4786
vn 0.4768 0.8627 -0.1686
vn 0.1292 0.8676 -0.4802
vn -0.3987 0.8506 0.3427
vn 0.2228 0.8634 -0.4527
vn 0.4929 0.8672 -0.0717
vn -0.2549 0.8563 -0.4492
vn -0.4439 0.8606 0.2496
vn -0.0314 0.8771 0.4793
vn -0.4907 0.8694 0.0573
vn -0.4918 0.8698 -0.0401
vn 0.4939 0.8691 0.0257
vn 0.3135 0.8559 -0.4113
vn -0.4778 0.8678 -0.1365
vn -0.4747 0.8665 0.1543
vn -0.1595 0.8637 -0.4782
vn 0.4511 0.8659 0.2161
vn 0.4079 0.8601 0.3064
vn 0.4799 0.8688 0.1221
vn 0.3507 0.8502 0.3927
vn -0.2733 0.9078 -0.3180
vn -0.1620 0.9336 -0.3197
vn -0.0667 0.9459 -0.3175
vn 0.0215 0.9496 -0.3129
vn 0.1095 0.9458 -0.3058
vn 0.2043 0.9333 -0.2953
vn 0.3145 0.9074 -0.2788
vn -0.2964 0.9316 -0.2102
vn -0.1675 0.9669 -0.1923
vn -0.0715 0.9810 -0.1805
vn 0.0122 0.9848 -0.1731
vn 0.0962 0.9809 -0.1692
vn 0.1928 0.9667 -0.1682
vn 0.3231 0.9312 -0.1689
vn -0.3109 0.9432 -0.1169
vn -0.1718 0.9800 -0.1003
vn -0.0757 0.9930 -0.0902
vn 0.0063 0.9965 -0.0836
vn 0.0883 0.9929 -0.0792
vn 0.1849 0.9798 -0.0764
vn 0.3249 0.9428 -0.0745
vn -0.3193 0.9472 -0.0292
vn -0.1767 0.9841 -0.0200
vn -0.0803 0.9967 -0.0137
vn 0.0012 1.0000 -0.0083
vn 0.0827 0.9966 -0.0029
vn 0.1790 0.9838 0.0037
vn 0.3216 0.9468 0.0135
vn -0.3226 0.9447 0.0588
vn -0.1825 0.9814 0.0602
vn -0.0859 0.9943 0.0628
vn -0.0038 0.9977 0.0671
vn 0.0781 0.9942 0.0738
vn 0.1742 0.9811 0.0841
vn 0.3132 0.9443 0.1013
vn -0.3208 0.9347 0.1534
vn -0.1905 0.9698 0.1522
vn -0.0938 0.9838 0.1530
vn -0.0098 0.9876 0.1569
vn 0.0740 0.9836 0.1642
vn 0.1699 0.9696 0.1763
vn 0.2987 0.9343 0.1948
vn -0.3123 0.9126 0.2638
vn -0.2020 0.9386 0.2798
vn -0.1072 0.9510 0.2901
vn -0.0192 0.9547 0.2971
vn 0.0690 0.9509 0.3018
vn 0.1643 0.9383 0.3042
vn 0.2756 0.9123 0.3029
vn 0.6287 0.7772 0.0266
vn 0.4880 0.6449 0.5882
vn 0.5477 0.6354 -0.5443
vn -0.1100 0.6856 -0.7196
vn -0.1845 0.6974 0.6926
vn 0.0064 -0.7123 -0.7018
vn 0.5948 -0.5958 -0.5397
vn -0.5798 0.6122 0.5376
vn -0.5196 0.6026 -0.6057
vn 0.0315 0.7096 0.7039
vn 0.0941 -0.6888 0.7188
vn -0.5546 -0.6289 0.5449
vn 0.1059 0.6979 -0.7084
vn -0.0436 -0.9990 0.0060
vn -0.1844 0.6974 0.6926
vn 0.7822 0.6173 0.0838
vn 0.7759 0.6244 0.0896
vn 0.7873 0.6136 0.0600
vn 0.7830 0.6210 -0.0373
vn 0.7877 0.6160 -0.0091
vn 0.7898 0.6121 0.0376
vn 0.7755 0.6294 -0.0507
vn 0.7900 0.6130 0.0151
vn -0.7985 0.5886 -0.1263
vn 0.1686 -0.7006 -0.6934
vn -0.8185 0.5703 -0.0690
vn -0.8139 0.5739 -0.0904
vn -0.8078 0.5885 0.0341
vn -0.8146 0.5798 0.0180
vn 0.1858 -0.9824 0.0180
vn -0.8188 0.5740 -0.0073
vn 0.0971 0.9953 -0.0032
vn -0.8068 0.5795 -0.1151
vn -0.8208 0.5704 -0.0289
vn -0.8208 0.5692 -0.0490
vn -0.3108 -0.9490 0.0527
vn 0.2812 -0.9490 0.1427
vn -0.3044 -0.9500 -0.0693
vn -0.3136 -0.9495 -0.0086
vn 0.2081 -0.9481 0.2405
vn 0.2495 -0.9485 0.1952
vn -0.2835 -0.9505 -0.1269
vn 0.1587 -0.9477 0.2768
vn -0.2518 -0.9510 -0.1794
vn 0.0153 -0.9524 -0.3046
vn 0.1032 -0.9474 0.3028
vn -0.2105 -0.9514 -0.2247
vn 0.0436 -0.9472 0.3175
vn 0.1336 -0.9523 -0.2745
vn 0.0760 -0.9524 -0.2954
vn -0.1611 -0.9518 -0.2611
vn -0.0176 -0.9471 0.3203
vn 0.1861 -0.9521 -0.2428
vn -0.0783 -0.9471 0.3111
vn 0.2314 -0.9518 -0.2014
vn -0.1360 -0.9472 0.2902
vn 0.2678 -0.9514 -0.1520
vn -0.1885 -0.9474 0.2585
vn 0.2938 -0.9510 -0.0965
vn -0.2338 -0.9477 0.2172
vn 0.3085 -0.9505 -0.0369
vn 0.0375 -0.6917 -0.7212
vn -0.1051 -0.6915 -0.7147
vn -0.2436 -0.6911 -0.6805
vn -0.3728 -0.6904 -0.6200
vn -0.4877 -0.6896 -0.5354
vn -0.5839 -0.6886 -0.4300
vn -0.6577 -0.6875 -0.3079
vn -0.7063 -0.6863 -0.1737
vn -0.7277 -0.6851 -0.0326
vn -0.7212 -0.6839 0.1099
vn -0.6870 -0.6828 0.2484
vn -0.6265 -0.6818 0.3776
vn -0.5419 -0.6810 0.4925
vn -0.4365 -0.6803 0.5887
vn -0.3144 -0.6799 0.6625
vn -0.1802 -0.6796 0.7111
vn -0.0391 -0.6796 0.7325
vn 0.1034 -0.6798 0.7260
vn 0.2419 -0.6803 0.6919
vn 0.3711 -0.6809 0.6313
vn 0.4861 -0.6818 0.5467
vn 0.5823 -0.6828 0.4414
vn 0.6560 -0.6839 0.3192
vn 0.7046 -0.6850 0.1851
vn 0.7260 -0.6862 0.0440
vn 0.7196 -0.6874 -0.0985
vn 0.6854 -0.6885 -0.2371
vn 0.6248 -0.6895 -0.3663
vn 0.5402 -0.6904 -0.4812
vn 0.4349 -0.6910 -0.5774
vn 0.3127 -0.6915 -0.6512
vn 0.1785 -0.6917 -0.6997
vt 0.014481 0.118376
vt 0.022345 0.131496
vt 0.036747 0.120814
vt 0.030691 0.110710
vt 0.044902 0.151941
vt 0.058730 0.158481
vt 0.064770 0.141598
vt 0.054121 0.136561
vt 0.155551 0.051655
vt 0.147687 0.038536
vt 0.133285 0.049217
vt 0.139341 0.059322
vt 0.007834 0.073567
vt 0.007084 0.088844
vt 0.024993 0.087965
vt 0.025571 0.076198
vt 0.032617 0.142829
vt 0.044658 0.129543
vt 0.160704 0.066057
vt 0.143310 0.070414
vt 0.011551 0.058730
vt 0.028434 0.064770
vt 0.162948 0.081187
vt 0.145039 0.082067
vt 0.018090 0.044902
vt 0.033471 0.054121
vt 0.162198 0.096465
vt 0.144460 0.093834
vt 0.027202 0.032617
vt 0.040488 0.044658
vt 0.009328 0.103975
vt 0.026722 0.099618
vt 0.158481 0.111302
vt 0.141598 0.105261
vt 0.038536 0.022345
vt 0.049217 0.036747
vt 0.151941 0.125129
vt 0.136561 0.115911
vt 0.051655 0.014481
vt 0.059322 0.030690
vt 0.142829 0.137415
vt 0.129543 0.125373
vt 0.066057 0.009328
vt 0.070414 0.026722
vt 0.131496 0.147687
vt 0.120814 0.133285
vt 0.081187 0.007084
vt 0.082067 0.024993
vt 0.118376 0.155551
vt 0.110710 0.139341
vt 0.096465 0.007834
vt 0.093834 0.025571
vt 0.103975 0.160704
vt 0.099618 0.143310
vt 0.111302 0.011551
vt 0.105261 0.028434
vt 0.088844 0.162948
vt 0.087965 0.145039
vt 0.125129 0.018090
vt 0.115911 0.033471
vt 0.073567 0.162198
vt 0.076198 0.144460
vt 0.137415 0.027202
vt 0.125373 0.040488
vt 0.373254 0.170704
vt 0.359534 0.178927
vt 0.360152 0.180232
vt 0.374114 0.171863
vt 0.320645 0.023671
vt 0.336621 0.024456
vt 0.336833 0.023027
vt 0.320574 0.022229
vt 0.344825 0.185716
vt 0.344474 0.184315
vt 0.352623 0.026983
vt 0.352137 0.028342
vt 0.328723 0.188105
vt 0.328652 0.186662
vt 0.367338 0.033943
vt 0.366596 0.035181
vt 0.312464 0.187306
vt 0.312676 0.185878
vt 0.380413 0.043640
vt 0.379444 0.044709
vt 0.245500 0.124992
vt 0.243153 0.109170
vt 0.241710 0.109241
vt 0.244099 0.125343
vt 0.296674 0.183351
vt 0.297160 0.181991
vt 0.391345 0.055701
vt 0.390185 0.056561
vt 0.281958 0.176391
vt 0.282701 0.175152
vt 0.399714 0.069663
vt 0.398409 0.070281
vt 0.242509 0.092982
vt 0.243937 0.093194
vt 0.268884 0.166694
vt 0.269853 0.165624
vt 0.405198 0.084990
vt 0.403797 0.085341
vt 0.246464 0.077192
vt 0.247824 0.077678
vt 0.257952 0.154632
vt 0.259111 0.153772
vt 0.407586 0.101092
vt 0.406144 0.101163
vt 0.253424 0.062477
vt 0.254663 0.063219
vt 0.249583 0.140670
vt 0.250888 0.140053
vt 0.406788 0.117351
vt 0.405359 0.117139
vt 0.263121 0.049402
vt 0.264191 0.050371
vt 0.402832 0.133141
vt 0.401473 0.132655
vt 0.275183 0.038470
vt 0.276043 0.039630
vt 0.395872 0.147857
vt 0.394634 0.147114
vt 0.289145 0.030101
vt 0.289762 0.031406
vt 0.386175 0.160931
vt 0.385106 0.159962
vt 0.304472 0.024617
vt 0.304823 0.026018
vt 0.328958 0.192889
vt 0.345989 0.190362
vt 0.369801 0.029834
vt 0.354237 0.022473
vt 0.311761 0.192044
vt 0.383630 0.040090
vt 0.239453 0.126507
vt 0.245253 0.142718
vt 0.295060 0.187861
vt 0.395192 0.052848
vt 0.236926 0.109476
vt 0.279496 0.180499
vt 0.404044 0.067615
vt 0.237771 0.092280
vt 0.265667 0.170243
vt 0.409844 0.083826
vt 0.241955 0.075578
vt 0.254104 0.157486
vt 0.412371 0.100857
vt 0.249316 0.060014
vt 0.411526 0.118054
vt 0.259572 0.046185
vt 0.407342 0.134755
vt 0.272329 0.034623
vt 0.399981 0.150319
vt 0.287097 0.025771
vt 0.389725 0.164148
vt 0.303308 0.019971
vt 0.376967 0.175711
vt 0.320339 0.017444
vt 0.362200 0.184562
vt 0.337535 0.018289
vt 0.233611 0.109639
vt 0.236233 0.127314
vt 0.277789 0.183346
vt 0.293942 0.190986
vt 0.407045 0.066196
vt 0.397859 0.050870
vt 0.234488 0.091793
vt 0.263438 0.172702
vt 0.413064 0.083020
vt 0.238829 0.074460
vt 0.251438 0.159463
vt 0.415686 0.100694
vt 0.246469 0.058308
vt 0.242252 0.144137
vt 0.414809 0.118541
vt 0.257113 0.043956
vt 0.410468 0.135873
vt 0.270352 0.031956
vt 0.402828 0.152026
vt 0.285678 0.022770
vt 0.392184 0.166377
vt 0.302501 0.016751
vt 0.378945 0.178377
vt 0.320176 0.014129
vt 0.363619 0.187563
vt 0.338022 0.015006
vt 0.346795 0.193582
vt 0.355355 0.019347
vt 0.329121 0.196204
vt 0.371507 0.026987
vt 0.311274 0.195327
vt 0.385859 0.037631
vt 0.410788 0.205182
vt 0.396993 0.204505
vt 0.396976 0.208883
vt 0.410826 0.209563
vt 0.222451 0.055818
vt 0.221578 0.073579
vt 0.225947 0.073793
vt 0.226823 0.055963
vt 0.380577 0.217502
vt 0.396316 0.218275
vt 0.396300 0.222653
vt 0.380499 0.221877
vt 0.381253 0.203731
vt 0.381175 0.208106
vt 0.410112 0.218953
vt 0.410149 0.223334
vt 0.364175 0.202892
vt 0.364030 0.207264
vt 0.219787 0.008962
vt 0.219109 0.022757
vt 0.214751 0.022345
vt 0.215431 0.008495
vt 0.346415 0.202020
vt 0.346200 0.206388
vt 0.218336 0.038497
vt 0.213974 0.038146
vt 0.328654 0.201147
vt 0.328370 0.205512
vt 0.217497 0.055575
vt 0.213132 0.055290
vt 0.311576 0.200308
vt 0.311225 0.204670
vt 0.216624 0.073335
vt 0.212256 0.073121
vt 0.295837 0.199535
vt 0.295424 0.203894
vt 0.215752 0.091096
vt 0.211380 0.090951
vt 0.282042 0.198857
vt 0.281575 0.203213
vt 0.214913 0.108174
vt 0.210538 0.108096
vt 0.281365 0.212628
vt 0.295161 0.213306
vt 0.294748 0.217664
vt 0.280898 0.216984
vt 0.214140 0.123913
vt 0.209762 0.123896
vt 0.310900 0.214079
vt 0.310549 0.218440
vt 0.220706 0.091339
vt 0.225071 0.091623
vt 0.213462 0.137708
vt 0.209081 0.137746
vt 0.327978 0.214918
vt 0.327694 0.219283
vt 0.219867 0.108417
vt 0.224229 0.108768
vt 0.224741 0.009205
vt 0.224063 0.023001
vt 0.228441 0.023017
vt 0.229122 0.009168
vt 0.345738 0.215790
vt 0.345524 0.220159
vt 0.219094 0.124156
vt 0.223452 0.124569
vt 0.223290 0.038740
vt 0.227665 0.038818
vt 0.363499 0.216663
vt 0.363354 0.221035
vt 0.218416 0.137952
vt 0.222772 0.138419
vt 0.345982 0.210836
vt 0.363421 0.211693
vt 0.209488 0.038694
vt 0.210248 0.023240
vt 0.328543 0.209980
vt 0.208665 0.055463
vt 0.311774 0.209156
vt 0.207808 0.072902
vt 0.296320 0.208397
vt 0.206951 0.090341
vt 0.282774 0.207731
vt 0.206127 0.107110
vt 0.295643 0.222167
vt 0.282097 0.221502
vt 0.205368 0.122564
vt 0.311097 0.222927
vt 0.229538 0.091451
vt 0.230395 0.074012
vt 0.204703 0.136110
vt 0.327866 0.223750
vt 0.228715 0.108220
vt 0.232835 0.024350
vt 0.233500 0.010804
vt 0.345305 0.224607
vt 0.227955 0.123674
vt 0.232076 0.039804
vt 0.362744 0.225464
vt 0.227290 0.137220
vt 0.231252 0.056573
vt 0.379513 0.226288
vt 0.395644 0.213276
vt 0.409190 0.213942
vt 0.394967 0.227047
vt 0.380190 0.212517
vt 0.408513 0.227712
vt 0.210913 0.009694
vt 0.271612 0.259760
vt 0.264111 0.275621
vt 0.257483 0.271648
vt 0.264336 0.257157
vt 0.097957 0.234001
vt 0.098818 0.216478
vt 0.106462 0.217612
vt 0.105675 0.233622
vt 0.253660 0.289712
vt 0.247934 0.284523
vt 0.103081 0.199459
vt 0.110357 0.202062
vt 0.240660 0.301495
vt 0.236057 0.295288
vt 0.110582 0.183599
vt 0.117210 0.187572
vt 0.225612 0.310514
vt 0.222308 0.303529
vt 0.182955 0.140220
vt 0.200479 0.141081
vt 0.199345 0.148725
vt 0.183334 0.147939
vt 0.121033 0.169507
vt 0.126759 0.174696
vt 0.209093 0.316425
vt 0.207215 0.308929
vt 0.217497 0.145344
vt 0.214894 0.152620
vt 0.134033 0.157725
vt 0.138636 0.163932
vt 0.191738 0.318999
vt 0.191359 0.311281
vt 0.233357 0.152845
vt 0.229385 0.159474
vt 0.149082 0.148705
vt 0.152386 0.155691
vt 0.174215 0.318138
vt 0.175348 0.310494
vt 0.247449 0.163297
vt 0.242260 0.169022
vt 0.165601 0.142795
vt 0.167478 0.150291
vt 0.157196 0.313875
vt 0.159799 0.306599
vt 0.259231 0.176296
vt 0.253025 0.180900
vt 0.141336 0.306374
vt 0.145308 0.299746
vt 0.268251 0.191345
vt 0.261266 0.194649
vt 0.127244 0.295923
vt 0.132433 0.290197
vt 0.274162 0.207864
vt 0.266666 0.209741
vt 0.115462 0.282923
vt 0.121668 0.278320
vt 0.276736 0.225218
vt 0.269018 0.225598
vt 0.106442 0.267875
vt 0.113428 0.264571
vt 0.275875 0.242742
vt 0.268231 0.241608
vt 0.100531 0.251356
vt 0.108027 0.249478
vt 0.219874 0.298383
vt 0.232666 0.290716
vt 0.198510 0.154355
vt 0.183614 0.153624
vt 0.130977 0.178519
vt 0.122093 0.190498
vt 0.205832 0.303407
vt 0.212976 0.157979
vt 0.142027 0.168504
vt 0.191079 0.305596
vt 0.226458 0.164356
vt 0.154819 0.160836
vt 0.176184 0.304864
vt 0.238437 0.173240
vt 0.168861 0.155812
vt 0.161717 0.301240
vt 0.248453 0.184290
vt 0.148235 0.294864
vt 0.256120 0.197082
vt 0.136256 0.285979
vt 0.261144 0.211124
vt 0.126240 0.274929
vt 0.263333 0.225877
vt 0.118573 0.262137
vt 0.262601 0.240773
vt 0.113549 0.248095
vt 0.258977 0.255240
vt 0.111361 0.233343
vt 0.252600 0.268721
vt 0.112092 0.218447
vt 0.243716 0.280700
vt 0.115716 0.203980
vt 0.175649 0.308465
vt 0.191258 0.309232
vt 0.240882 0.170542
vt 0.228330 0.161233
vt 0.167977 0.152280
vt 0.153263 0.157545
vt 0.160490 0.304668
vt 0.251377 0.182122
vt 0.183435 0.149987
vt 0.146363 0.297986
vt 0.259411 0.195526
vt 0.133811 0.288677
vt 0.264676 0.210240
vt 0.123316 0.277098
vt 0.266969 0.225698
vt 0.115282 0.263694
vt 0.266202 0.241307
vt 0.110017 0.248980
vt 0.262405 0.256466
vt 0.107724 0.233521
vt 0.255723 0.270593
vt 0.108491 0.217913
vt 0.246414 0.283145
vt 0.112288 0.202753
vt 0.234835 0.293640
vt 0.118970 0.188626
vt 0.221430 0.301674
vt 0.199044 0.150754
vt 0.128279 0.176074
vt 0.206716 0.306939
vt 0.214203 0.154551
vt 0.139858 0.165579
vt 0.130876 0.291916
vt 0.144116 0.301735
vt 0.002420 0.181206
vt 0.002420 0.196160
vt 0.008037 0.195308
vt 0.008037 0.179533
vt 0.119805 0.279702
vt 0.002420 0.211713
vt 0.008037 0.211713
vt 0.045903 0.276152
vt 0.045903 0.262370
vt 0.051520 0.264043
vt 0.051520 0.278581
vt 0.002420 0.227265
vt 0.008037 0.228118
vt 0.045903 0.247416
vt 0.051520 0.248268
vt 0.002420 0.242220
vt 0.008037 0.243892
vt 0.045903 0.231863
vt 0.051520 0.231863
vt 0.002420 0.256002
vt 0.008037 0.258430
vt 0.045903 0.216311
vt 0.051520 0.215458
vt 0.249653 0.286081
vt 0.259472 0.272840
vt 0.045903 0.201356
vt 0.051520 0.199684
vt 0.237438 0.297151
vt 0.045903 0.187574
vt 0.051520 0.185146
vt 0.107524 0.336197
vt 0.093741 0.336197
vt 0.095414 0.330580
vt 0.109952 0.330580
vt 0.182547 0.365893
vt 0.198100 0.365893
vt 0.198952 0.360275
vt 0.182547 0.360275
vt 0.125041 0.173139
vt 0.115221 0.186379
vt 0.078787 0.336197
vt 0.079639 0.330580
vt 0.213054 0.365893
vt 0.214727 0.360275
vt 0.137255 0.162069
vt 0.063234 0.336197
vt 0.063234 0.330580
vt 0.226836 0.365893
vt 0.229265 0.360275
vt 0.138258 0.365893
vt 0.152040 0.365893
vt 0.150368 0.360275
vt 0.135830 0.360275
vt 0.047682 0.336197
vt 0.046829 0.330580
vt 0.243818 0.167304
vt 0.230577 0.157484
vt 0.166995 0.365893
vt 0.166142 0.360275
vt 0.032728 0.336197
vt 0.031055 0.330580
vt 0.254888 0.179518
vt 0.018945 0.336197
vt 0.016517 0.330580
vt 0.002420 0.167424
vt 0.008037 0.164995
vt 0.060521 0.248652
vt 0.060521 0.264796
vt 0.017038 0.244645
vt 0.017038 0.228501
vt 0.060521 0.231863
vt 0.017038 0.259523
vt 0.060521 0.215075
vt 0.008037 0.271173
vt 0.017038 0.272564
vt 0.060521 0.198931
vt 0.122695 0.330580
vt 0.111045 0.321579
vt 0.124085 0.321579
vt 0.060521 0.184053
vt 0.096167 0.321579
vt 0.199336 0.351274
vt 0.182547 0.351274
vt 0.051520 0.172403
vt 0.060521 0.171012
vt 0.080023 0.321579
vt 0.215480 0.351274
vt 0.123087 0.360275
vt 0.134737 0.351274
vt 0.121696 0.351274
vt 0.063234 0.321579
vt 0.230358 0.351274
vt 0.149615 0.351274
vt 0.046446 0.321579
vt 0.242007 0.360275
vt 0.243398 0.351274
vt 0.165759 0.351274
vt 0.030302 0.321579
vt 0.008037 0.152253
vt 0.017038 0.163902
vt 0.017038 0.150862
vt 0.015424 0.321579
vt 0.017038 0.178780
vt 0.003774 0.330580
vt 0.002384 0.321579
vt 0.017038 0.194924
vt 0.051520 0.291323
vt 0.060521 0.279673
vt 0.060521 0.292714
vt 0.017038 0.211713
vt 0.067208 0.199042
vt 0.067208 0.215131
vt 0.110884 0.314891
vt 0.123881 0.314891
vt 0.067208 0.184214
vt 0.096056 0.314891
vt 0.199280 0.344587
vt 0.182547 0.344587
vt 0.067208 0.171217
vt 0.079967 0.314891
vt 0.215369 0.344587
vt 0.134898 0.344587
vt 0.121901 0.344587
vt 0.063234 0.314891
vt 0.230197 0.344587
vt 0.149726 0.344587
vt 0.046502 0.314891
vt 0.243194 0.344587
vt 0.165815 0.344587
vt 0.030413 0.314891
vt 0.023725 0.164063
vt 0.023725 0.151066
vt 0.015585 0.314891
vt 0.023725 0.178891
vt 0.002588 0.314891
vt 0.023725 0.194980
vt 0.067208 0.279513
vt 0.067208 0.292509
vt 0.023725 0.211713
vt 0.067208 0.264685
vt 0.023725 0.228445
vt 0.067208 0.248596
vt 0.023725 0.244534
vt 0.067208 0.231863
vt 0.023725 0.259362
vt 0.023725 0.272359
vt 0.212966 0.335399
vt 0.198054 0.335399
vt 0.138387 0.335399
vt 0.126341 0.335399
vt 0.063234 0.305703
vt 0.078742 0.305703
vt 0.226708 0.335399
vt 0.152129 0.335399
vt 0.047727 0.305703
vt 0.238753 0.335399
vt 0.167040 0.335399
vt 0.032816 0.305703
vt 0.032914 0.167552
vt 0.032914 0.155507
vt 0.182547 0.335399
vt 0.019074 0.305703
vt 0.032914 0.181294
vt 0.007029 0.305703
vt 0.032914 0.196206
vt 0.076397 0.276024
vt 0.076397 0.288069
vt 0.032914 0.211713
vt 0.076397 0.262282
vt 0.032914 0.227220
vt 0.076397 0.247370
vt 0.032914 0.242131
vt 0.076397 0.231863
vt 0.032914 0.255873
vt 0.076397 0.216356
vt 0.032914 0.267918
vt 0.076397 0.201445
vt 0.107395 0.305703
vt 0.119440 0.305703
vt 0.076397 0.187703
vt 0.093653 0.305703
vt 0.076397 0.175657
vt 0.267756 0.387493
vt 0.258474 0.374978
vt 0.265263 0.370908
vt 0.273621 0.382177
vt 0.182547 0.327481
vt 0.168584 0.327481
vt 0.360637 0.262258
vt 0.374002 0.270269
vt 0.369287 0.276627
vt 0.357252 0.269414
vt 0.251811 0.360891
vt 0.259265 0.358225
vt 0.385548 0.280733
vt 0.379682 0.286049
vt 0.248025 0.345776
vt 0.255855 0.344615
vt 0.394830 0.293249
vt 0.388040 0.297318
vt 0.040832 0.211713
vt 0.040832 0.197750
vt 0.401492 0.307335
vt 0.394039 0.310002
vt 0.040832 0.225675
vt 0.405279 0.322450
vt 0.397448 0.323611
vt 0.249547 0.314799
vt 0.254796 0.300128
vt 0.261952 0.303513
vt 0.257226 0.316723
vt 0.084314 0.231863
vt 0.084314 0.245826
vt 0.262807 0.286763
vt 0.269165 0.291478
vt 0.084314 0.217900
vt 0.273272 0.275217
vt 0.278588 0.281082
vt 0.403757 0.353427
vt 0.398507 0.368098
vt 0.391351 0.364714
vt 0.396078 0.351503
vt 0.285787 0.265935
vt 0.289857 0.272725
vt 0.390496 0.381463
vt 0.384138 0.376748
vt 0.299873 0.259273
vt 0.302540 0.266726
vt 0.196510 0.327481
vt 0.380032 0.393009
vt 0.374716 0.387144
vt 0.314989 0.255486
vt 0.316150 0.263317
vt 0.307338 0.411218
vt 0.292667 0.405969
vt 0.296051 0.398813
vt 0.309262 0.403539
vt 0.367516 0.402291
vt 0.363447 0.395502
vt 0.063234 0.297785
vt 0.077197 0.297785
vt 0.279301 0.397958
vt 0.284017 0.391600
vt 0.353430 0.408954
vt 0.350763 0.401500
vt 0.049272 0.297785
vt 0.338315 0.412740
vt 0.337153 0.404909
vt 0.345966 0.257008
vt 0.344042 0.264687
vt 0.255167 0.330601
vt 0.262164 0.330945
vt 0.262785 0.343587
vt 0.387443 0.312362
vt 0.382031 0.300920
vt 0.264022 0.318425
vt 0.390518 0.324639
vt 0.268286 0.306508
vt 0.398137 0.337625
vt 0.391139 0.337281
vt 0.274793 0.295652
vt 0.389282 0.349801
vt 0.283293 0.286273
vt 0.385018 0.361718
vt 0.293459 0.278734
vt 0.378511 0.372575
vt 0.304900 0.273322
vt 0.323140 0.405598
vt 0.310964 0.396743
vt 0.323484 0.398601
vt 0.370011 0.381953
vt 0.317178 0.270247
vt 0.299047 0.392479
vt 0.359845 0.389493
vt 0.330164 0.262628
vt 0.329820 0.269626
vt 0.288190 0.385972
vt 0.348403 0.394904
vt 0.342340 0.271483
vt 0.278812 0.377472
vt 0.336126 0.397979
vt 0.354257 0.275747
vt 0.271272 0.367306
vt 0.365113 0.282254
vt 0.265861 0.355864
vt 0.374491 0.290754
vt 0.210255 0.464525
vt 0.221418 0.464525
vt 0.218857 0.456166
vt 0.208491 0.456166
vt 0.457016 0.334025
vt 0.457016 0.321429
vt 0.465375 0.322329
vt 0.465375 0.334025
vt 0.231202 0.464525
vt 0.227942 0.456166
vt 0.457016 0.309317
vt 0.465375 0.311081
vt 0.467621 0.193022
vt 0.467621 0.183238
vt 0.475980 0.180677
vt 0.475980 0.189762
vt 0.457016 0.298155
vt 0.465375 0.300716
vt 0.467621 0.172075
vt 0.475980 0.170311
vt 0.168578 0.492099
vt 0.181174 0.492099
vt 0.180275 0.483740
vt 0.168578 0.483740
vt 0.457016 0.288371
vt 0.465375 0.291630
vt 0.467621 0.159963
vt 0.475980 0.159064
vt 0.193286 0.492099
vt 0.191522 0.483740
vt 0.122924 0.492099
vt 0.132708 0.492099
vt 0.135269 0.483740
vt 0.126183 0.483740
vt 0.467621 0.147367
vt 0.475980 0.147367
vt 0.204449 0.492099
vt 0.201888 0.483740
vt 0.143870 0.492099
vt 0.145634 0.483740
vt 0.467621 0.134771
vt 0.475980 0.135670
vt 0.214233 0.492099
vt 0.210973 0.483740
vt 0.155982 0.492099
vt 0.156882 0.483740
vt 0.467621 0.122659
vt 0.475980 0.124423
vt 0.139893 0.464525
vt 0.149677 0.464525
vt 0.152238 0.456166
vt 0.143152 0.456166
vt 0.467621 0.111497
vt 0.475980 0.114058
vt 0.160839 0.464525
vt 0.162603 0.456166
vt 0.467621 0.101713
vt 0.475980 0.104972
vt 0.172951 0.464525
vt 0.173850 0.456166
vt 0.457016 0.379680
vt 0.457016 0.369896
vt 0.465375 0.367335
vt 0.465375 0.376421
vt 0.185547 0.464525
vt 0.185547 0.456166
vt 0.457016 0.358733
vt 0.465375 0.356970
vt 0.198143 0.464525
vt 0.197244 0.456166
vt 0.457016 0.346622
vt 0.465375 0.345722
vt 0.482668 0.170404
vt 0.482668 0.180812
vt 0.180323 0.477053
vt 0.168578 0.477053
vt 0.472062 0.291458
vt 0.472062 0.300581
vt 0.482668 0.159111
vt 0.191616 0.477053
vt 0.135133 0.477053
vt 0.126011 0.477053
vt 0.482668 0.147367
vt 0.202023 0.477053
vt 0.145541 0.477053
vt 0.482668 0.135623
vt 0.211146 0.477053
vt 0.156834 0.477053
vt 0.482668 0.124330
vt 0.152102 0.449478
vt 0.142980 0.449478
vt 0.482668 0.113922
vt 0.162510 0.449478
vt 0.482668 0.104800
vt 0.173803 0.449478
vt 0.472062 0.367470
vt 0.472062 0.376593
vt 0.185547 0.449478
vt 0.472062 0.357063
vt 0.197292 0.449478
vt 0.472062 0.345770
vt 0.208585 0.449478
vt 0.472062 0.334025
vt 0.218992 0.449478
vt 0.472062 0.322281
vt 0.228115 0.449478
vt 0.472062 0.310988
vt 0.482668 0.189934
vt 0.485236 0.135450
vt 0.485236 0.147367
vt 0.211773 0.474485
vt 0.202516 0.474485
vt 0.156661 0.474485
vt 0.145202 0.474485
vt 0.485236 0.123990
vt 0.151609 0.446910
vt 0.142353 0.446910
vt 0.168578 0.474485
vt 0.485236 0.113429
vt 0.162170 0.446910
vt 0.485236 0.104172
vt 0.173630 0.446910
vt 0.474630 0.367963
vt 0.474630 0.377220
vt 0.185547 0.446910
vt 0.474630 0.357402
vt 0.197465 0.446910
vt 0.474630 0.345943
vt 0.208924 0.446910
vt 0.474630 0.334025
vt 0.219485 0.446910
vt 0.474630 0.322108
vt 0.228742 0.446910
vt 0.474630 0.310649
vt 0.485236 0.181305
vt 0.485236 0.190562
vt 0.474630 0.300088
vt 0.485236 0.170744
vt 0.180496 0.474485
vt 0.474630 0.290831
vt 0.485236 0.159285
vt 0.191955 0.474485
vt 0.134640 0.474485
vt 0.125384 0.474485
vt 0.487857 0.103032
vt 0.487857 0.112533
vt 0.173315 0.444289
vt 0.161553 0.444289
vt 0.477251 0.368859
vt 0.477251 0.378361
vt 0.185547 0.444289
vt 0.477251 0.358020
vt 0.197779 0.444289
vt 0.477251 0.346258
vt 0.209541 0.444289
vt 0.477251 0.334025
vt 0.220381 0.444289
vt 0.477251 0.321793
vt 0.229882 0.444289
vt 0.477251 0.310031
vt 0.487857 0.182201
vt 0.487857 0.191702
vt 0.477251 0.299192
vt 0.487857 0.171361
vt 0.180810 0.471863
vt 0.168578 0.471863
vt 0.477251 0.289690
vt 0.487857 0.159599
vt 0.192572 0.471863
vt 0.133744 0.471863
vt 0.124243 0.471863
vt 0.487857 0.147367
vt 0.203412 0.471863
vt 0.144584 0.471863
vt 0.487857 0.135135
vt 0.212914 0.471863
vt 0.156346 0.471863
vt 0.487857 0.123373
vt 0.150713 0.444289
vt 0.141212 0.444289
vt 0.394065 0.082141
vt 0.395869 0.094299
vt 0.398455 0.094172
vt 0.396577 0.081511
vt 0.274211 0.076252
vt 0.279466 0.065141
vt 0.277245 0.063810
vt 0.271773 0.075380
vt 0.395266 0.106575
vt 0.397827 0.106955
vt 0.286788 0.055269
vt 0.284869 0.053530
vt 0.392279 0.118498
vt 0.394717 0.119370
vt 0.295895 0.047015
vt 0.294352 0.044935
vt 0.387024 0.129609
vt 0.389245 0.130940
vt 0.306437 0.040696
vt 0.305330 0.038355
vt 0.379702 0.139482
vt 0.381620 0.141221
vt 0.318010 0.036555
vt 0.317381 0.034043
vt 0.324045 0.159396
vt 0.312122 0.156410
vt 0.311250 0.158847
vt 0.323665 0.161957
vt 0.370595 0.147736
vt 0.372137 0.149816
vt 0.330168 0.034751
vt 0.330041 0.032165
vt 0.301011 0.151154
vt 0.299680 0.153375
vt 0.360052 0.154055
vt 0.361159 0.156396
vt 0.342445 0.035354
vt 0.342825 0.032793
vt 0.291138 0.143832
vt 0.289400 0.145751
vt 0.348479 0.158196
vt 0.349109 0.160707
vt 0.354368 0.038341
vt 0.355240 0.035903
vt 0.282884 0.134725
vt 0.280804 0.136268
vt 0.336321 0.159999
vt 0.336448 0.162585
vt 0.365479 0.043596
vt 0.366810 0.041375
vt 0.276565 0.124183
vt 0.274224 0.125290
vt 0.375351 0.050918
vt 0.377090 0.049000
vt 0.272424 0.112610
vt 0.269913 0.113239
vt 0.383606 0.060025
vt 0.385685 0.058483
vt 0.270621 0.100452
vt 0.268035 0.100579
vt 0.389924 0.070568
vt 0.392265 0.069461
vt 0.271224 0.088175
vt 0.268663 0.087795
vt 0.273513 0.007424
vt 0.261265 0.007424
vt 0.260941 0.004990
vt 0.273348 0.004990
vt 0.362112 0.320289
vt 0.352218 0.320289
vt 0.352689 0.317855
vt 0.362711 0.317855
vt 0.249978 0.007424
vt 0.249507 0.004990
vt 0.340931 0.320289
vt 0.341255 0.317855
vt 0.315946 0.346803
vt 0.328683 0.346803
vt 0.328848 0.344368
vt 0.315946 0.344369
vt 0.240084 0.007424
vt 0.239485 0.004990
vt 0.328683 0.320289
vt 0.328848 0.317855
vt 0.340931 0.346803
vt 0.341255 0.344368
vt 0.269780 0.346803
vt 0.279673 0.346803
vt 0.279202 0.344369
vt 0.269180 0.344369
vt 0.315946 0.320289
vt 0.315946 0.317855
vt 0.352218 0.346803
vt 0.352689 0.344368
vt 0.290961 0.346803
vt 0.290636 0.344369
vt 0.303208 0.320289
vt 0.303043 0.317855
vt 0.362112 0.346803
vt 0.362711 0.344368
vt 0.303208 0.346803
vt 0.303043 0.344369
vt 0.290961 0.320289
vt 0.290636 0.317855
vt 0.271901 0.356348
vt 0.281794 0.356348
vt 0.281324 0.353914
vt 0.271301 0.353914
vt 0.279673 0.320289
vt 0.279202 0.317855
vt 0.293082 0.356348
vt 0.292758 0.353914
vt 0.269780 0.320289
vt 0.269180 0.317855
vt 0.305330 0.356348
vt 0.305164 0.353914
vt 0.332416 0.007424
vt 0.322523 0.007424
vt 0.322993 0.004990
vt 0.333015 0.004990
vt 0.318067 0.356348
vt 0.318067 0.353914
vt 0.311235 0.007424
vt 0.311559 0.004990
vt 0.330804 0.356348
vt 0.330969 0.353914
vt 0.298987 0.007424
vt 0.299153 0.004990
vt 0.343052 0.356348
vt 0.343376 0.353914
vt 0.286250 0.007424
vt 0.286250 0.004990
vt 0.354339 0.356348
vt 0.354810 0.353914
vt 0.364233 0.356348
vt 0.364832 0.353914
vt 0.280027 0.342322
vt 0.270230 0.342322
vt 0.315946 0.315808
vt 0.328559 0.315808
vt 0.351864 0.342322
vt 0.340687 0.342322
vt 0.291205 0.342322
vt 0.303333 0.315808
vt 0.361661 0.342322
vt 0.303333 0.342322
vt 0.291205 0.315808
vt 0.282148 0.351867
vt 0.272351 0.351867
vt 0.315946 0.342322
vt 0.280027 0.315808
vt 0.293326 0.351867
vt 0.270230 0.315808
vt 0.305454 0.351867
vt 0.322168 0.002943
vt 0.331965 0.002943
vt 0.318067 0.351867
vt 0.310991 0.002943
vt 0.330680 0.351867
vt 0.298863 0.002943
vt 0.342808 0.351867
vt 0.286250 0.002943
vt 0.353985 0.351867
vt 0.273637 0.002943
vt 0.363782 0.351867
vt 0.261509 0.002943
vt 0.351864 0.315808
vt 0.361661 0.315808
vt 0.250332 0.002943
vt 0.340687 0.315808
vt 0.328559 0.342322
vt 0.240535 0.002943
vt 0.176315 0.162150
vt 0.188852 0.160291
vt 0.189106 0.165462
vt 0.177573 0.167172
vt 0.170244 0.285736
vt 0.158787 0.280317
vt 0.161448 0.275877
vt 0.171988 0.280862
vt 0.243952 0.186351
vt 0.250468 0.197222
vt 0.245788 0.199436
vt 0.239794 0.189435
vt 0.148607 0.272768
vt 0.152084 0.268932
vt 0.254738 0.209155
vt 0.249716 0.210413
vt 0.140096 0.263377
vt 0.144254 0.260293
vt 0.256597 0.221692
vt 0.251427 0.221946
vt 0.133580 0.252506
vt 0.138260 0.250293
vt 0.255976 0.234350
vt 0.250855 0.233591
vt 0.129310 0.240573
vt 0.134332 0.239315
vt 0.252896 0.246645
vt 0.248022 0.244900
vt 0.127451 0.228037
vt 0.132622 0.227783
vt 0.247477 0.258102
vt 0.243037 0.255440
vt 0.128073 0.215378
vt 0.133194 0.216138
vt 0.239928 0.268281
vt 0.236092 0.264805
vt 0.131152 0.203084
vt 0.136027 0.204828
vt 0.230537 0.276793
vt 0.227453 0.272634
vt 0.136571 0.191627
vt 0.141011 0.194288
vt 0.219666 0.283308
vt 0.217453 0.278628
vt 0.201510 0.160913
vt 0.200751 0.166034
vt 0.144121 0.181447
vt 0.147957 0.184924
vt 0.207733 0.287578
vt 0.206475 0.282556
vt 0.213804 0.163992
vt 0.212060 0.168867
vt 0.153511 0.172936
vt 0.156595 0.177094
vt 0.195196 0.289438
vt 0.194942 0.284267
vt 0.225261 0.169411
vt 0.222600 0.173851
vt 0.164382 0.166420
vt 0.166596 0.171100
vt 0.182538 0.288816
vt 0.183297 0.283695
vt 0.235441 0.176961
vt 0.231964 0.180797
vt 0.142268 0.248397
vt 0.147815 0.257652
vt 0.246469 0.232940
vt 0.246998 0.222163
vt 0.138633 0.238238
vt 0.243847 0.243407
vt 0.137050 0.227565
vt 0.239234 0.253161
vt 0.137579 0.216788
vt 0.232806 0.261827
vt 0.140201 0.206322
vt 0.224812 0.269073
vt 0.144814 0.196568
vt 0.215557 0.274620
vt 0.200100 0.170420
vt 0.189323 0.169890
vt 0.151242 0.187901
vt 0.205398 0.278255
vt 0.210567 0.173041
vt 0.159237 0.180655
vt 0.194725 0.279838
vt 0.220320 0.177655
vt 0.168491 0.175108
vt 0.183948 0.279309
vt 0.228987 0.184082
vt 0.178650 0.171473
vt 0.173482 0.276687
vt 0.236233 0.192077
vt 0.163728 0.272074
vt 0.241780 0.201331
vt 0.155061 0.265646
vt 0.245415 0.211490
vt 0.002098 0.382122
vt 0.002098 0.371384
vt 0.008050 0.372134
vt 0.008050 0.382122
vt 0.125653 0.437094
vt 0.125653 0.445435
vt 0.131605 0.442719
vt 0.131605 0.434960
vt 0.002098 0.361059
vt 0.008050 0.362529
vt 0.468767 0.468767
vt 0.460426 0.468767
vt 0.458292 0.462815
vt 0.466051 0.462815
vt 0.002098 0.351544
vt 0.008050 0.353678
vt 0.450910 0.468767
vt 0.449441 0.462815
vt 0.440453 0.283169
vt 0.451191 0.283169
vt 0.450442 0.277217
vt 0.440453 0.277217
vt 0.002098 0.343203
vt 0.008050 0.345919
vt 0.440585 0.468767
vt 0.439836 0.462815
vt 0.461516 0.283169
vt 0.460046 0.277217
vt 0.401534 0.283169
vt 0.409874 0.283169
vt 0.412008 0.277217
vt 0.404250 0.277217
vt 0.429847 0.468767
vt 0.429847 0.462815
vt 0.471032 0.283169
vt 0.468898 0.277217
vt 0.419390 0.283169
vt 0.420860 0.277217
vt 0.419110 0.468767
vt 0.419859 0.462815
vt 0.479372 0.283169
vt 0.476656 0.277217
vt 0.429715 0.283169
vt 0.430465 0.277217
vt 0.408784 0.468767
vt 0.410254 0.462815
vt 0.125653 0.367596
vt 0.125653 0.375936
vt 0.131605 0.378070
vt 0.131605 0.370312
vt 0.399269 0.468767
vt 0.401403 0.462815
vt 0.125653 0.385452
vt 0.131605 0.386922
vt 0.390928 0.468767
vt 0.393644 0.462815
vt 0.125653 0.395777
vt 0.131605 0.396527
vt 0.002098 0.421042
vt 0.002098 0.412701
vt 0.008050 0.410567
vt 0.008050 0.418326
vt 0.125653 0.406515
vt 0.131605 0.406515
vt 0.002098 0.403185
vt 0.008050 0.401715
vt 0.125653 0.417253
vt 0.131605 0.416504
vt 0.002098 0.392860
vt 0.008050 0.392111
vt 0.125653 0.427578
vt 0.131605 0.426108
vt 0.449146 0.261984
vt 0.440453 0.261984
vt 0.023284 0.350613
vt 0.023284 0.357366
vt 0.438541 0.447582
vt 0.446900 0.447582
vt 0.457506 0.261984
vt 0.415696 0.261984
vt 0.408944 0.261984
vt 0.429847 0.447582
vt 0.465210 0.261984
vt 0.423400 0.261984
vt 0.421154 0.447582
vt 0.471962 0.261984
vt 0.431760 0.261984
vt 0.412795 0.447582
vt 0.146839 0.381759
vt 0.146839 0.375006
vt 0.405091 0.447582
vt 0.146839 0.389463
vt 0.398338 0.447582
vt 0.146839 0.397822
vt 0.023284 0.406879
vt 0.023284 0.413631
vt 0.146839 0.406515
vt 0.023284 0.399175
vt 0.146839 0.415209
vt 0.023284 0.390816
vt 0.146839 0.423568
vt 0.023284 0.382122
vt 0.146839 0.431272
vt 0.023284 0.373429
vt 0.146839 0.438024
vt 0.023284 0.365070
vt 0.454604 0.447582
vt 0.461357 0.447582
vt 0.039065 0.397100
vt 0.039065 0.403866
vt 0.468127 0.246202
vt 0.462197 0.246202
vt 0.162621 0.414150
vt 0.162621 0.406515
vt 0.039065 0.389758
vt 0.162621 0.384772
vt 0.162621 0.378841
vt 0.162621 0.421492
vt 0.039065 0.382122
vt 0.162621 0.391538
vt 0.162621 0.428259
vt 0.039065 0.374487
vt 0.162621 0.434189
vt 0.039065 0.367145
vt 0.451591 0.431800
vt 0.457522 0.431800
vt 0.039065 0.360379
vt 0.444825 0.431800
vt 0.039065 0.354448
vt 0.437483 0.431800
vt 0.418709 0.246202
vt 0.412779 0.246202
vt 0.429847 0.431800
vt 0.425476 0.246202
vt 0.422212 0.431800
vt 0.432818 0.246202
vt 0.414870 0.431800
vt 0.440453 0.246202
vt 0.408104 0.431800
vt 0.448088 0.246202
vt 0.402173 0.431800
vt 0.455430 0.246202
vt 0.162621 0.398880
vt 0.039065 0.409797
vt 0.054540 0.375521
vt 0.054540 0.382122
vt 0.178095 0.430442
vt 0.178095 0.425314
vt 0.054540 0.369173
vt 0.448646 0.416325
vt 0.453774 0.416325
vt 0.054540 0.363323
vt 0.442796 0.416325
vt 0.447054 0.230727
vt 0.440453 0.230727
vt 0.054540 0.358196
vt 0.436449 0.416325
vt 0.453402 0.230727
vt 0.421654 0.230727
vt 0.416527 0.230727
vt 0.429847 0.416325
vt 0.459252 0.230727
vt 0.427504 0.230727
vt 0.423246 0.416325
vt 0.464379 0.230727
vt 0.433852 0.230727
vt 0.416899 0.416325
vt 0.178095 0.387716
vt 0.178095 0.382589
vt 0.411049 0.416325
vt 0.178095 0.393566
vt 0.405921 0.416325
vt 0.178095 0.399914
vt 0.054540 0.400921
vt 0.054540 0.406049
vt 0.178095 0.406515
vt 0.054540 0.395071
vt 0.178095 0.413116
vt 0.054540 0.388724
vt 0.178095 0.419464
vt 0.067807 0.359573
vt 0.067807 0.364405
vt 0.436069 0.403058
vt 0.442051 0.403058
vt 0.452657 0.217460
vt 0.446674 0.217460
vt 0.422736 0.217460
vt 0.417903 0.217460
vt 0.429847 0.403058
vt 0.458170 0.217460
vt 0.428249 0.217460
vt 0.423626 0.403058
vt 0.463003 0.217460
vt 0.434232 0.217460
vt 0.417644 0.403058
vt 0.191363 0.388798
vt 0.191363 0.383966
vt 0.440453 0.217460
vt 0.412130 0.403058
vt 0.191363 0.394311
vt 0.407298 0.403058
vt 0.191363 0.400294
vt 0.067807 0.399839
vt 0.067807 0.404672
vt 0.191363 0.406515
vt 0.067807 0.394326
vt 0.191363 0.412737
vt 0.067807 0.388344
vt 0.191363 0.418719
vt 0.067807 0.382122
vt 0.191363 0.424232
vt 0.067807 0.375901
vt 0.191363 0.429065
vt 0.067807 0.369919
vt 0.447565 0.403058
vt 0.452397 0.403058
vt 0.434589 0.198201
vt 0.428950 0.198201
vt 0.418344 0.383798
vt 0.423983 0.383798
vt 0.210622 0.389815
vt 0.210622 0.385260
vt 0.440453 0.198201
vt 0.413147 0.383798
vt 0.210622 0.395012
vt 0.408592 0.383798
vt 0.210622 0.400651
vt 0.087067 0.398823
vt 0.087067 0.403378
vt 0.210622 0.406515
vt 0.087067 0.393626
vt 0.210622 0.412380
vt 0.087067 0.387987
vt 0.210622 0.418019
vt 0.087067 0.382122
vt 0.210622 0.423216
vt 0.087067 0.376258
vt 0.210622 0.427771
vt 0.087067 0.370619
vt 0.446548 0.383798
vt 0.451103 0.383798
vt 0.087067 0.365422
vt 0.441351 0.383798
vt 0.446317 0.198201
vt 0.087067 0.360867
vt 0.435712 0.383798
vt 0.451956 0.198201
vt 0.423753 0.198201
vt 0.419197 0.198201
vt 0.429847 0.383798
vt 0.457153 0.198201
vt 0.461709 0.198201
vt 0.103598 0.398513
vt 0.103598 0.402984
vt 0.227153 0.406515
vt 0.227153 0.400759
vt 0.103598 0.393413
vt 0.227153 0.412271
vt 0.103598 0.387878
vt 0.227153 0.417806
vt 0.103598 0.382122
vt 0.227153 0.422906
vt 0.103598 0.376367
vt 0.227153 0.427377
vt 0.103598 0.370832
vt 0.446239 0.367267
vt 0.450709 0.367267
vt 0.103598 0.365731
vt 0.441138 0.367267
vt 0.446209 0.181670
vt 0.440453 0.181670
vt 0.103598 0.361260
vt 0.435603 0.367267
vt 0.451743 0.181670
vt 0.424062 0.181670
vt 0.419591 0.181670
vt 0.429847 0.367267
vt 0.456844 0.181670
vt 0.429163 0.181670
vt 0.424092 0.367267
vt 0.461315 0.181670
vt 0.434697 0.181670
vt 0.418557 0.367267
vt 0.227153 0.390124
vt 0.227153 0.385653
vt 0.413456 0.367267
vt 0.227153 0.395225
vt 0.408985 0.367267
vt 0.116611 0.382122
vt 0.116611 0.387766
vt 0.240166 0.422586
vt 0.240166 0.417585
vt 0.116611 0.376479
vt 0.240166 0.426970
vt 0.116611 0.371052
vt 0.445919 0.354254
vt 0.450302 0.354254
vt 0.116611 0.366051
vt 0.440917 0.354254
vt 0.446096 0.168656
vt 0.440453 0.168656
vt 0.116611 0.361668
vt 0.435491 0.354254
vt 0.451523 0.168656
vt 0.424382 0.168656
vt 0.419998 0.168656
vt 0.429847 0.354254
vt 0.456524 0.168656
vt 0.429383 0.168656
vt 0.424204 0.354254
vt 0.460908 0.168656
vt 0.434810 0.168656
vt 0.418777 0.354254
vt 0.240166 0.390444
vt 0.240166 0.386061
vt 0.413776 0.354254
vt 0.240166 0.395445
vt 0.409393 0.354254
vt 0.240166 0.400872
vt 0.116611 0.398193
vt 0.116611 0.402577
vt 0.240166 0.406515
vt 0.116611 0.393192
vt 0.240166 0.412159
vt 0.119313 0.364870
vt 0.119313 0.370239
vt 0.441731 0.351552
vt 0.447100 0.351552
vt 0.446511 0.165955
vt 0.440453 0.165955
vt 0.177694 0.250780
vt 0.172979 0.247630
vt 0.171630 0.249274
vt 0.176692 0.252656
vt 0.435906 0.351552
vt 0.452337 0.165955
vt 0.168970 0.243620
vt 0.167326 0.244969
vt 0.429847 0.351552
vt 0.457706 0.165955
vt 0.428569 0.165955
vt 0.423200 0.165955
vt 0.423789 0.351552
vt 0.165819 0.211632
vt 0.168970 0.206917
vt 0.167326 0.205568
vt 0.163944 0.210630
vt 0.434395 0.165955
vt 0.417964 0.351552
vt 0.172979 0.202907
vt 0.171630 0.201264
vt 0.412595 0.351552
vt 0.242868 0.394631
vt 0.242868 0.389263
vt 0.216842 0.238905
vt 0.213692 0.243620
vt 0.215336 0.244969
vt 0.218718 0.239907
vt 0.242868 0.400457
vt 0.209682 0.247630
vt 0.211031 0.249274
vt 0.242868 0.406515
vt 0.119313 0.394006
vt 0.119313 0.399375
vt 0.242868 0.412573
vt 0.119313 0.388181
vt 0.242868 0.418399
vt 0.119313 0.382122
vt 0.242868 0.423768
vt 0.119313 0.376064
vt 0.204967 0.199757
vt 0.209682 0.202907
vt 0.211031 0.201264
vt 0.205969 0.197882
vt 0.213692 0.206917
vt 0.215336 0.205568
vt 0.161614 0.216254
vt 0.152604 0.204569
vt 0.149310 0.212522
vt 0.163944 0.239907
vt 0.152604 0.245968
vt 0.157387 0.253126
vt 0.222235 0.222225
vt 0.222235 0.228312
vt 0.235031 0.229573
vt 0.235031 0.220964
vt 0.157387 0.197411
vt 0.161614 0.234283
vt 0.149310 0.238015
vt 0.221047 0.234283
vt 0.233351 0.238015
vt 0.163474 0.191325
vt 0.160426 0.228312
vt 0.147631 0.229573
vt 0.230057 0.245968
vt 0.176692 0.197881
vt 0.170631 0.186542
vt 0.225275 0.253126
vt 0.182316 0.195552
vt 0.178584 0.183248
vt 0.219188 0.259212
vt 0.188287 0.194364
vt 0.187027 0.181569
vt 0.205969 0.252656
vt 0.212030 0.263995
vt 0.194374 0.194364
vt 0.195635 0.181569
vt 0.200345 0.254985
vt 0.204077 0.267289
vt 0.200345 0.195552
vt 0.204077 0.183248
vt 0.194374 0.256173
vt 0.195635 0.268968
vt 0.212030 0.186542
vt 0.188287 0.256173
vt 0.187027 0.268968
vt 0.219188 0.191325
vt 0.182316 0.254985
vt 0.178584 0.267289
vt 0.225275 0.197411
vt 0.170631 0.263995
vt 0.218718 0.210630
vt 0.230057 0.204569
vt 0.160426 0.222225
vt 0.147631 0.220964
vt 0.163474 0.259212
vt 0.221047 0.216254
vt 0.233351 0.212522
vt 0.168426 0.182416
vt 0.160506 0.187708
vt 0.228891 0.256093
vt 0.234183 0.248174
vt 0.177226 0.178771
vt 0.222156 0.262829
vt 0.186568 0.176913
vt 0.214236 0.268121
vt 0.196093 0.176913
vt 0.205435 0.271766
vt 0.205435 0.178771
vt 0.196093 0.273624
vt 0.214236 0.182416
vt 0.186568 0.273624
vt 0.222156 0.187708
vt 0.177226 0.271766
vt 0.228891 0.194444
vt 0.168426 0.268121
vt 0.234183 0.202364
vt 0.142975 0.220506
vt 0.142975 0.230031
vt 0.160506 0.262829
vt 0.237828 0.211164
vt 0.144833 0.211164
vt 0.153770 0.256093
vt 0.239686 0.220506
vt 0.148479 0.202364
vt 0.148479 0.248174
vt 0.239686 0.230031
vt 0.153770 0.194444
vt 0.144833 0.239373
vt 0.237828 0.239373
vt 0.078032 0.349984
vt 0.087511 0.349984
vt 0.088105 0.346025
vt 0.078032 0.346025
vt 0.333131 0.371195
vt 0.324016 0.371195
vt 0.324609 0.367237
vt 0.334295 0.367237
vt 0.096627 0.349984
vt 0.097790 0.346025
vt 0.314537 0.371195
vt 0.314537 0.367237
vt 0.105027 0.349984
vt 0.106716 0.346025
vt 0.305057 0.371195
vt 0.304464 0.367237
vt 0.112390 0.349984
vt 0.114540 0.346025
vt 0.295942 0.371195
vt 0.294779 0.367237
vt 0.010570 0.494191
vt 0.010570 0.486828
vt 0.014529 0.488518
vt 0.014529 0.496341
vt 0.287542 0.371195
vt 0.285852 0.367237
vt 0.010570 0.478428
vt 0.014529 0.479591
vt 0.416764 0.510740
vt 0.416764 0.520219
vt 0.420723 0.520813
vt 0.420723 0.510740
vt 0.280179 0.371195
vt 0.278028 0.367237
vt 0.010570 0.469313
vt 0.014529 0.469906
vt 0.416764 0.529334
vt 0.420723 0.530498
vt 0.416764 0.476382
vt 0.416764 0.483745
vt 0.420723 0.482056
vt 0.420723 0.474232
vt 0.010570 0.459833
vt 0.014529 0.459833
vt 0.416764 0.537735
vt 0.420723 0.539424
vt 0.416764 0.492146
vt 0.420723 0.490982
vt 0.010570 0.450354
vt 0.014529 0.449761
vt 0.416764 0.545098
vt 0.420723 0.547248
vt 0.416764 0.501261
vt 0.420723 0.500667
vt 0.010570 0.441239
vt 0.014529 0.440075
vt 0.043674 0.349984
vt 0.051037 0.349984
vt 0.049348 0.346025
vt 0.041524 0.346025
vt 0.010570 0.432838
vt 0.014529 0.431149
vt 0.059438 0.349984
vt 0.058274 0.346025
vt 0.010570 0.425475
vt 0.014529 0.423325
vt 0.068553 0.349984
vt 0.067960 0.346025
vt 0.348895 0.371195
vt 0.341532 0.371195
vt 0.343221 0.367237
vt 0.351045 0.367237
vt 0.114540 0.341465
vt 0.106716 0.341465
vt 0.294779 0.362676
vt 0.304464 0.362676
vt 0.019090 0.488518
vt 0.019090 0.496341
vt 0.285852 0.362676
vt 0.019090 0.479591
vt 0.425284 0.520813
vt 0.425284 0.510740
vt 0.278028 0.362676
vt 0.019090 0.469906
vt 0.425284 0.530498
vt 0.425284 0.482056
vt 0.425284 0.474232
vt 0.019090 0.459833
vt 0.425284 0.539424
vt 0.425284 0.490982
vt 0.019090 0.449761
vt 0.425284 0.547248
vt 0.425284 0.500667
vt 0.019090 0.440075
vt 0.049348 0.341465
vt 0.041524 0.341465
vt 0.019090 0.431149
vt 0.058274 0.341465
vt 0.019090 0.423325
vt 0.067960 0.341465
vt 0.343221 0.362676
vt 0.351045 0.362676
vt 0.078032 0.341465
vt 0.334295 0.362676
vt 0.088105 0.341465
vt 0.324609 0.362676
vt 0.097790 0.341465
vt 0.314537 0.362676
vt 0.303960 0.048381
vt 0.313311 0.044508
vt 0.314498 0.048423
vt 0.305888 0.051989
vt 0.323238 0.145297
vt 0.313311 0.143322
vt 0.314498 0.139407
vt 0.323639 0.141225
vt 0.368209 0.126669
vt 0.361052 0.133826
vt 0.358457 0.130663
vt 0.365046 0.124073
vt 0.323237 0.042533
vt 0.323638 0.046605
vt 0.303960 0.139449
vt 0.305889 0.135840
vt 0.352637 0.139449
vt 0.350708 0.135840
vt 0.333359 0.042533
vt 0.332958 0.046605
vt 0.295544 0.133826
vt 0.298140 0.130663
vt 0.343286 0.143322
vt 0.342098 0.139407
vt 0.343286 0.044508
vt 0.342098 0.048423
vt 0.288387 0.126669
vt 0.291550 0.124073
vt 0.333359 0.145297
vt 0.332958 0.141225
vt 0.352637 0.048381
vt 0.350708 0.051989
vt 0.282764 0.118253
vt 0.286373 0.116325
vt 0.361052 0.054004
vt 0.358457 0.057167
vt 0.278891 0.108902
vt 0.282806 0.107715
vt 0.368209 0.061161
vt 0.365046 0.063756
vt 0.276916 0.098975
vt 0.280988 0.098574
vt 0.373832 0.069576
vt 0.370224 0.071505
vt 0.276916 0.088854
vt 0.280988 0.089255
vt 0.377705 0.078927
vt 0.373790 0.080115
vt 0.278891 0.078927
vt 0.282806 0.080115
vt 0.379680 0.088854
vt 0.375608 0.089255
vt 0.282764 0.069576
vt 0.286373 0.071505
vt 0.379680 0.098975
vt 0.375608 0.098574
vt 0.288387 0.061161
vt 0.291550 0.063756
vt 0.377705 0.108902
vt 0.373790 0.107715
vt 0.295544 0.054004
vt 0.298140 0.057167
vt 0.373832 0.118253
vt 0.370224 0.116324
vt 0.341061 0.051843
vt 0.332608 0.050161
vt 0.294313 0.121806
vt 0.300407 0.127900
vt 0.332608 0.137668
vt 0.341061 0.135987
vt 0.349023 0.055141
vt 0.289524 0.114640
vt 0.356189 0.059929
vt 0.286226 0.106677
vt 0.362284 0.066023
vt 0.284545 0.098224
vt 0.367072 0.073190
vt 0.284545 0.089605
vt 0.370370 0.081152
vt 0.286226 0.081152
vt 0.372052 0.089605
vt 0.289524 0.073190
vt 0.372052 0.098224
vt 0.294312 0.066023
vt 0.370370 0.106677
vt 0.300407 0.059929
vt 0.367072 0.114640
vt 0.307573 0.055141
vt 0.323989 0.137668
vt 0.362284 0.121806
vt 0.315536 0.051843
vt 0.315536 0.135987
vt 0.356190 0.127900
vt 0.323989 0.050161
vt 0.307573 0.132689
vt 0.349023 0.132689
vt 0.377701 0.463261
vt 0.377701 0.456589
vt 0.378469 0.456626
vt 0.378469 0.463309
vt 0.567541 0.026887
vt 0.567541 0.035477
vt 0.568309 0.035477
vt 0.568309 0.026874
vt 0.377701 0.448976
vt 0.378469 0.449002
vt 0.567541 0.044067
vt 0.568309 0.044080
vt 0.377701 0.440716
vt 0.378469 0.440729
vt 0.567541 0.052328
vt 0.568309 0.052353
vt 0.377701 0.432126
vt 0.378469 0.432126
vt 0.567541 0.059940
vt 0.568309 0.059977
vt 0.377701 0.423536
vt 0.378469 0.423523
vt 0.567541 0.066613
vt 0.568309 0.066660
vt 0.377701 0.415276
vt 0.378469 0.415250
vt 0.576025 0.137324
vt 0.576025 0.130652
vt 0.576794 0.130689
vt 0.576794 0.137372
vt 0.377701 0.407663
vt 0.378469 0.407626
vt 0.576025 0.123039
vt 0.576794 0.123065
vt 0.586631 0.035132
vt 0.586631 0.043722
vt 0.587399 0.043735
vt 0.587399 0.035132
vt 0.377701 0.400991
vt 0.378469 0.400943
vt 0.576025 0.114779
vt 0.576794 0.114792
vt 0.586631 0.051982
vt 0.587399 0.052008
vt 0.586631 0.003996
vt 0.586631 0.010669
vt 0.587399 0.010632
vt 0.587399 0.003949
vt 0.576025 0.106189
vt 0.576794 0.106189
vt 0.586631 0.059595
vt 0.587399 0.059632
vt 0.586631 0.018281
vt 0.587399 0.018256
vt 0.576025 0.097599
vt 0.576794 0.097586
vt 0.586631 0.066267
vt 0.587399 0.066314
vt 0.586631 0.026541
vt 0.587399 0.026528
vt 0.576025 0.089339
vt 0.576794 0.089313
vt 0.567541 0.004342
vt 0.567541 0.011014
vt 0.568309 0.010977
vt 0.568309 0.004295
vt 0.576025 0.081726
vt 0.576794 0.081689
vt 0.567541 0.018627
vt 0.568309 0.018601
vt 0.576025 0.075054
vt 0.576794 0.075006
vt 0.379937 0.423358
vt 0.379937 0.432126
vt 0.569777 0.067256
vt 0.569777 0.060446
vt 0.379937 0.414927
vt 0.578262 0.131503
vt 0.578262 0.138314
vt 0.379937 0.407157
vt 0.578262 0.123733
vt 0.379937 0.400347
vt 0.578262 0.115302
vt 0.588867 0.052676
vt 0.588867 0.044245
vt 0.588867 0.010508
vt 0.588867 0.003698
vt 0.578262 0.106535
vt 0.588867 0.060446
vt 0.588867 0.018278
vt 0.578262 0.097767
vt 0.588867 0.067256
vt 0.588867 0.026709
vt 0.578262 0.089336
vt 0.569777 0.010508
vt 0.569777 0.003698
vt 0.588867 0.035477
vt 0.578262 0.081566
vt 0.569777 0.018278
vt 0.591359 0.060912
vt 0.591359 0.052997
vt 0.578262 0.074755
vt 0.569777 0.026709
vt 0.379937 0.457095
vt 0.379937 0.463905
vt 0.569777 0.035477
vt 0.379937 0.449325
vt 0.569777 0.044245
vt 0.379937 0.440894
vt 0.569777 0.052676
vt 0.572269 0.010042
vt 0.572269 0.003104
vt 0.572269 0.060912
vt 0.572269 0.052997
vt 0.591359 0.035477
vt 0.591359 0.044409
vt 0.593767 0.044416
vt 0.593767 0.035477
vt 0.580754 0.089015
vt 0.580754 0.097603
vt 0.382429 0.432126
vt 0.382429 0.441058
vt 0.580754 0.106535
vt 0.580754 0.115466
vt 0.591359 0.026546
vt 0.591359 0.017957
vt 0.572269 0.044409
vt 0.591359 0.010042
vt 0.591359 0.003104
vt 0.591359 0.067850
vt 0.382429 0.449646
vt 0.572269 0.035477
vt 0.580754 0.124055
vt 0.382429 0.457561
vt 0.382429 0.399753
vt 0.382429 0.406691
vt 0.572269 0.026546
vt 0.382429 0.464499
vt 0.580754 0.131970
vt 0.572269 0.017957
vt 0.382429 0.414606
vt 0.580754 0.074162
vt 0.580754 0.081099
vt 0.580754 0.138907
vt 0.382429 0.423194
vt 0.572269 0.067850
vt 0.574676 0.010022
vt 0.574676 0.003079
vt 0.583161 0.124069
vt 0.583161 0.131990
vt 0.583161 0.089001
vt 0.583161 0.097596
vt 0.384836 0.406671
vt 0.384836 0.414592
vt 0.593767 0.026538
vt 0.583161 0.138933
vt 0.593767 0.017943
vt 0.384836 0.423187
vt 0.593767 0.067876
vt 0.593767 0.060933
vt 0.574676 0.067876
vt 0.574676 0.060933
vt 0.583161 0.106535
vt 0.574676 0.044416
vt 0.574676 0.035477
vt 0.384836 0.432126
vt 0.593767 0.010022
vt 0.574676 0.026538
vt 0.574676 0.053011
vt 0.593767 0.053011
vt 0.384836 0.449660
vt 0.384836 0.457581
vt 0.384836 0.441065
vt 0.583161 0.115473
vt 0.384836 0.464525
vt 0.593767 0.003079
vt 0.574676 0.017943
vt 0.583161 0.074136
vt 0.583161 0.081079
vt 0.384836 0.399727
vt 0.585707 0.074889
vt 0.585707 0.081671
vt 0.585707 0.115266
vt 0.585707 0.123661
vt 0.577223 0.018351
vt 0.577223 0.010614
vt 0.387383 0.400481
vt 0.387383 0.407262
vt 0.585707 0.089408
vt 0.596313 0.044208
vt 0.596313 0.035477
vt 0.577223 0.003832
vt 0.585707 0.131398
vt 0.585707 0.097804
vt 0.387383 0.415000
vt 0.596313 0.026746
vt 0.585707 0.138180
vt 0.596313 0.018351
vt 0.387383 0.423395
vt 0.596313 0.067123
vt 0.596313 0.060341
vt 0.577223 0.067123
vt 0.577223 0.060341
vt 0.585707 0.106535
vt 0.577223 0.044208
vt 0.577223 0.035477
vt 0.387383 0.432126
vt 0.596313 0.010614
vt 0.577223 0.026746
vt 0.577223 0.052604
vt 0.596313 0.052604
vt 0.387383 0.449252
vt 0.387383 0.456990
vt 0.387383 0.440857
vt 0.387383 0.463771
vt 0.596313 0.003832
vt 0.468716 0.478101
vt 0.474920 0.471898
vt 0.475979 0.473188
vt 0.470006 0.479160
vt 0.537906 0.478101
vt 0.542780 0.485396
vt 0.541308 0.486183
vt 0.536615 0.479160
vt 0.587549 0.090047
vt 0.587549 0.098129
vt 0.490320 0.549319
vt 0.482214 0.545961
vt 0.483001 0.544489
vt 0.490804 0.547722
vt 0.598155 0.035477
vt 0.598155 0.027072
vt 0.531702 0.471898
vt 0.530643 0.473188
vt 0.598155 0.018990
vt 0.389225 0.415638
vt 0.389225 0.423721
vt 0.463842 0.485396
vt 0.465314 0.486183
vt 0.524408 0.467024
vt 0.523621 0.468496
vt 0.587549 0.106535
vt 0.579065 0.043882
vt 0.579065 0.035477
vt 0.389225 0.432126
vt 0.468716 0.534884
vt 0.463842 0.527589
vt 0.465314 0.526802
vt 0.470006 0.533825
vt 0.579065 0.027072
vt 0.516302 0.463666
vt 0.515818 0.465264
vt 0.460485 0.493501
vt 0.462082 0.493986
vt 0.531702 0.541087
vt 0.524407 0.545962
vt 0.523621 0.544490
vt 0.530643 0.539797
vt 0.389225 0.440531
vt 0.587549 0.114940
vt 0.537906 0.534884
vt 0.536615 0.533825
vt 0.579065 0.051965
vt 0.474920 0.541087
vt 0.475978 0.539797
vt 0.579065 0.018990
vt 0.389225 0.448614
vt 0.598155 0.051965
vt 0.598155 0.043882
vt 0.542780 0.527589
vt 0.541308 0.526802
vt 0.587549 0.123022
vt 0.482214 0.467024
vt 0.483001 0.468496
vt 0.546137 0.519484
vt 0.544540 0.518999
vt 0.462082 0.518999
vt 0.466034 0.517800
vt 0.468956 0.524856
vt 0.499088 0.549369
vt 0.492003 0.543770
vt 0.499493 0.545260
vt 0.473199 0.481780
vt 0.468956 0.488129
vt 0.528023 0.476380
vt 0.521674 0.472138
vt 0.546188 0.502270
vt 0.546188 0.510716
vt 0.542078 0.510311
vt 0.542078 0.502674
vt 0.499088 0.463616
vt 0.507534 0.463616
vt 0.507129 0.467726
vt 0.499493 0.467726
vt 0.507534 0.549369
vt 0.507129 0.545260
vt 0.473199 0.531205
vt 0.490804 0.465264
vt 0.492003 0.469215
vt 0.514619 0.469215
vt 0.466034 0.495185
vt 0.521674 0.540847
vt 0.528023 0.536605
vt 0.515818 0.547722
vt 0.514619 0.543770
vt 0.544540 0.493986
vt 0.540588 0.495185
vt 0.533423 0.531205
vt 0.478598 0.536605
vt 0.484948 0.472138
vt 0.460434 0.502270
vt 0.464544 0.502674
vt 0.537666 0.524856
vt 0.537666 0.488130
vt 0.478598 0.476380
vt 0.484948 0.540847
vt 0.540588 0.517801
vt 0.460434 0.510716
vt 0.464544 0.510311
vt 0.533423 0.481780
vt 0.470575 0.524136
vt 0.474619 0.530189
vt 0.499685 0.469676
vt 0.492545 0.471096
vt 0.520830 0.473882
vt 0.514104 0.471096
vt 0.470575 0.489126
vt 0.467789 0.495852
vt 0.520830 0.539381
vt 0.526882 0.535337
vt 0.506964 0.543587
vt 0.514104 0.542167
vt 0.540280 0.502991
vt 0.538860 0.495852
vt 0.532030 0.530189
vt 0.506964 0.469676
vt 0.479767 0.535336
vt 0.485820 0.473882
vt 0.466369 0.502991
vt 0.536074 0.524136
vt 0.536074 0.489126
vt 0.479767 0.477926
vt 0.485819 0.539381
vt 0.538860 0.517411
vt 0.466369 0.510271
vt 0.474619 0.483073
vt 0.532030 0.483073
vt 0.540280 0.510271
vt 0.492545 0.542167
vt 0.467789 0.517411
vt 0.526882 0.477926
vt 0.499685 0.543587
vt 0.416002 0.291030
vt 0.416002 0.296657
vt 0.416913 0.296657
vt 0.416913 0.291030
vt 0.422365 0.111116
vt 0.422365 0.118082
vt 0.423277 0.118082
vt 0.423277 0.111116
vt 0.430850 0.331499
vt 0.430850 0.324533
vt 0.431761 0.324533
vt 0.431761 0.331499
vt 0.416002 0.324533
vt 0.416002 0.331499
vt 0.416913 0.331499
vt 0.416913 0.324533
vt 0.437213 0.107878
vt 0.437213 0.102251
vt 0.438124 0.102251
vt 0.438124 0.107878
vt 0.437213 0.142719
vt 0.437213 0.135753
vt 0.438124 0.135753
vt 0.438124 0.142719
vt 0.422365 0.104696
vt 0.423277 0.104696
vt 0.430850 0.296657
vt 0.430850 0.291030
vt 0.431761 0.291030
vt 0.431761 0.296657
vt 0.437213 0.114298
vt 0.438124 0.114298
vt 0.416002 0.317288
vt 0.416913 0.317288
vt 0.422365 0.099069
vt 0.423277 0.099069
vt 0.437213 0.149139
vt 0.438124 0.149139
vt 0.437213 0.121264
vt 0.438124 0.121264
vt 0.430850 0.303077
vt 0.431761 0.303077
vt 0.416002 0.310043
vt 0.416913 0.310043
vt 0.437213 0.154767
vt 0.438124 0.154767
vt 0.416002 0.303077
vt 0.416913 0.303077
vt 0.430850 0.310043
vt 0.431761 0.310043
vt 0.416002 0.337919
vt 0.416002 0.343546
vt 0.416913 0.343546
vt 0.416913 0.337919
vt 0.422365 0.145958
vt 0.422365 0.151585
vt 0.423277 0.151585
vt 0.423277 0.145958
vt 0.437213 0.128509
vt 0.438124 0.128509
vt 0.422365 0.125327
vt 0.422365 0.132571
vt 0.423277 0.132571
vt 0.423277 0.125327
vt 0.430850 0.317288
vt 0.431761 0.317288
vt 0.422365 0.139538
vt 0.423277 0.139538
vt 0.430850 0.337919
vt 0.431761 0.337919
vt 0.430850 0.343546
vt 0.431761 0.343546
vt 0.707921 0.738129
vt 0.708634 0.745374
vt 0.710574 0.745374
vt 0.709823 0.737751
vt 0.440435 0.106800
vt 0.440435 0.113556
vt 0.419223 0.324911
vt 0.419223 0.317288
vt 0.048072 0.639318
vt 0.048786 0.632073
vt 0.046883 0.631695
vt 0.046132 0.639318
vt 0.440435 0.143462
vt 0.440435 0.150217
vt 0.440435 0.120886
vt 0.434071 0.295580
vt 0.434071 0.302335
vt 0.419223 0.309665
vt 0.101100 0.590532
vt 0.101814 0.583287
vt 0.099911 0.582909
vt 0.099160 0.590532
vt 0.419223 0.302335
vt 0.434071 0.309665
vt 0.048786 0.646562
vt 0.046883 0.646941
vt 0.101814 0.597777
vt 0.099911 0.598155
vt 0.440435 0.128509
vt 0.425587 0.132950
vt 0.425587 0.125327
vt 0.434071 0.317288
vt 0.419223 0.295580
vt 0.425587 0.117704
vt 0.425587 0.147035
vt 0.425587 0.140280
vt 0.419223 0.338997
vt 0.419223 0.332241
vt 0.434071 0.332241
vt 0.434071 0.338997
vt 0.434071 0.324911
vt 0.440435 0.136132
vt 0.698029 0.649923
vt 0.697315 0.657168
vt 0.699218 0.657546
vt 0.699969 0.649923
vt 0.707921 0.752618
vt 0.709823 0.752997
vt 0.425587 0.110374
vt 0.697315 0.642679
vt 0.699218 0.642300
vt 0.425587 0.103618
vt 0.436246 0.294932
vt 0.436246 0.301889
vt 0.421398 0.317288
vt 0.421398 0.309438
vt 0.440435 0.156138
vt 0.442610 0.150865
vt 0.442610 0.156963
vt 0.421398 0.301889
vt 0.436246 0.309438
vt 0.419223 0.344918
vt 0.421398 0.345742
vt 0.421398 0.339644
vt 0.425587 0.152957
vt 0.427762 0.153781
vt 0.427762 0.147683
vt 0.442610 0.120658
vt 0.442610 0.128509
vt 0.427762 0.133177
vt 0.427762 0.125327
vt 0.436246 0.317288
vt 0.421398 0.294932
vt 0.427762 0.117476
vt 0.427762 0.140726
vt 0.421398 0.332687
vt 0.436246 0.332687
vt 0.436246 0.339644
vt 0.436246 0.325138
vt 0.442610 0.136359
vt 0.434071 0.344918
vt 0.436246 0.345742
vt 0.419223 0.289658
vt 0.421398 0.288834
vt 0.427762 0.109928
vt 0.421398 0.325138
vt 0.440435 0.100879
vt 0.442610 0.100055
vt 0.442610 0.106152
vt 0.442610 0.143908
vt 0.427762 0.102971
vt 0.434071 0.289658
vt 0.436246 0.288834
vt 0.442610 0.113109
vt 0.425587 0.097697
vt 0.427762 0.096873
vt 0.430587 0.153539
vt 0.430587 0.147493
vt 0.445435 0.120725
vt 0.445435 0.128509
vt 0.430587 0.133111
vt 0.430587 0.125327
vt 0.439071 0.309504
vt 0.439071 0.317288
vt 0.424223 0.302020
vt 0.424223 0.295122
vt 0.430587 0.117543
vt 0.430587 0.140595
vt 0.424223 0.339454
vt 0.424223 0.332556
vt 0.439071 0.332556
vt 0.439071 0.339454
vt 0.439071 0.325072
vt 0.445435 0.136292
vt 0.439071 0.345500
vt 0.424223 0.289076
vt 0.430587 0.110059
vt 0.424223 0.325072
vt 0.445435 0.100297
vt 0.445435 0.106343
vt 0.445435 0.143777
vt 0.430587 0.103161
vt 0.439071 0.289076
vt 0.439071 0.295122
vt 0.445435 0.113240
vt 0.424223 0.317288
vt 0.430587 0.097115
vt 0.445435 0.150675
vt 0.439071 0.302020
vt 0.424223 0.309504
vt 0.445435 0.156721
vt 0.424223 0.345500
vt 0.514882 0.379215
vt 0.522108 0.382208
vt 0.521279 0.383760
vt 0.514371 0.380899
vt 0.465121 0.405813
vt 0.468114 0.398587
vt 0.469665 0.399417
vt 0.466804 0.406324
vt 0.491719 0.379215
vt 0.499390 0.377690
vt 0.499562 0.379441
vt 0.492229 0.380899
vt 0.477989 0.448236
vt 0.472459 0.442706
vt 0.473819 0.441590
vt 0.479106 0.446876
vt 0.541480 0.405813
vt 0.543006 0.413484
vt 0.541255 0.413657
vt 0.539796 0.406324
vt 0.499390 0.457101
vt 0.491719 0.455575
vt 0.492229 0.453891
vt 0.499562 0.455350
vt 0.507211 0.377690
vt 0.507039 0.379441
vt 0.534142 0.442706
vt 0.528611 0.448236
vt 0.527495 0.446876
vt 0.532782 0.441590
vt 0.484493 0.382208
vt 0.485322 0.383760
vt 0.463595 0.413484
vt 0.465346 0.413657
vt 0.507211 0.457101
vt 0.507039 0.455350
vt 0.538487 0.398587
vt 0.536935 0.399417
vt 0.477990 0.386554
vt 0.479106 0.387914
vt 0.538487 0.436203
vt 0.536935 0.435373
vt 0.514882 0.455575
vt 0.514371 0.453891
vt 0.463595 0.421306
vt 0.465346 0.421133
vt 0.472459 0.392084
vt 0.473819 0.393200
vt 0.534142 0.392084
vt 0.532782 0.393201
vt 0.541480 0.428977
vt 0.539796 0.428466
vt 0.465121 0.428977
vt 0.466804 0.428466
vt 0.543006 0.421306
vt 0.541255 0.421133
vt 0.528611 0.386554
vt 0.527495 0.387914
vt 0.522108 0.452582
vt 0.521279 0.451030
vt 0.468114 0.436203
vt 0.469665 0.435373
vt 0.484493 0.452582
vt 0.485322 0.451030
vt 0.469729 0.414089
vt 0.469729 0.420702
vt 0.481900 0.391318
vt 0.477224 0.395994
vt 0.533051 0.401493
vt 0.529377 0.395994
vt 0.533051 0.433297
vt 0.535582 0.427188
vt 0.471019 0.427188
vt 0.536872 0.420702
vt 0.524701 0.391318
vt 0.513093 0.449677
vt 0.519202 0.447146
vt 0.473550 0.433297
vt 0.473550 0.401493
vt 0.481900 0.443472
vt 0.487398 0.447146
vt 0.519202 0.387644
vt 0.536872 0.414089
vt 0.493508 0.449677
vt 0.477224 0.438796
vt 0.524701 0.443472
vt 0.506607 0.383823
vt 0.499994 0.383823
vt 0.513093 0.385114
vt 0.471019 0.407603
vt 0.493508 0.385114
vt 0.535582 0.407603
vt 0.499994 0.450967
vt 0.529377 0.438796
vt 0.487398 0.387644
vt 0.506607 0.450967
vt 0.410436 0.508281
vt 0.410436 0.514610
vt 0.407340 0.514722
vt 0.407340 0.508339
vt 0.526805 0.273624
vt 0.531917 0.273624
vt 0.532125 0.270528
vt 0.526968 0.270528
vt 0.499928 0.283453
vt 0.494816 0.283453
vt 0.494608 0.286549
vt 0.499765 0.286549
vt 0.291654 0.518669
vt 0.291654 0.525250
vt 0.288558 0.525308
vt 0.288558 0.518669
vt 0.518669 0.283453
vt 0.512088 0.283453
vt 0.512031 0.286549
vt 0.518669 0.286549
vt 0.410436 0.501700
vt 0.407340 0.501700
vt 0.489322 0.273624
vt 0.495154 0.273624
vt 0.495042 0.270528
vt 0.489159 0.270528
vt 0.525250 0.283453
vt 0.525308 0.286549
vt 0.505760 0.283453
vt 0.505647 0.286549
vt 0.520973 0.273624
vt 0.521085 0.270528
vt 0.410436 0.482959
vt 0.410436 0.488791
vt 0.407340 0.488679
vt 0.407340 0.482796
vt 0.410436 0.495119
vt 0.407340 0.495062
vt 0.291654 0.512088
vt 0.288558 0.512031
vt 0.410436 0.477847
vt 0.407340 0.477639
vt 0.484210 0.273624
vt 0.484003 0.270528
vt 0.531579 0.283453
vt 0.531691 0.286549
vt 0.514645 0.273624
vt 0.514702 0.270528
vt 0.291654 0.537411
vt 0.291654 0.542523
vt 0.288558 0.542730
vt 0.288558 0.537574
vt 0.291654 0.505760
vt 0.288558 0.505647
vt 0.537411 0.283453
vt 0.537574 0.286549
vt 0.410436 0.520442
vt 0.410436 0.525554
vt 0.407340 0.525761
vt 0.407340 0.520605
vt 0.291654 0.531579
vt 0.288558 0.531691
vt 0.508064 0.273624
vt 0.508064 0.270528
vt 0.542523 0.283453
vt 0.542730 0.286549
vt 0.291654 0.499928
vt 0.288558 0.499765
vt 0.501482 0.273624
vt 0.501425 0.270528
vt 0.291654 0.494816
vt 0.288558 0.494608
vt 0.527849 0.330220
vt 0.518669 0.330220
vt 0.518669 0.344777
vt 0.528696 0.344777
vt 0.500663 0.330220
vt 0.492528 0.330220
vt 0.490116 0.344777
vt 0.499001 0.344777
vt 0.526070 0.226857
vt 0.534205 0.226857
vt 0.536617 0.212300
vt 0.527732 0.212300
vt 0.363669 0.475559
vt 0.363669 0.483694
vt 0.349112 0.482032
vt 0.349112 0.473147
vt 0.363669 0.492521
vt 0.363669 0.501700
vt 0.349112 0.501700
vt 0.349112 0.491674
vt 0.244887 0.509490
vt 0.244887 0.518669
vt 0.230330 0.518669
vt 0.230330 0.508643
vt 0.363669 0.468429
vt 0.349112 0.465359
vt 0.509490 0.330220
vt 0.508643 0.344777
vt 0.474792 0.226857
vt 0.481923 0.226857
vt 0.479510 0.212300
vt 0.471722 0.212300
vt 0.536676 0.330220
vt 0.538337 0.344777
vt 0.517243 0.226857
vt 0.518090 0.212300
vt 0.244887 0.544810
vt 0.244887 0.551941
vt 0.230330 0.555011
vt 0.230330 0.547223
vt 0.244887 0.500663
vt 0.230330 0.499001
vt 0.544810 0.330220
vt 0.547222 0.344777
vt 0.363669 0.527841
vt 0.363669 0.534972
vt 0.349112 0.538042
vt 0.349112 0.530254
vt 0.244887 0.536676
vt 0.230330 0.538337
vt 0.508064 0.226857
vt 0.508064 0.212300
vt 0.551941 0.330220
vt 0.555011 0.344777
vt 0.244887 0.492528
vt 0.230330 0.490116
vt 0.244887 0.527849
vt 0.230330 0.528696
vt 0.363669 0.519707
vt 0.349112 0.521368
vt 0.498884 0.226857
vt 0.498037 0.212300
vt 0.244887 0.485398
vt 0.230330 0.482328
vt 0.490057 0.226857
vt 0.488396 0.212300
vt 0.363669 0.510880
vt 0.349112 0.511727
vt 0.541335 0.226857
vt 0.544405 0.212300
vt 0.485398 0.330220
vt 0.482328 0.344777
vt 0.528895 0.350181
vt 0.538728 0.350181
vt 0.343709 0.491475
vt 0.343709 0.481642
vt 0.528122 0.206897
vt 0.518289 0.206897
vt 0.224926 0.555733
vt 0.224926 0.547790
vt 0.224926 0.508443
vt 0.224926 0.498611
vt 0.547790 0.350181
vt 0.343709 0.538764
vt 0.343709 0.530821
vt 0.224926 0.538728
vt 0.508064 0.206897
vt 0.555733 0.350181
vt 0.224926 0.489549
vt 0.224926 0.528895
vt 0.343709 0.521759
vt 0.497838 0.206897
vt 0.224926 0.481606
vt 0.488005 0.206897
vt 0.343709 0.511926
vt 0.545127 0.206897
vt 0.537184 0.206897
vt 0.481606 0.350181
vt 0.489549 0.350181
vt 0.224926 0.518669
vt 0.508443 0.350181
vt 0.518669 0.350181
vt 0.343709 0.501700
vt 0.478943 0.206897
vt 0.498611 0.350181
vt 0.343709 0.472580
vt 0.343709 0.464637
vt 0.471000 0.206897
vt 0.220312 0.546852
vt 0.220312 0.538082
vt 0.517960 0.202282
vt 0.508064 0.202283
vt 0.546852 0.354795
vt 0.554539 0.354795
vt 0.220312 0.499257
vt 0.220312 0.490487
vt 0.220312 0.528566
vt 0.339095 0.529883
vt 0.339095 0.521113
vt 0.498167 0.202283
vt 0.220312 0.482800
vt 0.488651 0.202283
vt 0.339095 0.511597
vt 0.543933 0.202282
vt 0.536246 0.202282
vt 0.482800 0.354795
vt 0.490487 0.354795
vt 0.220312 0.518669
vt 0.508773 0.354795
vt 0.518669 0.354795
vt 0.339095 0.501700
vt 0.479881 0.202283
vt 0.528566 0.354795
vt 0.499257 0.354795
vt 0.527476 0.202282
vt 0.339095 0.482288
vt 0.339095 0.473518
vt 0.339095 0.491804
vt 0.220312 0.508773
vt 0.339095 0.465831
vt 0.472194 0.202283
vt 0.538082 0.354795
vt 0.220312 0.554539
vt 0.339095 0.537570
vt 0.508064 0.197548
vt 0.499052 0.197548
vt 0.036047 0.493830
vt 0.029738 0.486143
vt 0.033508 0.483624
vt 0.039253 0.490624
vt 0.490386 0.197548
vt 0.334360 0.519378
vt 0.334360 0.510712
vt 0.114095 0.486143
vt 0.107786 0.493830
vt 0.104580 0.490624
vt 0.110325 0.483624
vt 0.043734 0.500138
vt 0.046253 0.496369
vt 0.215577 0.527681
vt 0.215577 0.518669
vt 0.509657 0.359529
vt 0.518669 0.359529
vt 0.334360 0.501700
vt 0.114095 0.429777
vt 0.118783 0.438547
vt 0.114594 0.440282
vt 0.110325 0.432296
vt 0.527681 0.359529
vt 0.052504 0.504826
vt 0.054239 0.500637
vt 0.118783 0.477372
vt 0.114594 0.475637
vt 0.043734 0.415782
vt 0.052504 0.411094
vt 0.054239 0.415283
vt 0.046253 0.419551
vt 0.334360 0.492688
vt 0.215577 0.509657
vt 0.036047 0.422090
vt 0.039253 0.425296
vt 0.500992 0.359529
vt 0.107786 0.422090
vt 0.104580 0.425296
vt 0.536347 0.359529
vt 0.334360 0.484023
vt 0.525741 0.197548
vt 0.517076 0.197548
vt 0.029738 0.429777
vt 0.033508 0.432296
vt 0.215577 0.500992
vt 0.100099 0.500138
vt 0.091329 0.504826
vt 0.089594 0.500637
vt 0.097580 0.496369
vt 0.100099 0.415782
vt 0.097580 0.419551
vt 0.025051 0.438547
vt 0.029239 0.440282
vt 0.025051 0.477372
vt 0.029239 0.475637
vt 0.215577 0.536347
vt 0.091329 0.411094
vt 0.089594 0.415283
vt 0.025723 0.457960
vt 0.026611 0.448948
vt 0.035019 0.450620
vt 0.034296 0.457960
vt 0.071917 0.504154
vt 0.062905 0.503266
vt 0.064577 0.494858
vt 0.071917 0.495581
vt 0.071917 0.411766
vt 0.080929 0.412654
vt 0.079256 0.421062
vt 0.071917 0.420339
vt 0.106674 0.443563
vt 0.103197 0.437059
vt 0.080929 0.503266
vt 0.079256 0.494858
vt 0.051016 0.489240
vt 0.057520 0.492717
vt 0.103197 0.478861
vt 0.106674 0.472357
vt 0.057520 0.423203
vt 0.051016 0.426679
vt 0.062905 0.412654
vt 0.064577 0.421062
vt 0.026611 0.466972
vt 0.035019 0.465299
vt 0.045315 0.431358
vt 0.098518 0.431358
vt 0.086313 0.492717
vt 0.117223 0.466972
vt 0.108814 0.465299
vt 0.040636 0.437059
vt 0.037160 0.472357
vt 0.092818 0.489240
vt 0.092818 0.426679
vt 0.037160 0.443563
vt 0.118110 0.457960
vt 0.109537 0.457960
vt 0.098518 0.484562
vt 0.040636 0.478861
vt 0.086313 0.423203
vt 0.117223 0.448948
vt 0.108814 0.450620
vt 0.045315 0.484562
vt 0.047824 0.457960
vt 0.048287 0.462660
vt 0.058532 0.437928
vt 0.054881 0.440924
vt 0.062697 0.480218
vt 0.067216 0.481589
vt 0.091949 0.444575
vt 0.088952 0.440924
vt 0.076617 0.481589
vt 0.081136 0.480218
vt 0.067216 0.434331
vt 0.062697 0.435702
vt 0.094175 0.467180
vt 0.095546 0.462660
vt 0.051885 0.444575
vt 0.049658 0.467180
vt 0.085302 0.477992
vt 0.085302 0.437928
vt 0.049658 0.448740
vt 0.096009 0.457960
vt 0.088952 0.474996
vt 0.051885 0.471345
vt 0.048287 0.453260
vt 0.081136 0.435702
vt 0.095546 0.453260
vt 0.054881 0.474996
vt 0.094175 0.448740
vt 0.076617 0.434331
vt 0.091949 0.471345
vt 0.058532 0.477992
vt 0.071917 0.482052
vt 0.071917 0.433868
vt 0.486747 0.255971
vt 0.493380 0.255971
vt 0.491719 0.241414
vt 0.484335 0.241414
vt 0.392783 0.501700
vt 0.392783 0.509186
vt 0.378226 0.510033
vt 0.378226 0.501700
vt 0.518669 0.301106
vt 0.511184 0.301106
vt 0.510337 0.315663
vt 0.518669 0.315663
vt 0.274001 0.518669
vt 0.274001 0.526155
vt 0.259444 0.527002
vt 0.259444 0.518669
vt 0.497352 0.301106
vt 0.491538 0.301106
vt 0.488468 0.315663
vt 0.494940 0.315663
vt 0.529381 0.255971
vt 0.535195 0.255971
vt 0.538265 0.241414
vt 0.531793 0.241414
vt 0.392783 0.516384
vt 0.378226 0.518045
vt 0.500578 0.255971
vt 0.499731 0.241414
vt 0.274001 0.491538
vt 0.274001 0.497352
vt 0.259444 0.494940
vt 0.259444 0.488468
vt 0.508064 0.255971
vt 0.508064 0.241414
vt 0.392783 0.523017
vt 0.378226 0.525429
vt 0.274001 0.533353
vt 0.259444 0.535014
vt 0.274001 0.503986
vt 0.259444 0.502324
vt 0.545800 0.301106
vt 0.539986 0.301106
vt 0.542398 0.315663
vt 0.548871 0.315663
vt 0.515549 0.255971
vt 0.516396 0.241414
vt 0.274001 0.539986
vt 0.259444 0.542398
vt 0.392783 0.528831
vt 0.378226 0.531902
vt 0.533353 0.301106
vt 0.535014 0.315663
vt 0.274001 0.511184
vt 0.259444 0.510337
vt 0.274001 0.545800
vt 0.259444 0.548871
vt 0.522747 0.255971
vt 0.524408 0.241414
vt 0.392783 0.487017
vt 0.392783 0.494215
vt 0.378226 0.493368
vt 0.378226 0.485355
vt 0.526155 0.301106
vt 0.527002 0.315663
vt 0.480933 0.255971
vt 0.477862 0.241414
vt 0.503986 0.301106
vt 0.502324 0.315663
vt 0.392783 0.474569
vt 0.392783 0.480383
vt 0.378226 0.477971
vt 0.378226 0.471499
vt 0.059230 0.460484
vt 0.059966 0.462910
vt 0.076867 0.469911
vt 0.079103 0.468715
vt 0.081063 0.448813
vt 0.079103 0.447204
vt 0.061161 0.450773
vt 0.059966 0.453010
vt 0.084604 0.460484
vt 0.084852 0.457960
vt 0.081063 0.467107
vt 0.061161 0.465147
vt 0.059230 0.455436
vt 0.076867 0.446009
vt 0.084604 0.455436
vt 0.062770 0.467107
vt 0.083868 0.453010
vt 0.074440 0.445273
vt 0.082672 0.465147
vt 0.064730 0.468715
vt 0.058981 0.457960
vt 0.069393 0.470647
vt 0.071917 0.470896
vt 0.071917 0.445024
vt 0.082672 0.450773
vt 0.074440 0.470647
vt 0.066966 0.469911
vt 0.083868 0.462910
vt 0.066966 0.446009
vt 0.064730 0.447204
vt 0.069393 0.445273
vt 0.062770 0.448813
vt 0.069759 0.447113
vt 0.067684 0.447742
vt 0.082134 0.462192
vt 0.082764 0.460118
vt 0.064096 0.450140
vt 0.062721 0.451816
vt 0.061070 0.460118
vt 0.061699 0.462192
vt 0.076149 0.468178
vt 0.078061 0.467156
vt 0.079737 0.450140
vt 0.078061 0.448764
vt 0.061699 0.453728
vt 0.082976 0.457960
vt 0.079737 0.465780
vt 0.062721 0.464104
vt 0.061070 0.455802
vt 0.076149 0.447742
vt 0.082764 0.455802
vt 0.064096 0.465780
vt 0.082134 0.453728
vt 0.074074 0.447113
vt 0.081112 0.464104
vt 0.065772 0.467156
vt 0.060857 0.457960
vt 0.069759 0.468807
vt 0.071917 0.469019
vt 0.071917 0.446900
vt 0.081112 0.451816
vt 0.074074 0.468807
vt 0.067684 0.468178
vt 0.065772 0.448764
vt 0.084308 0.460425
vt 0.084550 0.457960
vt 0.078936 0.468465
vt 0.080850 0.466893
vt 0.060245 0.462795
vt 0.061412 0.464979
vt 0.060245 0.453125
vt 0.059526 0.455495
vt 0.078936 0.447455
vt 0.076751 0.446288
vt 0.084308 0.455495
vt 0.062983 0.466893
vt 0.083589 0.453125
vt 0.074381 0.445569
vt 0.082421 0.464979
vt 0.064898 0.468465
vt 0.059283 0.457960
vt 0.069452 0.470351
vt 0.071917 0.470594
vt 0.071917 0.445326
vt 0.082421 0.450941
vt 0.074381 0.470351
vt 0.067082 0.469632
vt 0.083589 0.462795
vt 0.067082 0.446288
vt 0.064898 0.447455
vt 0.069452 0.445569
vt 0.059526 0.460425
vt 0.062983 0.449026
vt 0.080850 0.449026
vt 0.076751 0.469632
vt 0.061412 0.450941
vt 0.978161 0.410361
vt 0.978161 0.408446
vt 0.981022 0.409339
vt 0.981022 0.411497
vt 0.980282 0.207813
vt 0.980282 0.210183
vt 0.983143 0.209870
vt 0.983143 0.207198
vt 0.978161 0.952574
vt 0.978161 0.950204
vt 0.981022 0.949589
vt 0.981022 0.952261
vt 0.980282 0.219667
vt 0.980282 0.221581
vt 0.983143 0.222717
vt 0.983143 0.220559
vt 0.795745 0.989632
vt 0.795745 0.991547
vt 0.798606 0.992683
vt 0.798606 0.990525
vt 0.978161 0.401427
vt 0.978161 0.398963
vt 0.981022 0.398649
vt 0.981022 0.401427
vt 0.795745 0.982613
vt 0.795745 0.985078
vt 0.798606 0.985392
vt 0.798606 0.982613
vt 0.978161 0.955039
vt 0.981022 0.955039
vt 0.980282 0.205629
vt 0.983143 0.204736
vt 0.795745 0.980149
vt 0.798606 0.979835
vt 0.795745 0.987448
vt 0.798606 0.988063
vt 0.980282 0.217483
vt 0.983143 0.218097
vt 0.978161 0.962058
vt 0.978161 0.959873
vt 0.981022 0.960488
vt 0.981022 0.962950
vt 0.978161 0.957503
vt 0.981022 0.957817
vt 0.978161 0.403892
vt 0.981022 0.404205
vt 0.978161 0.963972
vt 0.981022 0.965108
vt 0.980282 0.203714
vt 0.983143 0.202578
vt 0.795745 0.977779
vt 0.798606 0.977164
vt 0.980282 0.215113
vt 0.983143 0.215426
vt 0.978161 0.394408
vt 0.978161 0.392494
vt 0.981022 0.391358
vt 0.981022 0.393516
vt 0.978161 0.406262
vt 0.981022 0.406877
vt 0.795745 0.975594
vt 0.798606 0.974702
vt 0.978161 0.948020
vt 0.978161 0.946105
vt 0.981022 0.944969
vt 0.981022 0.947127
vt 0.978161 0.396593
vt 0.981022 0.395978
vt 0.980282 0.212648
vt 0.983143 0.212648
vt 0.795745 0.973680
vt 0.798606 0.972544
vt 0.802339 0.985338
vt 0.802339 0.982613
vt 0.984755 0.952314
vt 0.984755 0.955039
vt 0.986876 0.207304
vt 0.986876 0.204889
vt 0.802339 0.979889
vt 0.802339 0.990372
vt 0.802339 0.987958
vt 0.986876 0.220407
vt 0.986876 0.217992
vt 0.984755 0.960383
vt 0.984755 0.962797
vt 0.984755 0.957763
vt 0.984755 0.401427
vt 0.984755 0.404152
vt 0.984755 0.964914
vt 0.986876 0.202773
vt 0.802339 0.977269
vt 0.986876 0.215372
vt 0.984755 0.391552
vt 0.984755 0.393669
vt 0.984755 0.406772
vt 0.802339 0.974855
vt 0.984755 0.945164
vt 0.984755 0.947280
vt 0.984755 0.396083
vt 0.986876 0.212648
vt 0.802339 0.972738
vt 0.984755 0.409186
vt 0.984755 0.398703
vt 0.984755 0.949694
vt 0.986876 0.209923
vt 0.984755 0.411302
vt 0.986876 0.222523
vt 0.802339 0.992488
vt 0.986319 0.962134
vt 0.986319 0.964070
vt 0.803903 0.987501
vt 0.803903 0.985105
vt 0.988441 0.205552
vt 0.988441 0.203617
vt 0.803903 0.980122
vt 0.803903 0.977726
vt 0.986319 0.957530
vt 0.986319 0.959926
vt 0.988441 0.217535
vt 0.988441 0.215140
vt 0.986319 0.392396
vt 0.986319 0.394332
vt 0.986319 0.403919
vt 0.986319 0.406315
vt 0.803903 0.975518
vt 0.986319 0.946008
vt 0.986319 0.947943
vt 0.986319 0.396540
vt 0.988441 0.212648
vt 0.803903 0.973582
vt 0.986319 0.408523
vt 0.986319 0.398936
vt 0.986319 0.950151
vt 0.988441 0.210156
vt 0.986319 0.410458
vt 0.988441 0.207760
vt 0.986319 0.952547
vt 0.988441 0.221679
vt 0.988441 0.219744
vt 0.803903 0.991645
vt 0.803903 0.989709
vt 0.986319 0.401427
vt 0.803903 0.982613
vt 0.986319 0.955039
vt 0.578287 0.904478
vt 0.580495 0.903298
vt 0.581411 0.905507
vt 0.579616 0.906466
vt 0.578287 0.925717
vt 0.576352 0.924129
vt 0.578043 0.922438
vt 0.579616 0.923729
vt 0.597183 0.919985
vt 0.596003 0.922193
vt 0.594014 0.920865
vt 0.594973 0.919070
vt 0.572611 0.915098
vt 0.572857 0.912606
vt 0.575202 0.913072
vt 0.575002 0.915098
vt 0.576352 0.906066
vt 0.578043 0.907757
vt 0.596003 0.908002
vt 0.597183 0.910210
vt 0.594973 0.911125
vt 0.594014 0.909330
vt 0.597910 0.917589
vt 0.595564 0.917123
vt 0.580495 0.926897
vt 0.581411 0.924688
vt 0.572857 0.917589
vt 0.575202 0.917123
vt 0.594414 0.906066
vt 0.592723 0.907757
vt 0.573583 0.919985
vt 0.575793 0.919070
vt 0.582891 0.927624
vt 0.583358 0.925279
vt 0.574764 0.908002
vt 0.576752 0.909330
vt 0.592479 0.904478
vt 0.591150 0.906466
vt 0.598155 0.915098
vt 0.595764 0.915098
vt 0.585383 0.902326
vt 0.587875 0.902571
vt 0.587408 0.904916
vt 0.585383 0.904717
vt 0.585383 0.927870
vt 0.585383 0.925478
vt 0.574764 0.922193
vt 0.576752 0.920865
vt 0.582891 0.902571
vt 0.583358 0.904916
vt 0.590271 0.903298
vt 0.589356 0.905507
vt 0.573583 0.910210
vt 0.575793 0.911125
vt 0.592479 0.925717
vt 0.590271 0.926897
vt 0.589356 0.924688
vt 0.591150 0.923729
vt 0.587875 0.927624
vt 0.587408 0.925279
vt 0.597910 0.912606
vt 0.595564 0.913072
vt 0.594414 0.924129
vt 0.592723 0.922438
vt 0.592919 0.919760
vt 0.592919 0.917474
vt 0.359069 0.005108
vt 0.359069 0.003314
vt 0.360590 0.004416
vt 0.360590 0.005867
vt 0.577619 0.915098
vt 0.577619 0.917474
vt 0.592919 0.905132
vt 0.591321 0.905132
vt 0.577619 0.919760
vt 0.359069 0.007056
vt 0.360590 0.007443
vt 0.579446 0.905132
vt 0.577619 0.905132
vt 0.543606 0.182964
vt 0.543606 0.184537
vt 0.545127 0.183134
vt 0.545127 0.181862
vt 0.592919 0.915098
vt 0.543606 0.177197
vt 0.543606 0.179222
vt 0.545127 0.178835
vt 0.545127 0.177197
vt 0.359069 0.009081
vt 0.360590 0.009081
vt 0.697941 0.814129
vt 0.696147 0.814129
vt 0.696837 0.815651
vt 0.702460 0.815651
vt 0.543606 0.175172
vt 0.545127 0.175559
vt 0.543606 0.181170
vt 0.545127 0.180410
vt 0.688202 0.814129
vt 0.686407 0.814129
vt 0.682209 0.815651
vt 0.687512 0.815651
vt 0.359069 0.014848
vt 0.359069 0.013053
vt 0.360590 0.012294
vt 0.360590 0.013746
vt 0.359069 0.011106
vt 0.360590 0.010719
vt 0.592919 0.912721
vt 0.590048 0.925383
vt 0.592919 0.925383
vt 0.577619 0.925383
vt 0.579446 0.925383
vt 0.543606 0.173225
vt 0.545127 0.173984
vt 0.577619 0.910435
vt 0.577619 0.912721
vt 0.072212 0.816251
vt 0.073785 0.816251
vt 0.076730 0.817772
vt 0.073214 0.817772
vt 0.592919 0.910435
vt 0.543606 0.171430
vt 0.545127 0.172532
vt 0.580718 0.925383
vt 0.070417 0.816251
vt 0.071107 0.817772
vt 0.543606 0.169857
vt 0.545127 0.171260
vt 0.060678 0.816251
vt 0.062472 0.816251
vt 0.061782 0.817772
vt 0.056479 0.817772
vt 0.577619 0.931170
vt 0.579446 0.931170
vt 0.582170 0.905132
vt 0.583745 0.905132
vt 0.583745 0.899524
vt 0.582170 0.899524
vt 0.588596 0.925383
vt 0.587021 0.925383
vt 0.587021 0.931170
vt 0.588596 0.931170
vt 0.689797 0.815651
vt 0.684888 0.817592
vt 0.688460 0.817592
vt 0.082518 0.819713
vt 0.077022 0.819713
vt 0.064068 0.817772
vt 0.062730 0.819713
vt 0.059159 0.819713
vt 0.580718 0.905132
vt 0.580718 0.899524
vt 0.580718 0.931170
vt 0.073731 0.819713
vt 0.692174 0.815651
vt 0.692174 0.817592
vt 0.579446 0.899524
vt 0.050872 0.819713
vt 0.068822 0.817772
vt 0.070159 0.819713
vt 0.582170 0.925383
vt 0.582170 0.931170
vt 0.694551 0.815651
vt 0.695889 0.817592
vt 0.592919 0.899524
vt 0.591321 0.899524
vt 0.699460 0.817592
vt 0.583745 0.925383
vt 0.583745 0.931170
vt 0.577619 0.899524
vt 0.590048 0.905132
vt 0.590048 0.899524
vt 0.066445 0.817772
vt 0.066445 0.819713
vt 0.585383 0.905132
vt 0.587021 0.905132
vt 0.587021 0.899524
vt 0.585383 0.899524
vt 0.585383 0.925383
vt 0.585383 0.931170
vt 0.708247 0.817592
vt 0.588596 0.905132
vt 0.588596 0.899524
vt 0.676601 0.817592
vt 0.590048 0.931170
vt 0.592919 0.931170
vt 0.646477 0.696253
vt 0.646477 0.694980
vt 0.649573 0.695342
vt 0.649573 0.696537
vt 0.076378 0.822809
vt 0.073287 0.822809
vt 0.688686 0.820688
vt 0.692174 0.820688
vt 0.500120 0.654679
vt 0.500120 0.655951
vt 0.503216 0.656236
vt 0.503216 0.655041
vt 0.059603 0.822809
vt 0.051821 0.822809
vt 0.069933 0.822809
vt 0.646477 0.697704
vt 0.649573 0.697900
vt 0.695662 0.820688
vt 0.500120 0.666554
vt 0.500120 0.668152
vt 0.503216 0.667693
vt 0.503216 0.666192
vt 0.699016 0.820688
vt 0.646477 0.699279
vt 0.649573 0.699379
vt 0.500120 0.652853
vt 0.503216 0.653326
vt 0.500120 0.665281
vt 0.503216 0.664997
vt 0.066445 0.822809
vt 0.500120 0.660616
vt 0.500120 0.662255
vt 0.503216 0.662155
vt 0.503216 0.660616
vt 0.646477 0.700918
vt 0.649573 0.700918
vt 0.707268 0.820688
vt 0.500120 0.658978
vt 0.503216 0.659078
vt 0.500120 0.663830
vt 0.503216 0.663634
vt 0.677550 0.820688
vt 0.685332 0.820688
vt 0.646477 0.705583
vt 0.646477 0.704131
vt 0.649573 0.703935
vt 0.649573 0.705298
vt 0.646477 0.702556
vt 0.649573 0.702456
vt 0.062957 0.822809
vt 0.646477 0.708453
vt 0.649573 0.707994
vt 0.646477 0.693154
vt 0.649573 0.693627
vt 0.500120 0.657403
vt 0.503216 0.657599
vt 0.081538 0.822809
vt 0.656584 0.697843
vt 0.656584 0.698800
vt 0.692174 0.827699
vt 0.694622 0.827699
vt 0.510227 0.665582
vt 0.510227 0.664529
vt 0.696976 0.827699
vt 0.656584 0.699838
vt 0.510227 0.656704
vt 0.510227 0.655500
vt 0.510227 0.663691
vt 0.068893 0.829820
vt 0.066445 0.829820
vt 0.510227 0.661696
vt 0.510227 0.660616
vt 0.656584 0.700918
vt 0.702766 0.827699
vt 0.510227 0.659537
vt 0.510227 0.662734
vt 0.681911 0.827699
vt 0.687373 0.827699
vt 0.656584 0.703035
vt 0.656584 0.703992
vt 0.656584 0.701997
vt 0.063997 0.829820
vt 0.656584 0.705884
vt 0.656584 0.695801
vt 0.656584 0.697005
vt 0.510227 0.658499
vt 0.689727 0.827699
vt 0.077037 0.829820
vt 0.073415 0.829820
vt 0.061643 0.829820
vt 0.510227 0.657542
vt 0.071246 0.829820
vt 0.056182 0.829820
vt 0.511189 0.664529
vt 0.511189 0.663691
vt 0.068893 0.830782
vt 0.066445 0.830782
vt 0.511189 0.661696
vt 0.511189 0.660616
vt 0.657546 0.699838
vt 0.657546 0.700918
vt 0.696976 0.828661
vt 0.702766 0.828661
vt 0.511189 0.659537
vt 0.511189 0.662734
vt 0.681911 0.828661
vt 0.687373 0.828661
vt 0.657546 0.703035
vt 0.657546 0.703992
vt 0.657546 0.701997
vt 0.063997 0.830782
vt 0.657546 0.705884
vt 0.657546 0.695801
vt 0.657546 0.697005
vt 0.511189 0.658499
vt 0.689727 0.828661
vt 0.077037 0.830782
vt 0.073415 0.830782
vt 0.061643 0.830782
vt 0.511189 0.657542
vt 0.657546 0.697843
vt 0.071246 0.830782
vt 0.692174 0.828661
vt 0.511189 0.656704
vt 0.056182 0.830782
vt 0.657546 0.698800
vt 0.694622 0.828661
vt 0.511189 0.665582
vt 0.511189 0.655500
vt 0.281466 0.253660
vt 0.281466 0.254739
vt 0.280863 0.254739
vt 0.280863 0.253660
vt 0.103163 0.177303
vt 0.103163 0.176347
vt 0.103935 0.176347
vt 0.103935 0.177303
vt 0.071246 0.839687
vt 0.073415 0.839687
vt 0.073834 0.846006
vt 0.071533 0.846006
vt 0.692174 0.838020
vt 0.689727 0.838020
vt 0.689727 0.842480
vt 0.692174 0.842480
vt 0.317525 0.170940
vt 0.317525 0.169983
vt 0.316922 0.169983
vt 0.316922 0.170940
vt 0.057618 0.842919
vt 0.061643 0.839687
vt 0.061349 0.846006
vt 0.056182 0.844601
vt 0.068893 0.839687
vt 0.069037 0.846006
vt 0.266489 0.017136
vt 0.266489 0.018216
vt 0.267261 0.018216
vt 0.267261 0.017136
vt 0.694622 0.838020
vt 0.694622 0.842480
vt 0.281466 0.256734
vt 0.281466 0.257573
vt 0.280863 0.257573
vt 0.280863 0.256734
vt 0.696976 0.838020
vt 0.696976 0.842480
vt 0.103163 0.178341
vt 0.103935 0.178341
vt 0.281466 0.251542
vt 0.281466 0.252580
vt 0.280863 0.252580
vt 0.280863 0.251542
vt 0.066445 0.839687
vt 0.066441 0.846006
vt 0.317525 0.178174
vt 0.317525 0.176970
vt 0.316922 0.176970
vt 0.316922 0.178174
vt 0.103163 0.182495
vt 0.103163 0.181538
vt 0.103935 0.181538
vt 0.103935 0.182495
vt 0.700589 0.840417
vt 0.702766 0.842480
vt 0.317525 0.175175
vt 0.317525 0.174137
vt 0.316922 0.174137
vt 0.316922 0.175175
vt 0.317525 0.169145
vt 0.316922 0.169145
vt 0.687373 0.838020
vt 0.683531 0.840641
vt 0.681911 0.842480
vt 0.687373 0.842480
vt 0.266489 0.021290
vt 0.266489 0.022129
vt 0.267261 0.022129
vt 0.267261 0.021290
vt 0.266489 0.019295
vt 0.267261 0.019295
vt 0.063997 0.839687
vt 0.063845 0.846006
vt 0.103163 0.179421
vt 0.103935 0.179421
vt 0.281466 0.255778
vt 0.280863 0.255778
vt 0.266489 0.013250
vt 0.266489 0.015142
vt 0.267261 0.015142
vt 0.267261 0.013250
vt 0.281466 0.250586
vt 0.280863 0.250586
vt 0.266489 0.020334
vt 0.267261 0.020334
vt 0.075947 0.842752
vt 0.077037 0.844601
vt 0.069479 0.850318
vt 0.072414 0.850318
vt 0.073294 0.854631
vt 0.069922 0.854631
vt 0.614351 0.655121
vt 0.614351 0.653816
vt 0.619366 0.652712
vt 0.619366 0.654366
vt 0.695165 0.847495
vt 0.692189 0.847495
vt 0.692203 0.852510
vt 0.695708 0.852510
vt 0.557081 0.088168
vt 0.557081 0.089510
vt 0.562096 0.091208
vt 0.562096 0.089578
vt 0.698027 0.847495
vt 0.699078 0.852510
vt 0.614351 0.656537
vt 0.619366 0.656159
vt 0.557081 0.076000
vt 0.557081 0.077503
vt 0.562096 0.076073
vt 0.562096 0.074271
vt 0.557081 0.087024
vt 0.562096 0.088127
vt 0.066428 0.850318
vt 0.066416 0.854631
vt 0.557081 0.082832
vt 0.557081 0.084303
vt 0.562096 0.084681
vt 0.562096 0.082817
vt 0.614351 0.658008
vt 0.619366 0.658023
vt 0.704648 0.847495
vt 0.706529 0.852510
vt 0.557081 0.081361
vt 0.562096 0.080955
vt 0.557081 0.085719
vt 0.562096 0.086474
vt 0.686349 0.847495
vt 0.680087 0.847495
vt 0.678263 0.852510
vt 0.685325 0.852510
vt 0.614351 0.662195
vt 0.614351 0.660893
vt 0.619366 0.661675
vt 0.619366 0.663323
vt 0.614351 0.659479
vt 0.619366 0.659885
vt 0.063378 0.850318
vt 0.062911 0.854631
vt 0.614351 0.664495
vt 0.619366 0.666031
vt 0.614351 0.652671
vt 0.614351 0.651164
vt 0.619366 0.649451
vt 0.619366 0.651262
vt 0.557081 0.079947
vt 0.562096 0.079165
vt 0.689212 0.847495
vt 0.688697 0.852510
vt 0.075119 0.850318
vt 0.079116 0.849616
vt 0.081195 0.854631
vt 0.076404 0.854631
vt 0.060445 0.850318
vt 0.059542 0.854631
vt 0.557081 0.078644
vt 0.562096 0.077517
vt 0.054334 0.849616
vt 0.052485 0.854631
vt 0.682638 0.854810
vt 0.687254 0.854810
vt 0.690516 0.907101
vt 0.691970 0.907441
vt 0.690849 0.911653
vt 0.689640 0.911186
vt 0.690902 0.936968
vt 0.689257 0.937260
vt 0.688595 0.933116
vt 0.689955 0.932730
vt 0.066402 0.856931
vt 0.063874 0.856931
vt 0.685608 0.937534
vt 0.683744 0.937505
vt 0.684031 0.933415
vt 0.685575 0.933465
vt 0.693605 0.936571
vt 0.691901 0.932213
vt 0.678838 0.936779
vt 0.677022 0.936363
vt 0.678589 0.931835
vt 0.679957 0.932409
vt 0.688859 0.906856
vt 0.688264 0.910846
vt 0.681551 0.906961
vt 0.683339 0.906770
vt 0.683690 0.910699
vt 0.682211 0.910947
vt 0.687469 0.937451
vt 0.687117 0.933364
vt 0.076818 0.856931
vt 0.073610 0.856931
vt 0.687064 0.906716
vt 0.686776 0.910647
vt 0.679906 0.907253
vt 0.680852 0.911333
vt 0.071365 0.856931
vt 0.689688 0.854810
vt 0.678467 0.907635
vt 0.679664 0.911841
vt 0.061445 0.856931
vt 0.068931 0.856931
vt 0.680292 0.937120
vt 0.681167 0.932877
vt 0.692217 0.854810
vt 0.694745 0.854810
vt 0.697174 0.854810
vt 0.056837 0.856931
vt 0.676670 0.908100
vt 0.678322 0.912456
vt 0.681949 0.937365
vt 0.682542 0.933217
vt 0.693605 0.907860
vt 0.692109 0.912229
vt 0.685201 0.906687
vt 0.685231 0.910598
vt 0.702019 0.854810
vt 0.687926 0.928433
vt 0.688992 0.927909
vt 0.685551 0.928899
vt 0.686764 0.928767
vt 0.692790 0.919258
vt 0.692902 0.921785
vt 0.691550 0.921773
vt 0.691417 0.920356
vt 0.690077 0.927213
vt 0.687648 0.915334
vt 0.686472 0.915052
vt 0.680233 0.926612
vt 0.681105 0.927414
vt 0.684040 0.915107
vt 0.682878 0.915442
vt 0.677832 0.919512
vt 0.678019 0.917076
vt 0.679584 0.919258
vt 0.679305 0.920631
vt 0.692346 0.929000
vt 0.690723 0.925838
vt 0.692531 0.916832
vt 0.691080 0.918998
vt 0.681812 0.915966
vt 0.682066 0.928065
vt 0.692676 0.926751
vt 0.691197 0.924568
vt 0.677793 0.922042
vt 0.679231 0.922053
vt 0.680884 0.916660
vt 0.690548 0.917262
vt 0.692864 0.924315
vt 0.691476 0.923195
vt 0.683156 0.928541
vt 0.677906 0.924568
vt 0.679365 0.923470
vt 0.689699 0.916461
vt 0.678164 0.926995
vt 0.679701 0.924828
vt 0.684332 0.928822
vt 0.680052 0.917498
vt 0.688738 0.915809
vt 0.685253 0.914976
vt 0.689135 0.921072
vt 0.688899 0.920359
vt 0.683848 0.918415
vt 0.683196 0.918786
vt 0.682765 0.924686
vt 0.683357 0.925147
vt 0.688636 0.923958
vt 0.688973 0.923287
vt 0.681631 0.921261
vt 0.681576 0.922010
vt 0.682628 0.919276
vt 0.688529 0.919707
vt 0.689173 0.922564
vt 0.684027 0.925484
vt 0.681669 0.922754
vt 0.688038 0.919139
vt 0.681904 0.923466
vt 0.684750 0.925684
vt 0.682167 0.919868
vt 0.687447 0.918678
vt 0.689227 0.921816
vt 0.686053 0.918142
vt 0.685305 0.918087
vt 0.685499 0.925738
vt 0.682275 0.924119
vt 0.684561 0.918180
vt 0.686776 0.918341
vt 0.681830 0.920538
vt 0.686955 0.925410
vt 0.687608 0.925040
vt 0.686243 0.925646
vt 0.688175 0.924550
vt 0.210535 0.434233
vt 0.210535 0.434890
vt 0.212112 0.434890
vt 0.212112 0.434233
vt 0.401436 0.376213
vt 0.401436 0.376959
vt 0.403012 0.376959
vt 0.403012 0.376213
vt 0.401436 0.378427
vt 0.401436 0.379093
vt 0.403012 0.379093
vt 0.403012 0.378427
vt 0.210535 0.437818
vt 0.210535 0.438485
vt 0.212112 0.438485
vt 0.212112 0.437818
vt 0.382346 0.027001
vt 0.382346 0.026345
vt 0.383922 0.026345
vt 0.383922 0.027001
vt 0.382346 0.025630
vt 0.382346 0.024884
vt 0.383922 0.024884
vt 0.383922 0.025630
vt 0.346287 0.150776
vt 0.346287 0.150030
vt 0.347863 0.150030
vt 0.347863 0.150776
vt 0.382346 0.027575
vt 0.383922 0.027575
vt 0.401436 0.377706
vt 0.403012 0.377706
vt 0.210535 0.433660
vt 0.212112 0.433660
vt 0.401436 0.375498
vt 0.403012 0.375498
vt 0.210535 0.437097
vt 0.212112 0.437097
vt 0.346287 0.147896
vt 0.346287 0.147309
vt 0.347863 0.147309
vt 0.347863 0.147896
vt 0.346287 0.151491
vt 0.347863 0.151491
vt 0.401436 0.374842
vt 0.403012 0.374842
vt 0.382346 0.022750
vt 0.382346 0.022163
vt 0.383922 0.022163
vt 0.383922 0.022750
vt 0.346287 0.148562
vt 0.347863 0.148562
vt 0.210535 0.436350
vt 0.212112 0.436350
vt 0.401436 0.374269
vt 0.403012 0.374269
vt 0.346287 0.152147
vt 0.347863 0.152147
vt 0.346287 0.149283
vt 0.347863 0.149283
vt 0.382346 0.023416
vt 0.383922 0.023416
vt 0.210535 0.435604
vt 0.212112 0.435604
vt 0.346287 0.152720
vt 0.347863 0.152720
vt 0.382346 0.024137
vt 0.383922 0.024137
vt 0.210535 0.439071
vt 0.212112 0.439071
vt 0.401436 0.379680
vt 0.403012 0.379680
vt 0.147694 0.324890
vt 0.147163 0.324360
vt 0.146455 0.324941
vt 0.147113 0.325598
vt 0.148318 0.318557
vt 0.149011 0.318270
vt 0.148745 0.317393
vt 0.147886 0.317749
vt 0.151926 0.325307
vt 0.151232 0.325594
vt 0.151498 0.326471
vt 0.152357 0.326115
vt 0.146313 0.321557
vt 0.146460 0.320821
vt 0.145583 0.320555
vt 0.145402 0.321467
vt 0.153497 0.323736
vt 0.153080 0.324360
vt 0.153788 0.324941
vt 0.154304 0.324168
vt 0.153497 0.320128
vt 0.153784 0.320821
vt 0.154660 0.320555
vt 0.154304 0.319696
vt 0.147694 0.318974
vt 0.147113 0.318266
vt 0.148318 0.325307
vt 0.147886 0.326115
vt 0.153784 0.323043
vt 0.154660 0.323309
vt 0.146313 0.322307
vt 0.145402 0.322397
vt 0.147163 0.319504
vt 0.146455 0.318923
vt 0.153080 0.319504
vt 0.153788 0.318923
vt 0.153930 0.322307
vt 0.154842 0.322397
vt 0.149011 0.325594
vt 0.148745 0.326471
vt 0.146460 0.323043
vt 0.145583 0.323309
vt 0.152549 0.318974
vt 0.153130 0.318266
vt 0.146747 0.323736
vt 0.145939 0.324168
vt 0.149746 0.325740
vt 0.149657 0.326652
vt 0.146747 0.320128
vt 0.145939 0.319696
vt 0.151926 0.318557
vt 0.152357 0.317749
vt 0.153930 0.321557
vt 0.154842 0.321467
vt 0.149746 0.318124
vt 0.150497 0.318124
vt 0.150586 0.317212
vt 0.149657 0.317212
vt 0.150497 0.325740
vt 0.150586 0.326652
vt 0.151232 0.318270
vt 0.151498 0.317393
vt 0.152549 0.324890
vt 0.153130 0.325598
vt 0.371618 0.190609
vt 0.371618 0.189882
vt 0.372934 0.189405
vt 0.372934 0.190237
vt 0.297379 0.380214
vt 0.297379 0.379388
vt 0.298694 0.379016
vt 0.298694 0.379961
vt 0.310105 0.379893
vt 0.310105 0.380819
vt 0.311421 0.380943
vt 0.311421 0.379883
vt 0.210413 0.372317
vt 0.210413 0.373027
vt 0.211729 0.372639
vt 0.211729 0.371826
vt 0.297379 0.384658
vt 0.297379 0.383844
vt 0.298694 0.384115
vt 0.298694 0.385046
vt 0.297379 0.381108
vt 0.298694 0.380984
vt 0.371618 0.191435
vt 0.372934 0.191182
vt 0.310105 0.378969
vt 0.311421 0.378826
vt 0.297379 0.385368
vt 0.298694 0.385858
vt 0.310105 0.378083
vt 0.311421 0.377813
vt 0.371618 0.192328
vt 0.372934 0.192204
vt 0.310105 0.382539
vt 0.310105 0.383266
vt 0.311421 0.383742
vt 0.311421 0.382911
vt 0.210413 0.378297
vt 0.210413 0.379023
vt 0.211729 0.379500
vt 0.211729 0.378668
vt 0.297379 0.382034
vt 0.298694 0.382044
vt 0.210413 0.375651
vt 0.210413 0.376577
vt 0.211729 0.376701
vt 0.211729 0.375641
vt 0.371618 0.193255
vt 0.372934 0.193264
vt 0.310105 0.377269
vt 0.311421 0.376881
vt 0.210413 0.374727
vt 0.211729 0.374584
vt 0.210413 0.377471
vt 0.211729 0.377723
vt 0.310105 0.381713
vt 0.311421 0.381966
vt 0.371618 0.195878
vt 0.371618 0.195065
vt 0.372934 0.195335
vt 0.372934 0.196266
vt 0.371618 0.194179
vt 0.372934 0.194321
vt 0.297379 0.382958
vt 0.298694 0.383101
vt 0.371618 0.196589
vt 0.372934 0.197079
vt 0.310105 0.376559
vt 0.311421 0.376069
vt 0.210413 0.373841
vt 0.211729 0.373570
vt 0.297379 0.378661
vt 0.298694 0.378185
vt 0.374333 0.190097
vt 0.374333 0.191087
vt 0.312821 0.379880
vt 0.312821 0.378772
vt 0.300094 0.385192
vt 0.300094 0.386043
vt 0.312821 0.377711
vt 0.374333 0.192158
vt 0.312821 0.383922
vt 0.312821 0.383051
vt 0.213128 0.379680
vt 0.213128 0.378809
vt 0.300094 0.380937
vt 0.300094 0.382047
vt 0.213128 0.376748
vt 0.213128 0.375637
vt 0.374333 0.193268
vt 0.312821 0.376735
vt 0.213128 0.374530
vt 0.213128 0.377819
vt 0.312821 0.382061
vt 0.374333 0.195437
vt 0.374333 0.196412
vt 0.374333 0.194375
vt 0.300094 0.383155
vt 0.374333 0.197264
vt 0.312821 0.375884
vt 0.213128 0.373468
vt 0.312821 0.380990
vt 0.300094 0.378005
vt 0.300094 0.378876
vt 0.300094 0.384216
vt 0.213128 0.372493
vt 0.374333 0.189225
vt 0.300094 0.379866
vt 0.213128 0.371642
vt 0.214852 0.379459
vt 0.214852 0.378637
vt 0.301817 0.380994
vt 0.301817 0.382043
vt 0.214852 0.376691
vt 0.214852 0.375642
vt 0.376056 0.192215
vt 0.376056 0.193264
vt 0.314544 0.377836
vt 0.314544 0.376915
vt 0.214852 0.374596
vt 0.214852 0.377702
vt 0.314544 0.382879
vt 0.314544 0.381944
vt 0.376056 0.195312
vt 0.376056 0.196233
vt 0.376056 0.194309
vt 0.301817 0.383089
vt 0.376056 0.197037
vt 0.314544 0.376111
vt 0.214852 0.373594
vt 0.314544 0.380933
vt 0.301817 0.378226
vt 0.301817 0.379048
vt 0.301817 0.384091
vt 0.214852 0.372673
vt 0.376056 0.189446
vt 0.376056 0.190269
vt 0.301817 0.379983
vt 0.314544 0.379884
vt 0.214852 0.371868
vt 0.301817 0.385012
vt 0.376056 0.191204
vt 0.314544 0.378838
vt 0.301817 0.385816
vt 0.314544 0.383702
vt 0.377559 0.193247
vt 0.377559 0.194068
vt 0.303320 0.382027
vt 0.303320 0.382847
vt 0.356305 0.251626
vt 0.355560 0.252370
vt 0.354828 0.251477
vt 0.355412 0.250893
vt 0.216354 0.377275
vt 0.216354 0.376481
vt 0.348750 0.252370
vt 0.348005 0.251626
vt 0.348898 0.250893
vt 0.349482 0.251477
vt 0.216354 0.374837
vt 0.216354 0.374050
vt 0.377559 0.194855
vt 0.316046 0.381517
vt 0.316046 0.380723
vt 0.303320 0.379031
vt 0.303320 0.379676
vt 0.303320 0.383634
vt 0.216354 0.373328
vt 0.377559 0.190251
vt 0.377559 0.190897
vt 0.303320 0.380410
vt 0.316046 0.379900
vt 0.348006 0.244815
vt 0.348750 0.244071
vt 0.349482 0.244964
vt 0.348898 0.245548
vt 0.303320 0.384357
vt 0.303320 0.381204
vt 0.377559 0.191631
vt 0.316046 0.379080
vt 0.355561 0.244071
vt 0.356305 0.244815
vt 0.355412 0.245548
vt 0.354828 0.244964
vt 0.316046 0.378293
vt 0.377559 0.192424
vt 0.316046 0.382896
vt 0.316046 0.382251
vt 0.216354 0.378654
vt 0.216354 0.378008
vt 0.216354 0.375658
vt 0.316046 0.377570
vt 0.377559 0.195578
vt 0.355871 0.246234
vt 0.356187 0.246997
vt 0.354882 0.247393
vt 0.354669 0.246877
vt 0.350169 0.244505
vt 0.350812 0.245707
vt 0.350347 0.246017
vt 0.350169 0.251936
vt 0.350347 0.250423
vt 0.350812 0.250734
vt 0.356187 0.249443
vt 0.355871 0.250206
vt 0.354669 0.249564
vt 0.354882 0.249048
vt 0.347962 0.248633
vt 0.347962 0.247807
vt 0.349319 0.247941
vt 0.349319 0.248500
vt 0.349952 0.246412
vt 0.354358 0.246412
vt 0.356348 0.248633
vt 0.354991 0.248500
vt 0.350932 0.252252
vt 0.351328 0.250948
vt 0.348123 0.249443
vt 0.349428 0.249048
vt 0.353963 0.246017
vt 0.348440 0.250206
vt 0.349642 0.249564
vt 0.351742 0.252413
vt 0.351876 0.251057
vt 0.348440 0.246234
vt 0.349642 0.246877
vt 0.354141 0.244505
vt 0.353499 0.245707
vt 0.356348 0.247807
vt 0.354991 0.247941
vt 0.351742 0.244028
vt 0.352568 0.244028
vt 0.352434 0.245384
vt 0.351876 0.245384
vt 0.352568 0.252413
vt 0.352434 0.251057
vt 0.349952 0.250028
vt 0.350932 0.244189
vt 0.351328 0.245493
vt 0.353378 0.244189
vt 0.352982 0.245493
vt 0.348123 0.246997
vt 0.349428 0.247393
vt 0.354141 0.251936
vt 0.353499 0.250734
vt 0.353963 0.250423
vt 0.353378 0.252252
vt 0.352982 0.250948
vt 0.354358 0.250028
vt 0.350116 0.246516
vt 0.349967 0.247107
vt 0.349903 0.247760
vt 0.349927 0.248440
vt 0.350036 0.249111
vt 0.350226 0.249739
vt 0.350488 0.250290
vt 0.350670 0.246228
vt 0.350590 0.246873
vt 0.350574 0.247602
vt 0.350620 0.248371
vt 0.350725 0.249135
vt 0.350883 0.249847
vt 0.351087 0.250464
vt 0.351282 0.246024
vt 0.351275 0.246699
vt 0.351307 0.247473
vt 0.351373 0.248297
vt 0.351469 0.249118
vt 0.351589 0.249884
vt 0.351727 0.250545
vt 0.351928 0.245912
vt 0.351995 0.246592
vt 0.352072 0.247379
vt 0.352155 0.248220
vt 0.352238 0.249062
vt 0.352315 0.249848
vt 0.352382 0.250529
vt 0.352583 0.245896
vt 0.352721 0.246557
vt 0.352842 0.247322
vt 0.352938 0.248143
vt 0.353004 0.248967
vt 0.353035 0.249742
vt 0.353028 0.250416
vt 0.353223 0.245977
vt 0.353427 0.246594
vt 0.353585 0.247305
vt 0.353690 0.248069
vt 0.353736 0.248838
vt 0.353720 0.249568
vt 0.353640 0.250213
vt 0.353822 0.246151
vt 0.354084 0.246702
vt 0.354274 0.247329
vt 0.354383 0.248001
vt 0.354407 0.248681
vt 0.354343 0.249333
vt 0.354194 0.249925
vt 0.330973 0.801197
vt 0.331812 0.801197
vt 0.331812 0.801782
vt 0.330973 0.801782
vt 0.330017 0.801197
vt 0.330017 0.801782
vt 0.328979 0.801197
vt 0.328979 0.801782
vt 0.327899 0.801197
vt 0.327899 0.801782
vt 0.324825 0.801197
vt 0.325781 0.801197
vt 0.325781 0.801782
vt 0.324825 0.801782
vt 0.326819 0.801197
vt 0.326819 0.801782
vt 0.322933 0.801197
vt 0.322933 0.801782
vt 0.333015 0.801197
vt 0.333015 0.801782
vt 0.103163 0.184537
vt 0.103163 0.183334
vt 0.103935 0.183334
vt 0.103935 0.184537
vt 0.103163 0.180500
vt 0.103935 0.180500
vt 0.103163 0.174455
vt 0.103935 0.174455
vt 0.707681 0.842957
vt 0.707681 0.843534
vt 0.708453 0.843700
vt 0.708453 0.843115
vt 0.081952 0.832067
vt 0.081952 0.830574
vt 0.082724 0.830541
vt 0.082724 0.832054
vt 0.266489 0.016098
vt 0.267261 0.016098
vt 0.266489 0.023332
vt 0.267261 0.023332
vt 0.048865 0.748165
vt 0.047908 0.748165
vt 0.047908 0.748754
vt 0.048865 0.748754
vt 0.049703 0.748165
vt 0.049703 0.748754
vt 0.041878 0.748165
vt 0.040825 0.748165
vt 0.040825 0.748754
vt 0.041878 0.748754
vt 0.050907 0.748165
vt 0.050907 0.748754
vt 0.042716 0.748165
vt 0.042716 0.748754
vt 0.045790 0.748165
vt 0.044711 0.748165
vt 0.044711 0.748754
vt 0.045790 0.748754
vt 0.046870 0.748165
vt 0.046870 0.748754
vt 0.043673 0.748165
vt 0.043673 0.748754
vt 0.317525 0.176132
vt 0.316922 0.176132
vt 0.281466 0.248694
vt 0.281466 0.249747
vt 0.280863 0.249747
vt 0.280863 0.248694
vt 0.317525 0.173057
vt 0.317525 0.171978
vt 0.316922 0.171978
vt 0.316922 0.173057
vt 0.051298 0.844490
vt 0.051298 0.845073
vt 0.050694 0.845131
vt 0.050694 0.844542
vt 0.317525 0.168092
vt 0.316922 0.168092
vt 0.677027 0.829238
vt 0.677027 0.827730
vt 0.676424 0.827615
vt 0.676424 0.829140
vt 0.281466 0.258776
vt 0.280863 0.258776
vt 0.098942 0.183334
vt 0.098942 0.182495
vt 0.262268 0.022129
vt 0.262268 0.023332
vt 0.098942 0.180500
vt 0.098942 0.179421
vt 0.262268 0.015142
vt 0.262268 0.016098
vt 0.262268 0.017136
vt 0.078193 0.832131
vt 0.077731 0.830753
vt 0.262268 0.020334
vt 0.262268 0.021290
vt 0.704621 0.842331
vt 0.703460 0.842629
vt 0.098942 0.176347
vt 0.098942 0.174455
vt 0.098942 0.181538
vt 0.098942 0.184537
vt 0.262268 0.019295
vt 0.262268 0.013250
vt 0.098942 0.178341
vt 0.262268 0.018216
vt 0.098942 0.177303
vt 0.098248 0.177303
vt 0.098248 0.176347
vt 0.261574 0.017136
vt 0.261574 0.018216
vt 0.098248 0.178341
vt 0.098248 0.182495
vt 0.098248 0.181538
vt 0.261574 0.021290
vt 0.261574 0.022129
vt 0.261574 0.019295
vt 0.098248 0.179421
vt 0.261574 0.013250
vt 0.261574 0.015142
vt 0.261574 0.020334
vt 0.098248 0.184537
vt 0.098248 0.183334
vt 0.098248 0.180500
vt 0.098248 0.174455
vt 0.075947 0.833270
vt 0.261574 0.016098
vt 0.261574 0.023332
vt 0.286351 0.257573
vt 0.286351 0.258776
vt 0.285578 0.258776
vt 0.285578 0.257573
vt 0.683531 0.830957
vt 0.681139 0.828514
vt 0.680430 0.829790
vt 0.322410 0.169145
vt 0.322410 0.168092
vt 0.321637 0.168092
vt 0.321637 0.169145
vt 0.286351 0.254739
vt 0.286351 0.255778
vt 0.285578 0.255778
vt 0.285578 0.254739
vt 0.055409 0.844676
vt 0.054702 0.844199
vt 0.286351 0.249747
vt 0.286351 0.250586
vt 0.285578 0.250586
vt 0.285578 0.249747
vt 0.322410 0.174137
vt 0.322410 0.173057
vt 0.321637 0.173057
vt 0.321637 0.174137
vt 0.322410 0.176970
vt 0.322410 0.176132
vt 0.321637 0.176132
vt 0.321637 0.176970
vt 0.322410 0.171978
vt 0.322410 0.170940
vt 0.321637 0.170940
vt 0.321637 0.171978
vt 0.286351 0.248694
vt 0.285578 0.248694
vt 0.322410 0.175175
vt 0.321637 0.175175
vt 0.286351 0.251542
vt 0.285578 0.251542
vt 0.286351 0.256734
vt 0.285578 0.256734
vt 0.322410 0.169983
vt 0.321637 0.169983
vt 0.322410 0.178174
vt 0.321637 0.178174
vt 0.286351 0.252580
vt 0.286351 0.253660
vt 0.285578 0.253660
vt 0.285578 0.252580
vt 0.054702 0.831911
vt 0.051298 0.831359
vt 0.681139 0.842555
vt 0.680430 0.842078
vt 0.677027 0.842369
vt 0.677027 0.842952
vt 0.057618 0.833129
vt 0.078193 0.844309
vt 0.077731 0.844750
vt 0.700589 0.831158
vt 0.704621 0.829998
vt 0.707681 0.829946
vt 0.081952 0.845078
vt 0.081952 0.845655
vt 0.676424 0.842421
vt 0.676424 0.843010
vt 0.050694 0.831261
vt 0.047908 0.734885
vt 0.046870 0.734885
vt 0.044711 0.734885
vt 0.043673 0.734885
vt 0.042716 0.734885
vt 0.045790 0.734885
vt 0.041878 0.734885
vt 0.050907 0.734885
vt 0.049703 0.734885
vt 0.040825 0.734885
vt 0.048865 0.734885
vt 0.082724 0.845236
vt 0.082724 0.845821
vt 0.708453 0.829933
vt 0.325781 0.788016
vt 0.326819 0.788016
vt 0.331812 0.788016
vt 0.333015 0.788016
vt 0.322933 0.788016
vt 0.324825 0.788016
vt 0.327899 0.788016
vt 0.328979 0.788016
vt 0.330017 0.788016
vt 0.330973 0.788016
vt 0.061643 0.835869
vt 0.063997 0.835869
vt 0.073415 0.835869
vt 0.689727 0.832879
vt 0.687373 0.832879
vt 0.066445 0.835869
vt 0.696976 0.832879
vt 0.068893 0.835869
vt 0.694622 0.832879
vt 0.692174 0.832879
vt 0.071246 0.835869
vt 0.330973 0.786503
vt 0.331812 0.786503
vt 0.330017 0.786503
vt 0.328979 0.786503
vt 0.327899 0.786503
vt 0.324825 0.786503
vt 0.325781 0.786503
vt 0.326819 0.786503
vt 0.322933 0.786503
vt 0.333015 0.786503
vt 0.707681 0.828453
vt 0.708453 0.828420
vt 0.048865 0.733360
vt 0.047908 0.733360
vt 0.049703 0.733360
vt 0.041878 0.733360
vt 0.040825 0.733360
vt 0.050907 0.733360
vt 0.042716 0.733360
vt 0.045790 0.733360
vt 0.044711 0.733360
vt 0.046870 0.733360
vt 0.043673 0.733360
vt 0.051298 0.829851
vt 0.050694 0.829736
vt 0.703460 0.828632
vt 0.055409 0.830635
vt 0.552066 0.078933
vt 0.552066 0.079772
vt 0.609337 0.654919
vt 0.609337 0.654081
vt 0.552066 0.080729
vt 0.609337 0.660111
vt 0.609337 0.659073
vt 0.552066 0.081767
vt 0.609337 0.652877
vt 0.552066 0.083926
vt 0.552066 0.084964
vt 0.609337 0.662959
vt 0.609337 0.661068
vt 0.609337 0.657993
vt 0.552066 0.085920
vt 0.552066 0.082846
vt 0.609337 0.656914
vt 0.552066 0.086759
vt 0.552066 0.077730
vt 0.609337 0.655876
vt 0.552066 0.087812
vt 0.421454 0.132571
vt 0.421454 0.139538
vt 0.429938 0.343546
vt 0.429938 0.337919
vt 0.436301 0.135753
vt 0.436301 0.128509
vt 0.429938 0.324533
vt 0.429938 0.317288
vt 0.429938 0.331499
vt 0.415090 0.331499
vt 0.415090 0.337919
vt 0.421454 0.145958
vt 0.421454 0.118082
vt 0.421454 0.125327
vt 0.415090 0.296657
vt 0.415090 0.303077
vt 0.429938 0.310043
vt 0.436301 0.121264
vt 0.421454 0.151585
vt 0.415090 0.343546
vt 0.429938 0.303077
vt 0.415090 0.310043
vt 0.436301 0.154767
vt 0.436301 0.149139
vt 0.415090 0.317288
vt 0.429938 0.296657
vt 0.436301 0.114298
vt 0.436301 0.142719
vt 0.421454 0.099069
vt 0.421454 0.104696
vt 0.415090 0.324533
vt 0.436301 0.107878
vt 0.429938 0.291030
vt 0.421454 0.111116
vt 0.436301 0.102251
vt 0.415090 0.291030
vt 0.566773 0.018652
vt 0.566773 0.026900
vt 0.575257 0.081763
vt 0.575257 0.075101
vt 0.566773 0.011051
vt 0.575257 0.089364
vt 0.585863 0.026554
vt 0.585863 0.035132
vt 0.566773 0.004389
vt 0.575257 0.097612
vt 0.585863 0.018307
vt 0.585863 0.059557
vt 0.585863 0.066220
vt 0.575257 0.106189
vt 0.585863 0.010706
vt 0.585863 0.051956
vt 0.575257 0.114766
vt 0.585863 0.004043
vt 0.585863 0.043709
vt 0.575257 0.123014
vt 0.376933 0.407700
vt 0.376933 0.401038
vt 0.575257 0.130615
vt 0.376933 0.415301
vt 0.575257 0.137277
vt 0.376933 0.423549
vt 0.566773 0.059903
vt 0.566773 0.066565
vt 0.376933 0.432126
vt 0.566773 0.052302
vt 0.376933 0.440703
vt 0.566773 0.044054
vt 0.376933 0.448951
vt 0.566773 0.035477
vt 0.376933 0.456552
vt 0.376933 0.463214
vt 0.180342 0.014993
vt 0.180342 0.002410
vt 0.182416 0.002410
vt 0.182416 0.014993
vt 0.289935 0.031771
vt 0.304921 0.026409
vt 0.394288 0.146907
vt 0.384807 0.159691
vt 0.276283 0.039954
vt 0.401093 0.132519
vt 0.264490 0.050642
vt 0.404960 0.117080
vt 0.255009 0.063426
vt 0.405741 0.101183
vt 0.259435 0.153532
vt 0.251253 0.139880
vt 0.248204 0.077814
vt 0.403406 0.085439
vt 0.270124 0.165325
vt 0.244336 0.093253
vt 0.398044 0.070453
vt 0.282908 0.174806
vt 0.243555 0.109150
vt 0.389861 0.056801
vt 0.297296 0.181611
vt 0.245891 0.124894
vt 0.379173 0.045008
vt 0.312735 0.185479
vt 0.366389 0.035527
vt 0.328632 0.186260
vt 0.352001 0.028722
vt 0.344376 0.183924
vt 0.336562 0.024855
vt 0.359362 0.178562
vt 0.320665 0.024074
vt 0.373014 0.170380
vt 0.193069 0.092904
vt 0.193069 0.077326
vt 0.195143 0.077326
vt 0.195143 0.092904
vt 0.343526 0.331210
vt 0.359104 0.331210
vt 0.359104 0.329135
vt 0.343526 0.329135
vt 0.268610 0.331210
vt 0.281193 0.331210
vt 0.281193 0.329135
vt 0.268610 0.329135
vt 0.193069 0.061126
vt 0.195143 0.061126
vt 0.373460 0.331210
vt 0.373460 0.329135
vt 0.295549 0.331210
vt 0.295549 0.329135
vt 0.193069 0.044927
vt 0.195143 0.044927
vt 0.386043 0.331210
vt 0.386043 0.329135
vt 0.311127 0.331210
vt 0.311127 0.329135
vt 0.193069 0.029349
vt 0.195143 0.029349
vt 0.283458 0.234699
vt 0.296041 0.234699
vt 0.296041 0.232624
vt 0.283458 0.232625
vt 0.327327 0.331210
vt 0.327327 0.329135
vt 0.193069 0.014993
vt 0.195143 0.014993
vt 0.310397 0.234699
vt 0.310397 0.232624
vt 0.193069 0.002410
vt 0.195143 0.002410
vt 0.325975 0.234699
vt 0.325975 0.232624
vt 0.180342 0.119843
vt 0.180342 0.107260
vt 0.182416 0.107260
vt 0.182416 0.119843
vt 0.342174 0.234699
vt 0.342174 0.232624
vt 0.180342 0.092904
vt 0.182416 0.092904
vt 0.358374 0.234699
vt 0.358374 0.232624
vt 0.180342 0.077326
vt 0.182416 0.077326
vt 0.373952 0.234699
vt 0.373952 0.232624
vt 0.180342 0.061126
vt 0.182416 0.061126
vt 0.388308 0.234699
vt 0.388308 0.232624
vt 0.180342 0.044927
vt 0.182416 0.044927
vt 0.400891 0.234699
vt 0.400891 0.232624
vt 0.180342 0.029349
vt 0.182416 0.029349
vt 0.193069 0.119843
vt 0.193069 0.107260
vt 0.195143 0.107260
vt 0.195143 0.119843
vt 0.137598 0.104370
vt 0.136370 0.091568
vt 0.132999 0.078157
vt 0.127699 0.064828
vt 0.120758 0.052275
vt 0.112530 0.041162
vt 0.103413 0.032091
vt 0.128648 0.114021
vt 0.125650 0.100651
vt 0.120796 0.086059
vt 0.114416 0.071110
vt 0.106908 0.056696
vt 0.098707 0.043686
vt 0.090275 0.032887
vt 0.117954 0.122415
vt 0.113290 0.108969
vt 0.107167 0.093817
vt 0.100004 0.077927
vt 0.092265 0.062309
vt 0.084437 0.047964
vt 0.077002 0.035828
vt 0.105928 0.129230
vt 0.099765 0.116200
vt 0.092638 0.101132
vt 0.085016 0.085016
vt 0.077394 0.068900
vt 0.070267 0.053832
vt 0.064104 0.040802
vt 0.093030 0.134204
vt 0.085595 0.122067
vt 0.077767 0.107722
vt 0.070028 0.092105
vt 0.062864 0.076215
vt 0.056742 0.061063
vt 0.052077 0.047617
vt 0.079757 0.137145
vt 0.071324 0.126345
vt 0.063124 0.113336
vt 0.055615 0.098921
vt 0.049236 0.083972
vt 0.044382 0.069380
vt 0.041383 0.056011
vt 0.066619 0.137941
vt 0.057502 0.128870
vt 0.049274 0.117757
vt 0.042333 0.105203
vt 0.037032 0.091874
vt 0.033662 0.078464
vt 0.032433 0.065661
vt 0.327327 0.336197
vt 0.343526 0.336197
vt 0.004466 0.105192
vt 0.009950 0.120519
vt 0.359104 0.336197
vt 0.002078 0.089090
vt 0.373460 0.336197
vt 0.002877 0.072832
vt 0.386043 0.336197
vt 0.006832 0.057041
vt 0.283458 0.239686
vt 0.296041 0.239686
vt 0.013792 0.042326
vt 0.310397 0.239686
vt 0.023489 0.029251
vt 0.325975 0.239686
vt 0.035550 0.018319
vt 0.342174 0.239686
vt 0.049513 0.009950
vt 0.358374 0.239686
vt 0.064839 0.004466
vt 0.373952 0.239686
vt 0.080941 0.002078
vt 0.388308 0.239686
vt 0.097200 0.002877
vt 0.400891 0.239686
vt 0.112990 0.006832
vt 0.188081 0.119843
vt 0.188081 0.107260
vt 0.127706 0.013792
vt 0.188081 0.092904
vt 0.140781 0.023489
vt 0.188081 0.077326
vt 0.151713 0.035550
vt 0.188081 0.061126
vt 0.160081 0.049513
vt 0.188081 0.044927
vt 0.165565 0.064839
vt 0.188081 0.029349
vt 0.167954 0.080941
vt 0.188081 0.014993
vt 0.167155 0.097200
vt 0.188081 0.002410
vt 0.163200 0.112990
vt 0.175354 0.119843
vt 0.175354 0.107260
vt 0.156240 0.127706
vt 0.175354 0.092904
vt 0.146543 0.140781
vt 0.175354 0.077326
vt 0.134481 0.151713
vt 0.175354 0.061126
vt 0.120519 0.160081
vt 0.175354 0.044927
vt 0.105192 0.165565
vt 0.175354 0.029349
vt 0.089090 0.167954
vt 0.175354 0.014993
vt 0.072832 0.167155
vt 0.175354 0.002410
vt 0.057041 0.163200
vt 0.268610 0.336197
vt 0.281193 0.336197
vt 0.042326 0.156240
vt 0.295549 0.336197
vt 0.029251 0.146543
vt 0.311127 0.336197
vt 0.018319 0.134481
s 1
usemtl Black_Player.001
f 3322/1/1 3414/2/1 3144/3/1 3175/4/1
f 3408/5/1 3405/6/1 3147/7/1 3146/8/1
f 3369/9/1 3366/10/1 3160/11/1 3159/12/1
f 3330/13/1 3327/14/1 3173/15/1 3172/16/1
f 3411/17/1 3408/5/1 3146/8/1 3145/18/1
f 3372/19/1 3369/9/1 3159/12/1 3158/20/1
f 3333/21/1 3330/13/1 3172/16/1 3171/22/1
f 3414/2/1 3411/17/1 3145/18/1 3144/3/1
f 3375/23/1 3372/19/1 3158/20/1 3157/24/1
f 3336/25/1 3333/21/1 3171/22/1 3170/26/1
f 3378/27/1 3375/23/1 3157/24/1 3156/28/1
f 3339/29/1 3336/25/1 3170/26/1 3169/30/1
f 3327/14/1 3324/31/1 3174/32/1 3173/15/1
f 3381/33/1 3378/27/1 3156/28/1 3155/34/1
f 3342/35/1 3339/29/1 3169/30/1 3168/36/1
f 3384/37/1 3381/33/1 3155/34/1 3154/38/1
f 3345/39/1 3342/35/1 3168/36/1 3167/40/1
f 3387/41/1 3384/37/1 3154/38/1 3153/42/1
f 3348/43/1 3345/39/1 3167/40/1 3166/44/1
f 3390/45/1 3387/41/1 3153/42/1 3152/46/1
f 3351/47/1 3348/43/1 3166/44/1 3165/48/1
f 3393/49/1 3390/45/1 3152/46/1 3151/50/1
f 3354/51/1 3351/47/1 3165/48/1 3164/52/1
f 3396/53/1 3393/49/1 3151/50/1 3150/54/1
f 3357/55/1 3354/51/1 3164/52/1 3163/56/1
f 3399/57/1 3396/53/1 3150/54/1 3149/58/1
f 3360/59/1 3357/55/1 3163/56/1 3162/60/1
f 3402/61/1 3399/57/1 3149/58/1 3148/62/1
f 3363/63/1 3360/59/1 3162/60/1 3161/64/1
f 3405/6/1 3402/61/1 3148/62/1 3147/7/1
f 3366/10/1 3363/63/1 3161/64/1 3160/11/1
f 3179/65/2 3188/66/3 57/67/4 56/68/5
f 3185/69/6 3191/70/7 44/71/8 43/72/9
f 24/68/10 25/67/11 3189/66/12 3180/65/13
f 11/72/14 12/71/15 3192/70/16 3186/69/17
f 25/67/11 26/73/18 3195/74/19 3189/66/12
f 12/71/15 13/75/20 3198/76/21 3192/70/16
f 26/73/18 27/77/22 3201/78/23 3195/74/19
f 13/75/20 14/79/24 3204/80/25 3198/76/21
f 27/77/22 28/81/26 3207/82/27 3201/78/23
f 14/79/24 15/83/28 3210/84/29 3204/80/25
f 3215/85/30 3224/86/31 35/87/32 34/88/33
f 28/81/26 29/89/34 3219/90/35 3207/82/27
f 15/83/28 16/91/36 3222/92/37 3210/84/29
f 2/88/38 3/87/39 3225/86/40 3216/85/41
f 29/89/34 30/93/42 3228/94/43 3219/90/35
f 16/91/36 17/95/44 3231/96/45 3222/92/37
f 3/87/39 4/97/46 3234/98/47 3225/86/40
f 30/93/42 31/99/48 3237/100/49 3228/94/43
f 17/95/44 18/101/50 3240/102/51 3231/96/45
f 4/97/46 5/103/52 3243/104/53 3234/98/47
f 31/99/48 32/105/54 3246/106/55 3237/100/49
f 18/101/50 19/107/56 3249/108/57 3240/102/51
f 5/103/52 6/109/58 3252/110/59 3243/104/53
f 32/105/54 1/111/60 3212/112/61 3246/106/55
f 19/107/56 20/113/62 3255/114/63 3249/108/57
f 6/109/58 7/115/64 3258/116/65 3252/110/59
f 20/113/62 21/117/66 3261/118/67 3255/114/63
f 7/115/64 8/119/68 3264/120/69 3258/116/65
f 21/117/66 22/121/70 3267/122/71 3261/118/67
f 8/119/68 9/123/72 3270/124/73 3264/120/69
f 22/121/70 23/125/74 3176/126/75 3267/122/71
f 9/123/72 10/127/76 3182/128/77 3270/124/73
f 58/73/78 59/77/79 91/129/80 90/130/81
f 45/75/82 46/79/83 78/131/84 77/132/85
f 59/77/79 60/81/86 92/133/87 91/129/80
f 46/79/83 47/83/88 79/134/89 78/131/84
f 33/111/90 34/88/33 66/135/91 65/136/92
f 60/81/86 61/89/93 93/137/94 92/133/87
f 47/83/88 48/91/95 80/138/96 79/134/89
f 34/88/33 35/87/32 67/139/97 66/135/91
f 61/89/93 62/93/98 94/140/99 93/137/94
f 48/91/95 49/95/100 81/141/101 80/138/96
f 35/87/32 36/97/102 68/142/103 67/139/97
f 62/93/98 63/99/104 95/143/105 94/140/99
f 49/95/100 50/101/106 82/144/107 81/141/101
f 36/97/102 37/103/108 69/145/109 68/142/103
f 63/99/104 64/105/110 96/146/111 95/143/105
f 50/101/106 51/107/112 83/147/113 82/144/107
f 37/103/108 38/109/114 70/148/115 69/145/109
f 64/105/110 33/111/90 65/136/92 96/146/111
f 51/107/112 52/113/116 84/149/117 83/147/113
f 38/109/114 39/115/118 71/150/119 70/148/115
f 52/113/116 53/117/120 85/151/121 84/149/117
f 39/115/118 40/119/122 72/152/123 71/150/119
f 53/117/120 54/121/124 86/153/125 85/151/121
f 40/119/122 41/123/126 73/154/127 72/152/123
f 54/121/124 55/125/128 87/155/129 86/153/125
f 41/123/126 42/127/130 74/156/131 73/154/127
f 55/125/128 56/68/5 88/157/132 87/155/129
f 42/127/130 43/72/9 75/158/133 74/156/131
f 56/68/5 57/67/4 89/159/134 88/157/132
f 43/72/9 44/71/8 76/160/135 75/158/133
f 57/67/4 58/73/78 90/130/81 89/159/134
f 44/71/8 45/75/82 77/132/85 76/160/135
f 66/135/91 67/139/97 99/161/136 98/162/137
f 93/137/94 94/140/99 126/163/138 125/164/139
f 80/138/96 81/141/101 113/165/140 112/166/141
f 67/139/97 68/142/103 100/167/142 99/161/136
f 94/140/99 95/143/105 127/168/143 126/163/138
f 81/141/101 82/144/107 114/169/144 113/165/140
f 68/142/103 69/145/109 101/170/145 100/167/142
f 95/143/105 96/146/111 128/171/146 127/168/143
f 82/144/107 83/147/113 115/172/147 114/169/144
f 69/145/109 70/148/115 102/173/148 101/170/145
f 96/146/111 65/136/92 97/174/149 128/171/146
f 83/147/113 84/149/117 116/175/150 115/172/147
f 70/148/115 71/150/119 103/176/151 102/173/148
f 84/149/117 85/151/121 117/177/152 116/175/150
f 71/150/119 72/152/123 104/178/153 103/176/151
f 85/151/121 86/153/125 118/179/154 117/177/152
f 72/152/123 73/154/127 105/180/155 104/178/153
f 86/153/125 87/155/129 119/181/156 118/179/154
f 73/154/127 74/156/131 106/182/157 105/180/155
f 87/155/129 88/157/132 120/183/158 119/181/156
f 74/156/131 75/158/133 107/184/159 106/182/157
f 88/157/132 89/159/134 121/185/160 120/183/158
f 75/158/133 76/160/135 108/186/161 107/184/159
f 89/159/134 90/130/81 122/187/162 121/185/160
f 76/160/135 77/132/85 109/188/163 108/186/161
f 90/130/81 91/129/80 123/189/164 122/187/162
f 77/132/85 78/131/84 110/190/165 109/188/163
f 91/129/80 92/133/87 124/191/166 123/189/164
f 78/131/84 79/134/89 111/192/167 110/190/165
f 65/136/92 66/135/91 98/162/137 97/174/149
f 92/133/87 93/137/94 125/164/139 124/191/166
f 79/134/89 80/138/96 112/166/141 111/192/167
f 101/193/145 102/194/148 134/195/168 133/196/169
f 128/197/146 97/198/149 129/199/170 160/200/171
f 115/201/147 116/202/150 148/203/172 147/204/173
f 102/194/148 103/205/151 135/206/174 134/195/168
f 116/202/150 117/207/152 149/208/175 148/203/172
f 103/205/151 104/209/153 136/210/176 135/206/174
f 117/211/152 118/212/154 150/213/177 149/214/175
f 104/209/153 105/215/155 137/216/178 136/210/176
f 118/212/154 119/217/156 151/218/179 150/213/177
f 105/215/155 106/219/157 138/220/180 137/216/178
f 119/217/156 120/221/158 152/222/181 151/218/179
f 106/219/157 107/223/159 139/224/182 138/220/180
f 120/221/158 121/225/160 153/226/183 152/222/181
f 107/223/159 108/227/161 140/228/184 139/224/182
f 121/225/160 122/229/162 154/230/185 153/226/183
f 108/227/161 109/231/163 141/232/186 140/228/184
f 122/229/162 123/233/164 155/234/187 154/230/185
f 109/235/163 110/236/165 142/237/188 141/238/186
f 123/233/164 124/239/166 156/240/189 155/234/187
f 110/236/165 111/241/167 143/242/190 142/237/188
f 97/198/149 98/243/137 130/244/191 129/199/170
f 124/239/166 125/245/139 157/246/192 156/240/189
f 111/241/167 112/247/141 144/248/193 143/242/190
f 98/243/137 99/249/136 131/250/194 130/244/191
f 125/251/139 126/252/138 158/253/195 157/254/192
f 112/247/141 113/255/140 145/256/196 144/248/193
f 99/249/136 100/257/142 132/258/197 131/250/194
f 126/252/138 127/259/143 159/260/198 158/253/195
f 113/255/140 114/261/144 146/262/199 145/256/196
f 100/257/142 101/263/145 133/264/169 132/258/197
f 127/259/143 128/197/146 160/200/171 159/260/198
f 114/261/144 115/201/147 147/204/173 146/262/199
f 136/210/176 137/216/178 169/265/200 168/266/201
f 150/213/177 151/218/179 183/267/202 182/268/203
f 137/216/178 138/220/180 170/269/204 169/265/200
f 151/218/179 152/222/181 184/270/205 183/267/202
f 138/220/180 139/224/182 171/271/206 170/269/204
f 152/222/181 153/226/183 185/272/207 184/270/205
f 139/224/182 140/228/184 172/273/208 171/271/206
f 153/226/183 154/230/185 186/274/209 185/272/207
f 140/228/184 141/232/186 173/275/210 172/273/208
f 154/230/185 155/234/187 187/276/211 186/274/209
f 141/238/186 142/237/188 174/277/212 173/278/210
f 155/234/187 156/240/189 188/279/213 187/276/211
f 142/237/188 143/242/190 175/280/214 174/277/212
f 129/199/170 130/244/191 162/281/215 161/282/216
f 156/240/189 157/246/192 189/283/217 188/279/213
f 143/242/190 144/248/193 176/284/218 175/280/214
f 130/244/191 131/250/194 163/285/219 162/281/215
f 157/254/192 158/253/195 190/286/220 189/287/217
f 144/248/193 145/256/196 177/288/221 176/284/218
f 131/250/194 132/258/197 164/289/222 163/285/219
f 158/253/195 159/260/198 191/290/223 190/286/220
f 145/256/196 146/262/199 178/291/224 177/288/221
f 132/258/197 133/264/169 165/292/225 164/289/222
f 159/260/198 160/200/171 192/293/226 191/290/223
f 146/262/199 147/204/173 179/294/227 178/291/224
f 133/196/169 134/195/168 166/295/228 165/296/225
f 160/200/171 129/199/170 161/282/216 192/293/226
f 147/204/173 148/203/172 180/297/229 179/294/227
f 134/195/168 135/206/174 167/298/230 166/295/228
f 148/203/172 149/208/175 181/299/231 180/297/229
f 135/206/174 136/210/176 168/266/201 167/298/230
f 149/214/175 150/213/177 182/268/203 181/300/231
f 171/301/206 172/302/208 204/303/232 203/304/233
f 185/305/207 186/306/209 218/307/234 217/308/235
f 172/302/208 173/309/210 205/310/236 204/303/232
f 186/306/209 187/311/211 219/312/237 218/307/234
f 173/309/210 174/313/212 206/314/238 205/310/236
f 187/311/211 188/315/213 220/316/239 219/312/237
f 174/313/212 175/317/214 207/318/240 206/314/238
f 161/319/216 162/320/215 194/321/241 193/322/242
f 188/315/213 189/323/217 221/324/243 220/316/239
f 175/317/214 176/325/218 208/326/244 207/318/240
f 162/320/215 163/327/219 195/328/245 194/321/241
f 189/323/217 190/329/220 222/330/246 221/324/243
f 176/325/218 177/331/221 209/332/247 208/326/244
f 163/327/219 164/333/222 196/334/248 195/328/245
f 190/329/220 191/335/223 223/336/249 222/330/246
f 177/331/221 178/337/224 210/338/250 209/332/247
f 164/333/222 165/339/225 197/340/251 196/334/248
f 191/335/223 192/341/226 224/342/252 223/336/249
f 178/337/224 179/343/227 211/344/253 210/338/250
f 165/339/225 166/345/228 198/346/254 197/340/251
f 192/341/226 161/319/216 193/322/242 224/342/252
f 179/343/227 180/347/229 212/348/255 211/344/253
f 166/345/228 167/349/230 199/350/256 198/346/254
f 180/347/229 181/351/231 213/352/257 212/348/255
f 167/349/230 168/353/201 200/354/258 199/350/256
f 181/351/231 182/355/203 214/356/259 213/352/257
f 168/353/201 169/357/200 201/358/260 200/354/258
f 182/355/203 183/359/202 215/360/261 214/356/259
f 169/357/200 170/361/204 202/362/262 201/358/260
f 183/359/202 184/363/205 216/364/263 215/360/261
f 170/361/204 171/301/206 203/304/233 202/362/262
f 184/363/205 185/305/207 217/308/235 216/364/263
f 206/314/238 207/318/240 239/365/264 238/366/265
f 193/322/242 194/321/241 226/367/266 225/368/267
f 220/316/239 221/324/243 253/369/268 252/370/269
f 207/318/240 208/326/244 240/371/270 239/365/264
f 194/321/241 195/328/245 227/372/271 226/367/266
f 221/324/243 222/330/246 254/373/272 253/369/268
f 208/326/244 209/332/247 241/374/273 240/371/270
f 195/328/245 196/334/248 228/375/274 227/372/271
f 222/330/246 223/336/249 255/376/275 254/373/272
f 209/332/247 210/338/250 242/377/276 241/374/273
f 196/334/248 197/340/251 229/378/277 228/375/274
f 223/336/249 224/342/252 256/379/278 255/376/275
f 210/338/250 211/344/253 243/380/279 242/377/276
f 197/340/251 198/346/254 230/381/280 229/378/277
f 224/342/252 193/322/242 225/368/267 256/379/278
f 211/344/253 212/348/255 244/382/281 243/380/279
f 198/346/254 199/350/256 231/383/282 230/381/280
f 212/348/255 213/352/257 245/384/283 244/382/281
f 199/350/256 200/354/258 232/385/284 231/383/282
f 213/352/257 214/356/259 246/386/285 245/384/283
f 200/354/258 201/358/260 233/387/286 232/385/284
f 214/356/259 215/360/261 247/388/287 246/386/285
f 201/358/260 202/362/262 234/389/288 233/387/286
f 215/360/261 216/364/263 248/390/289 247/388/287
f 202/362/262 203/304/233 235/391/290 234/389/288
f 216/364/263 217/308/235 249/392/291 248/390/289
f 203/304/233 204/303/232 236/393/292 235/391/290
f 217/308/235 218/307/234 250/394/293 249/392/291
f 204/303/232 205/310/236 237/395/294 236/393/292
f 218/307/234 219/312/237 251/396/295 250/394/293
f 205/310/236 206/314/238 238/366/265 237/395/294
f 219/312/237 220/316/239 252/370/269 251/396/295
f 241/374/273 242/377/276 274/397/296 273/398/297
f 228/375/274 229/378/277 261/399/298 260/400/299
f 255/376/275 256/379/278 288/401/300 287/402/301
f 242/377/276 243/380/279 275/403/302 274/397/296
f 229/378/277 230/381/280 262/404/303 261/399/298
f 256/379/278 225/368/267 257/405/304 288/401/300
f 243/380/279 244/382/281 276/406/305 275/403/302
f 230/381/280 231/383/282 263/407/306 262/404/303
f 244/382/281 245/384/283 277/408/307 276/406/305
f 231/383/282 232/385/284 264/409/308 263/407/306
f 245/384/283 246/386/285 278/410/309 277/408/307
f 232/385/284 233/387/286 265/411/310 264/409/308
f 246/386/285 247/388/287 279/412/311 278/410/309
f 233/387/286 234/389/288 266/413/312 265/411/310
f 247/388/287 248/390/289 280/414/313 279/412/311
f 234/389/288 235/391/290 267/415/314 266/413/312
f 248/390/289 249/392/291 281/416/315 280/414/313
f 235/391/290 236/393/292 268/417/316 267/415/314
f 249/392/291 250/394/293 282/418/317 281/416/315
f 236/393/292 237/395/294 269/419/318 268/417/316
f 250/394/293 251/396/295 283/420/319 282/418/317
f 237/395/294 238/366/265 270/421/320 269/419/318
f 251/396/295 252/370/269 284/422/321 283/420/319
f 238/366/265 239/365/264 271/423/322 270/421/320
f 225/368/267 226/367/266 258/424/323 257/405/304
f 252/370/269 253/369/268 285/425/324 284/422/321
f 239/365/264 240/371/270 272/426/325 271/423/322
f 226/367/266 227/372/271 259/427/326 258/424/323
f 253/369/268 254/373/272 286/428/327 285/425/324
f 240/371/270 241/374/273 273/398/297 272/426/325
f 227/372/271 228/375/274 260/400/299 259/427/326
f 254/373/272 255/376/275 287/402/301 286/428/327
f 276/406/305 277/408/307 309/429/328 308/430/329
f 263/431/306 264/432/308 296/433/330 295/434/331
f 277/408/307 278/410/309 310/435/332 309/429/328
f 264/432/308 265/436/310 297/437/333 296/433/330
f 278/438/309 279/439/311 311/440/334 310/441/332
f 265/436/310 266/442/312 298/443/335 297/437/333
f 279/439/311 280/444/313 312/445/336 311/440/334
f 266/442/312 267/446/314 299/447/337 298/443/335
f 280/444/313 281/448/315 313/449/338 312/445/336
f 267/446/314 268/450/316 300/451/339 299/447/337
f 281/448/315 282/452/317 314/453/340 313/449/338
f 268/417/316 269/419/318 301/454/341 300/455/339
f 282/452/317 283/456/319 315/457/342 314/453/340
f 269/419/318 270/421/320 302/458/343 301/454/341
f 283/456/319 284/459/321 316/460/344 315/457/342
f 270/461/320 271/462/322 303/463/345 302/464/343
f 257/465/304 258/466/323 290/467/346 289/468/347
f 284/422/321 285/425/324 317/469/348 316/470/344
f 271/462/322 272/471/325 304/472/349 303/463/345
f 258/466/323 259/473/326 291/474/350 290/467/346
f 285/425/324 286/428/327 318/475/351 317/469/348
f 272/471/325 273/476/297 305/477/352 304/472/349
f 259/473/326 260/478/299 292/479/353 291/474/350
f 286/480/327 287/481/301 319/482/354 318/483/351
f 273/476/297 274/484/296 306/485/355 305/477/352
f 260/400/299 261/399/298 293/486/356 292/487/353
f 287/481/301 288/488/300 320/489/357 319/482/354
f 274/484/296 275/490/302 307/491/358 306/485/355
f 261/399/298 262/404/303 294/492/359 293/486/356
f 288/488/300 257/465/304 289/468/347 320/489/357
f 275/490/302 276/493/305 308/494/329 307/491/358
f 262/495/303 263/431/306 295/434/331 294/496/359
f 311/440/334 312/445/336 344/497/360 343/498/361
f 298/443/335 299/447/337 331/499/362 330/500/363
f 312/445/336 313/449/338 345/501/364 344/497/360
f 299/447/337 300/451/339 332/502/365 331/499/362
f 313/449/338 314/453/340 346/503/366 345/501/364
f 300/451/339 301/504/341 333/505/367 332/502/365
f 314/453/340 315/457/342 347/506/368 346/503/366
f 301/507/341 302/464/343 334/508/369 333/509/367
f 315/457/342 316/460/344 348/510/370 347/506/368
f 302/464/343 303/463/345 335/511/371 334/508/369
f 289/468/347 290/467/346 322/512/372 321/513/373
f 316/460/344 317/514/348 349/515/374 348/510/370
f 303/463/345 304/472/349 336/516/375 335/511/371
f 290/467/346 291/474/350 323/517/376 322/512/372
f 317/518/348 318/483/351 350/519/377 349/520/374
f 304/472/349 305/477/352 337/521/378 336/516/375
f 291/474/350 292/479/353 324/522/379 323/517/376
f 318/483/351 319/482/354 351/523/380 350/519/377
f 305/477/352 306/485/355 338/524/381 337/521/378
f 292/479/353 293/525/356 325/526/382 324/522/379
f 319/482/354 320/489/357 352/527/383 351/523/380
f 306/485/355 307/491/358 339/528/384 338/524/381
f 293/529/356 294/496/359 326/530/385 325/531/382
f 320/489/357 289/468/347 321/513/373 352/527/383
f 307/491/358 308/494/329 340/532/386 339/528/384
f 294/496/359 295/434/331 327/533/387 326/530/385
f 308/494/329 309/534/328 341/535/388 340/532/386
f 295/434/331 296/433/330 328/536/389 327/533/387
f 309/537/328 310/441/332 342/538/390 341/539/388
f 296/433/330 297/437/333 329/540/391 328/536/389
f 310/441/332 311/440/334 343/498/361 342/538/390
f 297/437/333 298/443/335 330/500/363 329/540/391
f 346/503/366 347/506/368 379/541/392 378/542/393
f 333/509/367 334/508/369 366/543/394 365/544/395
f 347/506/368 348/510/370 380/545/396 379/541/392
f 334/508/369 335/511/371 367/546/397 366/543/394
f 321/513/373 322/512/372 354/547/398 353/548/399
f 348/510/370 349/515/374 381/549/400 380/545/396
f 335/511/371 336/516/375 368/550/401 367/546/397
f 322/512/372 323/517/376 355/551/402 354/547/398
f 349/520/374 350/519/377 382/552/403 381/553/400
f 336/516/375 337/521/378 369/554/404 368/550/401
f 323/517/376 324/522/379 356/555/405 355/551/402
f 350/519/377 351/523/380 383/556/406 382/552/403
f 337/521/378 338/524/381 370/557/407 369/554/404
f 324/522/379 325/526/382 357/558/408 356/555/405
f 351/523/380 352/527/383 384/559/409 383/556/406
f 338/524/381 339/528/384 371/560/410 370/557/407
f 325/531/382 326/530/385 358/561/411 357/562/408
f 352/527/383 321/513/373 353/548/399 384/559/409
f 339/528/384 340/532/386 372/563/412 371/560/410
f 326/530/385 327/533/387 359/564/413 358/561/411
f 340/532/386 341/535/388 373/565/414 372/563/412
f 327/533/387 328/536/389 360/566/415 359/564/413
f 341/539/388 342/538/390 374/567/416 373/568/414
f 328/536/389 329/540/391 361/569/417 360/566/415
f 342/538/390 343/498/361 375/570/418 374/567/416
f 329/540/391 330/500/363 362/571/419 361/569/417
f 343/498/361 344/497/360 376/572/420 375/570/418
f 330/500/363 331/499/362 363/573/421 362/571/419
f 344/497/360 345/501/364 377/574/422 376/572/420
f 331/499/362 332/502/365 364/575/423 363/573/421
f 345/501/364 346/503/366 378/542/393 377/574/422
f 332/502/365 333/505/367 365/576/395 364/575/423
f 354/547/398 355/551/402 387/577/424 386/578/425
f 381/553/400 382/552/403 414/579/426 413/580/427
f 368/550/401 369/554/404 401/581/428 400/582/429
f 355/551/402 356/555/405 388/583/430 387/577/424
f 382/552/403 383/556/406 415/584/431 414/579/426
f 369/554/404 370/557/407 402/585/432 401/581/428
f 356/555/405 357/558/408 389/586/433 388/583/430
f 383/556/406 384/559/409 416/587/434 415/584/431
f 370/557/407 371/560/410 403/588/435 402/585/432
f 357/562/408 358/561/411 390/589/436 389/590/433
f 384/559/409 353/548/399 385/591/437 416/587/434
f 371/560/410 372/563/412 404/592/438 403/588/435
f 358/561/411 359/564/413 391/593/439 390/589/436
f 372/563/412 373/565/414 405/594/440 404/592/438
f 359/564/413 360/566/415 392/595/441 391/593/439
f 373/568/414 374/567/416 406/596/442 405/597/440
f 360/566/415 361/569/417 393/598/443 392/595/441
f 374/567/416 375/570/418 407/599/444 406/596/442
f 361/569/417 362/571/419 394/600/445 393/598/443
f 375/570/418 376/572/420 408/601/446 407/599/444
f 362/571/419 363/573/421 395/602/447 394/600/445
f 376/572/420 377/574/422 409/603/448 408/601/446
f 363/573/421 364/575/423 396/604/449 395/602/447
f 377/574/422 378/542/393 410/605/450 409/603/448
f 364/575/423 365/576/395 397/606/451 396/604/449
f 378/542/393 379/541/392 411/607/452 410/605/450
f 365/544/395 366/543/394 398/608/453 397/609/451
f 379/541/392 380/545/396 412/610/454 411/607/452
f 366/543/394 367/546/397 399/611/455 398/608/453
f 353/548/399 354/547/398 386/578/425 385/591/437
f 380/545/396 381/549/400 413/612/427 412/610/454
f 367/546/397 368/550/401 400/582/429 399/611/455
f 389/613/433 390/614/436 422/615/456 421/616/457
f 416/587/434 385/591/437 417/617/458 448/618/459
f 403/619/435 404/620/438 436/621/460 435/622/461
f 390/614/436 391/623/439 423/624/462 422/615/456
f 404/620/438 405/625/440 437/626/463 436/621/460
f 391/623/439 392/627/441 424/628/464 423/624/462
f 405/625/440 406/629/442 438/630/465 437/626/463
f 392/595/441 393/598/443 425/631/466 424/632/464
f 406/629/442 407/633/444 439/634/467 438/630/465
f 393/598/443 394/600/445 426/635/468 425/631/466
f 407/633/444 408/636/446 440/637/469 439/634/467
f 394/638/445 395/639/447 427/640/470 426/641/468
f 408/601/446 409/603/448 441/642/471 440/643/469
f 395/639/447 396/644/449 428/645/472 427/640/470
f 409/603/448 410/605/450 442/646/473 441/642/471
f 396/644/449 397/647/451 429/648/474 428/645/472
f 410/649/450 411/650/452 443/651/475 442/652/473
f 397/647/451 398/653/453 430/654/476 429/648/474
f 411/650/452 412/655/454 444/656/477 443/651/475
f 398/653/453 399/657/455 431/658/478 430/654/476
f 385/591/437 386/578/425 418/659/479 417/617/458
f 412/655/454 413/660/427 445/661/480 444/656/477
f 399/657/455 400/662/429 432/663/481 431/658/478
f 386/664/425 387/665/424 419/666/482 418/667/479
f 413/660/427 414/668/426 446/669/483 445/661/480
f 400/582/429 401/581/428 433/670/484 432/671/481
f 387/665/424 388/672/430 420/673/485 419/666/482
f 414/668/426 415/674/431 447/675/486 446/669/483
f 401/581/428 402/585/432 434/676/487 433/670/484
f 388/672/430 389/613/433 421/616/457 420/673/485
f 415/674/431 416/677/434 448/678/459 447/675/486
f 402/679/432 403/619/435 435/622/461 434/680/487
f 424/628/464 425/681/466 457/682/488 456/683/489
f 438/630/465 439/634/467 471/684/490 470/685/491
f 425/681/466 426/641/468 458/686/492 457/682/488
f 439/634/467 440/637/469 472/687/493 471/684/490
f 426/641/468 427/640/470 459/688/494 458/686/492
f 440/637/469 441/689/471 473/690/495 472/687/493
f 427/640/470 428/645/472 460/691/496 459/688/494
f 441/689/471 442/652/473 474/692/497 473/690/495
f 428/645/472 429/648/474 461/693/498 460/691/496
f 442/652/473 443/651/475 475/694/499 474/692/497
f 429/648/474 430/654/476 462/695/500 461/693/498
f 443/651/475 444/656/477 476/696/501 475/694/499
f 430/654/476 431/658/478 463/697/502 462/695/500
f 417/698/458 418/667/479 450/699/503 449/700/504
f 444/656/477 445/661/480 477/701/505 476/696/501
f 431/658/478 432/663/481 464/702/506 463/697/502
f 418/667/479 419/666/482 451/703/507 450/699/503
f 445/661/480 446/669/483 478/704/508 477/701/505
f 432/663/481 433/705/484 465/706/509 464/702/506
f 419/666/482 420/673/485 452/707/510 451/703/507
f 446/669/483 447/675/486 479/708/511 478/704/508
f 433/705/484 434/680/487 466/709/512 465/706/509
f 420/673/485 421/616/457 453/710/513 452/707/510
f 447/675/486 448/678/459 480/711/514 479/708/511
f 434/680/487 435/622/461 467/712/515 466/709/512
f 421/616/457 422/615/456 454/713/516 453/710/513
f 448/678/459 417/698/458 449/700/504 480/711/514
f 435/622/461 436/621/460 468/714/517 467/712/515
f 422/615/456 423/624/462 455/715/518 454/713/516
f 436/621/460 437/626/463 469/716/519 468/714/517
f 423/624/462 424/628/464 456/683/489 455/715/518
f 437/626/463 438/630/465 470/685/491 469/716/519
f 459/717/494 460/718/496 492/719/520 491/720/521
f 473/721/495 474/722/497 506/723/522 505/724/523
f 460/718/496 461/725/498 493/726/524 492/719/520
f 474/722/497 475/727/499 507/728/525 506/723/522
f 461/729/498 462/730/500 494/731/526 493/732/524
f 475/727/499 476/733/501 508/734/527 507/728/525
f 462/730/500 463/735/502 495/736/528 494/731/526
f 449/737/504 450/738/503 482/739/529 481/740/530
f 476/733/501 477/741/505 509/742/531 508/734/527
f 463/735/502 464/743/506 496/744/532 495/736/528
f 450/738/503 451/745/507 483/746/533 482/739/529
f 477/747/505 478/748/508 510/749/534 509/750/531
f 464/743/506 465/751/509 497/752/535 496/744/532
f 451/745/507 452/753/510 484/754/536 483/746/533
f 478/748/508 479/755/511 511/756/537 510/749/534
f 465/751/509 466/757/512 498/758/538 497/752/535
f 452/753/510 453/759/513 485/760/539 484/754/536
f 479/755/511 480/761/514 512/762/540 511/756/537
f 466/757/512 467/763/515 499/764/541 498/758/538
f 453/765/513 454/766/516 486/767/542 485/768/539
f 480/761/514 449/737/504 481/740/530 512/762/540
f 467/763/515 468/769/517 500/770/543 499/764/541
f 454/766/516 455/771/518 487/772/544 486/767/542
f 468/769/517 469/773/519 501/774/545 500/770/543
f 455/771/518 456/775/489 488/776/546 487/772/544
f 469/777/519 470/778/491 502/779/547 501/780/545
f 456/775/489 457/781/488 489/782/548 488/776/546
f 470/778/491 471/783/490 503/784/549 502/779/547
f 457/781/488 458/785/492 490/786/550 489/782/548
f 471/783/490 472/787/493 504/788/551 503/784/549
f 458/785/492 459/717/494 491/720/521 490/786/550
f 472/787/493 473/721/495 505/724/523 504/788/551
f 494/731/526 495/736/528 527/789/552 526/790/553
f 481/740/530 482/739/529 514/791/554 513/792/555
f 508/734/527 509/742/531 541/793/556 540/794/557
f 495/736/528 496/744/532 528/795/558 527/789/552
f 482/739/529 483/746/533 515/796/559 514/791/554
f 509/750/531 510/749/534 542/797/560 541/798/556
f 496/744/532 497/752/535 529/799/561 528/795/558
f 483/746/533 484/754/536 516/800/562 515/796/559
f 510/749/534 511/756/537 543/801/563 542/797/560
f 497/752/535 498/758/538 530/802/564 529/799/561
f 484/754/536 485/760/539 517/803/565 516/800/562
f 511/756/537 512/762/540 544/804/566 543/801/563
f 498/758/538 499/764/541 531/805/567 530/802/564
f 485/768/539 486/767/542 518/806/568 517/807/565
f 512/762/540 481/740/530 513/792/555 544/804/566
f 499/764/541 500/770/543 532/808/569 531/805/567
f 486/767/542 487/772/544 519/809/570 518/806/568
f 500/770/543 501/774/545 533/810/571 532/808/569
f 487/772/544 488/776/546 520/811/572 519/809/570
f 501/780/545 502/779/547 534/812/573 533/813/571
f 488/776/546 489/782/548 521/814/574 520/811/572
f 502/779/547 503/784/549 535/815/575 534/812/573
f 489/782/548 490/786/550 522/816/576 521/814/574
f 503/784/549 504/788/551 536/817/577 535/815/575
f 490/786/550 491/720/521 523/818/578 522/816/576
f 504/788/551 505/724/523 537/819/579 536/817/577
f 491/720/521 492/719/520 524/820/580 523/818/578
f 505/724/523 506/723/522 538/821/581 537/819/579
f 492/719/520 493/726/524 525/822/582 524/820/580
f 506/723/522 507/728/525 539/823/583 538/821/581
f 493/732/524 494/731/526 526/790/553 525/824/582
f 507/728/525 508/734/527 540/794/557 539/823/583
f 529/799/561 530/802/564 562/825/584 561/826/585
f 516/800/562 517/803/565 549/827/586 548/828/587
f 543/801/563 544/804/566 576/829/588 575/830/589
f 530/802/564 531/805/567 563/831/590 562/825/584
f 517/807/565 518/806/568 550/832/591 549/833/586
f 544/804/566 513/792/555 545/834/592 576/829/588
f 531/805/567 532/808/569 564/835/593 563/831/590
f 518/806/568 519/809/570 551/836/594 550/832/591
f 532/808/569 533/810/571 565/837/595 564/835/593
f 519/809/570 520/811/572 552/838/596 551/836/594
f 533/813/571 534/812/573 566/839/597 565/840/595
f 520/811/572 521/814/574 553/841/598 552/838/596
f 534/812/573 535/815/575 567/842/599 566/839/597
f 521/814/574 522/816/576 554/843/600 553/841/598
f 535/815/575 536/817/577 568/844/601 567/842/599
f 522/816/576 523/818/578 555/845/602 554/843/600
f 536/817/577 537/819/579 569/846/603 568/844/601
f 523/818/578 524/820/580 556/847/604 555/845/602
f 537/819/579 538/821/581 570/848/605 569/846/603
f 524/820/580 525/822/582 557/849/606 556/847/604
f 538/821/581 539/823/583 571/850/607 570/848/605
f 525/824/582 526/790/553 558/851/608 557/852/606
f 539/823/583 540/794/557 572/853/609 571/850/607
f 526/790/553 527/789/552 559/854/610 558/851/608
f 513/792/555 514/791/554 546/855/611 545/834/592
f 540/794/557 541/793/556 573/856/612 572/853/609
f 527/789/552 528/795/558 560/857/613 559/854/610
f 514/791/554 515/796/559 547/858/614 546/855/611
f 541/798/556 542/797/560 574/859/615 573/860/612
f 528/795/558 529/799/561 561/826/585 560/857/613
f 515/796/559 516/800/562 548/828/587 547/858/614
f 542/797/560 543/801/563 575/830/589 574/859/615
f 564/835/593 565/837/595 597/861/616 596/862/617
f 551/836/594 552/838/596 584/863/618 583/864/619
f 565/840/595 566/839/597 598/865/620 597/866/616
f 552/838/596 553/841/598 585/867/621 584/863/618
f 566/839/597 567/842/599 599/868/622 598/865/620
f 553/841/598 554/843/600 586/869/623 585/867/621
f 567/842/599 568/844/601 600/870/624 599/868/622
f 554/843/600 555/845/602 587/871/625 586/869/623
f 568/844/601 569/846/603 601/872/626 600/870/624
f 555/845/602 556/847/604 588/873/627 587/871/625
f 569/846/603 570/848/605 602/874/628 601/872/626
f 556/847/604 557/849/606 589/875/629 588/873/627
f 570/848/605 571/850/607 603/876/630 602/874/628
f 557/852/606 558/851/608 590/877/631 589/878/629
f 571/850/607 572/853/609 604/879/632 603/876/630
f 558/851/608 559/854/610 591/880/633 590/877/631
f 545/834/592 546/855/611 578/881/634 577/882/635
f 572/853/609 573/856/612 605/883/636 604/879/632
f 559/854/610 560/857/613 592/884/637 591/880/633
f 546/855/611 547/858/614 579/885/638 578/881/634
f 573/860/612 574/859/615 606/886/639 605/887/636
f 560/857/613 561/826/585 593/888/640 592/884/637
f 547/858/614 548/828/587 580/889/641 579/885/638
f 574/859/615 575/830/589 607/890/642 606/886/639
f 561/826/585 562/825/584 594/891/643 593/888/640
f 548/828/587 549/827/586 581/892/644 580/889/641
f 575/830/589 576/829/588 608/893/645 607/890/642
f 562/825/584 563/831/590 595/894/646 594/891/643
f 549/833/586 550/832/591 582/895/647 581/896/644
f 576/829/588 545/834/592 577/882/635 608/893/645
f 563/831/590 564/835/593 596/862/617 595/894/646
f 550/832/591 551/836/594 583/864/619 582/895/647
f 599/897/622 600/898/624 632/899/648 631/900/649
f 586/901/623 587/902/625 619/903/650 618/904/651
f 600/898/624 601/905/626 633/906/652 632/899/648
f 587/902/625 588/907/627 620/908/653 619/903/650
f 601/905/626 602/909/628 634/910/654 633/906/652
f 588/907/627 589/911/629 621/912/655 620/908/653
f 602/909/628 603/913/630 635/914/656 634/910/654
f 589/911/629 590/915/631 622/916/657 621/912/655
f 603/913/630 604/917/632 636/918/658 635/914/656
f 590/915/631 591/919/633 623/920/659 622/916/657
f 577/921/635 578/922/634 610/923/660 609/924/661
f 604/917/632 605/925/636 637/926/662 636/918/658
f 591/919/633 592/927/637 624/928/663 623/920/659
f 578/922/634 579/929/638 611/930/664 610/923/660
f 605/925/636 606/931/639 638/932/665 637/926/662
f 592/927/637 593/933/640 625/934/666 624/928/663
f 579/929/638 580/935/641 612/936/667 611/930/664
f 606/931/639 607/937/642 639/938/668 638/932/665
f 593/933/640 594/939/643 626/940/669 625/934/666
f 580/935/641 581/941/644 613/942/670 612/936/667
f 607/937/642 608/943/645 640/944/671 639/938/668
f 594/939/643 595/945/646 627/946/672 626/940/669
f 581/941/644 582/947/647 614/948/673 613/942/670
f 608/943/645 577/921/635 609/924/661 640/944/671
f 595/945/646 596/949/617 628/950/674 627/946/672
f 582/947/647 583/951/619 615/952/675 614/948/673
f 596/949/617 597/953/616 629/954/676 628/950/674
f 583/951/619 584/955/618 616/956/677 615/952/675
f 597/953/616 598/957/620 630/958/678 629/954/676
f 584/955/618 585/959/621 617/960/679 616/956/677
f 598/957/620 599/897/622 631/900/649 630/958/678
f 585/959/621 586/901/623 618/904/651 617/960/679
f 634/961/654 635/962/656 667/963/680 666/964/681
f 621/965/655 622/966/657 654/967/682 653/968/683
f 635/962/656 636/969/658 668/970/684 667/963/680
f 622/966/657 623/971/659 655/972/685 654/967/682
f 609/973/661 610/974/660 642/975/686 641/976/687
f 636/969/658 637/977/662 669/978/688 668/970/684
f 623/971/659 624/979/663 656/980/689 655/972/685
f 610/974/660 611/981/664 643/982/690 642/975/686
f 637/983/662 638/984/665 670/985/691 669/986/688
f 624/979/663 625/987/666 657/988/692 656/980/689
f 611/981/664 612/989/667 644/990/693 643/982/690
f 638/984/665 639/991/668 671/992/694 670/985/691
f 625/987/666 626/993/669 658/994/695 657/988/692
f 612/989/667 613/995/670 645/996/696 644/990/693
f 639/991/668 640/997/671 672/998/697 671/992/694
f 626/993/669 627/999/672 659/1000/698 658/994/695
f 613/1001/670 614/1002/673 646/1003/699 645/1004/696
f 640/997/671 609/973/661 641/976/687 672/998/697
f 627/999/672 628/1005/674 660/1006/700 659/1000/698
f 614/1002/673 615/1007/675 647/1008/701 646/1003/699
f 628/1005/674 629/1009/676 661/1010/702 660/1006/700
f 615/1007/675 616/1011/677 648/1012/703 647/1008/701
f 629/1013/676 630/1014/678 662/1015/704 661/1016/702
f 616/1011/677 617/1017/679 649/1018/705 648/1012/703
f 630/1014/678 631/1019/649 663/1020/706 662/1015/704
f 617/1017/679 618/1021/651 650/1022/707 649/1018/705
f 631/1019/649 632/1023/648 664/1024/708 663/1020/706
f 618/1021/651 619/1025/650 651/1026/709 650/1022/707
f 632/1023/648 633/1027/652 665/1028/710 664/1024/708
f 619/1025/650 620/1029/653 652/1030/711 651/1026/709
f 633/1027/652 634/961/654 666/964/681 665/1028/710
f 620/1029/653 621/1031/655 653/1032/683 652/1030/711
f 669/986/688 670/985/691 702/1033/712 701/1034/713
f 656/980/689 657/988/692 689/1035/714 688/1036/715
f 643/982/690 644/990/693 676/1037/716 675/1038/717
f 670/985/691 671/992/694 703/1039/718 702/1033/712
f 657/988/692 658/994/695 690/1040/719 689/1035/714
f 644/990/693 645/996/696 677/1041/720 676/1037/716
f 671/992/694 672/998/697 704/1042/721 703/1039/718
f 658/994/695 659/1000/698 691/1043/722 690/1040/719
f 645/1004/696 646/1003/699 678/1044/723 677/1045/720
f 672/998/697 641/976/687 673/1046/724 704/1042/721
f 659/1000/698 660/1006/700 692/1047/725 691/1043/722
f 646/1003/699 647/1008/701 679/1048/726 678/1044/723
f 660/1006/700 661/1010/702 693/1049/727 692/1047/725
f 647/1008/701 648/1012/703 680/1050/728 679/1048/726
f 661/1016/702 662/1015/704 694/1051/729 693/1052/727
f 648/1012/703 649/1018/705 681/1053/730 680/1050/728
f 662/1015/704 663/1020/706 695/1054/731 694/1051/729
f 649/1018/705 650/1022/707 682/1055/732 681/1053/730
f 663/1020/706 664/1024/708 696/1056/733 695/1054/731
f 650/1022/707 651/1026/709 683/1057/734 682/1055/732
f 664/1024/708 665/1028/710 697/1058/735 696/1056/733
f 651/1026/709 652/1030/711 684/1059/736 683/1057/734
f 665/1028/710 666/964/681 698/1060/737 697/1058/735
f 652/1030/711 653/1032/683 685/1061/738 684/1059/736
f 666/964/681 667/963/680 699/1062/739 698/1060/737
f 653/968/683 654/967/682 686/1063/740 685/1064/738
f 667/963/680 668/970/684 700/1065/741 699/1062/739
f 654/967/682 655/972/685 687/1066/742 686/1063/740
f 641/976/687 642/975/686 674/1067/743 673/1046/724
f 668/970/684 669/978/688 701/1068/713 700/1065/741
f 655/972/685 656/980/689 688/1036/715 687/1066/742
f 642/975/686 643/982/690 675/1038/717 674/1067/743
f 704/1069/721 673/1070/724 705/1071/744 736/1072/745
f 691/1073/722 692/1074/725 724/1075/746 723/1076/747
f 678/1077/723 679/1078/726 711/1079/748 710/1080/749
f 692/1074/725 693/1081/727 725/1082/750 724/1075/746
f 679/1078/726 680/1083/728 712/1084/751 711/1079/748
f 693/1081/727 694/1085/729 726/1086/752 725/1082/750
f 680/1083/728 681/1087/730 713/1088/753 712/1084/751
f 694/1085/729 695/1089/731 727/1090/754 726/1086/752
f 681/1087/730 682/1091/732 714/1092/755 713/1088/753
f 695/1089/731 696/1093/733 728/1094/756 727/1090/754
f 682/1091/732 683/1095/734 715/1096/757 714/1092/755
f 696/1093/733 697/1097/735 729/1098/758 728/1094/756
f 683/1095/734 684/1099/736 716/1100/759 715/1096/757
f 697/1097/735 698/1101/737 730/1102/760 729/1098/758
f 684/1099/736 685/1103/738 717/1104/761 716/1100/759
f 698/1101/737 699/1105/739 731/1106/762 730/1102/760
f 685/1103/738 686/1107/740 718/1108/763 717/1104/761
f 699/1105/739 700/1109/741 732/1110/764 731/1106/762
f 686/1107/740 687/1111/742 719/1112/765 718/1108/763
f 673/1070/724 674/1113/743 706/1114/766 705/1071/744
f 700/1109/741 701/1115/713 733/1116/767 732/1110/764
f 687/1111/742 688/1117/715 720/1118/768 719/1112/765
f 674/1113/743 675/1119/717 707/1120/769 706/1114/766
f 701/1115/713 702/1121/712 734/1122/770 733/1116/767
f 688/1117/715 689/1123/714 721/1124/771 720/1118/768
f 675/1119/717 676/1125/716 708/1126/772 707/1120/769
f 702/1121/712 703/1127/718 735/1128/773 734/1122/770
f 689/1123/714 690/1129/719 722/1130/774 721/1124/771
f 676/1125/716 677/1131/720 709/1132/775 708/1126/772
f 703/1127/718 704/1069/721 736/1072/745 735/1128/773
f 690/1129/719 691/1073/722 723/1076/747 722/1130/774
f 677/1131/720 678/1077/723 710/1080/749 709/1132/775
f 726/1086/752 727/1090/754 759/1133/776 758/1134/777
f 713/1088/753 714/1092/755 746/1135/778 745/1136/779
f 727/1090/754 728/1094/756 760/1137/780 759/1133/776
f 714/1092/755 715/1096/757 747/1138/781 746/1135/778
f 728/1094/756 729/1098/758 761/1139/782 760/1137/780
f 715/1096/757 716/1100/759 748/1140/783 747/1138/781
f 729/1098/758 730/1102/760 762/1141/784 761/1139/782
f 716/1100/759 717/1104/761 749/1142/785 748/1140/783
f 730/1102/760 731/1106/762 763/1143/786 762/1141/784
f 717/1104/761 718/1108/763 750/1144/787 749/1142/785
f 731/1106/762 732/1110/764 764/1145/788 763/1143/786
f 718/1108/763 719/1112/765 751/1146/789 750/1144/787
f 705/1071/744 706/1114/766 738/1147/790 737/1148/791
f 732/1110/764 733/1116/767 765/1149/792 764/1145/788
f 719/1112/765 720/1118/768 752/1150/793 751/1146/789
f 706/1114/766 707/1120/769 739/1151/794 738/1147/790
f 733/1116/767 734/1122/770 766/1152/795 765/1149/792
f 720/1118/768 721/1124/771 753/1153/796 752/1150/793
f 707/1120/769 708/1126/772 740/1154/797 739/1151/794
f 734/1122/770 735/1128/773 767/1155/798 766/1152/795
f 721/1124/771 722/1130/774 754/1156/799 753/1153/796
f 708/1126/772 709/1132/775 741/1157/800 740/1154/797
f 735/1128/773 736/1072/745 768/1158/801 767/1155/798
f 722/1130/774 723/1076/747 755/1159/802 754/1156/799
f 709/1132/775 710/1080/749 742/1160/803 741/1157/800
f 736/1072/745 705/1071/744 737/1148/791 768/1158/801
f 723/1076/747 724/1075/746 756/1161/804 755/1159/802
f 710/1080/749 711/1079/748 743/1162/805 742/1160/803
f 724/1075/746 725/1082/750 757/1163/806 756/1161/804
f 711/1079/748 712/1084/751 744/1164/807 743/1162/805
f 725/1082/750 726/1086/752 758/1134/777 757/1163/806
f 712/1084/751 713/1088/753 745/1136/779 744/1164/807
f 761/1165/782 762/1166/784 794/1167/808 793/1168/809
f 748/1169/783 749/1170/785 781/1171/810 780/1172/811
f 762/1166/784 763/1173/786 795/1174/812 794/1167/808
f 749/1175/785 750/1176/787 782/1177/813 781/1178/810
f 763/1173/786 764/1179/788 796/1180/814 795/1174/812
f 750/1176/787 751/1181/789 783/1182/815 782/1177/813
f 737/1183/791 738/1184/790 770/1185/816 769/1186/817
f 764/1179/788 765/1187/792 797/1188/818 796/1180/814
f 751/1181/789 752/1189/793 784/1190/819 783/1182/815
f 738/1184/790 739/1191/794 771/1192/820 770/1185/816
f 765/1193/792 766/1194/795 798/1195/821 797/1196/818
f 752/1189/793 753/1197/796 785/1198/822 784/1190/819
f 739/1191/794 740/1199/797 772/1200/823 771/1192/820
f 766/1194/795 767/1201/798 799/1202/824 798/1195/821
f 753/1197/796 754/1203/799 786/1204/825 785/1198/822
f 740/1199/797 741/1205/800 773/1206/826 772/1200/823
f 767/1201/798 768/1207/801 800/1208/827 799/1202/824
f 754/1203/799 755/1209/802 787/1210/828 786/1204/825
f 741/1211/800 742/1212/803 774/1213/829 773/1214/826
f 768/1207/801 737/1183/791 769/1186/817 800/1208/827
f 755/1209/802 756/1215/804 788/1216/830 787/1210/828
f 742/1212/803 743/1217/805 775/1218/831 774/1213/829
f 756/1215/804 757/1219/806 789/1220/832 788/1216/830
f 743/1217/805 744/1221/807 776/1222/833 775/1218/831
f 757/1223/806 758/1224/777 790/1225/834 789/1226/832
f 744/1221/807 745/1227/779 777/1228/835 776/1222/833
f 758/1224/777 759/1229/776 791/1230/836 790/1225/834
f 745/1227/779 746/1231/778 778/1232/837 777/1228/835
f 759/1229/776 760/1233/780 792/1234/838 791/1230/836
f 746/1231/778 747/1235/781 779/1236/839 778/1232/837
f 760/1233/780 761/1165/782 793/1168/809 792/1234/838
f 747/1235/781 748/1169/783 780/1172/811 779/1236/839
f 769/1186/817 770/1185/816 802/1237/840 801/1238/841
f 796/1180/814 797/1188/818 829/1239/842 828/1240/843
f 783/1182/815 784/1190/819 816/1241/844 815/1242/845
f 770/1185/816 771/1192/820 803/1243/846 802/1237/840
f 797/1196/818 798/1195/821 830/1244/847 829/1245/842
f 784/1190/819 785/1198/822 817/1246/848 816/1241/844
f 771/1192/820 772/1200/823 804/1247/849 803/1243/846
f 798/1195/821 799/1202/824 831/1248/850 830/1244/847
f 785/1198/822 786/1204/825 818/1249/851 817/1246/848
f 772/1200/823 773/1206/826 805/1250/852 804/1247/849
f 799/1202/824 800/1208/827 832/1251/853 831/1248/850
f 786/1204/825 787/1210/828 819/1252/854 818/1249/851
f 773/1214/826 774/1213/829 806/1253/855 805/1254/852
f 800/1208/827 769/1186/817 801/1238/841 832/1251/853
f 787/1210/828 788/1216/830 820/1255/856 819/1252/854
f 774/1213/829 775/1218/831 807/1256/857 806/1253/855
f 788/1216/830 789/1220/832 821/1257/858 820/1255/856
f 775/1218/831 776/1222/833 808/1258/859 807/1256/857
f 789/1226/832 790/1225/834 822/1259/860 821/1260/858
f 776/1222/833 777/1228/835 809/1261/861 808/1258/859
f 790/1225/834 791/1230/836 823/1262/862 822/1259/860
f 777/1228/835 778/1232/837 810/1263/863 809/1261/861
f 791/1230/836 792/1234/838 824/1264/864 823/1262/862
f 778/1232/837 779/1236/839 811/1265/865 810/1263/863
f 792/1234/838 793/1168/809 825/1266/866 824/1264/864
f 779/1236/839 780/1172/811 812/1267/867 811/1265/865
f 793/1168/809 794/1167/808 826/1268/868 825/1266/866
f 780/1172/811 781/1171/810 813/1269/869 812/1267/867
f 794/1167/808 795/1174/812 827/1270/870 826/1268/868
f 781/1178/810 782/1177/813 814/1271/871 813/1272/869
f 795/1174/812 796/1180/814 828/1240/843 827/1270/870
f 782/1177/813 783/1182/815 815/1242/845 814/1271/871
f 822/1259/860 823/1262/862 855/1273/872 854/1274/873
f 804/1247/849 805/1250/852 837/1275/874 836/1276/875
f 809/1261/861 810/1263/863 842/1277/876 841/1278/877
f 823/1262/862 824/1264/864 856/1279/878 855/1273/872
f 805/1254/852 806/1253/855 838/1280/879 837/1281/874
f 810/1263/863 811/1265/865 843/1282/880 842/1277/876
f 824/1264/864 825/1266/866 857/1283/881 856/1279/878
f 806/1253/855 807/1256/857 839/1284/882 838/1280/879
f 811/1265/865 812/1267/867 844/1285/883 843/1282/880
f 825/1266/866 826/1268/868 858/1286/884 857/1283/881
f 812/1267/867 813/1269/869 845/1287/885 844/1285/883
f 826/1268/868 827/1270/870 859/1288/886 858/1286/884
f 813/1272/869 814/1271/871 846/1289/887 845/1290/885
f 827/1270/870 828/1240/843 860/1291/888 859/1288/886
f 814/1271/871 815/1242/845 847/1292/889 846/1289/887
f 828/1240/843 829/1239/842 861/1293/890 860/1291/888
f 815/1242/845 816/1241/844 848/1294/891 847/1292/889
f 829/1245/842 830/1244/847 862/1295/892 861/1296/890
f 816/1241/844 817/1246/848 849/1297/893 848/1294/891
f 830/1244/847 831/1248/850 863/1298/894 862/1295/892
f 817/1246/848 818/1249/851 850/1299/895 849/1297/893
f 831/1248/850 832/1251/853 864/1300/896 863/1298/894
f 818/1249/851 819/1252/854 851/1301/897 850/1299/895
f 832/1251/853 801/1238/841 833/1302/898 864/1300/896
f 819/1252/854 820/1255/856 852/1303/899 851/1301/897
f 801/1238/841 802/1237/840 834/1304/900 833/1302/898
f 820/1255/856 821/1257/858 853/1305/901 852/1303/899
f 802/1237/840 803/1243/846 835/1306/902 834/1304/900
f 807/1256/857 808/1258/859 840/1307/903 839/1284/882
f 821/1260/858 822/1259/860 854/1274/873 853/1308/901
f 803/1243/846 804/1247/849 836/1276/875 835/1306/902
f 808/1258/859 809/1261/861 841/1278/877 840/1307/903
f 857/1283/881 858/1286/884 890/1309/904 889/1310/905
f 844/1285/883 845/1287/885 877/1311/906 876/1312/907
f 858/1286/884 859/1288/886 891/1313/908 890/1309/904
f 845/1290/885 846/1289/887 878/1314/909 877/1315/906
f 859/1288/886 860/1291/888 892/1316/910 891/1313/908
f 846/1289/887 847/1292/889 879/1317/911 878/1314/909
f 833/1302/898 834/1304/900 866/1318/912 865/1319/913
f 860/1291/888 861/1293/890 893/1320/914 892/1316/910
f 847/1292/889 848/1294/891 880/1321/915 879/1317/911
f 834/1304/900 835/1306/902 867/1322/916 866/1318/912
f 861/1296/890 862/1295/892 894/1323/917 893/1324/914
f 848/1294/891 849/1297/893 881/1325/918 880/1321/915
f 835/1306/902 836/1276/875 868/1326/919 867/1322/916
f 862/1295/892 863/1298/894 895/1327/920 894/1323/917
f 849/1297/893 850/1299/895 882/1328/921 881/1325/918
f 836/1276/875 837/1275/874 869/1329/922 868/1326/919
f 863/1298/894 864/1300/896 896/1330/923 895/1327/920
f 850/1299/895 851/1301/897 883/1331/924 882/1328/921
f 837/1281/874 838/1280/879 870/1332/925 869/1333/922
f 864/1300/896 833/1302/898 865/1319/913 896/1330/923
f 851/1301/897 852/1303/899 884/1334/926 883/1331/924
f 838/1280/879 839/1284/882 871/1335/927 870/1332/925
f 852/1303/899 853/1305/901 885/1336/928 884/1334/926
f 839/1284/882 840/1307/903 872/1337/929 871/1335/927
f 853/1308/901 854/1274/873 886/1338/930 885/1339/928
f 840/1307/903 841/1278/877 873/1340/931 872/1337/929
f 854/1274/873 855/1273/872 887/1341/932 886/1338/930
f 841/1278/877 842/1277/876 874/1342/933 873/1340/931
f 855/1273/872 856/1279/878 888/1343/934 887/1341/932
f 842/1277/876 843/1282/880 875/1344/935 874/1342/933
f 856/1279/878 857/1283/881 889/1310/905 888/1343/934
f 843/1282/880 844/1285/883 876/1312/907 875/1344/935
f 892/1316/910 893/1320/914 925/1345/936 924/1346/937
f 879/1317/911 880/1321/915 912/1347/938 911/1348/939
f 866/1318/912 867/1322/916 899/1349/940 898/1350/941
f 893/1324/914 894/1323/917 926/1351/942 925/1352/936
f 880/1321/915 881/1325/918 913/1353/943 912/1347/938
f 867/1322/916 868/1326/919 900/1354/944 899/1349/940
f 894/1323/917 895/1327/920 927/1355/945 926/1351/942
f 881/1325/918 882/1328/921 914/1356/946 913/1353/943
f 868/1326/919 869/1329/922 901/1357/947 900/1354/944
f 895/1327/920 896/1330/923 928/1358/948 927/1355/945
f 882/1328/921 883/1331/924 915/1359/949 914/1356/946
f 869/1333/922 870/1332/925 902/1360/950 901/1361/947
f 896/1330/923 865/1319/913 897/1362/951 928/1358/948
f 883/1331/924 884/1334/926 916/1363/952 915/1359/949
f 870/1332/925 871/1335/927 903/1364/953 902/1360/950
f 884/1334/926 885/1336/928 917/1365/954 916/1363/952
f 871/1335/927 872/1337/929 904/1366/955 903/1364/953
f 885/1339/928 886/1338/930 918/1367/956 917/1368/954
f 872/1337/929 873/1340/931 905/1369/957 904/1366/955
f 886/1338/930 887/1341/932 919/1370/958 918/1367/956
f 873/1340/931 874/1342/933 906/1371/959 905/1369/957
f 887/1341/932 888/1343/934 920/1372/960 919/1370/958
f 874/1342/933 875/1344/935 907/1373/961 906/1371/959
f 888/1343/934 889/1310/905 921/1374/962 920/1372/960
f 875/1344/935 876/1312/907 908/1375/963 907/1373/961
f 889/1310/905 890/1309/904 922/1376/964 921/1374/962
f 876/1312/907 877/1311/906 909/1377/965 908/1375/963
f 890/1309/904 891/1313/908 923/1378/966 922/1376/964
f 877/1315/906 878/1314/909 910/1379/967 909/1380/965
f 891/1313/908 892/1316/910 924/1346/937 923/1378/966
f 878/1314/909 879/1317/911 911/1348/939 910/1379/967
f 865/1319/913 866/1318/912 898/1350/941 897/1362/951
f 927/1355/945 928/1358/948 960/1381/968 959/1382/969
f 914/1356/946 915/1359/949 947/1383/970 946/1384/971
f 901/1361/947 902/1360/950 934/1385/972 933/1386/973
f 928/1358/948 897/1362/951 929/1387/974 960/1381/968
f 915/1359/949 916/1363/952 948/1388/975 947/1383/970
f 902/1360/950 903/1364/953 935/1389/976 934/1385/972
f 916/1363/952 917/1365/954 949/1390/977 948/1388/975
f 903/1364/953 904/1366/955 936/1391/978 935/1389/976
f 917/1368/954 918/1367/956 950/1392/979 949/1393/977
f 904/1366/955 905/1369/957 937/1394/980 936/1391/978
f 918/1367/956 919/1370/958 951/1395/981 950/1392/979
f 905/1369/957 906/1371/959 938/1396/982 937/1394/980
f 919/1370/958 920/1372/960 952/1397/983 951/1395/981
f 906/1371/959 907/1373/961 939/1398/984 938/1396/982
f 920/1372/960 921/1374/962 953/1399/985 952/1397/983
f 907/1373/961 908/1375/963 940/1400/986 939/1398/984
f 921/1374/962 922/1376/964 954/1401/987 953/1399/985
f 908/1375/963 909/1377/965 941/1402/988 940/1400/986
f 922/1376/964 923/1378/966 955/1403/989 954/1401/987
f 909/1380/965 910/1379/967 942/1404/990 941/1405/988
f 923/1378/966 924/1346/937 956/1406/991 955/1403/989
f 910/1379/967 911/1348/939 943/1407/992 942/1404/990
f 897/1362/951 898/1350/941 930/1408/993 929/1387/974
f 924/1346/937 925/1345/936 957/1409/994 956/1406/991
f 911/1348/939 912/1347/938 944/1410/995 943/1407/992
f 898/1350/941 899/1349/940 931/1411/996 930/1408/993
f 925/1352/936 926/1351/942 958/1412/997 957/1413/994
f 912/1347/938 913/1353/943 945/1414/998 944/1410/995
f 899/1349/940 900/1354/944 932/1415/999 931/1411/996
f 926/1351/942 927/1355/945 959/1382/969 958/1412/997
f 913/1353/943 914/1356/946 946/1384/971 945/1414/998
f 900/1354/944 901/1357/947 933/1416/973 932/1415/999
f 949/1393/977 950/1392/979 982/1417/1000 981/1418/1001
f 936/1391/978 937/1394/980 969/1419/1002 968/1420/1003
f 950/1392/979 951/1395/981 983/1421/1004 982/1417/1000
f 937/1394/980 938/1396/982 970/1422/1005 969/1419/1002
f 951/1395/981 952/1397/983 984/1423/1006 983/1421/1004
f 938/1396/982 939/1398/984 971/1424/1007 970/1422/1005
f 952/1397/983 953/1399/985 985/1425/1008 984/1423/1006
f 939/1398/984 940/1400/986 972/1426/1009 971/1424/1007
f 953/1399/985 954/1401/987 986/1427/1010 985/1425/1008
f 940/1400/986 941/1402/988 973/1428/1011 972/1426/1009
f 954/1401/987 955/1403/989 987/1429/1012 986/1427/1010
f 941/1405/988 942/1404/990 974/1430/1013 973/1431/1011
f 955/1403/989 956/1406/991 988/1432/1014 987/1429/1012
f 942/1404/990 943/1407/992 975/1433/1015 974/1430/1013
f 929/1387/974 930/1408/993 962/1434/1016 961/1435/1017
f 956/1406/991 957/1409/994 989/1436/1018 988/1432/1014
f 943/1407/992 944/1410/995 976/1437/1019 975/1433/1015
f 930/1408/993 931/1411/996 963/1438/1020 962/1434/1016
f 957/1413/994 958/1412/997 990/1439/1021 989/1440/1018
f 944/1410/995 945/1414/998 977/1441/1022 976/1437/1019
f 931/1411/996 932/1415/999 964/1442/1023 963/1438/1020
f 958/1412/997 959/1382/969 991/1443/1024 990/1439/1021
f 945/1414/998 946/1384/971 978/1444/1025 977/1441/1022
f 932/1415/999 933/1416/973 965/1445/1026 964/1442/1023
f 959/1382/969 960/1381/968 992/1446/1027 991/1443/1024
f 946/1384/971 947/1383/970 979/1447/1028 978/1444/1025
f 933/1386/973 934/1385/972 966/1448/1029 965/1449/1026
f 960/1381/968 929/1387/974 961/1435/1017 992/1446/1027
f 947/1383/970 948/1388/975 980/1450/1030 979/1447/1028
f 934/1385/972 935/1389/976 967/1451/1031 966/1448/1029
f 948/1388/975 949/1390/977 981/1452/1001 980/1450/1030
f 935/1389/976 936/1391/978 968/1420/1003 967/1451/1031
f 984/1423/1006 985/1425/1008 1017/1453/1032 1016/1454/1033
f 971/1424/1007 972/1426/1009 1004/1455/1034 1003/1456/1035
f 985/1425/1008 986/1427/1010 1018/1457/1036 1017/1453/1032
f 972/1426/1009 973/1428/1011 1005/1458/1037 1004/1455/1034
f 986/1427/1010 987/1429/1012 1019/1459/1038 1018/1457/1036
f 973/1431/1011 974/1430/1013 1006/1460/1039 1005/1461/1037
f 987/1429/1012 988/1432/1014 1020/1462/1040 1019/1459/1038
f 974/1430/1013 975/1433/1015 1007/1463/1041 1006/1460/1039
f 961/1435/1017 962/1434/1016 994/1464/1042 993/1465/1043
f 988/1432/1014 989/1436/1018 1021/1466/1044 1020/1462/1040
f 975/1433/1015 976/1437/1019 1008/1467/1045 1007/1463/1041
f 962/1434/1016 963/1438/1020 995/1468/1046 994/1464/1042
f 989/1440/1018 990/1439/1021 1022/1469/1047 1021/1470/1044
f 976/1437/1019 977/1441/1022 1009/1471/1048 1008/1467/1045
f 963/1438/1020 964/1442/1023 996/1472/1049 995/1468/1046
f 990/1439/1021 991/1443/1024 1023/1473/1050 1022/1469/1047
f 977/1441/1022 978/1444/1025 1010/1474/1051 1009/1471/1048
f 964/1442/1023 965/1445/1026 997/1475/1052 996/1472/1049
f 991/1443/1024 992/1446/1027 1024/1476/1053 1023/1473/1050
f 978/1444/1025 979/1447/1028 1011/1477/1054 1010/1474/1051
f 965/1449/1026 966/1448/1029 998/1478/1055 997/1479/1052
f 992/1446/1027 961/1435/1017 993/1465/1043 1024/1476/1053
f 979/1447/1028 980/1450/1030 1012/1480/1056 1011/1477/1054
f 966/1448/1029 967/1451/1031 999/1481/1057 998/1478/1055
f 980/1450/1030 981/1452/1001 1013/1482/1058 1012/1480/1056
f 967/1451/1031 968/1420/1003 1000/1483/1059 999/1481/1057
f 981/1418/1001 982/1417/1000 1014/1484/1060 1013/1485/1058
f 968/1420/1003 969/1419/1002 1001/1486/1061 1000/1483/1059
f 982/1417/1000 983/1421/1004 1015/1487/1062 1014/1484/1060
f 969/1419/1002 970/1422/1005 1002/1488/1063 1001/1486/1061
f 983/1421/1004 984/1423/1006 1016/1454/1033 1015/1487/1062
f 970/1422/1005 971/1424/1007 1003/1456/1035 1002/1488/1063
f 1019/1459/1038 1020/1462/1040 1052/1489/1064 1051/1490/1065
f 1006/1460/1039 1007/1463/1041 1039/1491/1066 1038/1492/1067
f 993/1465/1043 994/1464/1042 1026/1493/1068 1025/1494/1069
f 1020/1495/1040 1021/1496/1044 1053/1497/1070 1052/1498/1064
f 1007/1463/1041 1008/1467/1045 1040/1499/1071 1039/1491/1066
f 994/1464/1042 995/1468/1046 1027/1500/1072 1026/1493/1068
f 1021/1496/1044 1022/1501/1047 1054/1502/1073 1053/1497/1070
f 1008/1467/1045 1009/1471/1048 1041/1503/1074 1040/1499/1071
f 995/1468/1046 996/1472/1049 1028/1504/1075 1027/1500/1072
f 1022/1469/1047 1023/1473/1050 1055/1505/1076 1054/1506/1073
f 1009/1471/1048 1010/1474/1051 1042/1507/1077 1041/1503/1074
f 996/1508/1049 997/1509/1052 1029/1510/1078 1028/1511/1075
f 1023/1473/1050 1024/1476/1053 1056/1512/1079 1055/1505/1076
f 1010/1474/1051 1011/1477/1054 1043/1513/1080 1042/1507/1077
f 997/1509/1052 998/1514/1055 1030/1515/1081 1029/1510/1078
f 1024/1476/1053 993/1465/1043 1025/1494/1069 1056/1512/1079
f 1011/1477/1054 1012/1480/1056 1044/1516/1082 1043/1513/1080
f 998/1478/1055 999/1481/1057 1031/1517/1083 1030/1518/1081
f 1012/1519/1056 1013/1520/1058 1045/1521/1084 1044/1522/1082
f 999/1481/1057 1000/1483/1059 1032/1523/1085 1031/1517/1083
f 1013/1520/1058 1014/1524/1060 1046/1525/1086 1045/1521/1084
f 1000/1483/1059 1001/1486/1061 1033/1526/1087 1032/1523/1085
f 1014/1484/1060 1015/1487/1062 1047/1527/1088 1046/1528/1086
f 1001/1486/1061 1002/1488/1063 1034/1529/1089 1033/1526/1087
f 1015/1487/1062 1016/1454/1033 1048/1530/1090 1047/1527/1088
f 1002/1488/1063 1003/1456/1035 1035/1531/1091 1034/1529/1089
f 1016/1454/1033 1017/1453/1032 1049/1532/1092 1048/1530/1090
f 1003/1456/1035 1004/1455/1034 1036/1533/1093 1035/1531/1091
f 1017/1453/1032 1018/1457/1036 1050/1534/1094 1049/1532/1092
f 1004/1535/1034 1005/1536/1037 1037/1537/1095 1036/1538/1093
f 1018/1457/1036 1019/1459/1038 1051/1490/1065 1050/1534/1094
f 1005/1536/1037 1006/1539/1039 1038/1540/1067 1037/1537/1095
f 1027/1541/1072 1028/1511/1075 1060/1542/1096 1059/1543/1097
f 1054/1502/1073 1055/1544/1076 1087/1545/1098 1086/1546/1099
f 1041/1547/1074 1042/1548/1077 1074/1549/1100 1073/1550/1101
f 1028/1511/1075 1029/1510/1078 1061/1551/1102 1060/1542/1096
f 1055/1544/1076 1056/1552/1079 1088/1553/1103 1087/1545/1098
f 1042/1548/1077 1043/1554/1080 1075/1555/1104 1074/1549/1100
f 1029/1510/1078 1030/1515/1081 1062/1556/1105 1061/1551/1102
f 1056/1552/1079 1025/1557/1069 1057/1558/1106 1088/1553/1103
f 1043/1554/1080 1044/1522/1082 1076/1559/1107 1075/1555/1104
f 1030/1515/1081 1031/1560/1083 1063/1561/1108 1062/1556/1105
f 1044/1522/1082 1045/1521/1084 1077/1562/1109 1076/1559/1107
f 1031/1560/1083 1032/1563/1085 1064/1564/1110 1063/1561/1108
f 1045/1521/1084 1046/1525/1086 1078/1565/1111 1077/1562/1109
f 1032/1563/1085 1033/1566/1087 1065/1567/1112 1064/1564/1110
f 1046/1525/1086 1047/1568/1088 1079/1569/1113 1078/1565/1111
f 1033/1566/1087 1034/1570/1089 1066/1571/1114 1065/1567/1112
f 1047/1568/1088 1048/1572/1090 1080/1573/1115 1079/1569/1113
f 1034/1570/1089 1035/1574/1091 1067/1575/1116 1066/1571/1114
f 1048/1572/1090 1049/1576/1092 1081/1577/1117 1080/1573/1115
f 1035/1574/1091 1036/1538/1093 1068/1578/1118 1067/1575/1116
f 1049/1576/1092 1050/1579/1094 1082/1580/1119 1081/1577/1117
f 1036/1538/1093 1037/1537/1095 1069/1581/1120 1068/1578/1118
f 1050/1579/1094 1051/1582/1065 1083/1583/1121 1082/1580/1119
f 1037/1537/1095 1038/1540/1067 1070/1584/1122 1069/1581/1120
f 1051/1582/1065 1052/1498/1064 1084/1585/1123 1083/1583/1121
f 1038/1540/1067 1039/1586/1066 1071/1587/1124 1070/1584/1122
f 1025/1557/1069 1026/1588/1068 1058/1589/1125 1057/1558/1106
f 1052/1498/1064 1053/1497/1070 1085/1590/1126 1084/1585/1123
f 1039/1586/1066 1040/1591/1071 1072/1592/1127 1071/1587/1124
f 1026/1588/1068 1027/1541/1072 1059/1543/1097 1058/1589/1125
f 1053/1497/1070 1054/1502/1073 1086/1546/1099 1085/1590/1126
f 1040/1591/1071 1041/1547/1074 1073/1550/1101 1072/1592/1127
f 1062/1556/1105 1063/1561/1108 1095/1593/1128 1094/1594/1129
f 1076/1559/1107 1077/1562/1109 1109/1595/1130 1108/1596/1131
f 1063/1561/1108 1064/1564/1110 1096/1597/1132 1095/1593/1128
f 1077/1562/1109 1078/1565/1111 1110/1598/1133 1109/1595/1130
f 1064/1564/1110 1065/1567/1112 1097/1599/1134 1096/1597/1132
f 1078/1565/1111 1079/1569/1113 1111/1600/1135 1110/1598/1133
f 1065/1567/1112 1066/1571/1114 1098/1601/1136 1097/1599/1134
f 1079/1569/1113 1080/1573/1115 1112/1602/1137 1111/1600/1135
f 1066/1571/1114 1067/1575/1116 1099/1603/1138 1098/1601/1136
f 1080/1573/1115 1081/1577/1117 1113/1604/1139 1112/1602/1137
f 1067/1575/1116 1068/1578/1118 1100/1605/1140 1099/1603/1138
f 1081/1577/1117 1082/1580/1119 1114/1606/1141 1113/1604/1139
f 1068/1578/1118 1069/1581/1120 1101/1607/1142 1100/1605/1140
f 1082/1580/1119 1083/1583/1121 1115/1608/1143 1114/1606/1141
f 1069/1581/1120 1070/1584/1122 1102/1609/1144 1101/1607/1142
f 1083/1583/1121 1084/1585/1123 1116/1610/1145 1115/1608/1143
f 1070/1584/1122 1071/1587/1124 1103/1611/1146 1102/1609/1144
f 1057/1558/1106 1058/1589/1125 1090/1612/1147 1089/1613/1148
f 1084/1585/1123 1085/1590/1126 1117/1614/1149 1116/1610/1145
f 1071/1587/1124 1072/1592/1127 1104/1615/1150 1103/1611/1146
f 1058/1589/1125 1059/1543/1097 1091/1616/1151 1090/1612/1147
f 1085/1590/1126 1086/1546/1099 1118/1617/1152 1117/1614/1149
f 1072/1592/1127 1073/1550/1101 1105/1618/1153 1104/1615/1150
f 1059/1543/1097 1060/1542/1096 1092/1619/1154 1091/1616/1151
f 1086/1546/1099 1087/1545/1098 1119/1620/1155 1118/1617/1152
f 1073/1550/1101 1074/1549/1100 1106/1621/1156 1105/1618/1153
f 1060/1542/1096 1061/1551/1102 1093/1622/1157 1092/1619/1154
f 1087/1545/1098 1088/1553/1103 1120/1623/1158 1119/1620/1155
f 1074/1549/1100 1075/1555/1104 1107/1624/1159 1106/1621/1156
f 1061/1551/1102 1062/1556/1105 1094/1594/1129 1093/1622/1157
f 1088/1553/1103 1057/1558/1106 1089/1613/1148 1120/1623/1158
f 1075/1555/1104 1076/1559/1107 1108/1596/1131 1107/1624/1159
f 1097/1625/1134 1098/1626/1136 1130/1627/1160 1129/1628/1161
f 1111/1629/1135 1112/1630/1137 1144/1631/1162 1143/1632/1163
f 1098/1626/1136 1099/1633/1138 1131/1634/1164 1130/1627/1160
f 1112/1630/1137 1113/1635/1139 1145/1636/1165 1144/1631/1162
f 1099/1633/1138 1100/1637/1140 1132/1638/1166 1131/1634/1164
f 1113/1635/1139 1114/1639/1141 1146/1640/1167 1145/1636/1165
f 1100/1637/1140 1101/1641/1142 1133/1642/1168 1132/1638/1166
f 1114/1639/1141 1115/1643/1143 1147/1644/1169 1146/1640/1167
f 1101/1645/1142 1102/1646/1144 1134/1647/1170 1133/1648/1168
f 1115/1643/1143 1116/1649/1145 1148/1650/1171 1147/1644/1169
f 1102/1646/1144 1103/1651/1146 1135/1652/1172 1134/1647/1170
f 1089/1653/1148 1090/1654/1147 1122/1655/1173 1121/1656/1174
f 1116/1649/1145 1117/1657/1149 1149/1658/1175 1148/1650/1171
f 1103/1651/1146 1104/1659/1150 1136/1660/1176 1135/1652/1172
f 1090/1654/1147 1091/1661/1151 1123/1662/1177 1122/1655/1173
f 1117/1663/1149 1118/1664/1152 1150/1665/1178 1149/1666/1175
f 1104/1659/1150 1105/1667/1153 1137/1668/1179 1136/1660/1176
f 1091/1661/1151 1092/1669/1154 1124/1670/1180 1123/1662/1177
f 1118/1664/1152 1119/1671/1155 1151/1672/1181 1150/1665/1178
f 1105/1667/1153 1106/1673/1156 1138/1674/1182 1137/1668/1179
f 1092/1669/1154 1093/1675/1157 1125/1676/1183 1124/1670/1180
f 1119/1671/1155 1120/1677/1158 1152/1678/1184 1151/1672/1181
f 1106/1673/1156 1107/1679/1159 1139/1680/1185 1138/1674/1182
f 1093/1681/1157 1094/1682/1129 1126/1683/1186 1125/1684/1183
f 1120/1677/1158 1089/1653/1148 1121/1656/1174 1152/1678/1184
f 1107/1679/1159 1108/1685/1131 1140/1686/1187 1139/1680/1185
f 1094/1682/1129 1095/1687/1128 1127/1688/1188 1126/1683/1186
f 1108/1685/1131 1109/1689/1130 1141/1690/1189 1140/1686/1187
f 1095/1687/1128 1096/1691/1132 1128/1692/1190 1127/1688/1188
f 1109/1693/1130 1110/1694/1133 1142/1695/1191 1141/1696/1189
f 1096/1691/1132 1097/1625/1134 1129/1628/1161 1128/1692/1190
f 1110/1694/1133 1111/1629/1135 1143/1632/1163 1142/1695/1191
f 1132/1638/1166 1133/1642/1168 1165/1697/1192 1164/1698/1193
f 1146/1640/1167 1147/1644/1169 1179/1699/1194 1178/1700/1195
f 1133/1648/1168 1134/1647/1170 1166/1701/1196 1165/1702/1192
f 1147/1644/1169 1148/1650/1171 1180/1703/1197 1179/1699/1194
f 1134/1647/1170 1135/1652/1172 1167/1704/1198 1166/1701/1196
f 1121/1656/1174 1122/1655/1173 1154/1705/1199 1153/1706/1200
f 1148/1650/1171 1149/1658/1175 1181/1707/1201 1180/1703/1197
f 1135/1652/1172 1136/1660/1176 1168/1708/1202 1167/1704/1198
f 1122/1655/1173 1123/1662/1177 1155/1709/1203 1154/1705/1199
f 1149/1666/1175 1150/1665/1178 1182/1710/1204 1181/1711/1201
f 1136/1660/1176 1137/1668/1179 1169/1712/1205 1168/1708/1202
f 1123/1662/1177 1124/1670/1180 1156/1713/1206 1155/1709/1203
f 1150/1665/1178 1151/1672/1181 1183/1714/1207 1182/1710/1204
f 1137/1668/1179 1138/1674/1182 1170/1715/1208 1169/1712/1205
f 1124/1670/1180 1125/1676/1183 1157/1716/1209 1156/1713/1206
f 1151/1672/1181 1152/1678/1184 1184/1717/1210 1183/1714/1207
f 1138/1674/1182 1139/1680/1185 1171/1718/1211 1170/1715/1208
f 1125/1684/1183 1126/1683/1186 1158/1719/1212 1157/1720/1209
f 1152/1678/1184 1121/1656/1174 1153/1706/1200 1184/1717/1210
f 1139/1680/1185 1140/1686/1187 1172/1721/1213 1171/1718/1211
f 1126/1683/1186 1127/1688/1188 1159/1722/1214 1158/1719/1212
f 1140/1686/1187 1141/1690/1189 1173/1723/1215 1172/1721/1213
f 1127/1688/1188 1128/1692/1190 1160/1724/1216 1159/1722/1214
f 1141/1696/1189 1142/1695/1191 1174/1725/1217 1173/1726/1215
f 1128/1692/1190 1129/1628/1161 1161/1727/1218 1160/1724/1216
f 1142/1695/1191 1143/1632/1163 1175/1728/1219 1174/1725/1217
f 1129/1628/1161 1130/1627/1160 1162/1729/1220 1161/1727/1218
f 1143/1632/1163 1144/1631/1162 1176/1730/1221 1175/1728/1219
f 1130/1627/1160 1131/1634/1164 1163/1731/1222 1162/1729/1220
f 1144/1631/1162 1145/1636/1165 1177/1732/1223 1176/1730/1221
f 1131/1634/1164 1132/1638/1166 1164/1698/1193 1163/1731/1222
f 1145/1636/1165 1146/1640/1167 1178/1700/1195 1177/1732/1223
f 1167/1733/1198 1168/1734/1202 1200/1735/1224 1199/1736/1225
f 1154/1737/1199 1155/1738/1203 1187/1739/1226 1186/1740/1227
f 1181/1741/1201 1182/1742/1204 1214/1743/1228 1213/1744/1229
f 1168/1734/1202 1169/1745/1205 1201/1746/1230 1200/1735/1224
f 1155/1738/1203 1156/1747/1206 1188/1748/1231 1187/1739/1226
f 1182/1742/1204 1183/1749/1207 1215/1750/1232 1214/1743/1228
f 1169/1745/1205 1170/1751/1208 1202/1752/1233 1201/1746/1230
f 1156/1747/1206 1157/1753/1209 1189/1754/1234 1188/1748/1231
f 1183/1749/1207 1184/1755/1210 1216/1756/1235 1215/1750/1232
f 1170/1751/1208 1171/1757/1211 1203/1758/1236 1202/1752/1233
f 1157/1753/1209 1158/1759/1212 1190/1760/1237 1189/1754/1234
f 1184/1755/1210 1153/1761/1200 1185/1762/1238 1216/1756/1235
f 1171/1757/1211 1172/1763/1213 1204/1764/1239 1203/1758/1236
f 1158/1759/1212 1159/1765/1214 1191/1766/1240 1190/1760/1237
f 1172/1763/1213 1173/1767/1215 1205/1768/1241 1204/1764/1239
f 1159/1765/1214 1160/1769/1216 1192/1770/1242 1191/1766/1240
f 1173/1767/1215 1174/1771/1217 1206/1772/1243 1205/1768/1241
f 1160/1769/1216 1161/1773/1218 1193/1774/1244 1192/1770/1242
f 1174/1771/1217 1175/1775/1219 1207/1776/1245 1206/1772/1243
f 1161/1773/1218 1162/1777/1220 1194/1778/1246 1193/1774/1244
f 1175/1775/1219 1176/1779/1221 1208/1780/1247 1207/1776/1245
f 1162/1777/1220 1163/1781/1222 1195/1782/1248 1194/1778/1246
f 1176/1779/1221 1177/1783/1223 1209/1784/1249 1208/1780/1247
f 1163/1781/1222 1164/1785/1193 1196/1786/1250 1195/1782/1248
f 1177/1783/1223 1178/1787/1195 1210/1788/1251 1209/1784/1249
f 1164/1785/1193 1165/1789/1192 1197/1790/1252 1196/1786/1250
f 1178/1787/1195 1179/1791/1194 1211/1792/1253 1210/1788/1251
f 1165/1789/1192 1166/1793/1196 1198/1794/1254 1197/1790/1252
f 1179/1791/1194 1180/1795/1197 1212/1796/1255 1211/1792/1253
f 1166/1793/1196 1167/1733/1198 1199/1736/1225 1198/1794/1254
f 1153/1761/1200 1154/1737/1199 1186/1740/1227 1185/1762/1238
f 1180/1795/1197 1181/1741/1201 1213/1744/1229 1212/1796/1255
f 1202/1752/1233 1203/1758/1236 1235/1797/1256 1234/1798/1257
f 1189/1754/1234 1190/1760/1237 1222/1799/1258 1221/1800/1259
f 1216/1756/1235 1185/1762/1238 1217/1801/1260 1248/1802/1261
f 1203/1758/1236 1204/1764/1239 1236/1803/1262 1235/1797/1256
f 1190/1760/1237 1191/1766/1240 1223/1804/1263 1222/1799/1258
f 1204/1764/1239 1205/1768/1241 1237/1805/1264 1236/1803/1262
f 1191/1766/1240 1192/1770/1242 1224/1806/1265 1223/1804/1263
f 1205/1768/1241 1206/1772/1243 1238/1807/1266 1237/1805/1264
f 1192/1770/1242 1193/1774/1244 1225/1808/1267 1224/1806/1265
f 1206/1772/1243 1207/1776/1245 1239/1809/1268 1238/1807/1266
f 1193/1774/1244 1194/1778/1246 1226/1810/1269 1225/1808/1267
f 1207/1776/1245 1208/1780/1247 1240/1811/1270 1239/1809/1268
f 1194/1778/1246 1195/1782/1248 1227/1812/1271 1226/1810/1269
f 1208/1780/1247 1209/1784/1249 1241/1813/1272 1240/1811/1270
f 1195/1782/1248 1196/1786/1250 1228/1814/1273 1227/1812/1271
f 1209/1784/1249 1210/1788/1251 1242/1815/1274 1241/1813/1272
f 1196/1786/1250 1197/1790/1252 1229/1816/1275 1228/1814/1273
f 1210/1788/1251 1211/1792/1253 1243/1817/1276 1242/1815/1274
f 1197/1790/1252 1198/1794/1254 1230/1818/1277 1229/1816/1275
f 1211/1792/1253 1212/1796/1255 1244/1819/1278 1243/1817/1276
f 1198/1794/1254 1199/1736/1225 1231/1820/1279 1230/1818/1277
f 1185/1762/1238 1186/1740/1227 1218/1821/1280 1217/1801/1260
f 1212/1796/1255 1213/1744/1229 1245/1822/1281 1244/1819/1278
f 1199/1736/1225 1200/1735/1224 1232/1823/1282 1231/1820/1279
f 1186/1740/1227 1187/1739/1226 1219/1824/1283 1218/1821/1280
f 1213/1744/1229 1214/1743/1228 1246/1825/1284 1245/1822/1281
f 1200/1735/1224 1201/1746/1230 1233/1826/1285 1232/1823/1282
f 1187/1739/1226 1188/1748/1231 1220/1827/1286 1219/1824/1283
f 1214/1743/1228 1215/1750/1232 1247/1828/1287 1246/1825/1284
f 1201/1746/1230 1202/1752/1233 1234/1798/1257 1233/1826/1285
f 1188/1748/1231 1189/1754/1234 1221/1800/1259 1220/1827/1286
f 1215/1750/1232 1216/1756/1235 1248/1802/1261 1247/1828/1287
f 3112/1829/1288 3113/1830/1289 1270/1831/1290 1269/1832/1291
f 3114/1833/1292 3115/1834/1293 1257/1835/1294 1256/1836/1295
f 3113/1830/1289 3116/1837/1296 1271/1838/1297 1270/1831/1290
f 3115/1834/1293 3117/1839/1298 1258/1840/1299 1257/1835/1294
f 3116/1837/1296 3118/1841/1300 1272/1842/1301 1271/1838/1297
f 3117/1839/1298 3119/1843/1302 1259/1844/1303 1258/1840/1299
f 3118/1841/1300 3120/1845/1304 1273/1846/1305 1272/1842/1301
f 3119/1843/1302 3121/1847/1306 1260/1848/1307 1259/1844/1303
f 3120/1845/1304 3122/1849/1308 1274/1850/1309 1273/1846/1305
f 3121/1847/1306 3123/1851/1310 1261/1852/1311 1260/1848/1307
f 3122/1849/1308 3124/1853/1312 1275/1854/1313 1274/1850/1309
f 3123/1855/1310 3125/1856/1314 1262/1857/1315 1261/1858/1311
f 3124/1853/1312 3126/1859/1316 1276/1860/1317 1275/1854/1313
f 3125/1856/1314 3127/1861/1318 1263/1862/1319 1262/1857/1315
f 3128/1863/1320 3129/1864/1321 1250/1865/1322 1249/1866/1323
f 3126/1859/1316 3130/1867/1324 1277/1868/1325 1276/1860/1317
f 3127/1861/1318 3131/1869/1326 1264/1870/1327 1263/1862/1319
f 3129/1864/1321 3132/1871/1328 1251/1872/1329 1250/1865/1322
f 3130/1873/1324 3133/1874/1330 1278/1875/1331 1277/1876/1325
f 3131/1869/1326 3134/1877/1332 1265/1878/1333 1264/1870/1327
f 3132/1871/1328 3135/1879/1334 1252/1880/1335 1251/1872/1329
f 3133/1874/1330 3136/1881/1336 1279/1882/1337 1278/1875/1331
f 3134/1877/1332 3137/1883/1338 1266/1884/1339 1265/1878/1333
f 3135/1879/1334 3138/1885/1340 1253/1886/1341 1252/1880/1335
f 3136/1881/1336 3139/1887/1342 1280/1888/1343 1279/1882/1337
f 3137/1883/1338 3140/1889/1344 1267/1890/1345 1266/1884/1339
f 3138/1891/1340 3141/1892/1346 1254/1893/1347 1253/1894/1341
f 3139/1887/1342 3128/1863/1320 1249/1866/1323 1280/1888/1343
f 3140/1889/1344 3142/1895/1348 1268/1896/1349 1267/1890/1345
f 3141/1892/1346 3143/1897/1350 1255/1898/1351 1254/1893/1347
f 3142/1895/1348 3112/1899/1288 1269/1900/1291 1268/1896/1349
f 3143/1897/1350 3114/1833/1292 1256/1836/1295 1255/1898/1351
f 1274/1850/1309 1338/1901/1352 1337/1902/1353 1273/1846/1305
f 1261/1852/1311 1325/1903/1354 1324/1904/1355 1260/1848/1307
f 1275/1854/1313 1339/1905/1356 1338/1901/1352 1274/1850/1309
f 1262/1857/1315 1326/1906/1357 1325/1907/1354 1261/1858/1311
f 1276/1860/1317 1340/1908/1358 1339/1905/1356 1275/1854/1313
f 1263/1862/1319 1327/1909/1359 1326/1906/1357 1262/1857/1315
f 1277/1868/1325 1341/1910/1360 1340/1908/1358 1276/1860/1317
f 1264/1870/1327 1328/1911/1361 1327/1909/1359 1263/1862/1319
f 1251/1872/1329 1315/1912/1362 1314/1913/1363 1250/1865/1322
f 1278/1875/1331 1342/1914/1364 1341/1915/1360 1277/1876/1325
f 1265/1878/1333 1329/1916/1365 1328/1911/1361 1264/1870/1327
f 1252/1880/1335 1316/1917/1366 1315/1912/1362 1251/1872/1329
f 1279/1882/1337 1343/1918/1367 1342/1914/1364 1278/1875/1331
f 1266/1884/1339 1330/1919/1368 1329/1916/1365 1265/1878/1333
f 1253/1886/1341 1317/1920/1369 1316/1917/1366 1252/1880/1335
f 1280/1888/1343 1344/1921/1370 1343/1918/1367 1279/1882/1337
f 1267/1890/1345 1331/1922/1371 1330/1919/1368 1266/1884/1339
f 1254/1893/1347 1318/1923/1372 1317/1924/1369 1253/1894/1341
f 1249/1866/1323 1313/1925/1373 1344/1921/1370 1280/1888/1343
f 1268/1896/1349 1332/1926/1374 1331/1922/1371 1267/1890/1345
f 1255/1898/1351 1319/1927/1375 1318/1923/1372 1254/1893/1347
f 1315/1912/1362 1316/1917/1366 1309/1928/1376 1310/1929/1377
f 1269/1900/1291 1333/1930/1378 1332/1926/1374 1268/1896/1349
f 1256/1836/1295 1320/1931/1379 1319/1927/1375 1255/1898/1351
f 1270/1831/1290 1334/1932/1380 1333/1933/1378 1269/1832/1291
f 1257/1835/1294 1321/1934/1381 1320/1931/1379 1256/1836/1295
f 1271/1838/1297 1335/1935/1382 1334/1932/1380 1270/1831/1290
f 1258/1840/1299 1322/1936/1383 1321/1934/1381 1257/1835/1294
f 1272/1842/1301 1336/1937/1384 1335/1935/1382 1271/1838/1297
f 1259/1844/1303 1323/1938/1385 1322/1936/1383 1258/1840/1299
f 1273/1846/1305 1337/1902/1353 1336/1937/1384 1272/1842/1301
f 1260/1848/1307 1324/1904/1355 1323/1938/1385 1259/1844/1303
f 1317/1924/1369 1318/1923/1372 1307/1939/1386 1308/1940/1387
f 1323/1938/1385 1324/1904/1355 1301/1941/1388 1302/1942/1389
f 1312/1943/1390 1311/1944/1391 1375/1945/1392 1376/1946/1393
f 1330/1919/1368 1331/1922/1371 1294/1947/1394 1295/1948/1395
f 1336/1937/1384 1337/1902/1353 1288/1949/1396 1289/1950/1397
f 1328/1911/1361 1329/1916/1365 1296/1951/1398 1297/1952/1399
f 1343/1918/1367 1344/1921/1370 1281/1953/1400 1282/1954/1401
f 1322/1936/1383 1323/1938/1385 1302/1942/1389 1303/1955/1402
f 1341/1915/1360 1342/1914/1364 1283/1956/1403 1284/1957/1404
f 1316/1917/1366 1317/1920/1369 1308/1958/1387 1309/1928/1376
f 1335/1935/1382 1336/1937/1384 1289/1950/1397 1290/1959/1405
f 1314/1913/1363 1315/1912/1362 1310/1929/1377 1311/1944/1391
f 1329/1916/1365 1330/1919/1368 1295/1948/1395 1296/1951/1398
f 1321/1934/1381 1322/1936/1383 1303/1955/1402 1304/1960/1406
f 1327/1909/1359 1328/1911/1361 1297/1952/1399 1298/1961/1407
f 1342/1914/1364 1343/1918/1367 1282/1954/1401 1283/1956/1403
f 1334/1932/1380 1335/1935/1382 1290/1959/1405 1291/1962/1408
f 1340/1908/1358 1341/1910/1360 1284/1963/1404 1285/1964/1409
f 1320/1931/1379 1321/1934/1381 1304/1960/1406 1305/1965/1410
f 1313/1925/1373 1314/1913/1363 1311/1944/1391 1312/1943/1390
f 1333/1933/1378 1334/1932/1380 1291/1962/1408 1292/1966/1411
f 1326/1906/1357 1327/1909/1359 1298/1961/1407 1299/1967/1412
f 1319/1927/1375 1320/1931/1379 1305/1965/1410 1306/1968/1413
f 1339/1905/1356 1340/1908/1358 1285/1964/1409 1286/1969/1414
f 1332/1926/1374 1333/1930/1378 1292/1970/1411 1293/1971/1415
f 1325/1907/1354 1326/1906/1357 1299/1967/1412 1300/1972/1416
f 1318/1923/1372 1319/1927/1375 1306/1968/1413 1307/1939/1386
f 1338/1901/1352 1339/1905/1356 1286/1969/1414 1287/1973/1417
f 1331/1922/1371 1332/1926/1374 1293/1971/1415 1294/1947/1394
f 1324/1904/1355 1325/1903/1354 1300/1974/1416 1301/1941/1388
f 1344/1921/1370 1313/1925/1373 1312/1943/1390 1281/1953/1400
f 1337/1902/1353 1338/1901/1352 1287/1973/1417 1288/1949/1396
f 1250/1865/1322 1314/1913/1363 1313/1925/1373 1249/1866/1323
f 1308/1940/1387 1307/1939/1386 1371/1975/1418 1372/1976/1419
f 1299/1967/1412 1298/1961/1407 1362/1977/1420 1363/1978/1421
f 1295/1948/1395 1294/1947/1394 1358/1979/1422 1359/1980/1423
f 1286/1969/1414 1285/1964/1409 1349/1981/1424 1350/1982/1425
f 1281/1953/1400 1312/1943/1390 1376/1946/1393 1345/1983/1426
f 1300/1972/1416 1299/1967/1412 1363/1978/1421 1364/1984/1427
f 1282/1954/1401 1281/1953/1400 1345/1983/1426 1346/1985/1428
f 1287/1973/1417 1286/1969/1414 1350/1982/1425 1351/1986/1429
f 1309/1928/1376 1308/1958/1387 1372/1987/1419 1373/1988/1430
f 1301/1941/1388 1300/1974/1416 1364/1989/1427 1365/1990/1431
f 1296/1951/1398 1295/1948/1395 1359/1980/1423 1360/1991/1432
f 1304/1960/1406 1303/1955/1402 1367/1992/1433 1368/1993/1434
f 1288/1949/1396 1287/1973/1417 1351/1986/1429 1352/1994/1435
f 1283/1956/1403 1282/1954/1401 1346/1985/1428 1347/1995/1436
f 1305/1965/1410 1304/1960/1406 1368/1993/1434 1369/1996/1437
f 1302/1942/1389 1301/1941/1388 1365/1990/1431 1366/1997/1438
f 1310/1929/1377 1309/1928/1376 1373/1988/1430 1374/1998/1439
f 1291/1962/1408 1290/1959/1405 1354/1999/1440 1355/2000/1441
f 1289/1950/1397 1288/1949/1396 1352/1994/1435 1353/2001/1442
f 1297/1952/1399 1296/1951/1398 1360/1991/1432 1361/2002/1443
f 1292/1966/1411 1291/1962/1408 1355/2000/1441 1356/2003/1444
f 1303/1955/1402 1302/1942/1389 1366/1997/1438 1367/1992/1433
f 1284/1957/1404 1283/1956/1403 1347/1995/1436 1348/2004/1445
f 1306/1968/1413 1305/1965/1410 1369/1996/1437 1370/2005/1446
f 1290/1959/1405 1289/1950/1397 1353/2001/1442 1354/1999/1440
f 1311/1944/1391 1310/1929/1377 1374/1998/1439 1375/1945/1392
f 1293/1971/1415 1292/1970/1411 1356/2006/1444 1357/2007/1447
f 1298/1961/1407 1297/1952/1399 1361/2002/1443 1362/1977/1420
f 1307/1939/1386 1306/1968/1413 1370/2005/1446 1371/1975/1418
f 1285/1964/1409 1284/1963/1404 1348/2008/1445 1349/1981/1424
f 1294/1947/1394 1293/1971/1415 1357/2007/1447 1358/1979/1422
f 1357/2007/1447 1356/2006/1444 1388/2009/1448 1389/2010/1449
f 1362/1977/1420 1361/2002/1443 1393/2011/1450 1394/2012/1451
f 1371/1975/1418 1370/2005/1446 1402/2013/1452 1403/2014/1453
f 1349/1981/1424 1348/2008/1445 1380/2015/1454 1381/2016/1455
f 1358/1979/1422 1357/2007/1447 1389/2010/1449 1390/2017/1456
f 1376/1946/1393 1375/1945/1392 1407/2018/1457 1408/2019/1458
f 1372/1976/1419 1371/1975/1418 1403/2014/1453 1404/2020/1459
f 1363/1978/1421 1362/1977/1420 1394/2012/1451 1395/2021/1460
f 1359/1980/1423 1358/1979/1422 1390/2017/1456 1391/2022/1461
f 1350/1982/1425 1349/1981/1424 1381/2016/1455 1382/2023/1462
f 1345/1983/1426 1376/1946/1393 1408/2019/1458 1377/2024/1463
f 1364/1984/1427 1363/1978/1421 1395/2021/1460 1396/2025/1464
f 1346/1985/1428 1345/1983/1426 1377/2024/1463 1378/2026/1465
f 1351/1986/1429 1350/1982/1425 1382/2023/1462 1383/2027/1466
f 1373/1988/1430 1372/1987/1419 1404/2028/1459 1405/2029/1467
f 1365/1990/1431 1364/1989/1427 1396/2030/1464 1397/2031/1468
f 1360/1991/1432 1359/1980/1423 1391/2022/1461 1392/2032/1469
f 1368/1993/1434 1367/1992/1433 1399/2033/1470 1400/2034/1471
f 1352/1994/1435 1351/1986/1429 1383/2027/1466 1384/2035/1472
f 1347/1995/1436 1346/1985/1428 1378/2026/1465 1379/2036/1473
f 1369/1996/1437 1368/1993/1434 1400/2034/1471 1401/2037/1474
f 1366/1997/1438 1365/1990/1431 1397/2031/1468 1398/2038/1475
f 1374/1998/1439 1373/1988/1430 1405/2029/1467 1406/2039/1476
f 1355/2000/1441 1354/1999/1440 1386/2040/1477 1387/2041/1478
f 1353/2001/1442 1352/1994/1435 1384/2035/1472 1385/2042/1479
f 1361/2002/1443 1360/1991/1432 1392/2032/1469 1393/2011/1450
f 1356/2003/1444 1355/2000/1441 1387/2041/1478 1388/2043/1448
f 1367/1992/1433 1366/1997/1438 1398/2038/1475 1399/2033/1470
f 1348/2004/1445 1347/1995/1436 1379/2036/1473 1380/2044/1454
f 1370/2005/1446 1369/1996/1437 1401/2037/1474 1402/2013/1452
f 1354/1999/1440 1353/2001/1442 1385/2042/1479 1386/2040/1477
f 1375/1945/1392 1374/1998/1439 1406/2039/1476 1407/2018/1457
f 1404/2045/1459 1403/2046/1453 1435/2047/1480 1436/2048/1481
f 1395/2049/1460 1394/2050/1451 1426/2051/1482 1427/2052/1483
f 1391/2022/1461 1390/2017/1456 1422/2053/1484 1423/2054/1485
f 1382/2055/1462 1381/2056/1455 1413/2057/1486 1414/2058/1487
f 1377/2024/1463 1408/2019/1458 1440/2059/1488 1409/2060/1489
f 1396/2061/1464 1395/2049/1460 1427/2052/1483 1428/2062/1490
f 1378/2026/1465 1377/2024/1463 1409/2060/1489 1410/2063/1491
f 1383/2027/1466 1382/2023/1462 1414/2064/1487 1415/2065/1492
f 1405/2066/1467 1404/2045/1459 1436/2048/1481 1437/2067/1493
f 1397/2068/1468 1396/2061/1464 1428/2062/1490 1429/2069/1494
f 1392/2032/1469 1391/2022/1461 1423/2054/1485 1424/2070/1495
f 1400/2034/1471 1399/2033/1470 1431/2071/1496 1432/2072/1497
f 1384/2035/1472 1383/2027/1466 1415/2065/1492 1416/2073/1498
f 1379/2074/1473 1378/2075/1465 1410/2076/1491 1411/2077/1499
f 1401/2037/1474 1400/2034/1471 1432/2072/1497 1433/2078/1500
f 1398/2079/1475 1397/2068/1468 1429/2069/1494 1430/2080/1501
f 1406/2081/1476 1405/2066/1467 1437/2067/1493 1438/2082/1502
f 1387/2083/1478 1386/2084/1477 1418/2085/1503 1419/2086/1504
f 1385/2042/1479 1384/2035/1472 1416/2073/1498 1417/2087/1505
f 1393/2011/1450 1392/2032/1469 1424/2070/1495 1425/2088/1506
f 1388/2089/1448 1387/2083/1478 1419/2086/1504 1420/2090/1507
f 1399/2033/1470 1398/2038/1475 1430/2091/1501 1431/2071/1496
f 1380/2092/1454 1379/2074/1473 1411/2077/1499 1412/2093/1508
f 1402/2013/1452 1401/2037/1474 1433/2078/1500 1434/2094/1509
f 1386/2040/1477 1385/2042/1479 1417/2087/1505 1418/2095/1503
f 1407/2018/1457 1406/2039/1476 1438/2096/1502 1439/2097/1510
f 1389/2098/1449 1388/2089/1448 1420/2090/1507 1421/2099/1511
f 1394/2012/1451 1393/2011/1450 1425/2088/1506 1426/2100/1482
f 1403/2046/1453 1402/2101/1452 1434/2102/1509 1435/2047/1480
f 1381/2056/1455 1380/2092/1454 1412/2093/1508 1413/2057/1486
f 1390/2103/1456 1389/2098/1449 1421/2099/1511 1422/2104/1484
f 1408/2019/1458 1407/2018/1457 1439/2097/1510 1440/2059/1488
f 1410/2076/1491 1409/2105/1489 1441/2106/1512 1442/2107/1513
f 1415/2108/1492 1414/2058/1487 1446/2109/1514 1447/2110/1515
f 1437/2067/1493 1436/2048/1481 1468/2111/1516 1469/2112/1517
f 1429/2069/1494 1428/2062/1490 1460/2113/1518 1461/2114/1519
f 1424/2115/1495 1423/2116/1485 1455/2117/1520 1456/2118/1521
f 1432/2119/1497 1431/2120/1496 1463/2121/1522 1464/2122/1523
f 1416/2123/1498 1415/2108/1492 1447/2110/1515 1448/2124/1524
f 1411/2077/1499 1410/2076/1491 1442/2107/1513 1443/2125/1525
f 1433/2126/1500 1432/2119/1497 1464/2122/1523 1465/2127/1526
f 1430/2080/1501 1429/2069/1494 1461/2114/1519 1462/2128/1527
f 1438/2082/1502 1437/2067/1493 1469/2112/1517 1470/2129/1528
f 1419/2086/1504 1418/2085/1503 1450/2130/1529 1451/2131/1530
f 1417/2132/1505 1416/2123/1498 1448/2124/1524 1449/2133/1531
f 1425/2134/1506 1424/2115/1495 1456/2118/1521 1457/2135/1532
f 1420/2090/1507 1419/2086/1504 1451/2131/1530 1452/2136/1533
f 1431/2120/1496 1430/2080/1501 1462/2128/1527 1463/2121/1522
f 1412/2093/1508 1411/2077/1499 1443/2125/1525 1444/2137/1534
f 1434/2102/1509 1433/2126/1500 1465/2127/1526 1466/2138/1535
f 1418/2085/1503 1417/2132/1505 1449/2133/1531 1450/2130/1529
f 1439/2139/1510 1438/2082/1502 1470/2129/1528 1471/2140/1536
f 1421/2099/1511 1420/2090/1507 1452/2136/1533 1453/2141/1537
f 1426/2051/1482 1425/2134/1506 1457/2135/1532 1458/2142/1538
f 1435/2047/1480 1434/2102/1509 1466/2138/1535 1467/2143/1539
f 1413/2057/1486 1412/2093/1508 1444/2137/1534 1445/2144/1540
f 1422/2104/1484 1421/2099/1511 1453/2141/1537 1454/2145/1541
f 1440/2146/1488 1439/2139/1510 1471/2140/1536 1472/2147/1542
f 1436/2048/1481 1435/2047/1480 1467/2143/1539 1468/2111/1516
f 1427/2052/1483 1426/2051/1482 1458/2142/1538 1459/2148/1543
f 1423/2116/1485 1422/2104/1484 1454/2145/1541 1455/2117/1520
f 1414/2058/1487 1413/2057/1486 1445/2144/1540 1446/2109/1514
f 1409/2105/1489 1440/2146/1488 1472/2147/1542 1441/2106/1512
f 1428/2062/1490 1427/2052/1483 1459/2148/1543 1460/2113/1518
f 1443/2125/1525 1442/2107/1513 1474/2149/1544 1475/2150/1545
f 1465/2127/1526 1464/2122/1523 1496/2151/1546 1497/2152/1547
f 1462/2128/1527 1461/2114/1519 1493/2153/1548 1494/2154/1549
f 1470/2129/1528 1469/2112/1517 1501/2155/1550 1502/2156/1551
f 1451/2131/1530 1450/2130/1529 1482/2157/1552 1483/2158/1553
f 1449/2133/1531 1448/2124/1524 1480/2159/1554 1481/2160/1555
f 1457/2135/1532 1456/2118/1521 1488/2161/1556 1489/2162/1557
f 1452/2136/1533 1451/2131/1530 1483/2158/1553 1484/2163/1558
f 1463/2121/1522 1462/2128/1527 1494/2154/1549 1495/2164/1559
f 1444/2137/1534 1443/2125/1525 1475/2150/1545 1476/2165/1560
f 1466/2138/1535 1465/2127/1526 1497/2152/1547 1498/2166/1561
f 1450/2130/1529 1449/2133/1531 1481/2160/1555 1482/2157/1552
f 1471/2140/1536 1470/2129/1528 1502/2156/1551 1503/2167/1562
f 1453/2141/1537 1452/2136/1533 1484/2163/1558 1485/2168/1563
f 1458/2142/1538 1457/2135/1532 1489/2162/1557 1490/2169/1564
f 1467/2143/1539 1466/2138/1535 1498/2166/1561 1499/2170/1565
f 1445/2144/1540 1444/2137/1534 1476/2165/1560 1477/2171/1566
f 1454/2145/1541 1453/2141/1537 1485/2168/1563 1486/2172/1567
f 1472/2147/1542 1471/2140/1536 1503/2167/1562 1504/2173/1568
f 1468/2111/1516 1467/2143/1539 1499/2170/1565 1500/2174/1569
f 1459/2148/1543 1458/2142/1538 1490/2169/1564 1491/2175/1570
f 1455/2117/1520 1454/2145/1541 1486/2172/1567 1487/2176/1571
f 1446/2109/1514 1445/2144/1540 1477/2171/1566 1478/2177/1572
f 1441/2106/1512 1472/2147/1542 1504/2173/1568 1473/2178/1573
f 1460/2113/1518 1459/2148/1543 1491/2175/1570 1492/2179/1574
f 1442/2107/1513 1441/2106/1512 1473/2178/1573 1474/2149/1544
f 1447/2110/1515 1446/2109/1514 1478/2177/1572 1479/2180/1575
f 1469/2112/1517 1468/2111/1516 1500/2174/1569 1501/2155/1550
f 1461/2114/1519 1460/2113/1518 1492/2179/1574 1493/2153/1548
f 1456/2118/1521 1455/2117/1520 1487/2176/1571 1488/2161/1556
f 1464/2122/1523 1463/2121/1522 1495/2164/1559 1496/2151/1546
f 1448/2124/1524 1447/2110/1515 1479/2180/1575 1480/2159/1554
f 3080/2181/1576 3081/2182/1577 1507/2183/1578 1508/2184/1579
f 3082/2185/1580 3083/2186/1581 1529/2187/1582 1530/2188/1583
f 3084/2189/1584 3085/2190/1585 1513/2191/1586 1514/2192/1587
f 3086/2193/1588 3087/2194/1589 1534/2195/1590 1535/2196/1591
f 3088/2197/1592 3089/2198/1593 1516/2199/1594 1517/2200/1595
f 3090/2201/1596 3091/2202/1597 1521/2203/1598 1522/2204/1599
f 3092/2205/1600 3082/2185/1580 1530/2188/1583 1531/2206/1601
f 3093/2207/1602 3080/2208/1576 1508/2209/1579 1509/2210/1603
f 3094/2211/1604 3088/2197/1592 1517/2200/1595 1518/2212/1605
f 3095/2213/1606 3086/2193/1588 1535/2196/1591 1536/2214/1607
f 3096/2215/1608 3092/2205/1600 1531/2206/1601 1532/2216/1609
f 3097/2217/1610 3090/2201/1596 1522/2204/1599 1523/2218/1611
f 3098/2219/1612 3094/2211/1604 1518/2212/1605 1519/2220/1613
f 3099/2221/1614 3093/2207/1602 1509/2210/1603 1510/2222/1615
f 3100/2223/1616 3095/2213/1606 1536/2214/1607 1505/2224/1617
f 3101/2225/1618 3097/2217/1610 1523/2218/1611 1524/2226/1619
f 3102/2227/1620 3100/2223/1616 1505/2224/1617 1506/2228/1621
f 3103/2229/1622 3099/2221/1614 1510/2222/1615 1511/2230/1623
f 3104/2231/1624 3096/2232/1608 1532/2233/1609 1533/2234/1625
f 3105/2235/1626 3101/2236/1618 1524/2237/1619 1525/2238/1627
f 3106/2239/1628 3098/2219/1612 1519/2220/1613 1520/2240/1629
f 3107/2241/1630 3108/2242/1631 1527/2243/1632 1528/2244/1633
f 3109/2245/1634 3103/2229/1622 1511/2230/1623 1512/2246/1635
f 3081/2182/1577 3102/2227/1620 1506/2228/1621 1507/2183/1578
f 3083/2186/1581 3107/2241/1630 1528/2244/1633 1529/2187/1582
f 3110/2247/1636 3105/2235/1626 1525/2238/1627 1526/2248/1637
f 3087/2194/1589 3104/2231/1624 1533/2234/1625 1534/2195/1590
f 3111/2249/1638 3084/2189/1584 1514/2192/1587 1515/2250/1639
f 3085/2190/1585 3109/2245/1634 1512/2246/1635 1513/2191/1586
f 3091/2202/1597 3106/2239/1628 1520/2240/1629 1521/2203/1598
f 3089/2251/1593 3111/2249/1638 1515/2250/1639 1516/2252/1594
f 3108/2242/1631 3110/2247/1636 1526/2248/1637 1527/2243/1632
f 1509/2253/1603 1508/2254/1579 1540/2255/1640 1541/2256/1641
f 1518/2212/1605 1517/2200/1595 1549/2257/1642 1550/2258/1643
f 1536/2214/1607 1535/2196/1591 1567/2259/1644 1568/2260/1645
f 1532/2261/1609 1531/2262/1601 1563/2263/1646 1564/2264/1647
f 1523/2218/1611 1522/2204/1599 1554/2265/1648 1555/2266/1649
f 1519/2220/1613 1518/2212/1605 1550/2258/1643 1551/2267/1650
f 1510/2222/1615 1509/2210/1603 1541/2268/1641 1542/2269/1651
f 1505/2224/1617 1536/2214/1607 1568/2260/1645 1537/2270/1652
f 1524/2271/1619 1523/2272/1611 1555/2273/1649 1556/2274/1653
f 1506/2228/1621 1505/2224/1617 1537/2270/1652 1538/2275/1654
f 1511/2230/1623 1510/2222/1615 1542/2269/1651 1543/2276/1655
f 1533/2277/1625 1532/2261/1609 1564/2264/1647 1565/2278/1656
f 1525/2279/1627 1524/2271/1619 1556/2274/1653 1557/2280/1657
f 1520/2240/1629 1519/2220/1613 1551/2267/1650 1552/2281/1658
f 1528/2244/1633 1527/2243/1632 1559/2282/1659 1560/2283/1660
f 1512/2246/1635 1511/2230/1623 1543/2276/1655 1544/2284/1661
f 1507/2183/1578 1506/2228/1621 1538/2275/1654 1539/2285/1662
f 1529/2187/1582 1528/2244/1633 1560/2283/1660 1561/2286/1663
f 1526/2248/1637 1525/2238/1627 1557/2287/1657 1558/2288/1664
f 1534/2195/1590 1533/2234/1625 1565/2289/1656 1566/2290/1665
f 1515/2250/1639 1514/2192/1587 1546/2291/1666 1547/2292/1667
f 1513/2191/1586 1512/2246/1635 1544/2284/1661 1545/2293/1668
f 1521/2203/1598 1520/2240/1629 1552/2281/1658 1553/2294/1669
f 1516/2295/1594 1515/2296/1639 1547/2297/1667 1548/2298/1670
f 1527/2243/1632 1526/2248/1637 1558/2288/1664 1559/2282/1659
f 1508/2254/1579 1507/2299/1578 1539/2300/1662 1540/2255/1640
f 1530/2188/1583 1529/2187/1582 1561/2286/1663 1562/2301/1671
f 1514/2192/1587 1513/2191/1586 1545/2293/1668 1546/2291/1666
f 1535/2196/1591 1534/2195/1590 1566/2290/1665 1567/2259/1644
f 1517/2302/1595 1516/2295/1594 1548/2298/1670 1549/2303/1642
f 1522/2204/1599 1521/2203/1598 1553/2294/1669 1554/2265/1648
f 1531/2206/1601 1530/2188/1583 1562/2301/1671 1563/2304/1646
f 1542/2269/1651 1541/2268/1641 1573/2305/1672 1574/2306/1673
f 1537/2270/1652 1568/2260/1645 1600/2307/1674 1569/2308/1675
f 1556/2309/1653 1555/2266/1649 1587/2310/1676 1588/2311/1677
f 1538/2275/1654 1537/2270/1652 1569/2308/1675 1570/2312/1678
f 1543/2276/1655 1542/2269/1651 1574/2306/1673 1575/2313/1679
f 1565/2289/1656 1564/2314/1647 1596/2315/1680 1597/2316/1681
f 1557/2287/1657 1556/2317/1653 1588/2318/1677 1589/2319/1682
f 1552/2281/1658 1551/2267/1650 1583/2320/1683 1584/2321/1684
f 1560/2283/1660 1559/2282/1659 1591/2322/1685 1592/2323/1686
f 1544/2284/1661 1543/2276/1655 1575/2313/1679 1576/2324/1687
f 1539/2285/1662 1538/2275/1654 1570/2312/1678 1571/2325/1688
f 1561/2286/1663 1560/2283/1660 1592/2323/1686 1593/2326/1689
f 1558/2288/1664 1557/2287/1657 1589/2319/1682 1590/2327/1690
f 1566/2290/1665 1565/2289/1656 1597/2316/1681 1598/2328/1691
f 1547/2292/1667 1546/2291/1666 1578/2329/1692 1579/2330/1693
f 1545/2293/1668 1544/2284/1661 1576/2324/1687 1577/2331/1694
f 1553/2294/1669 1552/2281/1658 1584/2321/1684 1585/2332/1695
f 1548/2333/1670 1547/2292/1667 1579/2330/1693 1580/2334/1696
f 1559/2282/1659 1558/2288/1664 1590/2327/1690 1591/2322/1685
f 1540/2335/1640 1539/2285/1662 1571/2325/1688 1572/2336/1697
f 1562/2301/1671 1561/2286/1663 1593/2326/1689 1594/2337/1698
f 1546/2291/1666 1545/2293/1668 1577/2331/1694 1578/2329/1692
f 1567/2259/1644 1566/2290/1665 1598/2328/1691 1599/2338/1699
f 1549/2257/1642 1548/2339/1670 1580/2340/1696 1581/2341/1700
f 1554/2265/1648 1553/2294/1669 1585/2332/1695 1586/2342/1701
f 1563/2304/1646 1562/2301/1671 1594/2337/1698 1595/2343/1702
f 1541/2268/1641 1540/2344/1640 1572/2345/1697 1573/2305/1672
f 1550/2258/1643 1549/2257/1642 1581/2341/1700 1582/2346/1703
f 1568/2260/1645 1567/2259/1644 1599/2338/1699 1600/2307/1674
f 1564/2347/1647 1563/2304/1646 1595/2343/1702 1596/2348/1680
f 1555/2266/1649 1554/2265/1648 1586/2342/1701 1587/2310/1676
f 1551/2267/1650 1550/2258/1643 1582/2346/1703 1583/2320/1683
f 1589/2319/1682 1588/2318/1677 1620/2349/1704 1621/2350/1705
f 1584/2321/1684 1583/2320/1683 1615/2351/1706 1616/2352/1707
f 1592/2323/1686 1591/2322/1685 1623/2353/1708 1624/2354/1709
f 1576/2324/1687 1575/2313/1679 1607/2355/1710 1608/2356/1711
f 1571/2325/1688 1570/2312/1678 1602/2357/1712 1603/2358/1713
f 1593/2326/1689 1592/2323/1686 1624/2354/1709 1625/2359/1714
f 1590/2327/1690 1589/2319/1682 1621/2350/1705 1622/2360/1715
f 1598/2328/1691 1597/2316/1681 1629/2361/1716 1630/2362/1717
f 1579/2330/1693 1578/2329/1692 1610/2363/1718 1611/2364/1719
f 1577/2331/1694 1576/2324/1687 1608/2356/1711 1609/2365/1720
f 1585/2332/1695 1584/2321/1684 1616/2352/1707 1617/2366/1721
f 1580/2334/1696 1579/2330/1693 1611/2364/1719 1612/2367/1722
f 1591/2322/1685 1590/2327/1690 1622/2360/1715 1623/2353/1708
f 1572/2336/1697 1571/2325/1688 1603/2358/1713 1604/2368/1723
f 1594/2337/1698 1593/2326/1689 1625/2359/1714 1626/2369/1724
f 1578/2329/1692 1577/2331/1694 1609/2365/1720 1610/2363/1718
f 1599/2338/1699 1598/2328/1691 1630/2362/1717 1631/2370/1725
f 1581/2341/1700 1580/2340/1696 1612/2371/1722 1613/2372/1726
f 1586/2342/1701 1585/2332/1695 1617/2366/1721 1618/2373/1727
f 1595/2343/1702 1594/2337/1698 1626/2369/1724 1627/2374/1728
f 1573/2305/1672 1572/2345/1697 1604/2375/1723 1605/2376/1729
f 1582/2346/1703 1581/2341/1700 1613/2372/1726 1614/2377/1730
f 1600/2307/1674 1599/2338/1699 1631/2370/1725 1632/2378/1731
f 1596/2348/1680 1595/2343/1702 1627/2374/1728 1628/2379/1732
f 1587/2310/1676 1586/2342/1701 1618/2373/1727 1619/2380/1733
f 1583/2320/1683 1582/2346/1703 1614/2377/1730 1615/2351/1706
f 1574/2306/1673 1573/2305/1672 1605/2376/1729 1606/2381/1734
f 1569/2308/1675 1600/2307/1674 1632/2378/1731 1601/2382/1735
f 1588/2311/1677 1587/2310/1676 1619/2380/1733 1620/2383/1704
f 1570/2312/1678 1569/2308/1675 1601/2382/1735 1602/2357/1712
f 1575/2313/1679 1574/2306/1673 1606/2381/1734 1607/2355/1710
f 1597/2316/1681 1596/2315/1680 1628/2384/1732 1629/2361/1716
f 1609/2385/1720 1608/2386/1711 1640/2387/1736 1641/2388/1737
f 1617/2389/1721 1616/2390/1707 1648/2391/1738 1649/2392/1739
f 1612/2393/1722 1611/2394/1719 1643/2395/1740 1644/2396/1741
f 1623/2397/1708 1622/2398/1715 1654/2399/1742 1655/2400/1743
f 1604/2401/1723 1603/2402/1713 1635/2403/1744 1636/2404/1745
f 1626/2405/1724 1625/2406/1714 1657/2407/1746 1658/2408/1747
f 1610/2409/1718 1609/2385/1720 1641/2388/1737 1642/2410/1748
f 1631/2411/1725 1630/2412/1717 1662/2413/1749 1663/2414/1750
f 1613/2415/1726 1612/2393/1722 1644/2396/1741 1645/2416/1751
f 1618/2417/1727 1617/2389/1721 1649/2392/1739 1650/2418/1752
f 1627/2419/1728 1626/2405/1724 1658/2408/1747 1659/2420/1753
f 1605/2421/1729 1604/2401/1723 1636/2404/1745 1637/2422/1754
f 1614/2423/1730 1613/2415/1726 1645/2416/1751 1646/2424/1755
f 1632/2425/1731 1631/2411/1725 1663/2414/1750 1664/2426/1756
f 1628/2427/1732 1627/2419/1728 1659/2420/1753 1660/2428/1757
f 1619/2429/1733 1618/2417/1727 1650/2418/1752 1651/2430/1758
f 1615/2431/1706 1614/2423/1730 1646/2424/1755 1647/2432/1759
f 1606/2433/1734 1605/2421/1729 1637/2422/1754 1638/2434/1760
f 1601/2435/1735 1632/2425/1731 1664/2426/1756 1633/2436/1761
f 1620/2437/1704 1619/2429/1733 1651/2430/1758 1652/2438/1762
f 1602/2439/1712 1601/2435/1735 1633/2436/1761 1634/2440/1763
f 1607/2441/1710 1606/2433/1734 1638/2434/1760 1639/2442/1764
f 1629/2443/1716 1628/2427/1732 1660/2428/1757 1661/2444/1765
f 1621/2445/1705 1620/2437/1704 1652/2438/1762 1653/2446/1766
f 1616/2390/1707 1615/2431/1706 1647/2432/1759 1648/2391/1738
f 1624/2447/1709 1623/2397/1708 1655/2400/1743 1656/2448/1767
f 1608/2386/1711 1607/2441/1710 1639/2442/1764 1640/2387/1736
f 1603/2402/1713 1602/2439/1712 1634/2440/1763 1635/2403/1744
f 1625/2406/1714 1624/2447/1709 1656/2448/1767 1657/2407/1746
f 1622/2398/1715 1621/2445/1705 1653/2446/1766 1654/2399/1742
f 1630/2412/1717 1629/2443/1716 1661/2444/1765 1662/2413/1749
f 1611/2394/1719 1610/2409/1718 1642/2410/1748 1643/2395/1740
f 1651/2430/1758 1650/2418/1752 1682/2449/1768 1683/2450/1769
f 1647/2432/1759 1646/2424/1755 1678/2451/1770 1679/2452/1771
f 1638/2434/1760 1637/2422/1754 1669/2453/1772 1670/2454/1773
f 1633/2436/1761 1664/2426/1756 1696/2455/1774 1665/2456/1775
f 1652/2438/1762 1651/2430/1758 1683/2450/1769 1684/2457/1776
f 1634/2440/1763 1633/2436/1761 1665/2456/1775 1666/2458/1777
f 1639/2442/1764 1638/2434/1760 1670/2454/1773 1671/2459/1778
f 1661/2444/1765 1660/2428/1757 1692/2460/1779 1693/2461/1780
f 1653/2446/1766 1652/2438/1762 1684/2457/1776 1685/2462/1781
f 1648/2391/1738 1647/2432/1759 1679/2452/1771 1680/2463/1782
f 1656/2448/1767 1655/2400/1743 1687/2464/1783 1688/2465/1784
f 1640/2387/1736 1639/2442/1764 1671/2459/1778 1672/2466/1785
f 1635/2403/1744 1634/2440/1763 1666/2458/1777 1667/2467/1786
f 1657/2407/1746 1656/2448/1767 1688/2465/1784 1689/2468/1787
f 1654/2399/1742 1653/2446/1766 1685/2462/1781 1686/2469/1788
f 1662/2413/1749 1661/2444/1765 1693/2461/1780 1694/2470/1789
f 1643/2395/1740 1642/2410/1748 1674/2471/1790 1675/2472/1791
f 1641/2388/1737 1640/2387/1736 1672/2466/1785 1673/2473/1792
f 1649/2392/1739 1648/2391/1738 1680/2463/1782 1681/2474/1793
f 1644/2396/1741 1643/2395/1740 1675/2472/1791 1676/2475/1794
f 1655/2400/1743 1654/2399/1742 1686/2469/1788 1687/2464/1783
f 1636/2404/1745 1635/2403/1744 1667/2467/1786 1668/2476/1795
f 1658/2408/1747 1657/2407/1746 1689/2468/1787 1690/2477/1796
f 1642/2410/1748 1641/2388/1737 1673/2473/1792 1674/2471/1790
f 1663/2414/1750 1662/2413/1749 1694/2470/1789 1695/2478/1797
f 1645/2416/1751 1644/2396/1741 1676/2475/1794 1677/2479/1798
f 1650/2418/1752 1649/2392/1739 1681/2474/1793 1682/2449/1768
f 1659/2420/1753 1658/2408/1747 1690/2477/1796 1691/2480/1799
f 1637/2422/1754 1636/2404/1745 1668/2476/1795 1669/2453/1772
f 1646/2424/1755 1645/2416/1751 1677/2479/1798 1678/2451/1770
f 1664/2426/1756 1663/2414/1750 1695/2478/1797 1696/2455/1774
f 1660/2428/1757 1659/2420/1753 1691/2480/1799 1692/2460/1779
f 1671/2481/1778 1670/2482/1773 1702/2483/1800 1703/2484/1801
f 1693/2485/1780 1692/2486/1779 1724/2487/1802 1725/2488/1803
f 1685/2489/1781 1684/2490/1776 1716/2491/1804 1717/2492/1805
f 1680/2493/1782 1679/2494/1771 1711/2495/1806 1712/2496/1807
f 1688/2497/1784 1687/2498/1783 1719/2499/1808 1720/2500/1809
f 1672/2501/1785 1671/2481/1778 1703/2484/1801 1704/2502/1810
f 1667/2503/1786 1666/2504/1777 1698/2505/1811 1699/2506/1812
f 1689/2507/1787 1688/2497/1784 1720/2500/1809 1721/2508/1813
f 1686/2509/1788 1685/2489/1781 1717/2492/1805 1718/2510/1814
f 1694/2511/1789 1693/2485/1780 1725/2488/1803 1726/2512/1815
f 1675/2513/1791 1674/2514/1790 1706/2515/1816 1707/2516/1817
f 1673/2517/1792 1672/2501/1785 1704/2502/1810 1705/2518/1818
f 1681/2519/1793 1680/2493/1782 1712/2496/1807 1713/2520/1819
f 1676/2521/1794 1675/2513/1791 1707/2516/1817 1708/2522/1820
f 1687/2498/1783 1686/2509/1788 1718/2510/1814 1719/2499/1808
f 1668/2523/1795 1667/2503/1786 1699/2506/1812 1700/2524/1821
f 1690/2525/1796 1689/2507/1787 1721/2508/1813 1722/2526/1822
f 1674/2514/1790 1673/2517/1792 1705/2518/1818 1706/2515/1816
f 1695/2527/1797 1694/2511/1789 1726/2512/1815 1727/2528/1823
f 1677/2529/1798 1676/2530/1794 1708/2531/1820 1709/2532/1824
f 1682/2533/1768 1681/2519/1793 1713/2520/1819 1714/2534/1825
f 1691/2535/1799 1690/2525/1796 1722/2526/1822 1723/2536/1826
f 1669/2537/1772 1668/2538/1795 1700/2539/1821 1701/2540/1827
f 1678/2541/1770 1677/2529/1798 1709/2532/1824 1710/2542/1828
f 1696/2543/1774 1695/2527/1797 1727/2528/1823 1728/2544/1829
f 1692/2545/1779 1691/2535/1799 1723/2536/1826 1724/2546/1802
f 1683/2547/1769 1682/2533/1768 1714/2534/1825 1715/2548/1830
f 1679/2494/1771 1678/2541/1770 1710/2542/1828 1711/2495/1806
f 1670/2482/1773 1669/2537/1772 1701/2540/1827 1702/2483/1800
f 1665/2549/1775 1696/2543/1774 1728/2544/1829 1697/2550/1831
f 1684/2551/1776 1683/2547/1769 1715/2548/1830 1716/2552/1804
f 1666/2504/1777 1665/2549/1775 1697/2550/1831 1698/2505/1811
f 1960/2553/1832 1953/2554/1833 1752/2555/1834 1753/2556/1835
f 1961/2557/1836 1954/2558/1837 1749/2559/1838 1750/2560/1839
f 1962/2561/1840 1955/2562/1841 1757/2563/1842 1758/2564/1843
f 1963/2565/1844 1956/2566/1845 1738/2567/1846 1739/2568/1847
f 1964/2569/1848 1957/2570/1849 1736/2571/1850 1737/2572/1851
f 1965/2573/1852 1958/2574/1853 1744/2575/1854 1745/2576/1855
f 1966/2577/1856 1963/2565/1844 1739/2568/1847 1740/2578/1857
f 1967/2579/1858 1961/2557/1836 1750/2560/1839 1751/2580/1859
f 1968/2581/1860 1959/2582/1861 1731/2583/1862 1732/2584/1863
f 1969/2585/1864 1960/2553/1832 1753/2556/1835 1754/2586/1865
f 1956/2566/1845 1964/2569/1848 1737/2572/1851 1738/2567/1846
f 1970/2587/1866 1962/2561/1840 1758/2564/1843 1759/2588/1867
f 1971/2589/1868 1966/2590/1856 1740/2591/1857 1741/2592/1869
f 1972/2593/1870 1965/2573/1852 1745/2576/1855 1746/2594/1871
f 1973/2595/1872 1969/2585/1864 1754/2586/1865 1755/2596/1873
f 1974/2597/1874 1968/2598/1860 1732/2599/1863 1733/2600/1875
f 1975/2601/1876 1971/2589/1868 1741/2592/1869 1742/2602/1877
f 1976/2603/1878 1970/2587/1866 1759/2588/1867 1760/2604/1879
f 1977/2605/1880 1973/2595/1872 1755/2596/1873 1756/2606/1881
f 1978/2607/1882 1972/2593/1870 1746/2594/1871 1747/2608/1883
f 1979/2609/1884 1975/2601/1876 1742/2602/1877 1743/2610/1885
f 1980/2611/1886 1974/2597/1874 1733/2600/1875 1734/2612/1887
f 1981/2613/1888 1976/2603/1878 1760/2604/1879 1729/2614/1889
f 1982/2615/1890 1978/2607/1882 1747/2608/1883 1748/2616/1891
f 1983/2617/1892 1981/2613/1888 1729/2614/1889 1730/2618/1893
f 1984/2619/1894 1980/2611/1886 1734/2612/1887 1735/2620/1895
f 1955/2562/1841 1977/2621/1880 1756/2622/1881 1757/2563/1842
f 1954/2558/1837 1982/2623/1890 1748/2624/1891 1749/2559/1838
f 1958/2574/1853 1979/2609/1884 1743/2610/1885 1744/2575/1854
f 1953/2554/1833 1967/2579/1858 1751/2580/1859 1752/2555/1834
f 1957/2570/1849 1984/2619/1894 1735/2620/1895 1736/2571/1850
f 1959/2582/1861 1983/2617/1892 1730/2618/1893 1731/2583/1862
f 1754/2586/1865 1753/2556/1835 1785/2625/1896 1786/2626/1897
f 1738/2567/1846 1737/2572/1851 1769/2627/1898 1770/2628/1899
f 1759/2588/1867 1758/2564/1843 1790/2629/1900 1791/2630/1901
f 1741/2592/1869 1740/2591/1857 1772/2631/1902 1773/2632/1903
f 1746/2594/1871 1745/2576/1855 1777/2633/1904 1778/2634/1905
f 1755/2596/1873 1754/2586/1865 1786/2626/1897 1787/2635/1906
f 1733/2600/1875 1732/2599/1863 1764/2636/1907 1765/2637/1908
f 1742/2602/1877 1741/2592/1869 1773/2632/1903 1774/2638/1909
f 1760/2604/1879 1759/2588/1867 1791/2630/1901 1792/2639/1910
f 1756/2606/1881 1755/2596/1873 1787/2635/1906 1788/2640/1911
f 1747/2608/1883 1746/2594/1871 1778/2634/1905 1779/2641/1912
f 1743/2610/1885 1742/2602/1877 1774/2638/1909 1775/2642/1913
f 1734/2612/1887 1733/2600/1875 1765/2637/1908 1766/2643/1914
f 1729/2614/1889 1760/2604/1879 1792/2639/1910 1761/2644/1915
f 1748/2616/1891 1747/2608/1883 1779/2641/1912 1780/2645/1916
f 1730/2618/1893 1729/2614/1889 1761/2644/1915 1762/2646/1917
f 1735/2620/1895 1734/2612/1887 1766/2643/1914 1767/2647/1918
f 1757/2563/1842 1756/2622/1881 1788/2648/1911 1789/2649/1919
f 1749/2559/1838 1748/2624/1891 1780/2650/1916 1781/2651/1920
f 1744/2575/1854 1743/2610/1885 1775/2642/1913 1776/2652/1921
f 1752/2555/1834 1751/2580/1859 1783/2653/1922 1784/2654/1923
f 1736/2571/1850 1735/2620/1895 1767/2647/1918 1768/2655/1924
f 1731/2583/1862 1730/2618/1893 1762/2646/1917 1763/2656/1925
f 1753/2556/1835 1752/2555/1834 1784/2654/1923 1785/2625/1896
f 1750/2560/1839 1749/2559/1838 1781/2651/1920 1782/2657/1926
f 1758/2564/1843 1757/2563/1842 1789/2649/1919 1790/2629/1900
f 1739/2568/1847 1738/2567/1846 1770/2628/1899 1771/2658/1927
f 1737/2572/1851 1736/2571/1850 1768/2655/1924 1769/2627/1898
f 1745/2576/1855 1744/2575/1854 1776/2652/1921 1777/2633/1904
f 1740/2578/1857 1739/2568/1847 1771/2658/1927 1772/2659/1902
f 1751/2580/1859 1750/2560/1839 1782/2657/1926 1783/2653/1922
f 1732/2584/1863 1731/2583/1862 1763/2656/1925 1764/2660/1907
f 1774/2638/1909 1773/2632/1903 1805/2661/1928 1806/2662/1929
f 1792/2639/1910 1791/2630/1901 1823/2663/1930 1824/2664/1931
f 1788/2640/1911 1787/2635/1906 1819/2665/1932 1820/2666/1933
f 1779/2641/1912 1778/2634/1905 1810/2667/1934 1811/2668/1935
f 1775/2642/1913 1774/2638/1909 1806/2662/1929 1807/2669/1936
f 1766/2643/1914 1765/2637/1908 1797/2670/1937 1798/2671/1938
f 1761/2644/1915 1792/2639/1910 1824/2664/1931 1793/2672/1939
f 1780/2645/1916 1779/2641/1912 1811/2668/1935 1812/2673/1940
f 1762/2646/1917 1761/2644/1915 1793/2672/1939 1794/2674/1941
f 1767/2647/1918 1766/2643/1914 1798/2671/1938 1799/2675/1942
f 1789/2649/1919 1788/2648/1911 1820/2676/1933 1821/2677/1943
f 1781/2651/1920 1780/2650/1916 1812/2678/1940 1813/2679/1944
f 1776/2652/1921 1775/2642/1913 1807/2669/1936 1808/2680/1945
f 1784/2654/1923 1783/2653/1922 1815/2681/1946 1816/2682/1947
f 1768/2655/1924 1767/2647/1918 1799/2675/1942 1800/2683/1948
f 1763/2656/1925 1762/2646/1917 1794/2674/1941 1795/2684/1949
f 1785/2625/1896 1784/2654/1923 1816/2682/1947 1817/2685/1950
f 1782/2657/1926 1781/2651/1920 1813/2679/1944 1814/2686/1951
f 1790/2629/1900 1789/2649/1919 1821/2677/1943 1822/2687/1952
f 1771/2658/1927 1770/2628/1899 1802/2688/1953 1803/2689/1954
f 1769/2627/1898 1768/2655/1924 1800/2683/1948 1801/2690/1955
f 1777/2633/1904 1776/2652/1921 1808/2680/1945 1809/2691/1956
f 1772/2659/1902 1771/2658/1927 1803/2689/1954 1804/2692/1957
f 1783/2653/1922 1782/2657/1926 1814/2686/1951 1815/2681/1946
f 1764/2660/1907 1763/2656/1925 1795/2684/1949 1796/2693/1958
f 1786/2626/1897 1785/2625/1896 1817/2685/1950 1818/2694/1959
f 1770/2628/1899 1769/2627/1898 1801/2690/1955 1802/2688/1953
f 1791/2630/1901 1790/2629/1900 1822/2687/1952 1823/2663/1930
f 1773/2632/1903 1772/2631/1902 1804/2695/1957 1805/2661/1928
f 1778/2634/1905 1777/2633/1904 1809/2691/1956 1810/2667/1934
f 1787/2635/1906 1786/2626/1897 1818/2694/1959 1819/2665/1932
f 1765/2637/1908 1764/2636/1907 1796/2696/1958 1797/2670/1937
f 1793/2672/1939 1824/2664/1931 1856/2697/1960 1825/2698/1961
f 1812/2699/1940 1811/2700/1935 1843/2701/1962 1844/2702/1963
f 1794/2674/1941 1793/2672/1939 1825/2698/1961 1826/2703/1964
f 1799/2675/1942 1798/2671/1938 1830/2704/1965 1831/2705/1966
f 1821/2706/1943 1820/2707/1933 1852/2708/1967 1853/2709/1968
f 1813/2710/1944 1812/2699/1940 1844/2702/1963 1845/2711/1969
f 1808/2680/1945 1807/2669/1936 1839/2712/1970 1840/2713/1971
f 1816/2682/1947 1815/2681/1946 1847/2714/1972 1848/2715/1973
f 1800/2683/1948 1799/2675/1942 1831/2705/1966 1832/2716/1974
f 1795/2717/1949 1794/2718/1941 1826/2719/1964 1827/2720/1975
f 1817/2685/1950 1816/2682/1947 1848/2715/1973 1849/2721/1976
f 1814/2722/1951 1813/2710/1944 1845/2711/1969 1846/2723/1977
f 1822/2724/1952 1821/2706/1943 1853/2709/1968 1854/2725/1978
f 1803/2726/1954 1802/2727/1953 1834/2728/1979 1835/2729/1980
f 1801/2690/1955 1800/2683/1948 1832/2716/1974 1833/2730/1981
f 1809/2691/1956 1808/2680/1945 1840/2713/1971 1841/2731/1982
f 1804/2732/1957 1803/2726/1954 1835/2729/1980 1836/2733/1983
f 1815/2681/1946 1814/2686/1951 1846/2734/1977 1847/2714/1972
f 1796/2735/1958 1795/2717/1949 1827/2720/1975 1828/2736/1984
f 1818/2694/1959 1817/2685/1950 1849/2721/1976 1850/2737/1985
f 1802/2688/1953 1801/2690/1955 1833/2730/1981 1834/2738/1979
f 1823/2663/1930 1822/2687/1952 1854/2739/1978 1855/2740/1986
f 1805/2741/1928 1804/2732/1957 1836/2733/1983 1837/2742/1987
f 1810/2667/1934 1809/2691/1956 1841/2731/1982 1842/2743/1988
f 1819/2744/1932 1818/2745/1959 1850/2746/1985 1851/2747/1989
f 1797/2748/1937 1796/2735/1958 1828/2736/1984 1829/2749/1990
f 1806/2750/1929 1805/2741/1928 1837/2742/1987 1838/2751/1991
f 1824/2664/1931 1823/2663/1930 1855/2740/1986 1856/2697/1960
f 1820/2707/1933 1819/2744/1932 1851/2747/1989 1852/2708/1967
f 1811/2700/1935 1810/2752/1934 1842/2753/1988 1843/2701/1962
f 1807/2669/1936 1806/2662/1929 1838/2754/1991 1839/2712/1970
f 1798/2755/1938 1797/2748/1937 1829/2749/1990 1830/2756/1965
f 1840/2757/1971 1839/2758/1970 1871/2759/1992 1872/2760/1993
f 1848/2761/1973 1847/2762/1972 1879/2763/1994 1880/2764/1995
f 1832/2765/1974 1831/2766/1966 1863/2767/1996 1864/2768/1997
f 1827/2720/1975 1826/2719/1964 1858/2769/1998 1859/2770/1999
f 1849/2771/1976 1848/2761/1973 1880/2764/1995 1881/2772/2000
f 1846/2723/1977 1845/2711/1969 1877/2773/2001 1878/2774/2002
f 1854/2725/1978 1853/2709/1968 1885/2775/2003 1886/2776/2004
f 1835/2729/1980 1834/2728/1979 1866/2777/2005 1867/2778/2006
f 1833/2779/1981 1832/2765/1974 1864/2768/1997 1865/2780/2007
f 1841/2781/1982 1840/2757/1971 1872/2760/1993 1873/2782/2008
f 1836/2733/1983 1835/2729/1980 1867/2778/2006 1868/2783/2009
f 1847/2762/1972 1846/2723/1977 1878/2774/2002 1879/2763/1994
f 1828/2736/1984 1827/2720/1975 1859/2770/1999 1860/2784/2010
f 1850/2746/1985 1849/2771/1976 1881/2772/2000 1882/2785/2011
f 1834/2728/1979 1833/2779/1981 1865/2780/2007 1866/2777/2005
f 1855/2786/1986 1854/2725/1978 1886/2776/2004 1887/2787/2012
f 1837/2742/1987 1836/2733/1983 1868/2783/2009 1869/2788/2013
f 1842/2753/1988 1841/2781/1982 1873/2782/2008 1874/2789/2014
f 1851/2747/1989 1850/2746/1985 1882/2785/2011 1883/2790/2015
f 1829/2749/1990 1828/2736/1984 1860/2784/2010 1861/2791/2016
f 1838/2751/1991 1837/2742/1987 1869/2788/2013 1870/2792/2017
f 1856/2793/1960 1855/2786/1986 1887/2787/2012 1888/2794/2018
f 1852/2708/1967 1851/2747/1989 1883/2790/2015 1884/2795/2019
f 1843/2701/1962 1842/2753/1988 1874/2789/2014 1875/2796/2020
f 1839/2758/1970 1838/2751/1991 1870/2792/2017 1871/2759/1992
f 1830/2756/1965 1829/2749/1990 1861/2791/2016 1862/2797/2021
f 1825/2798/1961 1856/2793/1960 1888/2794/2018 1857/2799/2022
f 1844/2702/1963 1843/2701/1962 1875/2796/2020 1876/2800/2023
f 1826/2719/1964 1825/2798/1961 1857/2799/2022 1858/2769/1998
f 1831/2766/1966 1830/2756/1965 1862/2797/2021 1863/2767/1996
f 1853/2709/1968 1852/2708/1967 1884/2795/2019 1885/2775/2003
f 1845/2711/1969 1844/2702/1963 1876/2800/2023 1877/2773/2001
f 1873/2782/2008 1872/2760/1993 1904/2801/2024 1905/2802/2025
f 1868/2783/2009 1867/2778/2006 1899/2803/2026 1900/2804/2027
f 1879/2763/1994 1878/2774/2002 1910/2805/2028 1911/2806/2029
f 1860/2784/2010 1859/2770/1999 1891/2807/2030 1892/2808/2031
f 1882/2785/2011 1881/2772/2000 1913/2809/2032 1914/2810/2033
f 1866/2777/2005 1865/2780/2007 1897/2811/2034 1898/2812/2035
f 1887/2787/2012 1886/2776/2004 1918/2813/2036 1919/2814/2037
f 1869/2788/2013 1868/2783/2009 1900/2804/2027 1901/2815/2038
f 1874/2789/2014 1873/2782/2008 1905/2802/2025 1906/2816/2039
f 1883/2790/2015 1882/2785/2011 1914/2810/2033 1915/2817/2040
f 1861/2791/2016 1860/2784/2010 1892/2808/2031 1893/2818/2041
f 1870/2792/2017 1869/2788/2013 1901/2815/2038 1902/2819/2042
f 1888/2794/2018 1887/2787/2012 1919/2814/2037 1920/2820/2043
f 1884/2795/2019 1883/2790/2015 1915/2817/2040 1916/2821/2044
f 1875/2796/2020 1874/2789/2014 1906/2816/2039 1907/2822/2045
f 1871/2759/1992 1870/2792/2017 1902/2819/2042 1903/2823/2046
f 1862/2797/2021 1861/2791/2016 1893/2818/2041 1894/2824/2047
f 1857/2799/2022 1888/2794/2018 1920/2820/2043 1889/2825/2048
f 1876/2800/2023 1875/2796/2020 1907/2822/2045 1908/2826/2049
f 1858/2769/1998 1857/2799/2022 1889/2825/2048 1890/2827/2050
f 1863/2767/1996 1862/2797/2021 1894/2824/2047 1895/2828/2051
f 1885/2775/2003 1884/2795/2019 1916/2821/2044 1917/2829/2052
f 1877/2773/2001 1876/2800/2023 1908/2826/2049 1909/2830/2053
f 1872/2760/1993 1871/2759/1992 1903/2823/2046 1904/2801/2024
f 1880/2764/1995 1879/2763/1994 1911/2806/2029 1912/2831/2054
f 1864/2768/1997 1863/2767/1996 1895/2828/2051 1896/2832/2055
f 1859/2770/1999 1858/2769/1998 1890/2827/2050 1891/2807/2030
f 1881/2772/2000 1880/2764/1995 1912/2831/2054 1913/2809/2032
f 1878/2774/2002 1877/2773/2001 1909/2830/2053 1910/2805/2028
f 1886/2776/2004 1885/2775/2003 1917/2829/2052 1918/2813/2036
f 1867/2778/2006 1866/2777/2005 1898/2812/2035 1899/2803/2026
f 1865/2780/2007 1864/2768/1997 1896/2832/2055 1897/2811/2034
f 2016/2833/1861 2008/2834/1892 1951/2835/1892 1936/2836/1861
f 2014/2837/1849 2009/2838/1894 1952/2839/1894 1930/2840/1849
f 2010/2841/1833 1992/2842/1858 1934/2843/1858 1922/2844/1833
f 2015/2845/1853 2004/2846/1884 1947/2847/1884 1932/2848/1853
f 2011/2849/1837 2007/2850/1890 1950/2851/1890 1924/2852/1837
f 2012/2853/1841 2002/2854/1880 1945/2855/2056 1926/2856/1841
f 2009/2838/1894 2005/2857/1886 1948/2858/1886 1952/2839/1894
f 2008/2834/1892 2006/2859/1888 1949/2860/1888 1951/2835/1892
f 2007/2861/1890 2003/2862/1882 1946/2863/1882 1950/2864/1890
f 2006/2859/1888 2001/2865/1878 1944/2866/1878 1949/2860/1888
f 2005/2857/1886 1999/2867/1874 1942/2868/1874 1948/2858/1886
f 2004/2846/1884 2000/2869/1876 1943/2870/1876 1947/2847/1884
f 2003/2862/1882 1997/2871/1870 1940/2872/1870 1946/2863/1882
f 2002/2873/1880 1998/2874/1872 1941/2875/1872 1945/2876/2056
f 2001/2865/1878 1995/2877/1866 1938/2878/1866 1944/2866/1878
f 2000/2869/1876 1996/2879/1868 1939/2880/1868 1943/2870/1876
f 1999/2867/1874 1993/2881/1860 1935/2882/1860 1942/2868/1874
f 1998/2874/1872 1994/2883/1864 1937/2884/1864 1941/2875/1872
f 1997/2871/1870 1990/2885/1852 1931/2886/1852 1940/2872/1870
f 1996/2879/1868 1991/2887/1856 1933/2888/1856 1939/2880/1868
f 1995/2877/1866 1987/2889/1840 1925/2890/1840 1938/2878/1866
f 2013/2891/1845 1989/2892/1848 1929/2893/1848 1928/2894/1845
f 1994/2883/1864 1985/2895/1832 1921/2896/1832 1937/2884/1864
f 1993/2897/1860 2016/2833/1861 1936/2836/1861 1935/2898/1860
f 1992/2842/1858 1986/2899/1836 1923/2900/1836 1934/2843/1858
f 1991/2901/1856 1988/2902/1844 1927/2903/1844 1933/2904/1856
f 1990/2885/1852 2015/2845/1853 1932/2848/1853 1931/2886/1852
f 1989/2892/1848 2014/2837/1849 1930/2840/1849 1929/2893/1848
f 1988/2902/1844 2013/2891/1845 1928/2894/1845 1927/2903/1844
f 1987/2889/1840 2012/2853/1841 1926/2856/1841 1925/2890/1840
f 1986/2899/1836 2011/2849/1837 1924/2852/1837 1923/2900/1836
f 1985/2895/1832 2010/2841/1833 1922/2844/1833 1921/2896/1832
f 1936/2836/1861 1951/2835/1892 1983/2617/1892 1959/2582/1861
f 1930/2840/1849 1952/2839/1894 1984/2619/1894 1957/2570/1849
f 1922/2844/1833 1934/2843/1858 1967/2579/1858 1953/2554/1833
f 1932/2848/1853 1947/2847/1884 1979/2609/1884 1958/2574/1853
f 1924/2852/1837 1950/2851/1890 1982/2623/1890 1954/2558/1837
f 1926/2856/1841 1945/2855/2056 1977/2621/1880 1955/2562/1841
f 1952/2839/1894 1948/2858/1886 1980/2611/1886 1984/2619/1894
f 1951/2835/1892 1949/2860/1888 1981/2613/1888 1983/2617/1892
f 1950/2864/1890 1946/2863/1882 1978/2607/1882 1982/2615/1890
f 1949/2860/1888 1944/2866/1878 1976/2603/1878 1981/2613/1888
f 1948/2858/1886 1942/2868/1874 1974/2597/1874 1980/2611/1886
f 1947/2847/1884 1943/2870/1876 1975/2601/1876 1979/2609/1884
f 1946/2863/1882 1940/2872/1870 1972/2593/1870 1978/2607/1882
f 1945/2876/2056 1941/2875/1872 1973/2595/1872 1977/2605/1880
f 1944/2866/1878 1938/2878/1866 1970/2587/1866 1976/2603/1878
f 1943/2870/1876 1939/2880/1868 1971/2589/1868 1975/2601/1876
f 1942/2868/1874 1935/2882/1860 1968/2598/1860 1974/2597/1874
f 1941/2875/1872 1937/2884/1864 1969/2585/1864 1973/2595/1872
f 1940/2872/1870 1931/2886/1852 1965/2573/1852 1972/2593/1870
f 1939/2880/1868 1933/2888/1856 1966/2590/1856 1971/2589/1868
f 1938/2878/1866 1925/2890/1840 1962/2561/1840 1970/2587/1866
f 1928/2894/1845 1929/2893/1848 1964/2569/1848 1956/2566/1845
f 1937/2884/1864 1921/2896/1832 1960/2553/1832 1969/2585/1864
f 1935/2898/1860 1936/2836/1861 1959/2582/1861 1968/2581/1860
f 1934/2843/1858 1923/2900/1836 1961/2557/1836 1967/2579/1858
f 1933/2904/1856 1927/2903/1844 1963/2565/1844 1966/2577/1856
f 1931/2886/1852 1932/2848/1853 1958/2574/1853 1965/2573/1852
f 1929/2893/1848 1930/2840/1849 1957/2570/1849 1964/2569/1848
f 1927/2903/1844 1928/2894/1845 1956/2566/1845 1963/2565/1844
f 1925/2890/1840 1926/2856/1841 1955/2562/1841 1962/2561/1840
f 1923/2900/1836 1924/2852/1837 1954/2558/1837 1961/2557/1836
f 1921/2896/1832 1922/2844/1833 1953/2554/1833 1960/2553/1832
f 1721/2508/1813 1720/2500/1809 2010/2841/1833 1985/2895/1832
f 1718/2510/1814 1717/2492/1805 2011/2849/1837 1986/2899/1836
f 1726/2512/1815 1725/2488/1803 2012/2853/1841 1987/2889/1840
f 1707/2516/1817 1706/2515/1816 2013/2891/1845 1988/2902/1844
f 1705/2518/1818 1704/2502/1810 2014/2837/1849 1989/2892/1848
f 1713/2520/1819 1712/2496/1807 2015/2845/1853 1990/2885/1852
f 1708/2522/1820 1707/2516/1817 1988/2902/1844 1991/2901/1856
f 1719/2499/1808 1718/2510/1814 1986/2899/1836 1992/2842/1858
f 1700/2524/1821 1699/2506/1812 2016/2833/1861 1993/2897/1860
f 1722/2526/1822 1721/2508/1813 1985/2895/1832 1994/2883/1864
f 1706/2515/1816 1705/2518/1818 1989/2892/1848 2013/2891/1845
f 1727/2528/1823 1726/2512/1815 1987/2889/1840 1995/2877/1866
f 1709/2532/1824 1708/2531/1820 1991/2887/1856 1996/2879/1868
f 1714/2534/1825 1713/2520/1819 1990/2885/1852 1997/2871/1870
f 1723/2536/1826 1722/2526/1822 1994/2883/1864 1998/2874/1872
f 1701/2540/1827 1700/2539/1821 1993/2881/1860 1999/2867/1874
f 1710/2542/1828 1709/2532/1824 1996/2879/1868 2000/2869/1876
f 1728/2544/1829 1727/2528/1823 1995/2877/1866 2001/2865/1878
f 1724/2546/1802 1723/2536/1826 1998/2874/1872 2002/2873/1880
f 1715/2548/1830 1714/2534/1825 1997/2871/1870 2003/2862/1882
f 1711/2495/1806 1710/2542/1828 2000/2869/1876 2004/2846/1884
f 1702/2483/1800 1701/2540/1827 1999/2867/1874 2005/2857/1886
f 1697/2550/1831 1728/2544/1829 2001/2865/1878 2006/2859/1888
f 1716/2552/1804 1715/2548/1830 2003/2862/1882 2007/2861/1890
f 1698/2505/1811 1697/2550/1831 2006/2859/1888 2008/2834/1892
f 1703/2484/1801 1702/2483/1800 2005/2857/1886 2009/2838/1894
f 1725/2488/1803 1724/2487/1802 2002/2854/1880 2012/2853/1841
f 1717/2492/1805 1716/2491/1804 2007/2850/1890 2011/2849/1837
f 1712/2496/1807 1711/2495/1806 2004/2846/1884 2015/2845/1853
f 1720/2500/1809 1719/2499/1808 1992/2842/1858 2010/2841/1833
f 1704/2502/1810 1703/2484/1801 2009/2838/1894 2014/2837/1849
f 1699/2506/1812 1698/2505/1811 2008/2834/1892 2016/2833/1861
f 1906/2816/2039 1905/2802/2025 2033/2905/2057 2034/2906/2058
f 1915/2817/2040 1914/2810/2033 2042/2907/2059 2043/2908/2060
f 1893/2818/2041 1892/2808/2031 2020/2909/2061 2021/2910/2062
f 1902/2819/2042 1901/2815/2038 2029/2911/2063 2030/2912/2064
f 1920/2820/2043 1919/2814/2037 2047/2913/2065 2048/2914/2066
f 1916/2821/2044 1915/2817/2040 2043/2908/2060 2044/2915/2067
f 1907/2822/2045 1906/2816/2039 2034/2906/2058 2035/2916/2068
f 1903/2823/2046 1902/2819/2042 2030/2912/2064 2031/2917/2069
f 1894/2824/2047 1893/2818/2041 2021/2910/2062 2022/2918/2070
f 1889/2825/2048 1920/2820/2043 2048/2914/2066 2017/2919/2071
f 1908/2826/2049 1907/2822/2045 2035/2916/2068 2036/2920/2072
f 1890/2827/2050 1889/2825/2048 2017/2919/2071 2018/2921/2073
f 1895/2828/2051 1894/2824/2047 2022/2918/2070 2023/2922/2074
f 1917/2829/2052 1916/2821/2044 2044/2915/2067 2045/2923/2075
f 1909/2830/2053 1908/2826/2049 2036/2920/2072 2037/2924/2076
f 1904/2801/2024 1903/2823/2046 2031/2917/2069 2032/2925/2077
f 1912/2831/2054 1911/2806/2029 2039/2926/2078 2040/2927/2079
f 1896/2832/2055 1895/2828/2051 2023/2922/2074 2024/2928/2080
f 1891/2807/2030 1890/2827/2050 2018/2921/2073 2019/2929/2081
f 1913/2809/2032 1912/2831/2054 2040/2927/2079 2041/2930/2082
f 1910/2805/2028 1909/2830/2053 2037/2924/2076 2038/2931/2083
f 1918/2813/2036 1917/2829/2052 2045/2923/2075 2046/2932/2084
f 1899/2803/2026 1898/2812/2035 2026/2933/2085 2027/2934/2086
f 1897/2811/2034 1896/2832/2055 2024/2928/2080 2025/2935/2087
f 1905/2802/2025 1904/2801/2024 2032/2925/2077 2033/2905/2057
f 1900/2804/2027 1899/2803/2026 2027/2934/2086 2028/2936/2088
f 1911/2806/2029 1910/2805/2028 2038/2931/2083 2039/2926/2078
f 1892/2808/2031 1891/2807/2030 2019/2929/2081 2020/2909/2061
f 1914/2810/2033 1913/2809/2032 2041/2930/2082 2042/2907/2059
f 1898/2812/2035 1897/2811/2034 2025/2935/2087 2026/2933/2085
f 1919/2814/2037 1918/2813/2036 2046/2932/2084 2047/2913/2065
f 1901/2815/2038 1900/2804/2027 2028/2936/2088 2029/2911/2063
f 2026/2933/2085 2025/2935/2087 2057/2937/2089 2058/2938/2090
f 2047/2913/2065 2046/2932/2084 2078/2939/2091 2079/2940/2092
f 2029/2911/2063 2028/2936/2088 2060/2941/2093 2061/2942/2094
f 2034/2906/2058 2033/2905/2057 2065/2943/2095 2066/2944/2096
f 2043/2908/2060 2042/2907/2059 2074/2945/2097 2075/2946/2098
f 2021/2910/2062 2020/2909/2061 2052/2947/2099 2053/2948/2100
f 2030/2912/2064 2029/2911/2063 2061/2942/2094 2062/2949/2101
f 2048/2914/2066 2047/2913/2065 2079/2940/2092 2080/2950/2102
f 2044/2915/2067 2043/2908/2060 2075/2946/2098 2076/2951/2103
f 2035/2916/2068 2034/2906/2058 2066/2944/2096 2067/2952/2104
f 2031/2917/2069 2030/2912/2064 2062/2949/2101 2063/2953/2105
f 2022/2918/2070 2021/2910/2062 2053/2948/2100 2054/2954/2106
f 2017/2919/2071 2048/2914/2066 2080/2950/2102 2049/2955/2107
f 2036/2920/2072 2035/2916/2068 2067/2952/2104 2068/2956/2108
f 2018/2921/2073 2017/2919/2071 2049/2955/2107 2050/2957/2109
f 2023/2922/2074 2022/2918/2070 2054/2954/2106 2055/2958/2110
f 2045/2923/2075 2044/2915/2067 2076/2951/2103 2077/2959/2111
f 2037/2924/2076 2036/2920/2072 2068/2956/2108 2069/2960/2112
f 2032/2925/2077 2031/2917/2069 2063/2953/2105 2064/2961/2113
f 2040/2927/2079 2039/2926/2078 2071/2962/2114 2072/2963/2115
f 2024/2928/2080 2023/2922/2074 2055/2958/2110 2056/2964/2116
f 2019/2929/2081 2018/2921/2073 2050/2957/2109 2051/2965/2117
f 2041/2930/2082 2040/2927/2079 2072/2963/2115 2073/2966/2118
f 2038/2931/2083 2037/2924/2076 2069/2960/2112 2070/2967/2119
f 2046/2932/2084 2045/2923/2075 2077/2959/2111 2078/2939/2091
f 2027/2934/2086 2026/2933/2085 2058/2938/2090 2059/2968/2120
f 2025/2935/2087 2024/2928/2080 2056/2964/2116 2057/2937/2089
f 2033/2905/2057 2032/2925/2077 2064/2961/2113 2065/2943/2095
f 2028/2936/2088 2027/2934/2086 2059/2968/2120 2060/2941/2093
f 2039/2926/2078 2038/2931/2083 2070/2967/2119 2071/2962/2114
f 2020/2909/2061 2019/2929/2081 2051/2965/2117 2052/2947/2099
f 2042/2907/2059 2041/2930/2082 2073/2966/2118 2074/2945/2097
f 2080/2950/2102 2079/2940/2092 2111/2969/2121 2112/2970/2122
f 2076/2951/2103 2075/2946/2098 2107/2971/2123 2108/2972/2124
f 2067/2952/2104 2066/2944/2096 2098/2973/2125 2099/2974/2126
f 2063/2953/2105 2062/2949/2101 2094/2975/2127 2095/2976/2128
f 2054/2954/2106 2053/2948/2100 2085/2977/2129 2086/2978/2130
f 2049/2955/2107 2080/2950/2102 2112/2970/2122 2081/2979/2131
f 2068/2956/2108 2067/2952/2104 2099/2974/2126 2100/2980/2132
f 2050/2957/2109 2049/2955/2107 2081/2979/2131 2082/2981/2133
f 2055/2958/2110 2054/2954/2106 2086/2978/2130 2087/2982/2134
f 2077/2959/2111 2076/2951/2103 2108/2972/2124 2109/2983/2135
f 2069/2960/2112 2068/2956/2108 2100/2980/2132 2101/2984/2136
f 2064/2961/2113 2063/2953/2105 2095/2976/2128 2096/2985/2137
f 2072/2963/2115 2071/2962/2114 2103/2986/2138 2104/2987/2139
f 2056/2964/2116 2055/2958/2110 2087/2982/2134 2088/2988/2140
f 2051/2965/2117 2050/2957/2109 2082/2981/2133 2083/2989/2141
f 2073/2966/2118 2072/2963/2115 2104/2987/2139 2105/2990/2142
f 2070/2967/2119 2069/2960/2112 2101/2984/2136 2102/2991/2143
f 2078/2939/2091 2077/2959/2111 2109/2983/2135 2110/2992/2144
f 2059/2968/2120 2058/2938/2090 2090/2993/2145 2091/2994/2146
f 2057/2937/2089 2056/2964/2116 2088/2988/2140 2089/2995/2147
f 2065/2943/2095 2064/2961/2113 2096/2985/2137 2097/2996/2148
f 2060/2941/2093 2059/2968/2120 2091/2994/2146 2092/2997/2149
f 2071/2962/2114 2070/2967/2119 2102/2991/2143 2103/2986/2138
f 2052/2947/2099 2051/2965/2117 2083/2989/2141 2084/2998/2150
f 2074/2945/2097 2073/2966/2118 2105/2990/2142 2106/2999/2151
f 2058/2938/2090 2057/2937/2089 2089/2995/2147 2090/2993/2145
f 2079/2940/2092 2078/2939/2091 2110/2992/2144 2111/2969/2121
f 2061/2942/2094 2060/2941/2093 2092/2997/2149 2093/3000/2152
f 2066/2944/2096 2065/2943/2095 2097/2996/2148 2098/2973/2125
f 2075/2946/2098 2074/2945/2097 2106/2999/2151 2107/2971/2123
f 2053/2948/2100 2052/2947/2099 2084/2998/2150 2085/2977/2129
f 2062/2949/2101 2061/2942/2094 2093/3000/2152 2094/2975/2127
f 2100/3001/2132 2099/3002/2126 2131/3003/2153 2132/3004/2154
f 2082/3005/2133 2081/3006/2131 2113/3007/2155 2114/3008/2156
f 2087/3009/2134 2086/3010/2130 2118/3011/2157 2119/3012/2158
f 2109/3013/2135 2108/3014/2124 2140/3015/2159 2141/3016/2160
f 2101/3017/2136 2100/3018/2132 2132/3019/2154 2133/3020/2161
f 2096/3021/2137 2095/3022/2128 2127/3023/2162 2128/3024/2163
f 2104/3025/2139 2103/3026/2138 2135/3027/2164 2136/3028/2165
f 2088/3029/2140 2087/3009/2134 2119/3012/2158 2120/3030/2166
f 2083/3031/2141 2082/3005/2133 2114/3008/2156 2115/3032/2167
f 2105/3033/2142 2104/3025/2139 2136/3028/2165 2137/3034/2168
f 2102/3035/2143 2101/3017/2136 2133/3020/2161 2134/3036/2169
f 2110/3037/2144 2109/3013/2135 2141/3016/2160 2142/3038/2170
f 2091/3039/2146 2090/3040/2145 2122/3041/2171 2123/3042/2172
f 2089/3043/2147 2088/3029/2140 2120/3030/2166 2121/3044/2173
f 2097/3045/2148 2096/3021/2137 2128/3024/2163 2129/3046/2174
f 2092/3047/2149 2091/3039/2146 2123/3042/2172 2124/3048/2175
f 2103/3026/2138 2102/3035/2143 2134/3036/2169 2135/3027/2164
f 2084/3049/2150 2083/3031/2141 2115/3032/2167 2116/3050/2176
f 2106/3051/2151 2105/3033/2142 2137/3034/2168 2138/3052/2177
f 2090/3040/2145 2089/3043/2147 2121/3044/2173 2122/3041/2171
f 2111/3053/2121 2110/3037/2144 2142/3038/2170 2143/3054/2178
f 2093/3055/2152 2092/3056/2149 2124/3057/2175 2125/3058/2179
f 2098/3059/2125 2097/3045/2148 2129/3046/2174 2130/3060/2180
f 2107/3061/2123 2106/3051/2151 2138/3052/2177 2139/3062/2181
f 2085/3063/2129 2084/3064/2150 2116/3065/2176 2117/3066/2182
f 2094/3067/2127 2093/3055/2152 2125/3058/2179 2126/3068/2183
f 2112/3069/2122 2111/3053/2121 2143/3054/2178 2144/3070/2184
f 2108/3071/2124 2107/3061/2123 2139/3062/2181 2140/3072/2159
f 2099/3002/2126 2098/3059/2125 2130/3060/2180 2131/3003/2153
f 2095/3022/2128 2094/3067/2127 2126/3068/2183 2127/3023/2162
f 2086/3010/2130 2085/3063/2129 2117/3066/2182 2118/3011/2157
f 2081/3006/2131 2112/3069/2122 2144/3070/2184 2113/3007/2155
f 2136/3028/2165 2135/3027/2164 2167/3073/2185 2168/3074/2186
f 2120/3030/2166 2119/3012/2158 2151/3075/2187 2152/3076/2188
f 2115/3032/2167 2114/3008/2156 2146/3077/2189 2147/3078/2190
f 2137/3034/2168 2136/3028/2165 2168/3074/2186 2169/3079/2191
f 2134/3036/2169 2133/3020/2161 2165/3080/2192 2166/3081/2193
f 2142/3038/2170 2141/3016/2160 2173/3082/2194 2174/3083/2195
f 2123/3042/2172 2122/3041/2171 2154/3084/2196 2155/3085/2197
f 2121/3044/2173 2120/3030/2166 2152/3076/2188 2153/3086/2198
f 2129/3046/2174 2128/3024/2163 2160/3087/2199 2161/3088/2200
f 2124/3048/2175 2123/3042/2172 2155/3085/2197 2156/3089/2201
f 2135/3027/2164 2134/3036/2169 2166/3081/2193 2167/3073/2185
f 2116/3050/2176 2115/3032/2167 2147/3078/2190 2148/3090/2202
f 2138/3052/2177 2137/3034/2168 2169/3079/2191 2170/3091/2203
f 2122/3041/2171 2121/3044/2173 2153/3086/2198 2154/3084/2196
f 2143/3054/2178 2142/3038/2170 2174/3083/2195 2175/3092/2204
f 2125/3058/2179 2124/3057/2175 2156/3093/2201 2157/3094/2205
f 2130/3060/2180 2129/3046/2174 2161/3088/2200 2162/3095/2206
f 2139/3062/2181 2138/3052/2177 2170/3091/2203 2171/3096/2207
f 2117/3066/2182 2116/3065/2176 2148/3097/2202 2149/3098/2208
f 2126/3068/2183 2125/3058/2179 2157/3094/2205 2158/3099/2209
f 2144/3070/2184 2143/3054/2178 2175/3092/2204 2176/3100/2210
f 2140/3072/2159 2139/3062/2181 2171/3096/2207 2172/3101/2211
f 2131/3003/2153 2130/3060/2180 2162/3095/2206 2163/3102/2212
f 2127/3023/2162 2126/3068/2183 2158/3099/2209 2159/3103/2213
f 2118/3011/2157 2117/3066/2182 2149/3098/2208 2150/3104/2214
f 2113/3007/2155 2144/3070/2184 2176/3100/2210 2145/3105/2215
f 2132/3004/2154 2131/3003/2153 2163/3102/2212 2164/3106/2216
f 2114/3008/2156 2113/3007/2155 2145/3105/2215 2146/3077/2189
f 2119/3012/2158 2118/3011/2157 2150/3104/2214 2151/3075/2187
f 2141/3016/2160 2140/3015/2159 2172/3107/2211 2173/3082/2194
f 2133/3020/2161 2132/3019/2154 2164/3108/2216 2165/3080/2192
f 2128/3024/2163 2127/3023/2162 2159/3103/2213 2160/3087/2199
f 2156/3089/2201 2155/3085/2197 2187/3109/2217 2188/3110/2218
f 2167/3073/2185 2166/3081/2193 2198/3111/2219 2199/3112/2220
f 2148/3090/2202 2147/3078/2190 2179/3113/2221 2180/3114/2222
f 2170/3091/2203 2169/3079/2191 2201/3115/2223 2202/3116/2224
f 2154/3084/2196 2153/3086/2198 2185/3117/2225 2186/3118/2226
f 2175/3092/2204 2174/3083/2195 2206/3119/2227 2207/3120/2228
f 2157/3094/2205 2156/3093/2201 2188/3121/2218 2189/3122/2229
f 2162/3095/2206 2161/3088/2200 2193/3123/2230 2194/3124/2231
f 2171/3096/2207 2170/3091/2203 2202/3116/2224 2203/3125/2232
f 2149/3098/2208 2148/3097/2202 2180/3126/2222 2181/3127/2233
f 2158/3099/2209 2157/3094/2205 2189/3122/2229 2190/3128/2234
f 2176/3100/2210 2175/3092/2204 2207/3120/2228 2208/3129/2235
f 2172/3101/2211 2171/3096/2207 2203/3125/2232 2204/3130/2236
f 2163/3102/2212 2162/3095/2206 2194/3124/2231 2195/3131/2237
f 2159/3103/2213 2158/3099/2209 2190/3128/2234 2191/3132/2238
f 2150/3104/2214 2149/3098/2208 2181/3127/2233 2182/3133/2239
f 2145/3105/2215 2176/3100/2210 2208/3129/2235 2177/3134/2240
f 2164/3106/2216 2163/3102/2212 2195/3131/2237 2196/3135/2241
f 2146/3077/2189 2145/3105/2215 2177/3134/2240 2178/3136/2242
f 2151/3075/2187 2150/3104/2214 2182/3133/2239 2183/3137/2243
f 2173/3082/2194 2172/3107/2211 2204/3138/2236 2205/3139/2244
f 2165/3080/2192 2164/3108/2216 2196/3140/2241 2197/3141/2245
f 2160/3087/2199 2159/3103/2213 2191/3132/2238 2192/3142/2246
f 2168/3074/2186 2167/3073/2185 2199/3112/2220 2200/3143/2247
f 2152/3076/2188 2151/3075/2187 2183/3137/2243 2184/3144/2248
f 2147/3078/2190 2146/3077/2189 2178/3136/2242 2179/3113/2221
f 2169/3079/2191 2168/3074/2186 2200/3143/2247 2201/3115/2223
f 2166/3081/2193 2165/3080/2192 2197/3141/2245 2198/3111/2219
f 2174/3083/2195 2173/3082/2194 2205/3139/2244 2206/3119/2227
f 2155/3085/2197 2154/3084/2196 2186/3118/2226 2187/3109/2217
f 2153/3086/2198 2152/3076/2188 2184/3144/2248 2185/3117/2225
f 2161/3088/2200 2160/3087/2199 2192/3142/2246 2193/3123/2230
f 2203/3145/2232 2202/3146/2224 2234/3147/2249 2235/3148/2250
f 2181/3149/2233 2180/3150/2222 2212/3151/2251 2213/3152/2252
f 2190/3153/2234 2189/3154/2229 2221/3155/2253 2222/3156/2254
f 2208/3157/2235 2207/3158/2228 2239/3159/2255 2240/3160/2256
f 2204/3161/2236 2203/3145/2232 2235/3148/2250 2236/3162/2257
f 2195/3163/2237 2194/3164/2231 2226/3165/2258 2227/3166/2259
f 2191/3167/2238 2190/3153/2234 2222/3156/2254 2223/3168/2260
f 2182/3169/2239 2181/3149/2233 2213/3152/2252 2214/3170/2261
f 2177/3171/2240 2208/3157/2235 2240/3160/2256 2209/3172/2262
f 2196/3173/2241 2195/3163/2237 2227/3166/2259 2228/3174/2263
f 2178/3175/2242 2177/3171/2240 2209/3172/2262 2210/3176/2264
f 2183/3177/2243 2182/3169/2239 2214/3170/2261 2215/3178/2265
f 2205/3179/2244 2204/3161/2236 2236/3162/2257 2237/3180/2266
f 2197/3181/2245 2196/3173/2241 2228/3174/2263 2229/3182/2267
f 2192/3183/2246 2191/3167/2238 2223/3168/2260 2224/3184/2268
f 2200/3185/2247 2199/3186/2220 2231/3187/2269 2232/3188/2270
f 2184/3189/2248 2183/3177/2243 2215/3178/2265 2216/3190/2271
f 2179/3191/2221 2178/3175/2242 2210/3176/2264 2211/3192/2272
f 2201/3193/2223 2200/3185/2247 2232/3188/2270 2233/3194/2273
f 2198/3195/2219 2197/3181/2245 2229/3182/2267 2230/3196/2274
f 2206/3197/2227 2205/3179/2244 2237/3180/2266 2238/3198/2275
f 2187/3199/2217 2186/3200/2226 2218/3201/2276 2219/3202/2277
f 2185/3203/2225 2184/3189/2248 2216/3190/2271 2217/3204/2278
f 2193/3205/2230 2192/3183/2246 2224/3184/2268 2225/3206/2279
f 2188/3207/2218 2187/3199/2217 2219/3202/2277 2220/3208/2280
f 2199/3186/2220 2198/3195/2219 2230/3196/2274 2231/3187/2269
f 2180/3150/2222 2179/3191/2221 2211/3192/2272 2212/3151/2251
f 2202/3146/2224 2201/3193/2223 2233/3194/2273 2234/3147/2249
f 2186/3200/2226 2185/3203/2225 2217/3204/2278 2218/3201/2276
f 2207/3158/2228 2206/3197/2227 2238/3198/2275 2239/3159/2255
f 2189/3154/2229 2188/3207/2218 2220/3208/2280 2221/3155/2253
f 2194/3164/2231 2193/3205/2230 2225/3206/2279 2226/3165/2258
f 2223/3168/2260 2222/3156/2254 2254/3209/2281 2255/3210/2282
f 2214/3211/2261 2213/3212/2252 2245/3213/2283 2246/3214/2284
f 2209/3172/2262 2240/3160/2256 2272/3215/2285 2241/3216/2286
f 2228/3174/2263 2227/3166/2259 2259/3217/2287 2260/3218/2288
f 2210/3176/2264 2209/3172/2262 2241/3216/2286 2242/3219/2289
f 2215/3220/2265 2214/3211/2261 2246/3214/2284 2247/3221/2290
f 2237/3180/2266 2236/3162/2257 2268/3222/2291 2269/3223/2292
f 2229/3224/2267 2228/3225/2263 2260/3226/2288 2261/3227/2293
f 2224/3184/2268 2223/3168/2260 2255/3210/2282 2256/3228/2294
f 2232/3229/2270 2231/3230/2269 2263/3231/2295 2264/3232/2296
f 2216/3233/2271 2215/3220/2265 2247/3221/2290 2248/3234/2297
f 2211/3235/2272 2210/3236/2264 2242/3237/2289 2243/3238/2298
f 2233/3239/2273 2232/3229/2270 2264/3232/2296 2265/3240/2299
f 2230/3241/2274 2229/3224/2267 2261/3227/2293 2262/3242/2300
f 2238/3243/2275 2237/3244/2266 2269/3245/2292 2270/3246/2301
f 2219/3247/2277 2218/3248/2276 2250/3249/2302 2251/3250/2303
f 2217/3251/2278 2216/3233/2271 2248/3234/2297 2249/3252/2304
f 2225/3206/2279 2224/3184/2268 2256/3228/2294 2257/3253/2305
f 2220/3208/2280 2219/3202/2277 2251/3254/2303 2252/3255/2306
f 2231/3230/2269 2230/3241/2274 2262/3242/2300 2263/3231/2295
f 2212/3151/2251 2211/3192/2272 2243/3256/2298 2244/3257/2307
f 2234/3258/2249 2233/3239/2273 2265/3240/2299 2266/3259/2308
f 2218/3248/2276 2217/3251/2278 2249/3252/2304 2250/3249/2302
f 2239/3159/2255 2238/3198/2275 2270/3260/2301 2271/3261/2309
f 2221/3262/2253 2220/3263/2280 2252/3264/2306 2253/3265/2310
f 2226/3165/2258 2225/3206/2279 2257/3253/2305 2258/3266/2311
f 2235/3267/2250 2234/3258/2249 2266/3259/2308 2267/3268/2312
f 2213/3152/2252 2212/3151/2251 2244/3257/2307 2245/3269/2283
f 2222/3270/2254 2221/3262/2253 2253/3265/2310 2254/3271/2281
f 2240/3160/2256 2239/3159/2255 2271/3261/2309 2272/3215/2285
f 2236/3272/2257 2235/3267/2250 2267/3268/2312 2268/3273/2291
f 2227/3274/2259 2226/3275/2258 2258/3276/2311 2259/3277/2287
f 2244/3257/2307 2243/3256/2298 2275/3278/2313 2276/3279/2314
f 2266/3280/2308 2265/3281/2299 2297/3282/2315 2298/3283/2315
f 2250/3284/2302 2249/3285/2304 2281/3286/2314 2282/3287/2314
f 2271/3288/2309 2270/3246/2301 2302/3289/2316 2303/3290/2316
f 2253/3265/2310 2252/3264/2306 2284/3291/2317 2285/3292/2318
f 2258/3276/2311 2257/3293/2305 2289/3294/2318 2290/3295/2318
f 2267/3296/2312 2266/3280/2308 2298/3283/2315 2299/3297/2315
f 2245/3269/2283 2244/3257/2307 2276/3279/2314 2277/3298/2314
f 2254/3271/2281 2253/3265/2310 2285/3292/2318 2286/3299/2318
f 2272/3300/2285 2271/3288/2309 2303/3290/2316 2304/3301/2316
f 2268/3222/2291 2267/3296/2312 2299/3297/2315 2300/3302/2315
f 2259/3277/2287 2258/3276/2311 2290/3295/2318 2291/3303/2319
f 2255/3304/2282 2254/3271/2281 2286/3299/2318 2287/3305/2318
f 2246/3306/2284 2245/3269/2283 2277/3298/2314 2278/3307/2314
f 2241/3308/2286 2272/3300/2285 2304/3301/2316 2273/3309/2316
f 2260/3218/2288 2259/3217/2287 2291/3310/2319 2292/3311/2315
f 2242/3237/2289 2241/3308/2286 2273/3309/2316 2274/3312/2316
f 2247/3313/2290 2246/3306/2284 2278/3307/2314 2279/3314/2314
f 2269/3223/2292 2268/3222/2291 2300/3302/2315 2301/3315/2320
f 2261/3316/2293 2260/3218/2288 2292/3311/2315 2293/3317/2315
f 2256/3318/2294 2255/3304/2282 2287/3305/2318 2288/3319/2318
f 2264/3320/2296 2263/3321/2295 2295/3322/2315 2296/3323/2315
f 2248/3324/2297 2247/3313/2290 2279/3314/2314 2280/3325/2314
f 2243/3238/2298 2242/3237/2289 2274/3312/2316 2275/3326/2313
f 2265/3281/2299 2264/3320/2296 2296/3323/2315 2297/3282/2315
f 2262/3327/2300 2261/3316/2293 2293/3317/2315 2294/3328/2315
f 2270/3246/2301 2269/3245/2292 2301/3329/2320 2302/3289/2316
f 2251/3254/2303 2250/3284/2302 2282/3287/2314 2283/3330/2314
f 2249/3285/2304 2248/3324/2297 2280/3325/2314 2281/3286/2314
f 2257/3293/2305 2256/3318/2294 2288/3319/2318 2289/3294/2318
f 2252/3255/2306 2251/3254/2303 2283/3330/2314 2284/3331/2317
f 2263/3321/2295 2262/3327/2300 2294/3328/2315 2295/3322/2315
f 2277/3332/2314 2276/3333/2314 2308/3334/2321 2309/3335/2321
f 2286/3299/2318 2285/3292/2318 2317/3336/2322 2318/3337/2322
f 2304/3301/2316 2303/3290/2316 2335/3338/2323 2336/3339/2323
f 2300/3340/2315 2299/3341/2315 2331/3342/2324 2332/3343/2325
f 2291/3303/2319 2290/3295/2318 2322/3344/2322 2323/3345/2326
f 2287/3305/2318 2286/3299/2318 2318/3337/2322 2319/3346/2322
f 2278/3347/2314 2277/3332/2314 2309/3335/2321 2310/3348/2321
f 2273/3309/2316 2304/3301/2316 2336/3339/2323 2305/3349/2323
f 2292/3350/2315 2291/3351/2319 2323/3352/2326 2324/3353/2324
f 2274/3312/2316 2273/3309/2316 2305/3349/2323 2306/3354/2323
f 2279/3355/2314 2278/3347/2314 2310/3348/2321 2311/3356/2321
f 2301/3357/2320 2300/3340/2315 2332/3343/2325 2333/3358/2327
f 2293/3359/2315 2292/3350/2315 2324/3353/2324 2325/3360/2324
f 2288/3319/2318 2287/3305/2318 2319/3346/2322 2320/3361/2322
f 2296/3362/2315 2295/3363/2315 2327/3364/2324 2328/3365/2324
f 2280/3366/2314 2279/3355/2314 2311/3356/2321 2312/3367/2321
f 2275/3326/2313 2274/3312/2316 2306/3354/2323 2307/3368/2328
f 2297/3369/2315 2296/3362/2315 2328/3365/2324 2329/3370/2324
f 2294/3371/2315 2293/3359/2315 2325/3360/2324 2326/3372/2324
f 2302/3289/2316 2301/3329/2320 2333/3373/2327 2334/3374/2323
f 2283/3375/2314 2282/3376/2314 2314/3377/2321 2315/3378/2321
f 2281/3379/2314 2280/3366/2314 2312/3367/2321 2313/3380/2321
f 2289/3294/2318 2288/3319/2318 2320/3361/2322 2321/3381/2322
f 2284/3382/2317 2283/3375/2314 2315/3378/2321 2316/3383/2329
f 2295/3363/2315 2294/3371/2315 2326/3372/2324 2327/3364/2324
f 2276/3333/2314 2275/3384/2313 2307/3385/2328 2308/3334/2321
f 2298/3386/2315 2297/3369/2315 2329/3370/2324 2330/3387/2324
f 2282/3376/2314 2281/3379/2314 2313/3380/2321 2314/3377/2321
f 2303/3290/2316 2302/3289/2316 2334/3374/2323 2335/3338/2323
f 2285/3292/2318 2284/3291/2317 2316/3388/2329 2317/3336/2322
f 2290/3295/2318 2289/3294/2318 2321/3381/2322 2322/3344/2322
f 2299/3341/2315 2298/3386/2315 2330/3387/2324 2331/3342/2324
f 2310/3348/2321 2309/3335/2321 2341/3389/2330 2342/3390/2330
f 2305/3349/2323 2336/3339/2323 2368/3391/2331 2337/3392/2331
f 2324/3353/2324 2323/3352/2326 2355/3393/2332 2356/3394/2333
f 2306/3354/2323 2305/3349/2323 2337/3392/2331 2338/3395/2331
f 2311/3356/2321 2310/3348/2321 2342/3390/2330 2343/3396/2330
f 2333/3358/2327 2332/3343/2325 2364/3397/2333 2365/3398/2334
f 2325/3360/2324 2324/3353/2324 2356/3394/2333 2357/3399/2333
f 2320/3361/2322 2319/3346/2322 2351/3400/2335 2352/3401/2335
f 2328/3365/2324 2327/3364/2324 2359/3402/2333 2360/3403/2333
f 2312/3367/2321 2311/3356/2321 2343/3396/2330 2344/3404/2330
f 2307/3368/2328 2306/3354/2323 2338/3395/2331 2339/3405/2336
f 2329/3370/2324 2328/3365/2324 2360/3403/2333 2361/3406/2333
f 2326/3372/2324 2325/3360/2324 2357/3399/2333 2358/3407/2333
f 2334/3374/2323 2333/3373/2327 2365/3408/2334 2366/3409/2331
f 2315/3378/2321 2314/3377/2321 2346/3410/2330 2347/3411/2330
f 2313/3380/2321 2312/3367/2321 2344/3404/2330 2345/3412/2337
f 2321/3381/2322 2320/3361/2322 2352/3401/2335 2353/3413/2335
f 2316/3383/2329 2315/3378/2321 2347/3411/2330 2348/3414/2338
f 2327/3364/2324 2326/3372/2324 2358/3407/2333 2359/3402/2333
f 2308/3334/2321 2307/3385/2328 2339/3415/2336 2340/3416/2330
f 2330/3387/2324 2329/3370/2324 2361/3406/2333 2362/3417/2333
f 2314/3377/2321 2313/3380/2321 2345/3412/2337 2346/3410/2330
f 2335/3338/2323 2334/3374/2323 2366/3409/2331 2367/3418/2331
f 2317/3336/2322 2316/3388/2329 2348/3419/2338 2349/3420/2335
f 2322/3344/2322 2321/3381/2322 2353/3413/2335 2354/3421/2335
f 2331/3342/2324 2330/3387/2324 2362/3417/2333 2363/3422/2333
f 2309/3335/2321 2308/3334/2321 2340/3416/2330 2341/3389/2330
f 2318/3337/2322 2317/3336/2322 2349/3420/2335 2350/3423/2335
f 2336/3339/2323 2335/3338/2323 2367/3418/2331 2368/3391/2331
f 2332/3343/2325 2331/3342/2324 2363/3422/2333 2364/3397/2333
f 2323/3345/2326 2322/3344/2322 2354/3421/2335 2355/3424/2332
f 2319/3346/2322 2318/3337/2322 2350/3423/2335 2351/3400/2335
f 2357/3399/2333 2356/3394/2333 2388/3425/2339 2389/3426/2340
f 2352/3401/2335 2351/3400/2335 2383/3427/1628 2384/3428/1628
f 2360/3403/2333 2359/3402/2333 2391/3429/2339 2392/3430/2340
f 2344/3404/2330 2343/3396/2330 2375/3431/2341 2376/3432/2341
f 2339/3405/2336 2338/3395/2331 2370/3433/1606 2371/3434/2342
f 2361/3406/2333 2360/3403/2333 2392/3430/2340 2393/3435/2340
f 2358/3407/2333 2357/3399/2333 2389/3426/2340 2390/3436/2340
f 2366/3409/2331 2365/3408/2334 2397/3437/2343 2398/3438/1606
f 2347/3411/2330 2346/3410/2330 2378/3439/2341 2379/3440/2341
f 2345/3412/2337 2344/3404/2330 2376/3432/2341 2377/3441/2341
f 2353/3413/2335 2352/3401/2335 2384/3428/1628 2385/3442/1628
f 2348/3414/2338 2347/3411/2330 2379/3440/2341 2380/3443/2344
f 2359/3402/2333 2358/3407/2333 2390/3436/2340 2391/3429/2339
f 2340/3416/2330 2339/3415/2336 2371/3444/2342 2372/3445/2341
f 2362/3417/2333 2361/3406/2333 2393/3435/2340 2394/3446/2340
f 2346/3410/2330 2345/3412/2337 2377/3441/2341 2378/3439/2341
f 2367/3418/2331 2366/3409/2331 2398/3438/1606 2399/3447/1606
f 2349/3420/2335 2348/3419/2338 2380/3448/2344 2381/3449/1628
f 2354/3421/2335 2353/3413/2335 2385/3442/1628 2386/3450/1628
f 2363/3422/2333 2362/3417/2333 2394/3446/2340 2395/3451/2340
f 2341/3389/2330 2340/3416/2330 2372/3445/2341 2373/3452/2345
f 2350/3423/2335 2349/3420/2335 2381/3449/1628 2382/3453/1628
f 2368/3391/2331 2367/3418/2331 2399/3447/1606 2400/3454/1606
f 2364/3397/2333 2363/3422/2333 2395/3451/2340 2396/3455/2340
f 2355/3424/2332 2354/3421/2335 2386/3450/1628 2387/3456/2346
f 2351/3400/2335 2350/3423/2335 2382/3453/1628 2383/3427/1628
f 2342/3390/2330 2341/3389/2330 2373/3452/2345 2374/3457/2345
f 2337/3392/2331 2368/3391/2331 2400/3454/1606 2369/3458/1606
f 2356/3394/2333 2355/3393/2332 2387/3459/2346 2388/3425/2339
f 2338/3395/2331 2337/3392/2331 2369/3458/1606 2370/3433/1606
f 2343/3396/2330 2342/3390/2330 2374/3457/2345 2375/3431/2341
f 2365/3398/2334 2364/3397/2333 2396/3455/2340 2397/3460/2343
f 2943/3461/2347 2945/3462/2347 2867/3463/2348 2866/3464/2348
f 2887/3465/2349 2889/3466/2349 2845/3467/2350 2844/3468/2350
f 2960/3469/2351 2961/3470/2352 2413/3471/2353 2414/3472/2354
f 2962/3473/1606 2963/3474/1606 2431/3475/2355 2432/3476/2356
f 2954/3477/2357 2949/3478/2357 2863/3479/2339 2864/3480/2340
f 2964/3481/2358 2965/3482/2359 2418/3483/2360 2419/3484/2361
f 2966/3485/2362 2960/3469/2351 2414/3472/2354 2415/3486/2363
f 2888/3487/2364 2877/3488/2364 2842/3489/2345 2843/3490/2345
f 2967/3491/1606 2962/3473/1606 2432/3476/2356 2401/3492/2365
f 2941/3493/2347 2944/3494/2347 2870/3495/2348 2869/3496/2348
f 2968/3497/1606 2967/3491/1606 2401/3492/2365 2402/3498/2366
f 2879/3499/2349 2887/3465/2349 2844/3468/2350 2853/3500/2350
f 2942/3501/2347 2953/3502/2347 2865/3503/2348 2875/3504/2348
f 2953/3502/2347 2943/3461/2347 2866/3464/2348 2865/3503/2348
f 2970/3505/2367 2966/3485/2362 2415/3486/2363 2416/3506/2368
f 2952/3507/2369 2938/3508/2357 2859/3509/2339 2860/3510/2370
f 2886/3511/2349 2885/3512/2349 2850/3513/2350 2849/3514/2350
f 2971/3515/1606 2968/3497/1606 2402/3498/2366 2403/3516/2371
f 2948/3517/2357 2939/3518/2357 2856/3519/2339 2857/3520/2339
f 2949/3478/2357 2940/3521/2357 2862/3522/2339 2863/3479/2339
f 2972/3523/1606 2969/3524/1606 2429/3525/2372 2430/3526/2373
f 2884/3527/2364 2876/3528/2364 2838/3529/2341 2839/3530/2341
f 2877/3488/2364 2882/3531/2364 2841/3532/2341 2842/3489/2345
f 2973/3533/2374 2970/3505/2367 2416/3506/2368 2417/3534/2375
f 2878/3535/2349 2879/3499/2349 2853/3500/2350 2852/3536/2350
f 2950/3537/2347 2941/3493/2347 2869/3496/2348 2868/3538/2348
f 2880/3539/2376 2881/3540/2364 2835/3541/2341 2836/3542/2377
f 2951/3543/2347 2942/3501/2347 2875/3504/2348 2874/3544/2378
f 2882/3531/2364 2883/3545/2379 2840/3546/2345 2841/3532/2341
f 2963/3474/1606 2972/3523/1606 2430/3526/2373 2431/3475/2355
f 2961/3470/2352 2974/3547/2380 2412/3548/2381 2413/3471/2353
f 2965/3482/2359 2973/3533/2374 2417/3534/2375 2418/3483/2360
f 3048/3549/2382 3049/3550/2383 2446/3551/2384 2447/3552/2385
f 3050/3553/2386 3051/3554/2387 2437/3555/2388 2438/3556/2389
f 3052/3557/2390 3053/3558/2391 2464/3559/2392 2433/3560/2393
f 3054/3561/2394 3055/3562/2395 2451/3563/2396 2452/3564/2397
f 3056/3565/2398 3052/3557/2390 2433/3560/2393 2434/3566/2399
f 3057/3567/2400 3050/3553/2386 2438/3556/2389 2439/3568/2401
f 3058/3569/2402 3059/3570/2403 2460/3571/2404 2461/3572/2405
f 3060/3573/2406 3054/3561/2394 2452/3564/2397 2453/3574/2407
f 3061/3575/2408 3048/3549/2382 2447/3552/2385 2448/3576/2409
f 3062/3577/2410 3063/3578/2411 2455/3579/2412 2456/3580/2413
f 3064/3581/2414 3057/3567/2400 2439/3568/2401 2440/3582/2415
f 3065/3583/2416 3056/3565/2398 2434/3566/2399 2435/3584/2417
f 3066/3585/2418 3062/3577/2410 2456/3580/2413 2457/3586/2419
f 3067/3587/2420 3060/3573/2406 2453/3574/2407 2454/3588/2421
f 3068/3589/2422 3058/3590/2402 2461/3591/2405 2462/3592/2423
f 3069/3593/2424 3070/3594/2425 2442/3595/2426 2443/3596/2427
f 3071/3597/2428 3064/3581/2414 2440/3582/2415 2441/3598/2429
f 3072/3599/2430 3061/3575/2408 2448/3576/2409 2449/3600/2431
f 3073/3601/2432 3069/3593/2424 2443/3596/2427 2444/3602/2433
f 3063/3578/2411 3067/3587/2420 2454/3588/2421 2455/3579/2412
f 3074/3603/2434 3065/3604/2416 2435/3605/2417 2436/3606/2435
f 3075/3607/2436 3066/3585/2418 2457/3586/2419 2458/3608/2437
f 3070/3594/2425 3071/3597/2428 2441/3598/2429 2442/3595/2426
f 3076/3609/2438 3068/3589/2422 2462/3592/2423 2463/3610/2439
f 3077/3611/2440 3073/3612/2432 2444/3613/2433 2445/3614/2441
f 3078/3615/2442 3072/3599/2430 2449/3600/2431 2450/3616/2443
f 3079/3617/2444 3075/3607/2436 2458/3608/2437 2459/3618/2445
f 3051/3554/2387 3074/3603/2434 2436/3606/2435 2437/3555/2388
f 3049/3550/2383 3077/3611/2440 2445/3614/2441 2446/3551/2384
f 3053/3558/2391 3076/3609/2438 2463/3610/2439 2464/3559/2392
f 3059/3570/2403 3079/3617/2444 2459/3618/2445 2460/3571/2404
f 3055/3619/2395 3078/3615/2442 2450/3616/2443 2451/3620/2396
f 2462/3592/2423 2461/3591/2405 2493/3621/2446 2494/3622/2447
f 2453/3623/2407 2452/3624/2397 2484/3625/2448 2485/3626/2449
f 2443/3627/2427 2442/3628/2426 2474/3629/2450 2475/3630/2451
f 2449/3600/2431 2448/3576/2409 2480/3631/2452 2481/3632/2453
f 2440/3633/2415 2439/3634/2401 2471/3635/2454 2472/3636/2455
f 2444/3637/2433 2443/3627/2427 2475/3630/2451 2476/3638/2456
f 2436/3639/2435 2435/3640/2417 2467/3641/2457 2468/3642/2458
f 2454/3643/2421 2453/3623/2407 2485/3626/2449 2486/3644/2459
f 2458/3645/2437 2457/3646/2419 2489/3647/2460 2490/3648/2461
f 2441/3649/2429 2440/3633/2415 2472/3636/2455 2473/3650/2462
f 2445/3614/2441 2444/3613/2433 2476/3651/2456 2477/3652/2463
f 2455/3653/2412 2454/3643/2421 2486/3644/2459 2487/3654/2464
f 2459/3655/2445 2458/3645/2437 2490/3648/2461 2491/3656/2465
f 2442/3628/2426 2441/3649/2429 2473/3650/2462 2474/3629/2450
f 2446/3551/2384 2445/3614/2441 2477/3652/2463 2478/3657/2466
f 2463/3610/2439 2462/3592/2423 2494/3622/2447 2495/3658/2467
f 2460/3659/2404 2459/3655/2445 2491/3656/2465 2492/3660/2468
f 2450/3616/2443 2449/3600/2431 2481/3632/2453 2482/3661/2469
f 2447/3552/2385 2446/3551/2384 2478/3657/2466 2479/3662/2470
f 2437/3663/2388 2436/3639/2435 2468/3642/2458 2469/3664/2471
f 2433/3560/2393 2464/3559/2392 2496/3665/2472 2465/3666/2473
f 2464/3559/2392 2463/3610/2439 2495/3658/2467 2496/3665/2472
f 2434/3566/2399 2433/3560/2393 2465/3666/2473 2466/3667/2474
f 2451/3620/2396 2450/3616/2443 2482/3661/2469 2483/3668/2475
f 2461/3669/2405 2460/3659/2404 2492/3660/2468 2493/3670/2446
f 2438/3671/2389 2437/3663/2388 2469/3664/2471 2470/3672/2476
f 2448/3576/2409 2447/3552/2385 2479/3662/2470 2480/3631/2452
f 2452/3624/2397 2451/3673/2396 2483/3674/2475 2484/3625/2448
f 2456/3675/2413 2455/3653/2412 2487/3654/2464 2488/3676/2477
f 2435/3584/2417 2434/3566/2399 2466/3667/2474 2467/3677/2457
f 2439/3634/2401 2438/3671/2389 2470/3672/2476 2471/3635/2454
f 2457/3646/2419 2456/3675/2413 2488/3676/2477 2489/3647/2460
f 2475/3630/2451 2474/3629/2450 2506/3678/2478 2507/3679/2479
f 2473/3650/2462 2472/3636/2455 2504/3680/2480 2505/3681/2481
f 2481/3682/2453 2480/3683/2452 2512/3684/2482 2513/3685/2483
f 2476/3638/2456 2475/3630/2451 2507/3679/2479 2508/3686/2484
f 2487/3654/2464 2486/3644/2459 2518/3687/2485 2519/3688/2486
f 2468/3642/2458 2467/3641/2457 2499/3689/2487 2500/3690/2488
f 2490/3648/2461 2489/3647/2460 2521/3691/2489 2522/3692/2490
f 2474/3629/2450 2473/3650/2462 2505/3681/2481 2506/3678/2478
f 2495/3693/2467 2494/3694/2447 2526/3695/2491 2527/3696/2492
f 2477/3697/2463 2476/3638/2456 2508/3686/2484 2509/3698/2493
f 2482/3699/2469 2481/3682/2453 2513/3685/2483 2514/3700/2494
f 2491/3656/2465 2490/3648/2461 2522/3692/2490 2523/3701/2495
f 2469/3664/2471 2468/3642/2458 2500/3690/2488 2501/3702/2496
f 2478/3703/2466 2477/3697/2463 2509/3698/2493 2510/3704/2497
f 2496/3705/2472 2495/3693/2467 2527/3696/2492 2528/3706/2498
f 2492/3660/2468 2491/3656/2465 2523/3701/2495 2524/3707/2499
f 2483/3674/2475 2482/3699/2469 2514/3700/2494 2515/3708/2500
f 2479/3709/2470 2478/3703/2466 2510/3704/2497 2511/3710/2501
f 2470/3672/2476 2469/3664/2471 2501/3702/2496 2502/3711/2502
f 2465/3712/2473 2496/3705/2472 2528/3706/2498 2497/3713/2503
f 2484/3625/2448 2483/3674/2475 2515/3708/2500 2516/3714/2504
f 2466/3715/2474 2465/3712/2473 2497/3713/2503 2498/3716/2505
f 2471/3635/2454 2470/3672/2476 2502/3711/2502 2503/3717/2506
f 2493/3670/2446 2492/3660/2468 2524/3707/2499 2525/3718/2507
f 2485/3626/2449 2484/3625/2448 2516/3714/2504 2517/3719/2508
f 2480/3683/2452 2479/3709/2470 2511/3710/2501 2512/3684/2482
f 2488/3676/2477 2487/3654/2464 2519/3688/2486 2520/3720/2509
f 2472/3636/2455 2471/3635/2454 2503/3717/2506 2504/3680/2480
f 2467/3641/2457 2466/3715/2474 2498/3716/2505 2499/3689/2487
f 2489/3647/2460 2488/3676/2477 2520/3720/2509 2521/3691/2489
f 2486/3644/2459 2485/3626/2449 2517/3719/2508 2518/3687/2485
f 2494/3694/2447 2493/3670/2446 2525/3718/2507 2526/3695/2491
f 2514/3700/2494 2513/3685/2483 2545/3721/2510 2546/3722/2511
f 2523/3701/2495 2522/3692/2490 2554/3723/2512 2555/3724/2513
f 2501/3702/2496 2500/3690/2488 2532/3725/2514 2533/3726/2515
f 2510/3704/2497 2509/3698/2493 2541/3727/2516 2542/3728/2517
f 2528/3706/2498 2527/3696/2492 2559/3729/2518 2560/3730/2519
f 2524/3707/2499 2523/3701/2495 2555/3724/2513 2556/3731/2520
f 2515/3708/2500 2514/3700/2494 2546/3722/2511 2547/3732/2521
f 2511/3710/2501 2510/3704/2497 2542/3728/2517 2543/3733/2522
f 2502/3711/2502 2501/3702/2496 2533/3726/2515 2534/3734/2523
f 2497/3713/2503 2528/3706/2498 2560/3730/2519 2529/3735/2524
f 2516/3714/2504 2515/3708/2500 2547/3732/2521 2548/3736/2525
f 2498/3716/2505 2497/3713/2503 2529/3735/2524 2530/3737/2526
f 2503/3717/2506 2502/3711/2502 2534/3734/2523 2535/3738/2527
f 2525/3718/2507 2524/3707/2499 2556/3731/2520 2557/3739/2528
f 2517/3719/2508 2516/3714/2504 2548/3736/2525 2549/3740/2529
f 2512/3684/2482 2511/3710/2501 2543/3733/2522 2544/3741/2530
f 2520/3720/2509 2519/3688/2486 2551/3742/2531 2552/3743/2532
f 2504/3680/2480 2503/3717/2506 2535/3738/2527 2536/3744/2533
f 2499/3689/2487 2498/3716/2505 2530/3737/2526 2531/3745/2534
f 2521/3691/2489 2520/3720/2509 2552/3743/2532 2553/3746/2535
f 2518/3687/2485 2517/3719/2508 2549/3740/2529 2550/3747/2536
f 2526/3695/2491 2525/3718/2507 2557/3739/2528 2558/3748/2537
f 2507/3679/2479 2506/3678/2478 2538/3749/2538 2539/3750/2539
f 2505/3681/2481 2504/3680/2480 2536/3744/2533 2537/3751/2540
f 2513/3685/2483 2512/3684/2482 2544/3741/2530 2545/3721/2510
f 2508/3686/2484 2507/3679/2479 2539/3750/2539 2540/3752/2541
f 2519/3688/2486 2518/3687/2485 2550/3747/2536 2551/3742/2531
f 2500/3690/2488 2499/3689/2487 2531/3745/2534 2532/3725/2514
f 2522/3692/2490 2521/3691/2489 2553/3746/2535 2554/3723/2512
f 2506/3678/2478 2505/3681/2481 2537/3751/2540 2538/3749/2538
f 2527/3696/2492 2526/3695/2491 2558/3748/2537 2559/3729/2518
f 2509/3698/2493 2508/3686/2484 2540/3752/2541 2541/3727/2516
f 2531/3753/2534 2530/3754/2526 2562/3755/2542 2563/3756/2543
f 2553/3757/2535 2552/3758/2532 2584/3759/2544 2585/3760/2545
f 2550/3761/2536 2549/3762/2529 2581/3763/2546 2582/3764/2547
f 2558/3765/2537 2557/3766/2528 2589/3767/2548 2590/3768/2549
f 2539/3769/2539 2538/3770/2538 2570/3771/2550 2571/3772/2551
f 2537/3773/2540 2536/3774/2533 2568/3775/2552 2569/3776/2553
f 2545/3777/2510 2544/3778/2530 2576/3779/2554 2577/3780/2555
f 2540/3781/2541 2539/3769/2539 2571/3772/2551 2572/3782/2556
f 2551/3783/2531 2550/3761/2536 2582/3764/2547 2583/3784/2557
f 2532/3785/2514 2531/3753/2534 2563/3756/2543 2564/3786/2558
f 2554/3787/2512 2553/3757/2535 2585/3760/2545 2586/3788/2559
f 2538/3770/2538 2537/3773/2540 2569/3776/2553 2570/3771/2550
f 2559/3789/2518 2558/3765/2537 2590/3768/2549 2591/3790/2560
f 2541/3791/2516 2540/3792/2541 2572/3793/2556 2573/3794/2561
f 2546/3795/2511 2545/3777/2510 2577/3780/2555 2578/3796/2562
f 2555/3797/2513 2554/3787/2512 2586/3788/2559 2587/3798/2563
f 2533/3799/2515 2532/3800/2514 2564/3801/2558 2565/3802/2564
f 2542/3803/2517 2541/3791/2516 2573/3794/2561 2574/3804/2565
f 2560/3805/2519 2559/3789/2518 2591/3790/2560 2592/3806/2566
f 2556/3807/2520 2555/3797/2513 2587/3798/2563 2588/3808/2567
f 2547/3809/2521 2546/3795/2511 2578/3796/2562 2579/3810/2568
f 2543/3811/2522 2542/3803/2517 2574/3804/2565 2575/3812/2569
f 2534/3813/2523 2533/3799/2515 2565/3802/2564 2566/3814/2570
f 2529/3815/2524 2560/3805/2519 2592/3806/2566 2561/3816/2571
f 2548/3817/2525 2547/3809/2521 2579/3810/2568 2580/3818/2572
f 2530/3754/2526 2529/3815/2524 2561/3816/2571 2562/3755/2542
f 2535/3819/2527 2534/3813/2523 2566/3814/2570 2567/3820/2573
f 2557/3766/2528 2556/3821/2520 2588/3822/2567 2589/3767/2548
f 2549/3762/2529 2548/3823/2525 2580/3824/2572 2581/3763/2546
f 2544/3778/2530 2543/3811/2522 2575/3812/2569 2576/3779/2554
f 2552/3758/2532 2551/3783/2531 2583/3784/2557 2584/3759/2544
f 2536/3774/2533 2535/3819/2527 2567/3820/2573 2568/3775/2552
f 2564/3825/2558 2563/3826/2543 2595/3827/2574 2596/3828/2575
f 2586/3829/2559 2585/3830/2545 2617/3831/2576 2618/3832/2577
f 2570/3833/2550 2569/3834/2553 2601/3835/2578 2602/3836/2579
f 2591/3837/2560 2590/3838/2549 2622/3839/2580 2623/3840/2581
f 2573/3841/2561 2572/3842/2556 2604/3843/2582 2605/3844/2583
f 2578/3845/2562 2577/3846/2555 2609/3847/2584 2610/3848/2585
f 2587/3849/2563 2586/3829/2559 2618/3832/2577 2619/3850/2586
f 2565/3851/2564 2564/3825/2558 2596/3828/2575 2597/3852/2587
f 2574/3853/2565 2573/3841/2561 2605/3844/2583 2606/3854/2588
f 2592/3855/2566 2591/3837/2560 2623/3840/2581 2624/3856/2589
f 2588/3857/2567 2587/3849/2563 2619/3850/2586 2620/3858/2590
f 2579/3859/2568 2578/3845/2562 2610/3848/2585 2611/3860/2591
f 2575/3861/2569 2574/3853/2565 2606/3854/2588 2607/3862/2592
f 2566/3863/2570 2565/3851/2564 2597/3852/2587 2598/3864/2593
f 2561/3865/2571 2592/3855/2566 2624/3856/2589 2593/3866/2594
f 2580/3867/2572 2579/3859/2568 2611/3860/2591 2612/3868/2595
f 2562/3869/2542 2561/3865/2571 2593/3866/2594 2594/3870/2596
f 2567/3871/2573 2566/3863/2570 2598/3864/2593 2599/3872/2597
f 2589/3873/2548 2588/3857/2567 2620/3858/2590 2621/3874/2598
f 2581/3875/2546 2580/3867/2572 2612/3868/2595 2613/3876/2599
f 2576/3877/2554 2575/3861/2569 2607/3862/2592 2608/3878/2600
f 2584/3879/2544 2583/3880/2557 2615/3881/2601 2616/3882/2602
f 2568/3883/2552 2567/3871/2573 2599/3872/2597 2600/3884/2603
f 2563/3826/2543 2562/3869/2542 2594/3870/2596 2595/3827/2574
f 2585/3830/2545 2584/3879/2544 2616/3882/2602 2617/3831/2576
f 2582/3885/2547 2581/3875/2546 2613/3876/2599 2614/3886/2604
f 2590/3838/2549 2589/3873/2548 2621/3874/2598 2622/3839/2580
f 2571/3887/2551 2570/3833/2550 2602/3836/2579 2603/3888/2605
f 2569/3834/2553 2568/3883/2552 2600/3884/2603 2601/3835/2578
f 2577/3846/2555 2576/3877/2554 2608/3878/2600 2609/3847/2584
f 2572/3842/2556 2571/3887/2551 2603/3888/2605 2604/3843/2582
f 2583/3880/2557 2582/3885/2547 2614/3886/2604 2615/3881/2601
f 2597/3889/2587 2596/3890/2575 2628/3891/2606 2629/3892/2607
f 2606/3893/2588 2605/3894/2583 2637/3895/2608 2638/3896/2609
f 2624/3897/2589 2623/3898/2581 2655/3899/2610 2656/3900/2611
f 2620/3901/2590 2619/3902/2586 2651/3903/2612 2652/3904/2613
f 2611/3905/2591 2610/3906/2585 2642/3907/2614 2643/3908/2615
f 2607/3909/2592 2606/3893/2588 2638/3896/2609 2639/3910/2616
f 2598/3911/2593 2597/3889/2587 2629/3892/2607 2630/3912/2617
f 2593/3913/2594 2624/3897/2589 2656/3900/2611 2625/3914/2618
f 2612/3915/2595 2611/3905/2591 2643/3908/2615 2644/3916/2619
f 2594/3917/2596 2593/3913/2594 2625/3914/2618 2626/3918/2620
f 2599/3919/2597 2598/3911/2593 2630/3912/2617 2631/3920/2621
f 2621/3921/2598 2620/3922/2590 2652/3923/2613 2653/3924/2622
f 2613/3925/2599 2612/3926/2595 2644/3927/2619 2645/3928/2623
f 2608/3929/2600 2607/3909/2592 2639/3910/2616 2640/3930/2624
f 2616/3931/2602 2615/3932/2601 2647/3933/2625 2648/3934/2626
f 2600/3935/2603 2599/3919/2597 2631/3920/2621 2632/3936/2627
f 2595/3937/2574 2594/3917/2596 2626/3918/2620 2627/3938/2628
f 2617/3939/2576 2616/3931/2602 2648/3934/2626 2649/3940/2629
f 2614/3941/2604 2613/3925/2599 2645/3928/2623 2646/3942/2630
f 2622/3943/2580 2621/3921/2598 2653/3924/2622 2654/3944/2631
f 2603/3945/2605 2602/3946/2579 2634/3947/2632 2635/3948/2633
f 2601/3949/2578 2600/3935/2603 2632/3936/2627 2633/3950/2634
f 2609/3951/2584 2608/3929/2600 2640/3930/2624 2641/3952/2635
f 2604/3953/2582 2603/3945/2605 2635/3948/2633 2636/3954/2636
f 2615/3932/2601 2614/3941/2604 2646/3942/2630 2647/3933/2625
f 2596/3955/2575 2595/3937/2574 2627/3938/2628 2628/3956/2606
f 2618/3957/2577 2617/3939/2576 2649/3940/2629 2650/3958/2637
f 2602/3946/2579 2601/3949/2578 2633/3950/2634 2634/3947/2632
f 2623/3898/2581 2622/3943/2580 2654/3944/2631 2655/3899/2610
f 2605/3894/2583 2604/3959/2582 2636/3960/2636 2637/3895/2608
f 2610/3906/2585 2609/3951/2584 2641/3952/2635 2642/3907/2614
f 2619/3902/2586 2618/3957/2577 2650/3958/2637 2651/3903/2612
f 2630/3912/2617 2629/3892/2607 2661/3961/2638 2662/3962/2639
f 2625/3914/2618 2656/3900/2611 2688/3963/2640 2657/3964/2641
f 2644/3916/2619 2643/3908/2615 2675/3965/2642 2676/3966/2643
f 2626/3918/2620 2625/3914/2618 2657/3964/2641 2658/3967/2644
f 2631/3920/2621 2630/3912/2617 2662/3962/2639 2663/3968/2645
f 2653/3924/2622 2652/3923/2613 2684/3969/2646 2685/3970/2647
f 2645/3928/2623 2644/3927/2619 2676/3971/2643 2677/3972/2648
f 2640/3930/2624 2639/3910/2616 2671/3973/2649 2672/3974/2650
f 2648/3934/2626 2647/3933/2625 2679/3975/2651 2680/3976/2652
f 2632/3936/2627 2631/3920/2621 2663/3968/2645 2664/3977/2653
f 2627/3938/2628 2626/3918/2620 2658/3967/2644 2659/3978/2654
f 2649/3940/2629 2648/3934/2626 2680/3976/2652 2681/3979/2655
f 2646/3942/2630 2645/3928/2623 2677/3972/2648 2678/3980/2656
f 2654/3944/2631 2653/3924/2622 2685/3970/2647 2686/3981/2657
f 2635/3948/2633 2634/3947/2632 2666/3982/2658 2667/3983/2659
f 2633/3950/2634 2632/3936/2627 2664/3977/2653 2665/3984/2660
f 2641/3952/2635 2640/3930/2624 2672/3974/2650 2673/3985/2661
f 2636/3954/2636 2635/3948/2633 2667/3983/2659 2668/3986/2662
f 2647/3933/2625 2646/3942/2630 2678/3980/2656 2679/3975/2651
f 2628/3956/2606 2627/3938/2628 2659/3978/2654 2660/3987/2663
f 2650/3958/2637 2649/3940/2629 2681/3979/2655 2682/3988/2664
f 2634/3947/2632 2633/3950/2634 2665/3984/2660 2666/3982/2658
f 2655/3899/2610 2654/3944/2631 2686/3981/2657 2687/3989/2665
f 2637/3895/2608 2636/3960/2636 2668/3990/2662 2669/3991/2666
f 2642/3907/2614 2641/3952/2635 2673/3985/2661 2674/3992/2667
f 2651/3903/2612 2650/3958/2637 2682/3988/2664 2683/3993/2668
f 2629/3892/2607 2628/3891/2606 2660/3994/2663 2661/3961/2638
f 2638/3896/2609 2637/3895/2608 2669/3991/2666 2670/3995/2669
f 2656/3900/2611 2655/3899/2610 2687/3989/2665 2688/3963/2640
f 2652/3904/2613 2651/3903/2612 2683/3993/2668 2684/3996/2646
f 2643/3908/2615 2642/3907/2614 2674/3992/2667 2675/3965/2642
f 2639/3910/2616 2638/3896/2609 2670/3995/2669 2671/3973/2649
f 2677/3972/2648 2676/3971/2643 2708/3997/2670 2709/3998/2671
f 2672/3974/2650 2671/3973/2649 2703/3999/2672 2704/4000/2673
f 2680/3976/2652 2679/3975/2651 2711/4001/2674 2712/4002/2675
f 2664/3977/2653 2663/3968/2645 2695/4003/2676 2696/4004/2677
f 2659/3978/2654 2658/3967/2644 2690/4005/2678 2691/4006/2679
f 2681/3979/2655 2680/3976/2652 2712/4002/2675 2713/4007/2680
f 2678/3980/2656 2677/3972/2648 2709/3998/2671 2710/4008/2681
f 2686/3981/2657 2685/3970/2647 2717/4009/2682 2718/4010/2683
f 2667/3983/2659 2666/3982/2658 2698/4011/2684 2699/4012/2685
f 2665/3984/2660 2664/3977/2653 2696/4004/2677 2697/4013/2686
f 2673/3985/2661 2672/3974/2650 2704/4000/2673 2705/4014/2687
f 2668/3986/2662 2667/3983/2659 2699/4012/2685 2700/4015/2688
f 2679/3975/2651 2678/3980/2656 2710/4008/2681 2711/4001/2674
f 2660/3987/2663 2659/3978/2654 2691/4006/2679 2692/4016/2689
f 2682/3988/2664 2681/3979/2655 2713/4007/2680 2714/4017/2690
f 2666/3982/2658 2665/3984/2660 2697/4013/2686 2698/4011/2684
f 2687/3989/2665 2686/3981/2657 2718/4010/2683 2719/4018/2691
f 2669/3991/2666 2668/3990/2662 2700/4019/2688 2701/4020/2692
f 2674/3992/2667 2673/3985/2661 2705/4014/2687 2706/4021/2693
f 2683/3993/2668 2682/3988/2664 2714/4017/2690 2715/4022/2694
f 2661/3961/2638 2660/3994/2663 2692/4023/2689 2693/4024/2695
f 2670/3995/2669 2669/3991/2666 2701/4020/2692 2702/4025/2696
f 2688/3963/2640 2687/3989/2665 2719/4018/2691 2720/4026/2697
f 2684/3996/2646 2683/3993/2668 2715/4022/2694 2716/4027/2698
f 2675/3965/2642 2674/3992/2667 2706/4021/2693 2707/4028/2699
f 2671/3973/2649 2670/3995/2669 2702/4025/2696 2703/3999/2672
f 2662/3962/2639 2661/3961/2638 2693/4024/2695 2694/4029/2700
f 2657/3964/2641 2688/3963/2640 2720/4026/2697 2689/4030/2701
f 2676/3966/2643 2675/3965/2642 2707/4028/2699 2708/4031/2670
f 2658/3967/2644 2657/3964/2641 2689/4030/2701 2690/4005/2678
f 2663/3968/2645 2662/3962/2639 2694/4029/2700 2695/4003/2676
f 2685/3970/2647 2684/3969/2646 2716/4032/2698 2717/4009/2682
f 2697/4013/2686 2696/4004/2677 2728/4033/2702 2729/4034/2703
f 2705/4014/2687 2704/4000/2673 2736/4035/2704 2737/4036/2705
f 2700/4037/2688 2699/4038/2685 2731/4039/2706 2732/4040/2707
f 2711/4001/2674 2710/4008/2681 2742/4041/2708 2743/4042/2709
f 2692/4043/2689 2691/4044/2679 2723/4045/2710 2724/4046/2711
f 2714/4017/2690 2713/4007/2680 2745/4047/2712 2746/4048/2713
f 2698/4011/2684 2697/4013/2686 2729/4034/2703 2730/4049/2714
f 2719/4018/2691 2718/4010/2683 2750/4050/2715 2751/4051/2716
f 2701/4020/2692 2700/4019/2688 2732/4052/2707 2733/4053/2717
f 2706/4021/2693 2705/4014/2687 2737/4036/2705 2738/4054/2718
f 2715/4022/2694 2714/4017/2690 2746/4048/2713 2747/4055/2719
f 2693/4024/2695 2692/4023/2689 2724/4056/2711 2725/4057/2720
f 2702/4025/2696 2701/4020/2692 2733/4053/2717 2734/4058/2721
f 2720/4026/2697 2719/4018/2691 2751/4051/2716 2752/4059/2722
f 2716/4060/2698 2715/4061/2694 2747/4062/2719 2748/4063/2723
f 2707/4028/2699 2706/4021/2693 2738/4054/2718 2739/4064/2724
f 2703/3999/2672 2702/4025/2696 2734/4058/2721 2735/4065/2725
f 2694/4029/2700 2693/4024/2695 2725/4057/2720 2726/4066/2726
f 2689/4030/2701 2720/4026/2697 2752/4059/2722 2721/4067/2727
f 2708/4068/2670 2707/4069/2699 2739/4070/2724 2740/4071/2728
f 2690/4005/2678 2689/4030/2701 2721/4067/2727 2722/4072/2729
f 2695/4003/2676 2694/4029/2700 2726/4066/2726 2727/4073/2730
f 2717/4009/2682 2716/4032/2698 2748/4074/2723 2749/4075/2731
f 2709/3998/2671 2708/3997/2670 2740/4076/2728 2741/4077/2732
f 2704/4000/2673 2703/3999/2672 2735/4065/2725 2736/4035/2704
f 2712/4002/2675 2711/4001/2674 2743/4042/2709 2744/4078/2733
f 2696/4004/2677 2695/4003/2676 2727/4073/2730 2728/4033/2702
f 2691/4006/2679 2690/4005/2678 2722/4072/2729 2723/4079/2710
f 2713/4007/2680 2712/4002/2675 2744/4078/2733 2745/4047/2712
f 2710/4008/2681 2709/3998/2671 2741/4077/2732 2742/4041/2708
f 2718/4010/2683 2717/4009/2682 2749/4075/2731 2750/4050/2715
f 2699/4012/2685 2698/4011/2684 2730/4049/2714 2731/4080/2706
f 2738/4081/2718 2737/4082/2705 2769/4083/2734 2770/4084/2735
f 2747/4062/2719 2746/4085/2713 2778/4086/2736 2779/4087/2737
f 2725/4088/2720 2724/4046/2711 2756/4089/2738 2757/4090/2739
f 2734/4091/2721 2733/4092/2717 2765/4093/2740 2766/4094/2741
f 2752/4095/2722 2751/4096/2716 2783/4097/2742 2784/4098/2743
f 2748/4063/2723 2747/4062/2719 2779/4087/2737 2780/4099/2744
f 2739/4070/2724 2738/4081/2718 2770/4084/2735 2771/4100/2745
f 2735/4101/2725 2734/4091/2721 2766/4094/2741 2767/4102/2746
f 2726/4103/2726 2725/4088/2720 2757/4090/2739 2758/4104/2747
f 2721/4105/2727 2752/4095/2722 2784/4098/2743 2753/4106/2748
f 2740/4071/2728 2739/4070/2724 2771/4100/2745 2772/4107/2749
f 2722/4108/2729 2721/4105/2727 2753/4106/2748 2754/4109/2750
f 2727/4110/2730 2726/4103/2726 2758/4104/2747 2759/4111/2751
f 2749/4112/2731 2748/4063/2723 2780/4099/2744 2781/4113/2752
f 2741/4114/2732 2740/4071/2728 2772/4107/2749 2773/4115/2753
f 2736/4116/2704 2735/4101/2725 2767/4102/2746 2768/4117/2754
f 2744/4118/2733 2743/4119/2709 2775/4120/2755 2776/4121/2756
f 2728/4122/2702 2727/4110/2730 2759/4111/2751 2760/4123/2757
f 2723/4045/2710 2722/4108/2729 2754/4109/2750 2755/4124/2758
f 2745/4125/2712 2744/4118/2733 2776/4121/2756 2777/4126/2759
f 2742/4127/2708 2741/4114/2732 2773/4115/2753 2774/4128/2760
f 2750/4129/2715 2749/4112/2731 2781/4113/2752 2782/4130/2761
f 2731/4039/2706 2730/4131/2714 2762/4132/2762 2763/4133/2763
f 2729/4134/2703 2728/4122/2702 2760/4123/2757 2761/4135/2764
f 2737/4082/2705 2736/4116/2704 2768/4117/2754 2769/4083/2734
f 2732/4040/2707 2731/4039/2706 2763/4133/2763 2764/4136/2765
f 2743/4119/2709 2742/4127/2708 2774/4128/2760 2775/4120/2755
f 2724/4046/2711 2723/4045/2710 2755/4124/2758 2756/4089/2738
f 2746/4085/2713 2745/4125/2712 2777/4126/2759 2778/4086/2736
f 2730/4131/2714 2729/4134/2703 2761/4135/2764 2762/4132/2762
f 2751/4096/2716 2750/4129/2715 2782/4130/2761 2783/4097/2742
f 2733/4092/2717 2732/4040/2707 2764/4136/2765 2765/4093/2740
f 2779/4087/2737 2785/4137/2766 2781/4113/2752 2780/4099/2744
f 2785/4137/2766 2792/4138/2767 2782/4130/2761 2781/4113/2752
f 2792/4138/2767 2799/4139/2768 2783/4097/2742 2782/4130/2761
f 2799/4139/2768 2806/4140/2769 2784/4098/2743 2783/4097/2742
f 2806/4140/2769 2813/4141/2770 2753/4106/2748 2784/4098/2743
f 2813/4141/2770 2820/4142/2771 2754/4109/2750 2753/4106/2748
f 2820/4142/2771 2827/4143/2772 2755/4124/2758 2754/4109/2750
f 2827/4143/2772 2757/4090/2739 2756/4089/2738 2755/4124/2758
f 2778/4086/2736 2786/4144/2773 2785/4137/2766 2779/4087/2737
f 2786/4144/2773 2793/4145/2774 2792/4138/2767 2785/4137/2766
f 2793/4145/2774 2800/4146/2775 2799/4139/2768 2792/4138/2767
f 2800/4146/2775 2807/4147/2776 2806/4140/2769 2799/4139/2768
f 2807/4147/2776 2814/4148/2777 2813/4141/2770 2806/4140/2769
f 2814/4148/2777 2821/4149/2778 2820/4142/2771 2813/4141/2770
f 2821/4149/2778 2828/4150/2779 2827/4143/2772 2820/4142/2771
f 2828/4150/2779 2758/4104/2747 2757/4090/2739 2827/4143/2772
f 2777/4126/2759 2787/4151/2780 2786/4144/2773 2778/4086/2736
f 2787/4151/2780 2794/4152/2781 2793/4145/2774 2786/4144/2773
f 2794/4152/2781 2801/4153/2782 2800/4146/2775 2793/4145/2774
f 2801/4153/2782 2808/4154/2783 2807/4147/2776 2800/4146/2775
f 2808/4154/2783 2815/4155/2784 2814/4148/2777 2807/4147/2776
f 2815/4155/2784 2822/4156/2785 2821/4149/2778 2814/4148/2777
f 2822/4156/2785 2829/4157/2786 2828/4150/2779 2821/4149/2778
f 2829/4157/2786 2759/4111/2751 2758/4104/2747 2828/4150/2779
f 2776/4121/2756 2788/4158/2787 2787/4151/2780 2777/4126/2759
f 2788/4158/2787 2795/4159/2788 2794/4152/2781 2787/4151/2780
f 2795/4159/2788 2802/4160/2789 2801/4153/2782 2794/4152/2781
f 2802/4160/2789 2809/4161/2790 2808/4154/2783 2801/4153/2782
f 2809/4161/2790 2816/4162/2791 2815/4155/2784 2808/4154/2783
f 2816/4162/2791 2823/4163/2792 2822/4156/2785 2815/4155/2784
f 2823/4163/2792 2830/4164/2793 2829/4157/2786 2822/4156/2785
f 2830/4164/2793 2760/4123/2757 2759/4111/2751 2829/4157/2786
f 2775/4120/2755 2789/4165/2794 2788/4158/2787 2776/4121/2756
f 2789/4165/2794 2796/4166/2795 2795/4159/2788 2788/4158/2787
f 2796/4166/2795 2803/4167/2796 2802/4160/2789 2795/4159/2788
f 2803/4167/2796 2810/4168/2797 2809/4161/2790 2802/4160/2789
f 2810/4168/2797 2817/4169/2798 2816/4162/2791 2809/4161/2790
f 2817/4169/2798 2824/4170/2799 2823/4163/2792 2816/4162/2791
f 2824/4170/2799 2831/4171/2800 2830/4164/2793 2823/4163/2792
f 2831/4171/2800 2761/4135/2764 2760/4123/2757 2830/4164/2793
f 2774/4128/2760 2790/4172/2801 2789/4165/2794 2775/4120/2755
f 2790/4172/2801 2797/4173/2802 2796/4166/2795 2789/4165/2794
f 2797/4173/2802 2804/4174/2803 2803/4167/2796 2796/4166/2795
f 2804/4174/2803 2811/4175/2804 2810/4168/2797 2803/4167/2796
f 2811/4175/2804 2818/4176/2805 2817/4169/2798 2810/4168/2797
f 2818/4176/2805 2825/4177/2806 2824/4170/2799 2817/4169/2798
f 2825/4177/2806 2832/4178/2807 2831/4171/2800 2824/4170/2799
f 2832/4178/2807 2762/4132/2762 2761/4135/2764 2831/4171/2800
f 2773/4115/2753 2791/4179/2808 2790/4172/2801 2774/4128/2760
f 2791/4179/2808 2798/4180/2809 2797/4173/2802 2790/4172/2801
f 2798/4180/2809 2805/4181/2810 2804/4174/2803 2797/4173/2802
f 2805/4181/2810 2812/4182/2811 2811/4175/2804 2804/4174/2803
f 2812/4182/2811 2819/4183/2812 2818/4176/2805 2811/4175/2804
f 2819/4183/2812 2826/4184/2813 2825/4177/2806 2818/4176/2805
f 2826/4184/2813 2833/4185/2814 2832/4178/2807 2825/4177/2806
f 2833/4185/2814 2763/4133/2763 2762/4132/2762 2832/4178/2807
f 2772/4107/2749 2771/4100/2745 2791/4179/2808 2773/4115/2753
f 2771/4100/2745 2770/4084/2735 2798/4180/2809 2791/4179/2808
f 2770/4084/2735 2769/4083/2734 2805/4181/2810 2798/4180/2809
f 2769/4083/2734 2768/4117/2754 2812/4182/2811 2805/4181/2810
f 2768/4117/2754 2767/4102/2746 2819/4183/2812 2812/4182/2811
f 2767/4102/2746 2766/4094/2741 2826/4184/2813 2819/4183/2812
f 2766/4094/2741 2765/4093/2740 2833/4185/2814 2826/4184/2813
f 2765/4093/2740 2764/4136/2765 2763/4133/2763 2833/4185/2814
f 2975/4186/1634 2976/4187/1634 2848/4188/2815 2849/4189/2350
f 2977/4190/1634 2975/4186/1634 2849/4189/2350 2850/4191/2350
f 2978/4192/1634 2977/4190/1634 2850/4191/2350 2851/4193/2350
f 2979/4194/1634 2978/4192/1634 2851/4193/2350 2852/4195/2350
f 2981/4196/1634 2982/4197/1634 2844/4198/2350 2845/4199/2350
f 2983/4200/1634 2979/4194/1634 2852/4195/2350 2853/4201/2350
f 2984/4202/1593 2981/4196/1634 2845/4199/2350 2846/4203/2816
f 2976/4187/1634 2980/4204/1576 2847/4205/2817 2848/4188/2815
f 2982/4197/1634 2983/4200/1634 2853/4201/2350 2844/4198/2350
f 2891/4206/2818 2890/4207/2349 2848/4208/2815 2847/4209/2817
f 2885/3512/2349 2892/4210/2349 2851/4211/2350 2850/3513/2350
f 2889/3466/2349 2893/4212/2819 2846/4213/2816 2845/3467/2350
f 2997/4214/1606 2891/4215/2818 2847/4216/2817 2980/4217/1576
f 2883/3545/2379 2884/3527/2364 2839/3530/2341 2840/3546/2345
f 3044/4218/1628 2880/4219/2376 2836/4220/2377 3023/4221/1593
f 2895/4222/2364 2888/3487/2364 2843/3490/2345 2834/4223/2341
f 2881/3540/2364 2895/4222/2364 2834/4223/2341 2835/3541/2341
f 2892/4210/2349 2878/3535/2349 2852/3536/2350 2851/4211/2350
f 2876/3528/2364 2894/4224/2820 2837/4225/2821 2838/3529/2341
f 2890/4207/2349 2886/3511/2349 2849/3514/2350 2848/4208/2815
f 2985/4226/1630 2986/4227/1630 2868/4228/2348 2869/4229/2348
f 2987/4230/1630 2985/4226/1630 2869/4229/2348 2870/4231/2348
f 2989/4232/1630 2988/4233/1618 2872/4234/2822 2873/4235/2348
f 2990/4236/1608 2987/4230/1630 2870/4231/2348 2871/4237/2823
f 2991/4238/1630 2989/4232/1630 2873/4235/2348 2874/4239/2378
f 2992/4240/1630 2993/4241/1630 2865/4242/2348 2866/4243/2348
f 2994/4244/1630 2992/4240/1630 2866/4243/2348 2867/4245/2348
f 2995/4246/1630 2991/4238/1630 2874/4239/2378 2875/4247/2348
f 2993/4241/1630 2995/4246/1630 2875/4247/2348 2865/4242/2348
f 2986/4227/1630 2994/4244/1630 2867/4245/2348 2868/4228/2348
f 2955/4248/2357 2948/3517/2357 2857/3520/2339 2858/4249/2340
f 2956/4250/2824 2946/4251/2347 2873/4252/2348 2872/4253/2822
f 2957/4254/2357 2947/4255/2357 2854/4256/2339 2855/4257/2339
f 2947/4255/2357 2954/3477/2357 2864/3480/2340 2854/4256/2339
f 2938/3508/2357 2955/4248/2357 2858/4249/2340 2859/3509/2339
f 2939/3518/2357 2957/4254/2357 2855/4257/2339 2856/3519/2339
f 2946/4251/2347 2951/3543/2347 2874/3544/2378 2873/4252/2348
f 3003/4258/1628 2956/4259/2824 2872/4260/2822 2988/4261/1618
f 2945/3462/2347 2950/3537/2347 2868/3538/2348 2867/3463/2348
f 2940/3521/2357 2958/4262/2825 2861/4263/2826 2862/3522/2339
f 3047/4264/1606 2952/4265/2369 2860/4266/2370 3028/4267/1608
f 2944/3494/2347 2959/4268/2827 2871/4269/2823 2870/3495/2348
f 2913/4270/2349 2901/4271/2349 2886/3511/2349 2890/4207/2349
f 2906/4272/2364 2904/4273/2820 2894/4224/2820 2876/3528/2364
f 2914/4274/2349 2897/4275/2349 2878/3535/2349 2892/4210/2349
f 2908/4276/2364 2905/4277/2364 2895/4222/2364 2881/3540/2364
f 2905/4277/2364 2902/4278/2364 2888/3487/2364 2895/4222/2364
f 3045/4279/1628 2898/4280/2376 2880/4219/2376 3044/4218/1628
f 2909/4281/2828 2900/4282/2828 2884/3527/2364 2883/3545/2379
f 2998/4283/1606 2903/4284/2818 2891/4215/2818 2997/4214/1606
f 2912/4285/2349 2915/4286/2829 2893/4212/2819 2889/3466/2349
f 2910/4287/2349 2914/4274/2349 2892/4210/2349 2885/3512/2349
f 2903/4288/2818 2913/4270/2349 2890/4207/2349 2891/4206/2818
f 2899/4289/2364 2909/4281/2828 2883/3545/2379 2882/3531/2364
f 2898/4290/2376 2908/4276/2364 2881/3540/2364 2880/3539/2376
f 2897/4275/2349 2907/4291/2349 2879/3499/2349 2878/3535/2349
f 2896/4292/2364 2899/4289/2364 2882/3531/2364 2877/3488/2364
f 2900/4282/2828 2906/4272/2364 2876/3528/2364 2884/3527/2364
f 2901/4271/2349 2910/4287/2349 2885/3512/2349 2886/3511/2349
f 2907/4291/2349 2911/4293/2349 2887/3465/2349 2879/3499/2349
f 2902/4278/2364 2896/4292/2364 2877/3488/2364 2888/3487/2364
f 2911/4293/2349 2912/4285/2349 2889/3466/2349 2887/3465/2349
f 2410/4294/2830 2411/4295/2831 2912/4285/2349 2911/4293/2349
f 2377/4296/2341 2376/4297/2341 2896/4292/2364 2902/4278/2364
f 2409/4298/2832 2410/4294/2830 2911/4293/2349 2907/4291/2349
f 2405/4299/2833 2406/4300/2834 2910/4287/2349 2901/4271/2349
f 2373/4301/2345 2372/4302/2341 2906/4272/2364 2900/4282/2828
f 2376/4297/2341 2375/4303/2341 2899/4289/2364 2896/4292/2364
f 2408/4304/2835 2409/4298/2832 2907/4291/2349 2897/4275/2349
f 2380/4305/2344 2379/4306/2341 2908/4276/2364 2898/4290/2376
f 2375/4303/2341 2374/4307/2345 2909/4281/2828 2899/4289/2364
f 2403/4308/2371 2404/4309/2836 2913/4270/2349 2903/4288/2818
f 2406/4300/2834 2407/4310/2837 2914/4274/2349 2910/4287/2349
f 2411/4295/2831 2412/4311/2381 2915/4286/2829 2912/4285/2349
f 2971/3515/1606 2403/3516/2371 2903/4284/2818 2998/4283/1606
f 2374/4307/2345 2373/4301/2345 2900/4282/2828 2909/4281/2828
f 3015/4312/1628 2380/3448/2344 2898/4280/2376 3045/4279/1628
f 2378/4313/2341 2377/4296/2341 2902/4278/2364 2905/4277/2364
f 2379/4306/2341 2378/4313/2341 2905/4277/2364 2908/4276/2364
f 2407/4310/2837 2408/4304/2835 2897/4275/2349 2914/4274/2349
f 2372/4302/2341 2371/4314/2342 2904/4273/2820 2906/4272/2364
f 2404/4309/2836 2405/4299/2833 2901/4271/2349 2913/4270/2349
f 2428/4315/2838 2429/4316/2372 2937/4317/2827 2928/4318/2347
f 3010/4319/1606 2397/3437/2343 2925/4320/2839 3046/4321/1606
f 2388/4322/2339 2387/4323/2346 2936/4324/2825 2920/4325/2357
f 2425/4326/2840 2426/4327/2841 2921/4328/2347 2930/4329/2347
f 2964/3481/2358 2419/3484/2361 2933/4330/2824 3001/4331/1628
f 2420/4332/2842 2421/4333/2843 2923/4334/2347 2932/4335/2347
f 2393/4336/2340 2392/4337/2340 2935/4338/2844 2918/4339/2844
f 2396/4340/2340 2395/4341/2340 2931/4342/2357 2916/4343/2844
f 2391/4344/2339 2390/4345/2340 2929/4346/2844 2934/4347/2357
f 2392/4337/2340 2391/4344/2339 2934/4347/2357 2935/4338/2844
f 2419/4348/2361 2420/4332/2842 2932/4335/2347 2933/4349/2824
f 2395/4341/2340 2394/4350/2340 2917/4351/2357 2931/4342/2357
f 2421/4333/2843 2422/4352/2845 2924/4353/2846 2923/4334/2347
f 2426/4327/2841 2427/4354/2847 2922/4355/2347 2921/4328/2347
f 2389/4356/2340 2388/4322/2339 2920/4325/2357 2919/4357/2844
f 2394/4350/2340 2393/4336/2340 2918/4339/2844 2917/4351/2357
f 2397/4358/2343 2396/4340/2340 2916/4343/2844 2925/4359/2839
f 2423/4360/2848 2424/4361/2849 2926/4362/2347 2927/4363/2347
f 2422/4352/2845 2423/4360/2848 2927/4363/2347 2924/4353/2846
f 2427/4354/2847 2428/4315/2838 2928/4318/2347 2922/4355/2347
f 2390/4345/2340 2389/4356/2340 2919/4357/2844 2929/4346/2844
f 2424/4361/2849 2425/4326/2840 2930/4329/2347 2926/4362/2347
f 2928/4318/2347 2937/4317/2827 2959/4268/2827 2944/3494/2347
f 3046/4321/1606 2925/4320/2839 2952/4265/2369 3047/4264/1606
f 2920/4325/2357 2936/4324/2825 2958/4262/2825 2940/3521/2357
f 2930/4329/2347 2921/4328/2347 2950/3537/2347 2945/3462/2347
f 3001/4331/1628 2933/4330/2824 2956/4259/2824 3003/4258/1628
f 2932/4335/2347 2923/4334/2347 2951/3543/2347 2946/4251/2347
f 2918/4339/2844 2935/4338/2844 2957/4254/2357 2939/3518/2357
f 2916/4343/2844 2931/4342/2357 2955/4248/2357 2938/3508/2357
f 2934/4347/2357 2929/4346/2844 2954/3477/2357 2947/4255/2357
f 2935/4338/2844 2934/4347/2357 2947/4255/2357 2957/4254/2357
f 2933/4349/2824 2932/4335/2347 2946/4251/2347 2956/4250/2824
f 2931/4342/2357 2917/4351/2357 2948/3517/2357 2955/4248/2357
f 2923/4334/2347 2924/4353/2846 2942/3501/2347 2951/3543/2347
f 2921/4328/2347 2922/4355/2347 2941/3493/2347 2950/3537/2347
f 2919/4357/2844 2920/4325/2357 2940/3521/2357 2949/3478/2357
f 2917/4351/2357 2918/4339/2844 2939/3518/2357 2948/3517/2357
f 2925/4359/2839 2916/4343/2844 2938/3508/2357 2952/3507/2369
f 2927/4363/2347 2926/4362/2347 2943/3461/2347 2953/3502/2347
f 2924/4353/2846 2927/4363/2347 2953/3502/2347 2942/3501/2347
f 2922/4355/2347 2928/4318/2347 2944/3494/2347 2941/3493/2347
f 2929/4346/2844 2919/4357/2844 2949/3478/2357 2954/3477/2357
f 2926/4362/2347 2930/4329/2347 2945/3462/2347 2943/3461/2347
f 3035/4364/1628 3001/4331/1628 3003/4258/1628 3036/4365/1628
f 2937/4366/2827 3000/4367/1606 3002/4368/1606 2959/4369/2827
f 3006/4370/1628 2964/3481/2358 3001/4331/1628 3035/4364/1628
f 2429/3525/2372 2969/3524/1606 3000/4367/1606 2937/4366/2827
f 2412/3548/2381 2974/3547/2380 2999/4371/1628 2915/4372/2829
f 3012/4373/1606 2971/3515/1606 2998/4283/1606 3034/4374/1606
f 3034/4374/1606 2998/4283/1606 2997/4214/1606 3033/4375/1606
f 2915/4372/2829 2999/4371/1628 2996/4376/1628 2893/4377/2819
f 2959/4369/2827 3002/4368/1606 2990/4378/1608 2871/4379/2823
f 3036/4365/1628 3003/4258/1628 2988/4261/1618 3026/4380/1618
f 3042/4381/1630 3031/4382/1630 2994/4244/1630 2986/4227/1630
f 3043/4383/1630 3032/4384/1630 2995/4246/1630 2993/4241/1630
f 3032/4384/1630 3029/4385/1630 2991/4238/1630 2995/4246/1630
f 3031/4382/1630 3030/4386/1630 2992/4240/1630 2994/4244/1630
f 3030/4386/1630 3043/4383/1630 2993/4241/1630 2992/4240/1630
f 3029/4385/1630 3027/4387/1630 2989/4232/1630 2991/4238/1630
f 3028/4388/1608 3025/4389/1630 2987/4230/1630 2990/4236/1608
f 3027/4387/1630 3026/4390/1618 2988/4233/1618 2989/4232/1630
f 3025/4389/1630 3024/4391/1630 2985/4226/1630 2987/4230/1630
f 3024/4391/1630 3042/4381/1630 2986/4227/1630 2985/4226/1630
f 2893/4377/2819 2996/4376/1628 2984/4392/1593 2846/4393/2816
f 3033/4375/1606 2997/4214/1606 2980/4217/1576 3020/4394/1576
f 3041/4395/1634 3022/4396/1634 2983/4200/1634 2982/4197/1634
f 3040/4397/1634 3020/4398/1576 2980/4204/1576 2976/4187/1634
f 3023/4399/1593 3021/4400/1634 2981/4196/1634 2984/4202/1593
f 3022/4396/1634 3019/4401/1634 2979/4194/1634 2983/4200/1634
f 3021/4400/1634 3041/4395/1634 2982/4197/1634 2981/4196/1634
f 3019/4401/1634 3018/4402/1634 2978/4192/1634 2979/4194/1634
f 3018/4402/1634 3017/4403/1634 2977/4190/1634 2978/4192/1634
f 3017/4403/1634 3016/4404/1634 2975/4186/1634 2977/4190/1634
f 3016/4404/1634 3040/4397/1634 2976/4187/1634 2975/4186/1634
f 3039/4405/1628 3014/4406/1628 2973/3533/2374 2965/3482/2359
f 3037/4407/1628 3015/4312/1628 2974/3547/2380 2961/3470/2352
f 3038/4408/1606 3013/4409/1606 2972/3523/1606 2963/3474/1606
f 3014/4406/1628 3011/4410/1628 2970/3505/2367 2973/3533/2374
f 3013/4409/1606 3010/4319/1606 2969/3524/1606 2972/3523/1606
f 3012/4373/1606 3009/4411/1606 2968/3497/1606 2971/3515/1606
f 3011/4410/1628 3007/4412/1628 2966/3485/2362 2970/3505/2367
f 3009/4411/1606 3008/4413/1606 2967/3491/1606 2968/3497/1606
f 3008/4413/1606 3005/4414/1606 2962/3473/1606 2967/3491/1606
f 3007/4412/1628 3004/4415/1628 2960/3469/2351 2966/3485/2362
f 3006/4370/1628 3039/4405/1628 2965/3482/2359 2964/3481/2358
f 3005/4414/1606 3038/4408/1606 2963/3474/1606 2962/3473/1606
f 3004/4415/1628 3037/4407/1628 2961/3470/2352 2960/3469/2351
f 2382/3453/1628 2381/3449/1628 3037/4407/1628 3004/4415/1628
f 2400/3454/1606 2399/3447/1606 3038/4408/1606 3005/4414/1606
f 2387/3456/2346 2386/3450/1628 3039/4405/1628 3006/4370/1628
f 2383/3427/1628 2382/3453/1628 3004/4415/1628 3007/4412/1628
f 2369/3458/1606 2400/3454/1606 3005/4414/1606 3008/4413/1606
f 2370/3433/1606 2369/3458/1606 3008/4413/1606 3009/4411/1606
f 2384/3428/1628 2383/3427/1628 3007/4412/1628 3011/4410/1628
f 2371/3434/2342 2370/3433/1606 3009/4411/1606 3012/4373/1606
f 2398/3438/1606 2397/3437/2343 3010/4319/1606 3013/4409/1606
f 2385/3442/1628 2384/3428/1628 3011/4410/1628 3014/4406/1628
f 2399/3447/1606 2398/3438/1606 3013/4409/1606 3038/4408/1606
f 2381/3449/1628 2380/3448/2344 3015/4312/1628 3037/4407/1628
f 2386/3450/1628 2385/3442/1628 3014/4406/1628 3039/4405/1628
f 2839/4416/2341 2838/4417/2341 3040/4397/1634 3016/4404/1634
f 2840/4418/2345 2839/4416/2341 3016/4404/1634 3017/4403/1634
f 2841/4419/2341 2840/4418/2345 3017/4403/1634 3018/4402/1634
f 2842/4420/2345 2841/4419/2341 3018/4402/1634 3019/4401/1634
f 2835/4421/2341 2834/4422/2341 3041/4395/1634 3021/4400/1634
f 2843/4423/2345 2842/4420/2345 3019/4401/1634 3022/4396/1634
f 2836/4424/2377 2835/4421/2341 3021/4400/1634 3023/4399/1593
f 2838/4417/2341 2837/4425/2821 3020/4398/1576 3040/4397/1634
f 2834/4422/2341 2843/4423/2345 3022/4396/1634 3041/4395/1634
f 2894/4426/2820 3033/4375/1606 3020/4394/1576 2837/4427/2821
f 2858/4428/2340 2857/4429/2339 3042/4381/1630 3024/4391/1630
f 2859/4430/2339 2858/4428/2340 3024/4391/1630 3025/4389/1630
f 2862/4431/2339 2861/4432/2826 3026/4390/1618 3027/4387/1630
f 2860/4433/2370 2859/4430/2339 3025/4389/1630 3028/4388/1608
f 2863/4434/2339 2862/4431/2339 3027/4387/1630 3029/4385/1630
f 2855/4435/2339 2854/4436/2339 3043/4383/1630 3030/4386/1630
f 2856/4437/2339 2855/4435/2339 3030/4386/1630 3031/4382/1630
f 2864/4438/2340 2863/4434/2339 3029/4385/1630 3032/4384/1630
f 2854/4436/2339 2864/4438/2340 3032/4384/1630 3043/4383/1630
f 2857/4429/2339 2856/4437/2339 3031/4382/1630 3042/4381/1630
f 2958/4439/2825 3036/4365/1628 3026/4380/1618 2861/4440/2826
f 2904/4441/2820 3034/4374/1606 3033/4375/1606 2894/4426/2820
f 2371/3434/2342 3012/4373/1606 3034/4374/1606 2904/4441/2820
f 2387/3456/2346 3006/4370/1628 3035/4364/1628 2936/4442/2825
f 2936/4442/2825 3035/4364/1628 3036/4365/1628 2958/4439/2825
f 3000/4367/1606 3046/4321/1606 3047/4264/1606 3002/4368/1606
f 2969/3524/1606 3010/4319/1606 3046/4321/1606 3000/4367/1606
f 2974/3547/2380 3015/4312/1628 3045/4279/1628 2999/4371/1628
f 2999/4371/1628 3045/4279/1628 3044/4218/1628 2996/4376/1628
f 3002/4368/1606 3047/4264/1606 3028/4267/1608 2990/4378/1608
f 2996/4376/1628 3044/4218/1628 3023/4221/1593 2984/4392/1593
f 2419/3484/2361 2418/3483/2360 3078/3615/2442 3055/3619/2395
f 2428/4443/2838 2427/4444/2847 3079/3617/2444 3059/3570/2403
f 2432/3476/2356 2431/3475/2355 3076/3609/2438 3053/3558/2391
f 2414/3472/2354 2413/3471/2353 3077/3611/2440 3049/3550/2383
f 2405/4445/2833 2404/4446/2836 3074/3603/2434 3051/3554/2387
f 2427/4444/2847 2426/4447/2841 3075/3607/2436 3079/3617/2444
f 2418/3483/2360 2417/3534/2375 3072/3599/2430 3078/3615/2442
f 2413/3471/2353 2412/3548/2381 3073/3612/2432 3077/3611/2440
f 2431/3475/2355 2430/3526/2373 3068/3589/2422 3076/3609/2438
f 2410/4448/2830 2409/4449/2832 3071/3597/2428 3070/3594/2425
f 2426/4447/2841 2425/4450/2840 3066/3585/2418 3075/3607/2436
f 2404/4446/2836 2403/4451/2371 3065/3604/2416 3074/3603/2434
f 2423/4452/2848 2422/4453/2845 3067/3587/2420 3063/3578/2411
f 2412/4454/2381 2411/4455/2831 3069/3593/2424 3073/3601/2432
f 2417/3534/2375 2416/3506/2368 3061/3575/2408 3072/3599/2430
f 2409/4449/2832 2408/4456/2835 3064/3581/2414 3071/3597/2428
f 2411/4455/2831 2410/4448/2830 3070/3594/2425 3069/3593/2424
f 2430/3526/2373 2429/3525/2372 3058/3590/2402 3068/3589/2422
f 2422/4453/2845 2421/4457/2843 3060/3573/2406 3067/3587/2420
f 2425/4450/2840 2424/4458/2849 3062/3577/2410 3066/3585/2418
f 2403/3516/2371 2402/3498/2366 3056/3565/2398 3065/3583/2416
f 2408/4456/2835 2407/4459/2837 3057/3567/2400 3064/3581/2414
f 2424/4458/2849 2423/4452/2848 3063/3578/2411 3062/3577/2410
f 2416/3506/2368 2415/3486/2363 3048/3549/2382 3061/3575/2408
f 2421/4457/2843 2420/4460/2842 3054/3561/2394 3060/3573/2406
f 2429/4461/2372 2428/4443/2838 3059/3570/2403 3058/3569/2402
f 2407/4459/2837 2406/4462/2834 3050/3553/2386 3057/3567/2400
f 2402/3498/2366 2401/3492/2365 3052/3557/2390 3056/3565/2398
f 2420/4460/2842 2419/4463/2361 3055/3562/2395 3054/3561/2394
f 2401/3492/2365 2432/3476/2356 3053/3558/2391 3052/3557/2390
f 2406/4462/2834 2405/4445/2833 3051/3554/2387 3050/3553/2386
f 2415/3486/2363 2414/3472/2354 3049/3550/2383 3048/3549/2382
f 1495/4464/1559 1494/4465/1549 3110/2247/1636 3108/2242/1631
f 1484/4466/1558 1483/4467/1553 3111/2249/1638 3089/2251/1593
f 1489/4468/1557 1488/4469/1556 3106/2239/1628 3091/2202/1597
f 1481/4470/1555 1480/4471/1554 3109/2245/1634 3085/2190/1585
f 1483/4467/1553 1482/4472/1552 3084/2189/1584 3111/2249/1638
f 1502/4473/1551 1501/4474/1550 3104/2231/1624 3087/2194/1589
f 1494/4465/1549 1493/4475/1548 3105/2235/1626 3110/2247/1636
f 1497/4476/1547 1496/4477/1546 3107/2241/1630 3083/2186/1581
f 1475/4478/1545 1474/4479/1544 3102/2227/1620 3081/2182/1577
f 1480/4471/1554 1479/4480/1575 3103/2229/1622 3109/2245/1634
f 1496/4477/1546 1495/4464/1559 3108/2242/1631 3107/2241/1630
f 1488/4469/1556 1487/4481/1571 3098/2219/1612 3106/2239/1628
f 1493/4475/1548 1492/4482/1574 3101/2236/1618 3105/2235/1626
f 1501/4474/1550 1500/4483/1569 3096/2232/1608 3104/2231/1624
f 1479/4480/1575 1478/4484/1572 3099/2221/1614 3103/2229/1622
f 1474/4479/1544 1473/4485/1573 3100/2223/1616 3102/2227/1620
f 1492/4486/1574 1491/4487/1570 3097/2217/1610 3101/2225/1618
f 1473/4485/1573 1504/4488/1568 3095/2213/1606 3100/2223/1616
f 1478/4484/1572 1477/4489/1566 3093/2207/1602 3099/2221/1614
f 1487/4481/1571 1486/4490/1567 3094/2211/1604 3098/2219/1612
f 1491/4487/1570 1490/4491/1564 3090/2201/1596 3097/2217/1610
f 1500/4492/1569 1499/4493/1565 3092/2205/1600 3096/2215/1608
f 1504/4488/1568 1503/4494/1562 3086/2193/1588 3095/2213/1606
f 1486/4490/1567 1485/4495/1563 3088/2197/1592 3094/2211/1604
f 1477/4489/1566 1476/4496/1560 3080/2208/1576 3093/2207/1602
f 1499/4493/1565 1498/4497/1561 3082/2185/1580 3092/2205/1600
f 1490/4491/1564 1489/4468/1557 3091/2202/1597 3090/2201/1596
f 1485/4495/1563 1484/4498/1558 3089/2198/1593 3088/2197/1592
f 1503/4494/1562 1502/4473/1551 3087/2194/1589 3086/2193/1588
f 1482/4472/1552 1481/4470/1555 3085/2190/1585 3084/2189/1584
f 1498/4497/1561 1497/4476/1547 3083/2186/1581 3082/2185/1580
f 1476/4499/1560 1475/4478/1545 3081/2182/1577 3080/2181/1576
f 1223/4500/1263 1224/4501/1265 3114/1833/1292 3143/1897/1350
f 1236/4502/1262 1237/4503/1264 3112/1899/1288 3142/1895/1348
f 1222/4504/1258 1223/4500/1263 3143/1897/1350 3141/1892/1346
f 1235/4505/1256 1236/4502/1262 3142/1895/1348 3140/1889/1344
f 1248/4506/1261 1217/4507/1260 3128/1863/1320 3139/1887/1342
f 1221/4508/1259 1222/4504/1258 3141/1892/1346 3138/1891/1340
f 1234/4509/1257 1235/4505/1256 3140/1889/1344 3137/1883/1338
f 1247/4510/1287 1248/4506/1261 3139/1887/1342 3136/1881/1336
f 1220/4511/1286 1221/4512/1259 3138/1885/1340 3135/1879/1334
f 1233/4513/1285 1234/4509/1257 3137/1883/1338 3134/1877/1332
f 1246/4514/1284 1247/4510/1287 3136/1881/1336 3133/1874/1330
f 1219/4515/1283 1220/4511/1286 3135/1879/1334 3132/1871/1328
f 1232/4516/1282 1233/4513/1285 3134/1877/1332 3131/1869/1326
f 1245/4517/1281 1246/4514/1284 3133/1874/1330 3130/1873/1324
f 1218/4518/1280 1219/4515/1283 3132/1871/1328 3129/1864/1321
f 1231/4519/1279 1232/4516/1282 3131/1869/1326 3127/1861/1318
f 1244/4520/1278 1245/4521/1281 3130/1867/1324 3126/1859/1316
f 1217/4507/1260 1218/4518/1280 3129/1864/1321 3128/1863/1320
f 1230/4522/1277 1231/4519/1279 3127/1861/1318 3125/1856/1314
f 1243/4523/1276 1244/4520/1278 3126/1859/1316 3124/1853/1312
f 1229/4524/1275 1230/4522/1277 3125/1856/1314 3123/1855/1310
f 1242/4525/1274 1243/4523/1276 3124/1853/1312 3122/1849/1308
f 1228/4526/1273 1229/4527/1275 3123/1851/1310 3121/1847/1306
f 1241/4528/1272 1242/4525/1274 3122/1849/1308 3120/1845/1304
f 1227/4529/1271 1228/4526/1273 3121/1847/1306 3119/1843/1302
f 1240/4530/1270 1241/4528/1272 3120/1845/1304 3118/1841/1300
f 1226/4531/1269 1227/4529/1271 3119/1843/1302 3117/1839/1298
f 1239/4532/1268 1240/4530/1270 3118/1841/1300 3116/1837/1296
f 1225/4533/1267 1226/4531/1269 3117/1839/1298 3115/1834/1293
f 1238/4534/1266 1239/4532/1268 3116/1837/1296 3113/1830/1289
f 1224/4501/1265 1225/4533/1267 3115/1834/1293 3114/1833/1292
f 1237/4535/1264 1238/4534/1266 3113/1830/1289 3112/1829/1288
f 3183/128/2850 3185/69/6 43/72/9 42/127/130
f 3177/126/2851 3179/65/2 56/68/5 55/125/128
f 3403/4536/1602 3406/4537/1576 29/4538/34 28/4539/26
f 3263/120/2852 3269/124/2853 41/123/126 40/119/122
f 3260/118/2854 3266/122/2855 54/121/124 53/117/120
f 3257/116/2856 3263/120/2852 40/119/122 39/115/118
f 3254/114/2857 3260/118/2854 53/117/120 52/113/116
f 3251/110/2858 3257/116/2856 39/115/118 38/109/114
f 3213/112/2859 3215/85/30 34/88/33 33/111/90
f 3248/108/2860 3254/114/2857 52/113/116 51/107/112
f 3242/104/2861 3251/110/2858 38/109/114 37/103/108
f 3239/102/2862 3248/108/2860 51/107/112 50/101/106
f 3236/100/2863 3245/106/2864 64/105/110 63/99/104
f 3233/98/2865 3242/104/2861 37/103/108 36/97/102
f 3230/96/2866 3239/102/2862 50/101/106 49/95/100
f 3227/94/2867 3236/100/2863 63/99/104 62/93/98
f 3224/86/31 3233/98/2865 36/97/102 35/87/32
f 3221/92/2868 3230/96/2866 49/95/100 48/91/95
f 3218/90/2869 3227/94/2867 62/93/98 61/89/93
f 1/111/60 2/88/38 3216/85/41 3212/112/61
f 3209/84/2870 3221/92/2868 48/91/95 47/83/88
f 3245/106/2864 3213/112/2859 33/111/90 64/105/110
f 3206/82/2871 3218/90/2869 61/89/93 60/81/86
f 3203/80/2872 3209/84/2870 47/83/88 46/79/83
f 3200/78/2873 3206/82/2871 60/81/86 59/77/79
f 3197/76/2874 3203/80/2872 46/79/83 45/75/82
f 3194/74/2875 3200/78/2873 59/77/79 58/73/78
f 3191/70/7 3197/76/2874 45/75/82 44/71/8
f 3188/66/3 3194/74/2875 58/73/78 57/67/4
f 10/127/76 11/72/14 3186/69/17 3182/128/77
f 3269/124/2853 3183/128/2850 42/127/130 41/123/126
f 3266/122/2855 3177/126/2851 55/125/128 54/121/124
f 3183/128/2850 3269/124/2853 3271/4540/1630 3184/4541/1631
f 3184/4541/1631 3271/4540/1630 3270/124/73 3182/128/77
f 3177/126/2851 3266/122/2855 3268/4542/1638 3178/4543/1584
f 3178/4543/1584 3268/4542/1638 3267/122/71 3176/126/75
f 3269/124/2853 3263/120/2852 3265/4544/1581 3271/4540/1630
f 3271/4540/1630 3265/4544/1581 3264/120/69 3270/124/73
f 3266/122/2855 3260/118/2854 3262/4545/1593 3268/4542/1638
f 3268/4542/1638 3262/4545/1593 3261/118/67 3267/122/71
f 3263/120/2852 3257/116/2856 3259/4546/1580 3265/4544/1581
f 3265/4544/1581 3259/4546/1580 3258/116/65 3264/120/69
f 3260/118/2854 3254/114/2857 3256/4547/1592 3262/4545/1593
f 3262/4545/1593 3256/4547/1592 3255/114/63 3261/118/67
f 3257/116/2856 3251/110/2858 3253/4548/1600 3259/4546/1580
f 3259/4546/1580 3253/4548/1600 3252/110/59 3258/116/65
f 3254/114/2857 3248/108/2860 3250/4549/1604 3256/4547/1592
f 3256/4547/1592 3250/4549/1604 3249/108/57 3255/114/63
f 3213/112/2859 3245/106/2864 3247/4550/1616 3214/4551/1606
f 3214/4551/1606 3247/4550/1616 3246/106/55 3212/112/61
f 3251/110/2858 3242/104/2861 3244/4552/1608 3253/4548/1600
f 3253/4548/1600 3244/4552/1608 3243/104/53 3252/110/59
f 3248/108/2860 3239/102/2862 3241/4553/1612 3250/4549/1604
f 3250/4549/1604 3241/4553/1612 3240/102/51 3249/108/57
f 3245/106/2864 3236/100/2863 3238/4554/1620 3247/4550/1616
f 3247/4550/1616 3238/4554/1620 3237/100/49 3246/106/55
f 3242/104/2861 3233/98/2865 3235/4555/1624 3244/4552/1608
f 3244/4552/1608 3235/4555/1624 3234/98/47 3243/104/53
f 3239/102/2862 3230/96/2866 3232/4556/1628 3241/4553/1612
f 3241/4553/1612 3232/4556/1628 3231/96/45 3240/102/51
f 3236/100/2863 3227/94/2867 3229/4557/1577 3238/4554/1620
f 3238/4554/1620 3229/4557/1577 3228/94/43 3237/100/49
f 3233/98/2865 3224/86/31 3226/4558/1589 3235/4555/1624
f 3235/4555/1624 3226/4558/1589 3225/86/40 3234/98/47
f 3230/96/2866 3221/92/2868 3223/4559/1597 3232/4556/1628
f 3232/4556/1628 3223/4559/1597 3222/92/37 3231/96/45
f 3227/94/2867 3218/90/2869 3220/4560/1576 3229/4557/1577
f 3229/4557/1577 3220/4560/1576 3219/90/35 3228/94/43
f 3224/86/31 3215/85/30 3217/4561/1588 3226/4558/1589
f 3226/4558/1589 3217/4561/1588 3216/85/41 3225/86/40
f 3221/92/2868 3209/84/2870 3211/4562/1596 3223/4559/1597
f 3223/4559/1597 3211/4562/1596 3210/84/29 3222/92/37
f 3218/90/2869 3206/82/2871 3208/4563/1602 3220/4560/1576
f 3220/4560/1576 3208/4563/1602 3207/82/27 3219/90/35
f 3215/85/30 3213/112/2859 3214/4551/1606 3217/4561/1588
f 3217/4561/1588 3214/4551/1606 3212/112/61 3216/85/41
f 3209/84/2870 3203/80/2872 3205/4564/1610 3211/4562/1596
f 3211/4562/1596 3205/4564/1610 3204/80/25 3210/84/29
f 3206/82/2871 3200/78/2873 3202/4565/1614 3208/4563/1602
f 3208/4563/1602 3202/4565/1614 3201/78/23 3207/82/27
f 3203/80/2872 3197/76/2874 3199/4566/1618 3205/4564/1610
f 3205/4564/1610 3199/4566/1618 3198/76/21 3204/80/25
f 3200/78/2873 3194/74/2875 3196/4567/1622 3202/4565/1614
f 3202/4565/1614 3196/4567/1622 3195/74/19 3201/78/23
f 3197/76/2874 3191/70/7 3193/4568/1626 3199/4566/1618
f 3199/4566/1618 3193/4568/1626 3192/70/16 3198/76/21
f 3194/74/2875 3188/66/3 3190/4569/1634 3196/4567/1622
f 3196/4567/1622 3190/4569/1634 3189/66/12 3195/74/19
f 3191/70/7 3185/69/6 3187/4570/1636 3193/4568/1626
f 3193/4568/1626 3187/4570/1636 3186/69/17 3192/70/16
f 3188/66/3 3179/65/2 3181/4571/1585 3190/4569/1634
f 3190/4569/1634 3181/4571/1585 3180/65/13 3189/66/12
f 3185/69/6 3183/128/2850 3184/4541/1631 3187/4570/1636
f 3187/4570/1636 3184/4541/1631 3182/128/77 3186/69/17
f 3179/65/2 3177/126/2851 3178/4543/1584 3181/4571/1585
f 3181/4571/1585 3178/4543/1584 3176/126/75 3180/65/13
f 23/125/74 24/68/10 3180/65/13 3176/126/75
f 3364/4572/1596 3367/4573/1597 16/4574/36 15/4575/28
f 3325/4576/1588 3328/4577/1589 3/4578/39 2/4579/38
f 3406/4580/1576 3409/4581/1577 30/4582/42 29/4583/34
f 3367/4573/1597 3370/4584/1628 17/4585/44 16/4574/36
f 3328/4577/1589 3331/4586/1624 4/4587/46 3/4578/39
f 3409/4581/1577 3412/4588/1620 31/4589/48 30/4582/42
f 3370/4584/1628 3373/4590/1612 18/4591/50 17/4585/44
f 3331/4586/1624 3334/4592/1608 5/4593/52 4/4587/46
f 3412/4588/1620 3415/4594/1616 32/4595/54 31/4589/48
f 3373/4590/1612 3376/4596/1604 19/4597/56 18/4591/50
f 3334/4598/1608 3337/4599/1600 6/4600/58 5/4601/52
f 3415/4594/1616 3321/4602/1606 1/4603/60 32/4595/54
f 3376/4596/1604 3379/4604/1592 20/4605/62 19/4597/56
f 3337/4599/1600 3340/4606/1580 7/4607/64 6/4600/58
f 3379/4604/1592 3382/4608/1593 21/4609/66 20/4605/62
f 3340/4606/1580 3343/4610/1581 8/4611/68 7/4607/64
f 3382/4612/1593 3385/4613/1638 22/4614/70 21/4615/66
f 3343/4610/1581 3346/4616/1630 9/4617/72 8/4611/68
f 3385/4613/1638 3388/4618/1584 23/4619/74 22/4614/70
f 3346/4616/1630 3349/4620/1631 10/4621/76 9/4617/72
f 3388/4618/1584 3391/4622/1585 24/4623/10 23/4619/74
f 3349/4620/1631 3352/4624/1636 11/4625/14 10/4621/76
f 3391/4622/1585 3394/4626/1634 25/4627/11 24/4623/10
f 3352/4624/1636 3355/4628/1626 12/4629/15 11/4625/14
f 3394/4626/1634 3397/4630/1622 26/4631/18 25/4627/11
f 3355/4628/1626 3358/4632/1618 13/4633/20 12/4629/15
f 3397/4630/1622 3400/4634/1614 27/4635/22 26/4631/18
f 3358/4636/1618 3361/4637/1610 14/4638/24 13/4639/20
f 3400/4634/1614 3403/4536/1602 28/4539/26 27/4635/22
f 3361/4637/1610 3364/4572/1596 15/4575/28 14/4638/24
f 3321/4602/1606 3325/4576/1588 2/4579/38 1/4603/60
f 3155/34/1 3156/28/1 3272/4640/1 3154/38/1
f 3156/28/1 3157/24/1 3279/4641/1 3272/4640/1
f 3157/24/1 3158/20/1 3286/4642/1 3279/4641/1
f 3158/20/1 3159/12/1 3293/4643/1 3286/4642/1
f 3159/12/1 3160/11/1 3300/4644/1 3293/4643/1
f 3160/11/1 3161/64/1 3307/4645/1 3300/4644/1
f 3161/64/1 3162/60/1 3314/4646/1 3307/4645/1
f 3162/60/1 3163/56/1 3164/52/1 3314/4646/1
f 3154/38/1 3272/4640/1 3273/4647/1 3153/42/1
f 3272/4640/1 3279/4641/1 3280/4648/1 3273/4647/1
f 3279/4641/1 3286/4642/1 3287/4649/1 3280/4648/1
f 3286/4642/1 3293/4643/1 3294/4650/1 3287/4649/1
f 3293/4643/1 3300/4644/1 3301/4651/1 3294/4650/1
f 3300/4644/1 3307/4645/1 3308/4652/1 3301/4651/1
f 3307/4645/1 3314/4646/1 3315/4653/1 3308/4652/1
f 3314/4646/1 3164/52/1 3165/48/1 3315/4653/1
f 3153/42/1 3273/4647/1 3274/4654/1 3152/46/1
f 3273/4647/1 3280/4648/1 3281/4655/1 3274/4654/1
f 3280/4648/1 3287/4649/1 3288/4656/1 3281/4655/1
f 3287/4649/1 3294/4650/1 3295/4657/1 3288/4656/1
f 3294/4650/1 3301/4651/1 3302/4658/1 3295/4657/1
f 3301/4651/1 3308/4652/1 3309/4659/1 3302/4658/1
f 3308/4652/1 3315/4653/1 3316/4660/1 3309/4659/1
f 3315/4653/1 3165/48/1 3166/44/1 3316/4660/1
f 3152/46/1 3274/4654/1 3275/4661/1 3151/50/1
f 3274/4654/1 3281/4655/1 3282/4662/1 3275/4661/1
f 3281/4655/1 3288/4656/1 3289/4663/1 3282/4662/1
f 3288/4656/1 3295/4657/1 3296/4664/1 3289/4663/1
f 3295/4657/1 3302/4658/1 3303/4665/1 3296/4664/1
f 3302/4658/1 3309/4659/1 3310/4666/1 3303/4665/1
f 3309/4659/1 3316/4660/1 3317/4667/1 3310/4666/1
f 3316/4660/1 3166/44/1 3167/40/1 3317/4667/1
f 3151/50/1 3275/4661/1 3276/4668/1 3150/54/1
f 3275/4661/1 3282/4662/1 3283/4669/1 3276/4668/1
f 3282/4662/1 3289/4663/1 3290/4670/1 3283/4669/1
f 3289/4663/1 3296/4664/1 3297/4671/1 3290/4670/1
f 3296/4664/1 3303/4665/1 3304/4672/1 3297/4671/1
f 3303/4665/1 3310/4666/1 3311/4673/1 3304/4672/1
f 3310/4666/1 3317/4667/1 3318/4674/1 3311/4673/1
f 3317/4667/1 3167/40/1 3168/36/1 3318/4674/1
f 3150/54/1 3276/4668/1 3277/4675/1 3149/58/1
f 3276/4668/1 3283/4669/1 3284/4676/1 3277/4675/1
f 3283/4669/1 3290/4670/1 3291/4677/1 3284/4676/1
f 3290/4670/1 3297/4671/1 3298/4678/1 3291/4677/1
f 3297/4671/1 3304/4672/1 3305/4679/1 3298/4678/1
f 3304/4672/1 3311/4673/1 3312/4680/1 3305/4679/1
f 3311/4673/1 3318/4674/1 3319/4681/1 3312/4680/1
f 3318/4674/1 3168/36/1 3169/30/1 3319/4681/1
f 3149/58/1 3277/4675/1 3278/4682/1 3148/62/1
f 3277/4675/1 3284/4676/1 3285/4683/1 3278/4682/1
f 3284/4676/1 3291/4677/1 3292/4684/1 3285/4683/1
f 3291/4677/1 3298/4678/1 3299/4685/1 3292/4684/1
f 3298/4678/1 3305/4679/1 3306/4686/1 3299/4685/1
f 3305/4679/1 3312/4680/1 3313/4687/1 3306/4686/1
f 3312/4680/1 3319/4681/1 3320/4688/1 3313/4687/1
f 3319/4681/1 3169/30/1 3170/26/1 3320/4688/1
f 3148/62/1 3278/4682/1 3146/8/1 3147/7/1
f 3278/4682/1 3285/4683/1 3145/18/1 3146/8/1
f 3285/4683/1 3292/4684/1 3144/3/1 3145/18/1
f 3292/4684/1 3299/4685/1 3175/4/1 3144/3/1
f 3299/4685/1 3306/4686/1 3174/32/1 3175/4/1
f 3306/4686/1 3313/4687/1 3173/15/1 3174/32/1
f 3313/4687/1 3320/4688/1 3172/16/1 3173/15/1
f 3320/4688/1 3170/26/1 3171/22/1 3172/16/1
f 3325/4576/1588 3321/4602/1606 3323/4689/2876 3326/4690/2877
f 3326/4691/2877 3323/4692/2876 3322/1/1 3324/31/1
f 3328/4577/1589 3325/4576/1588 3326/4690/2877 3329/4693/2878
f 3329/4694/2878 3326/4691/2877 3324/31/1 3327/14/1
f 3331/4586/1624 3328/4577/1589 3329/4693/2878 3332/4695/2879
f 3332/4696/2879 3329/4694/2878 3327/14/1 3330/13/1
f 3334/4592/1608 3331/4586/1624 3332/4695/2879 3335/4697/2880
f 3335/4698/2880 3332/4696/2879 3330/13/1 3333/21/1
f 3337/4599/1600 3334/4598/1608 3335/4699/2880 3338/4700/2881
f 3338/4701/2881 3335/4698/2880 3333/21/1 3336/25/1
f 3340/4606/1580 3337/4599/1600 3338/4700/2881 3341/4702/2882
f 3341/4703/2882 3338/4701/2881 3336/25/1 3339/29/1
f 3343/4610/1581 3340/4606/1580 3341/4702/2882 3344/4704/2883
f 3344/4705/2883 3341/4703/2882 3339/29/1 3342/35/1
f 3346/4616/1630 3343/4610/1581 3344/4704/2883 3347/4706/2884
f 3347/4707/2884 3344/4705/2883 3342/35/1 3345/39/1
f 3349/4620/1631 3346/4616/1630 3347/4706/2884 3350/4708/2885
f 3350/4709/2885 3347/4707/2884 3345/39/1 3348/43/1
f 3352/4624/1636 3349/4620/1631 3350/4708/2885 3353/4710/2886
f 3353/4711/2886 3350/4709/2885 3348/43/1 3351/47/1
f 3355/4628/1626 3352/4624/1636 3353/4710/2886 3356/4712/2887
f 3356/4713/2887 3353/4711/2886 3351/47/1 3354/51/1
f 3358/4632/1618 3355/4628/1626 3356/4712/2887 3359/4714/2888
f 3359/4715/2888 3356/4713/2887 3354/51/1 3357/55/1
f 3361/4637/1610 3358/4636/1618 3359/4716/2888 3362/4717/2889
f 3362/4718/2889 3359/4715/2888 3357/55/1 3360/59/1
f 3364/4572/1596 3361/4637/1610 3362/4717/2889 3365/4719/2890
f 3365/4720/2890 3362/4718/2889 3360/59/1 3363/63/1
f 3367/4573/1597 3364/4572/1596 3365/4719/2890 3368/4721/2891
f 3368/4722/2891 3365/4720/2890 3363/63/1 3366/10/1
f 3370/4584/1628 3367/4573/1597 3368/4721/2891 3371/4723/2892
f 3371/4724/2892 3368/4722/2891 3366/10/1 3369/9/1
f 3373/4590/1612 3370/4584/1628 3371/4723/2892 3374/4725/2893
f 3374/4726/2893 3371/4724/2892 3369/9/1 3372/19/1
f 3376/4596/1604 3373/4590/1612 3374/4725/2893 3377/4727/2894
f 3377/4728/2894 3374/4726/2893 3372/19/1 3375/23/1
f 3379/4604/1592 3376/4596/1604 3377/4727/2894 3380/4729/2895
f 3380/4730/2895 3377/4728/2894 3375/23/1 3378/27/1
f 3382/4608/1593 3379/4604/1592 3380/4729/2895 3383/4731/2896
f 3383/4732/2896 3380/4730/2895 3378/27/1 3381/33/1
f 3385/4613/1638 3382/4612/1593 3383/4733/2896 3386/4734/2897
f 3386/4735/2897 3383/4732/2896 3381/33/1 3384/37/1
f 3388/4618/1584 3385/4613/1638 3386/4734/2897 3389/4736/2898
f 3389/4737/2898 3386/4735/2897 3384/37/1 3387/41/1
f 3391/4622/1585 3388/4618/1584 3389/4736/2898 3392/4738/2899
f 3392/4739/2899 3389/4737/2898 3387/41/1 3390/45/1
f 3394/4626/1634 3391/4622/1585 3392/4738/2899 3395/4740/2900
f 3395/4741/2900 3392/4739/2899 3390/45/1 3393/49/1
f 3397/4630/1622 3394/4626/1634 3395/4740/2900 3398/4742/2901
f 3398/4743/2901 3395/4741/2900 3393/49/1 3396/53/1
f 3400/4634/1614 3397/4630/1622 3398/4742/2901 3401/4744/2902
f 3401/4745/2902 3398/4743/2901 3396/53/1 3399/57/1
f 3403/4536/1602 3400/4634/1614 3401/4744/2902 3404/4746/2903
f 3404/4747/2903 3401/4745/2902 3399/57/1 3402/61/1
f 3406/4537/1576 3403/4536/1602 3404/4746/2903 3407/4748/2904
f 3407/4749/2904 3404/4747/2903 3402/61/1 3405/6/1
f 3409/4581/1577 3406/4580/1576 3407/4750/2904 3410/4751/2905
f 3410/4752/2905 3407/4749/2904 3405/6/1 3408/5/1
f 3412/4588/1620 3409/4581/1577 3410/4751/2905 3413/4753/2906
f 3413/4754/2906 3410/4752/2905 3408/5/1 3411/17/1
f 3415/4594/1616 3412/4588/1620 3413/4753/2906 3416/4755/2907
f 3416/4756/2907 3413/4754/2906 3411/17/1 3414/2/1
f 3321/4602/1606 3415/4594/1616 3416/4755/2907 3323/4689/2876
f 3323/4692/2876 3416/4756/2907 3414/2/1 3322/1/1
f 3324/31/1 3322/1/1 3175/4/1 3174/32/1
